d:\a\hol-guard\hol-guard\candidate\ci\native_runtime\windows_atomic_replace_child.py:16:24 - warning: Type of parameter "api" is Any (reportAny)
::warning file=d%3A\a\hol-guard\hol-guard\candidate\ci\native_runtime\windows_atomic_replace_child.py,line=16,col=24::Type of parameter "api" is Any (reportAny)
d:\a\hol-guard\hol-guard\candidate\ci\native_runtime\windows_atomic_replace_child.py:16:29 - warning: Type `Any` is not allowed (reportExplicitAny)
::warning file=d%3A\a\hol-guard\hol-guard\candidate\ci\native_runtime\windows_atomic_replace_child.py,line=16,col=29::Type `Any` is not allowed (reportExplicitAny)
d:\a\hol-guard\hol-guard\candidate\ci\native_runtime\windows_atomic_replace_child.py:17:9 - warning: Type of "api" is Any (reportAny)
::warning file=d%3A\a\hol-guard\hol-guard\candidate\ci\native_runtime\windows_atomic_replace_child.py,line=17,col=9::Type of "api" is Any (reportAny)
d:\a\hol-guard\hol-guard\candidate\ci\native_runtime\windows_atomic_replace_child.py:17:14 - warning: Type annotation for attribute `api` is required because this class is not decorated with `@final` (reportUnannotatedClassAttribute)
::warning file=d%3A\a\hol-guard\hol-guard\candidate\ci\native_runtime\windows_atomic_replace_child.py,line=17,col=14::Type annotation for attribute `api` is required because this class is not decorated with `@final` (reportUnannotatedClassAttribute)
d:\a\hol-guard\hol-guard\candidate\ci\native_runtime\windows_atomic_replace_child.py:19:14 - warning: Type annotation for attribute `opens` is required because this class is not decorated with `@final` (reportUnannotatedClassAttribute)
::warning file=d%3A\a\hol-guard\hol-guard\candidate\ci\native_runtime\windows_atomic_replace_child.py,line=19,col=14::Type annotation for attribute `opens` is required because this class is not decorated with `@final` (reportUnannotatedClassAttribute)
d:\a\hol-guard\hol-guard\candidate\ci\native_runtime\windows_atomic_replace_child.py:20:14 - warning: Type annotation for attribute `closes` is required because this class is not decorated with `@final` (reportUnannotatedClassAttribute)
::warning file=d%3A\a\hol-guard\hol-guard\candidate\ci\native_runtime\windows_atomic_replace_child.py,line=20,col=14::Type annotation for attribute `closes` is required because this class is not decorated with `@final` (reportUnannotatedClassAttribute)
d:\a\hol-guard\hol-guard\candidate\ci\native_runtime\windows_atomic_replace_child.py:21:14 - warning: Type annotation for attribute `rename_calls` is required because this class is not decorated with `@final` (reportUnannotatedClassAttribute)
::warning file=d%3A\a\hol-guard\hol-guard\candidate\ci\native_runtime\windows_atomic_replace_child.py,line=21,col=14::Type annotation for attribute `rename_calls` is required because this class is not decorated with `@final` (reportUnannotatedClassAttribute)
d:\a\hol-guard\hol-guard\candidate\ci\native_runtime\windows_atomic_replace_child.py:22:14 - warning: Type annotation for attribute `rename_returned` is required because this class is not decorated with `@final` (reportUnannotatedClassAttribute)
::warning file=d%3A\a\hol-guard\hol-guard\candidate\ci\native_runtime\windows_atomic_replace_child.py,line=22,col=14::Type annotation for attribute `rename_returned` is required because this class is not decorated with `@final` (reportUnannotatedClassAttribute)
d:\a\hol-guard\hol-guard\candidate\ci\native_runtime\windows_atomic_replace_child.py:24:14 - warning: Type annotation for attribute `volume_queries` is required because this class is not decorated with `@final` (reportUnannotatedClassAttribute)
::warning file=d%3A\a\hol-guard\hol-guard\candidate\ci\native_runtime\windows_atomic_replace_child.py,line=24,col=14::Type annotation for attribute `volume_queries` is required because this class is not decorated with `@final` (reportUnannotatedClassAttribute)
d:\a\hol-guard\hol-guard\candidate\ci\native_runtime\windows_atomic_replace_child.py:28:9 - warning: Return type is Any (reportAny)
::warning file=d%3A\a\hol-guard\hol-guard\candidate\ci\native_runtime\windows_atomic_replace_child.py,line=28,col=9::Return type is Any (reportAny)
d:\a\hol-guard\hol-guard\candidate\ci\native_runtime\windows_atomic_replace_child.py:28:41 - warning: Type `Any` is not allowed (reportExplicitAny)
::warning file=d%3A\a\hol-guard\hol-guard\candidate\ci\native_runtime\windows_atomic_replace_child.py,line=28,col=41::Type `Any` is not allowed (reportExplicitAny)
d:\a\hol-guard\hol-guard\candidate\ci\native_runtime\windows_atomic_replace_child.py:37:16 - warning: Return type is Any (reportAny)
::warning file=d%3A\a\hol-guard\hol-guard\candidate\ci\native_runtime\windows_atomic_replace_child.py,line=37,col=16::Return type is Any (reportAny)
d:\a\hol-guard\hol-guard\candidate\ci\native_runtime\windows_atomic_replace_child.py:37:24 - warning: Type of "api" is Any (reportAny)
::warning file=d%3A\a\hol-guard\hol-guard\candidate\ci\native_runtime\windows_atomic_replace_child.py,line=37,col=24::Type of "api" is Any (reportAny)
d:\a\hol-guard\hol-guard\candidate\ci\native_runtime\windows_atomic_replace_child.py:37:24 - warning: Argument type is Any
  Argument corresponds to parameter "o" in function "getattr" (reportAny)
::warning file=d%3A\a\hol-guard\hol-guard\candidate\ci\native_runtime\windows_atomic_replace_child.py,line=37,col=24::Argument type is Any%0A  Argument corresponds to parameter "o" in function "getattr" (reportAny)
d:\a\hol-guard\hol-guard\candidate\ci\native_runtime\windows_atomic_replace_child.py:39:9 - warning: Return type is Any (reportAny)
::warning file=d%3A\a\hol-guard\hol-guard\candidate\ci\native_runtime\windows_atomic_replace_child.py,line=39,col=9::Return type is Any (reportAny)
d:\a\hol-guard\hol-guard\candidate\ci\native_runtime\windows_atomic_replace_child.py:39:35 - warning: Type of parameter "arguments" is Any (reportAny)
::warning file=d%3A\a\hol-guard\hol-guard\candidate\ci\native_runtime\windows_atomic_replace_child.py,line=39,col=35::Type of parameter "arguments" is Any (reportAny)
d:\a\hol-guard\hol-guard\candidate\ci\native_runtime\windows_atomic_replace_child.py:39:46 - warning: Type `Any` is not allowed (reportExplicitAny)
::warning file=d%3A\a\hol-guard\hol-guard\candidate\ci\native_runtime\windows_atomic_replace_child.py,line=39,col=46::Type `Any` is not allowed (reportExplicitAny)
d:\a\hol-guard\hol-guard\candidate\ci\native_runtime\windows_atomic_replace_child.py:39:54 - warning: Type `Any` is not allowed (reportExplicitAny)
::warning file=d%3A\a\hol-guard\hol-guard\candidate\ci\native_runtime\windows_atomic_replace_child.py,line=39,col=54::Type `Any` is not allowed (reportExplicitAny)
d:\a\hol-guard\hol-guard\candidate\ci\native_runtime\windows_atomic_replace_child.py:41:9 - warning: Type of "result" is Any (reportAny)
::warning file=d%3A\a\hol-guard\hol-guard\candidate\ci\native_runtime\windows_atomic_replace_child.py,line=41,col=9::Type of "result" is Any (reportAny)
d:\a\hol-guard\hol-guard\candidate\ci\native_runtime\windows_atomic_replace_child.py:41:18 - warning: Type of "api" is Any (reportAny)
::warning file=d%3A\a\hol-guard\hol-guard\candidate\ci\native_runtime\windows_atomic_replace_child.py,line=41,col=18::Type of "api" is Any (reportAny)
d:\a\hol-guard\hol-guard\candidate\ci\native_runtime\windows_atomic_replace_child.py:41:18 - warning: Type of "GetVolumeInformationByHandleW" is Any (reportAny)
::warning file=d%3A\a\hol-guard\hol-guard\candidate\ci\native_runtime\windows_atomic_replace_child.py,line=41,col=18::Type of "GetVolumeInformationByHandleW" is Any (reportAny)
d:\a\hol-guard\hol-guard\candidate\ci\native_runtime\windows_atomic_replace_child.py:42:44 - warning: Argument type is Any
  Argument corresponds to parameter "o" in function "__new__" (reportAny)
::warning file=d%3A\a\hol-guard\hol-guard\candidate\ci\native_runtime\windows_atomic_replace_child.py,line=42,col=44::Argument type is Any%0A  Argument corresponds to parameter "o" in function "__new__" (reportAny)
d:\a\hol-guard\hol-guard\candidate\ci\native_runtime\windows_atomic_replace_child.py:44:49 - warning: Argument type is Any
  Argument corresponds to parameter "obj" in function "cast" (reportAny)
::warning file=d%3A\a\hol-guard\hol-guard\candidate\ci\native_runtime\windows_atomic_replace_child.py,line=44,col=49::Argument type is Any%0A  Argument corresponds to parameter "obj" in function "cast" (reportAny)
d:\a\hol-guard\hol-guard\candidate\ci\native_runtime\windows_atomic_replace_child.py:45:16 - warning: Return type is Any (reportAny)
::warning file=d%3A\a\hol-guard\hol-guard\candidate\ci\native_runtime\windows_atomic_replace_child.py,line=45,col=16::Return type is Any (reportAny)
d:\a\hol-guard\hol-guard\candidate\ci\native_runtime\windows_atomic_replace_child.py:47:9 - warning: Return type is Any (reportAny)
::warning file=d%3A\a\hol-guard\hol-guard\candidate\ci\native_runtime\windows_atomic_replace_child.py,line=47,col=9::Return type is Any (reportAny)
d:\a\hol-guard\hol-guard\candidate\ci\native_runtime\windows_atomic_replace_child.py:47:28 - warning: Type of parameter "arguments" is Any (reportAny)
::warning file=d%3A\a\hol-guard\hol-guard\candidate\ci\native_runtime\windows_atomic_replace_child.py,line=47,col=28::Type of parameter "arguments" is Any (reportAny)
d:\a\hol-guard\hol-guard\candidate\ci\native_runtime\windows_atomic_replace_child.py:47:39 - warning: Type `Any` is not allowed (reportExplicitAny)
::warning file=d%3A\a\hol-guard\hol-guard\candidate\ci\native_runtime\windows_atomic_replace_child.py,line=47,col=39::Type `Any` is not allowed (reportExplicitAny)
d:\a\hol-guard\hol-guard\candidate\ci\native_runtime\windows_atomic_replace_child.py:47:47 - warning: Type `Any` is not allowed (reportExplicitAny)
::warning file=d%3A\a\hol-guard\hol-guard\candidate\ci\native_runtime\windows_atomic_replace_child.py,line=47,col=47::Type `Any` is not allowed (reportExplicitAny)
d:\a\hol-guard\hol-guard\candidate\ci\native_runtime\windows_atomic_replace_child.py:49:9 - warning: Type of "handle" is Any (reportAny)
::warning file=d%3A\a\hol-guard\hol-guard\candidate\ci\native_runtime\windows_atomic_replace_child.py,line=49,col=9::Type of "handle" is Any (reportAny)
d:\a\hol-guard\hol-guard\candidate\ci\native_runtime\windows_atomic_replace_child.py:49:18 - warning: Type of "api" is Any (reportAny)
::warning file=d%3A\a\hol-guard\hol-guard\candidate\ci\native_runtime\windows_atomic_replace_child.py,line=49,col=18::Type of "api" is Any (reportAny)
d:\a\hol-guard\hol-guard\candidate\ci\native_runtime\windows_atomic_replace_child.py:49:18 - warning: Type of "CreateFileW" is Any (reportAny)
::warning file=d%3A\a\hol-guard\hol-guard\candidate\ci\native_runtime\windows_atomic_replace_child.py,line=49,col=18::Type of "CreateFileW" is Any (reportAny)
d:\a\hol-guard\hol-guard\candidate\ci\native_runtime\windows_atomic_replace_child.py:53:34 - warning: Argument type is Any
  Argument corresponds to parameter "x" in function "__new__" (reportAny)
::warning file=d%3A\a\hol-guard\hol-guard\candidate\ci\native_runtime\windows_atomic_replace_child.py,line=53,col=34::Argument type is Any%0A  Argument corresponds to parameter "x" in function "__new__" (reportAny)
d:\a\hol-guard\hol-guard\candidate\ci\native_runtime\windows_atomic_replace_child.py:56:9 - warning: Return type is Any (reportAny)
::warning file=d%3A\a\hol-guard\hol-guard\candidate\ci\native_runtime\windows_atomic_replace_child.py,line=56,col=9::Return type is Any (reportAny)
d:\a\hol-guard\hol-guard\candidate\ci\native_runtime\windows_atomic_replace_child.py:56:23 - warning: Type of parameter "arguments" is Any (reportAny)
::warning file=d%3A\a\hol-guard\hol-guard\candidate\ci\native_runtime\windows_atomic_replace_child.py,line=56,col=23::Type of parameter "arguments" is Any (reportAny)
d:\a\hol-guard\hol-guard\candidate\ci\native_runtime\windows_atomic_replace_child.py:56:34 - warning: Type `Any` is not allowed (reportExplicitAny)
::warning file=d%3A\a\hol-guard\hol-guard\candidate\ci\native_runtime\windows_atomic_replace_child.py,line=56,col=34::Type `Any` is not allowed (reportExplicitAny)
d:\a\hol-guard\hol-guard\candidate\ci\native_runtime\windows_atomic_replace_child.py:56:42 - warning: Type `Any` is not allowed (reportExplicitAny)
::warning file=d%3A\a\hol-guard\hol-guard\candidate\ci\native_runtime\windows_atomic_replace_child.py,line=56,col=42::Type `Any` is not allowed (reportExplicitAny)
d:\a\hol-guard\hol-guard\candidate\ci\native_runtime\windows_atomic_replace_child.py:58:9 - warning: Type of "result" is Any (reportAny)
::warning file=d%3A\a\hol-guard\hol-guard\candidate\ci\native_runtime\windows_atomic_replace_child.py,line=58,col=9::Type of "result" is Any (reportAny)
d:\a\hol-guard\hol-guard\candidate\ci\native_runtime\windows_atomic_replace_child.py:58:18 - warning: Type of "api" is Any (reportAny)
::warning file=d%3A\a\hol-guard\hol-guard\candidate\ci\native_runtime\windows_atomic_replace_child.py,line=58,col=18::Type of "api" is Any (reportAny)
d:\a\hol-guard\hol-guard\candidate\ci\native_runtime\windows_atomic_replace_child.py:58:18 - warning: Type of "SetFileInformationByHandle" is Any (reportAny)
::warning file=d%3A\a\hol-guard\hol-guard\candidate\ci\native_runtime\windows_atomic_replace_child.py,line=58,col=18::Type of "SetFileInformationByHandle" is Any (reportAny)
d:\a\hol-guard\hol-guard\candidate\ci\native_runtime\windows_atomic_replace_child.py:63:16 - warning: Return type is Any (reportAny)
::warning file=d%3A\a\hol-guard\hol-guard\candidate\ci\native_runtime\windows_atomic_replace_child.py,line=63,col=16::Return type is Any (reportAny)
d:\a\hol-guard\hol-guard\candidate\ci\native_runtime\windows_atomic_replace_child.py:65:9 - warning: Return type is Any (reportAny)
::warning file=d%3A\a\hol-guard\hol-guard\candidate\ci\native_runtime\windows_atomic_replace_child.py,line=65,col=9::Return type is Any (reportAny)
d:\a\hol-guard\hol-guard\candidate\ci\native_runtime\windows_atomic_replace_child.py:65:44 - warning: Type `Any` is not allowed (reportExplicitAny)
::warning file=d%3A\a\hol-guard\hol-guard\candidate\ci\native_runtime\windows_atomic_replace_child.py,line=65,col=44::Type `Any` is not allowed (reportExplicitAny)
d:\a\hol-guard\hol-guard\candidate\ci\native_runtime\windows_atomic_replace_child.py:67:9 - warning: Type of "result" is Any (reportAny)
::warning file=d%3A\a\hol-guard\hol-guard\candidate\ci\native_runtime\windows_atomic_replace_child.py,line=67,col=9::Type of "result" is Any (reportAny)
d:\a\hol-guard\hol-guard\candidate\ci\native_runtime\windows_atomic_replace_child.py:67:18 - warning: Type of "api" is Any (reportAny)
::warning file=d%3A\a\hol-guard\hol-guard\candidate\ci\native_runtime\windows_atomic_replace_child.py,line=67,col=18::Type of "api" is Any (reportAny)
d:\a\hol-guard\hol-guard\candidate\ci\native_runtime\windows_atomic_replace_child.py:67:18 - warning: Type of "CloseHandle" is Any (reportAny)
::warning file=d%3A\a\hol-guard\hol-guard\candidate\ci\native_runtime\windows_atomic_replace_child.py,line=67,col=18::Type of "CloseHandle" is Any (reportAny)
d:\a\hol-guard\hol-guard\candidate\ci\native_runtime\windows_atomic_replace_child.py:72:16 - warning: Return type is Any (reportAny)
::warning file=d%3A\a\hol-guard\hol-guard\candidate\ci\native_runtime\windows_atomic_replace_child.py,line=72,col=16::Return type is Any (reportAny)
d:\a\hol-guard\hol-guard\candidate\ci\native_runtime\windows_atomic_replace_child.py:95:24 - warning: Type of parameter "original" is Any (reportAny)
::warning file=d%3A\a\hol-guard\hol-guard\candidate\ci\native_runtime\windows_atomic_replace_child.py,line=95,col=24::Type of parameter "original" is Any (reportAny)
d:\a\hol-guard\hol-guard\candidate\ci\native_runtime\windows_atomic_replace_child.py:95:34 - warning: Type `Any` is not allowed (reportExplicitAny)
::warning file=d%3A\a\hol-guard\hol-guard\candidate\ci\native_runtime\windows_atomic_replace_child.py,line=95,col=34::Type `Any` is not allowed (reportExplicitAny)
d:\a\hol-guard\hol-guard\candidate\ci\native_runtime\windows_atomic_replace_child.py:95:39 - warning: Type of parameter "subject" is Any (reportAny)
::warning file=d%3A\a\hol-guard\hol-guard\candidate\ci\native_runtime\windows_atomic_replace_child.py,line=95,col=39::Type of parameter "subject" is Any (reportAny)
d:\a\hol-guard\hol-guard\candidate\ci\native_runtime\windows_atomic_replace_child.py:95:48 - warning: Type `Any` is not allowed (reportExplicitAny)
::warning file=d%3A\a\hol-guard\hol-guard\candidate\ci\native_runtime\windows_atomic_replace_child.py,line=95,col=48::Type `Any` is not allowed (reportExplicitAny)
d:\a\hol-guard\hol-guard\candidate\ci\native_runtime\windows_atomic_replace_child.py:96:9 - warning: Type of "original" is Any (reportAny)
::warning file=d%3A\a\hol-guard\hol-guard\candidate\ci\native_runtime\windows_atomic_replace_child.py,line=96,col=9::Type of "original" is Any (reportAny)
d:\a\hol-guard\hol-guard\candidate\ci\native_runtime\windows_atomic_replace_child.py:96:14 - warning: Type annotation for attribute `original` is required because this class is not decorated with `@final` (reportUnannotatedClassAttribute)
::warning file=d%3A\a\hol-guard\hol-guard\candidate\ci\native_runtime\windows_atomic_replace_child.py,line=96,col=14::Type annotation for attribute `original` is required because this class is not decorated with `@final` (reportUnannotatedClassAttribute)
d:\a\hol-guard\hol-guard\candidate\ci\native_runtime\windows_atomic_replace_child.py:97:9 - warning: Type of "subject" is Any (reportAny)
::warning file=d%3A\a\hol-guard\hol-guard\candidate\ci\native_runtime\windows_atomic_replace_child.py,line=97,col=9::Type of "subject" is Any (reportAny)
d:\a\hol-guard\hol-guard\candidate\ci\native_runtime\windows_atomic_replace_child.py:97:14 - warning: Type annotation for attribute `subject` is required because this class is not decorated with `@final` (reportUnannotatedClassAttribute)
::warning file=d%3A\a\hol-guard\hol-guard\candidate\ci\native_runtime\windows_atomic_replace_child.py,line=97,col=14::Type annotation for attribute `subject` is required because this class is not decorated with `@final` (reportUnannotatedClassAttribute)
d:\a\hol-guard\hol-guard\candidate\ci\native_runtime\windows_atomic_replace_child.py:98:9 - warning: Type of "original_ex" is Any (reportAny)
::warning file=d%3A\a\hol-guard\hol-guard\candidate\ci\native_runtime\windows_atomic_replace_child.py,line=98,col=9::Type of "original_ex" is Any (reportAny)
d:\a\hol-guard\hol-guard\candidate\ci\native_runtime\windows_atomic_replace_child.py:98:14 - warning: Type annotation for attribute `original_ex` is required because this class is not decorated with `@final` (reportUnannotatedClassAttribute)
::warning file=d%3A\a\hol-guard\hol-guard\candidate\ci\native_runtime\windows_atomic_replace_child.py,line=98,col=14::Type annotation for attribute `original_ex` is required because this class is not decorated with `@final` (reportUnannotatedClassAttribute)
d:\a\hol-guard\hol-guard\candidate\ci\native_runtime\windows_atomic_replace_child.py:98:28 - warning: Type of "replace_once" is Any (reportAny)
::warning file=d%3A\a\hol-guard\hol-guard\candidate\ci\native_runtime\windows_atomic_replace_child.py,line=98,col=28::Type of "replace_once" is Any (reportAny)
d:\a\hol-guard\hol-guard\candidate\ci\native_runtime\windows_atomic_replace_child.py:99:14 - warning: Type annotation for attribute `expected` is required because this class is not decorated with `@final` (reportUnannotatedClassAttribute)
::warning file=d%3A\a\hol-guard\hol-guard\candidate\ci\native_runtime\windows_atomic_replace_child.py,line=99,col=14::Type annotation for attribute `expected` is required because this class is not decorated with `@final` (reportUnannotatedClassAttribute)
d:\a\hol-guard\hol-guard\candidate\ci\native_runtime\windows_atomic_replace_child.py:102:9 - warning: Return type is Any (reportAny)
::warning file=d%3A\a\hol-guard\hol-guard\candidate\ci\native_runtime\windows_atomic_replace_child.py,line=102,col=9::Return type is Any (reportAny)
d:\a\hol-guard\hol-guard\candidate\ci\native_runtime\windows_atomic_replace_child.py:102:41 - warning: Type `Any` is not allowed (reportExplicitAny)
::warning file=d%3A\a\hol-guard\hol-guard\candidate\ci\native_runtime\windows_atomic_replace_child.py,line=102,col=41::Type `Any` is not allowed (reportExplicitAny)
d:\a\hol-guard\hol-guard\candidate\ci\native_runtime\windows_atomic_replace_child.py:103:16 - warning: Return type is Any (reportAny)
::warning file=d%3A\a\hol-guard\hol-guard\candidate\ci\native_runtime\windows_atomic_replace_child.py,line=103,col=16::Return type is Any (reportAny)
d:\a\hol-guard\hol-guard\candidate\ci\native_runtime\windows_atomic_replace_child.py:103:24 - warning: Type of "original" is Any (reportAny)
::warning file=d%3A\a\hol-guard\hol-guard\candidate\ci\native_runtime\windows_atomic_replace_child.py,line=103,col=24::Type of "original" is Any (reportAny)
d:\a\hol-guard\hol-guard\candidate\ci\native_runtime\windows_atomic_replace_child.py:103:24 - warning: Argument type is Any
  Argument corresponds to parameter "o" in function "getattr" (reportAny)
::warning file=d%3A\a\hol-guard\hol-guard\candidate\ci\native_runtime\windows_atomic_replace_child.py,line=103,col=24::Argument type is Any%0A  Argument corresponds to parameter "o" in function "getattr" (reportAny)
d:\a\hol-guard\hol-guard\candidate\ci\native_runtime\windows_atomic_replace_child.py:105:60 - warning: Type of parameter "expected" is Any (reportAny)
::warning file=d%3A\a\hol-guard\hol-guard\candidate\ci\native_runtime\windows_atomic_replace_child.py,line=105,col=60::Type of parameter "expected" is Any (reportAny)
d:\a\hol-guard\hol-guard\candidate\ci\native_runtime\windows_atomic_replace_child.py:105:70 - warning: Type `Any` is not allowed (reportExplicitAny)
::warning file=d%3A\a\hol-guard\hol-guard\candidate\ci\native_runtime\windows_atomic_replace_child.py,line=105,col=70::Type `Any` is not allowed (reportExplicitAny)
d:\a\hol-guard\hol-guard\candidate\ci\native_runtime\windows_atomic_replace_child.py:108:9 - warning: Type of "expected" is Any (reportAny)
::warning file=d%3A\a\hol-guard\hol-guard\candidate\ci\native_runtime\windows_atomic_replace_child.py,line=108,col=9::Type of "expected" is Any (reportAny)
d:\a\hol-guard\hol-guard\candidate\ci\native_runtime\windows_atomic_replace_child.py:116:17 - warning: Type of "original" is Any (reportAny)
::warning file=d%3A\a\hol-guard\hol-guard\candidate\ci\native_runtime\windows_atomic_replace_child.py,line=116,col=17::Type of "original" is Any (reportAny)
d:\a\hol-guard\hol-guard\candidate\ci\native_runtime\windows_atomic_replace_child.py:116:17 - warning: Type of "replace" is Any (reportAny)
::warning file=d%3A\a\hol-guard\hol-guard\candidate\ci\native_runtime\windows_atomic_replace_child.py,line=116,col=17::Type of "replace" is Any (reportAny)
d:\a\hol-guard\hol-guard\candidate\ci\native_runtime\windows_atomic_replace_child.py:118:17 - warning: Type of "original_ex" is Any (reportAny)
::warning file=d%3A\a\hol-guard\hol-guard\candidate\ci\native_runtime\windows_atomic_replace_child.py,line=118,col=17::Type of "original_ex" is Any (reportAny)
d:\a\hol-guard\hol-guard\candidate\ci\native_runtime\windows_atomic_replace_child.py:118:55 - warning: Type of "expected" is Any (reportAny)
::warning file=d%3A\a\hol-guard\hol-guard\candidate\ci\native_runtime\windows_atomic_replace_child.py,line=118,col=55::Type of "expected" is Any (reportAny)
d:\a\hol-guard\hol-guard\candidate\ci\native_runtime\windows_atomic_replace_child.py:124:13 - warning: Type of parameter "args" is Any (reportAny)
::warning file=d%3A\a\hol-guard\hol-guard\candidate\ci\native_runtime\windows_atomic_replace_child.py,line=124,col=13::Type of parameter "args" is Any (reportAny)
d:\a\hol-guard\hol-guard\candidate\ci\native_runtime\windows_atomic_replace_child.py:124:19 - warning: Type `Any` is not allowed (reportExplicitAny)
::warning file=d%3A\a\hol-guard\hol-guard\candidate\ci\native_runtime\windows_atomic_replace_child.py,line=124,col=19::Type `Any` is not allowed (reportExplicitAny)
d:\a\hol-guard\hol-guard\candidate\ci\native_runtime\windows_atomic_replace_child.py:124:24 - warning: Type of parameter "original_child" is Any (reportAny)
::warning file=d%3A\a\hol-guard\hol-guard\candidate\ci\native_runtime\windows_atomic_replace_child.py,line=124,col=24::Type of parameter "original_child" is Any (reportAny)
d:\a\hol-guard\hol-guard\candidate\ci\native_runtime\windows_atomic_replace_child.py:124:40 - warning: Type `Any` is not allowed (reportExplicitAny)
::warning file=d%3A\a\hol-guard\hol-guard\candidate\ci\native_runtime\windows_atomic_replace_child.py,line=124,col=40::Type `Any` is not allowed (reportExplicitAny)
d:\a\hol-guard\hol-guard\candidate\ci\native_runtime\windows_atomic_replace_child.py:124:45 - warning: Type of parameter "subject" is Any (reportAny)
::warning file=d%3A\a\hol-guard\hol-guard\candidate\ci\native_runtime\windows_atomic_replace_child.py,line=124,col=45::Type of parameter "subject" is Any (reportAny)
d:\a\hol-guard\hol-guard\candidate\ci\native_runtime\windows_atomic_replace_child.py:124:54 - warning: Type `Any` is not allowed (reportExplicitAny)
::warning file=d%3A\a\hol-guard\hol-guard\candidate\ci\native_runtime\windows_atomic_replace_child.py,line=124,col=54::Type `Any` is not allowed (reportExplicitAny)
d:\a\hol-guard\hol-guard\candidate\ci\native_runtime\windows_atomic_replace_child.py:130:30 - warning: Argument type is Any
  Argument corresponds to parameter "o" in function "getattr" (reportAny)
::warning file=d%3A\a\hol-guard\hol-guard\candidate\ci\native_runtime\windows_atomic_replace_child.py,line=130,col=30::Argument type is Any%0A  Argument corresponds to parameter "o" in function "getattr" (reportAny)
d:\a\hol-guard\hol-guard\candidate\ci\native_runtime\windows_atomic_replace_child.py:131:31 - warning: "_write_private_atomic_text" is private and used outside of the module in which it is declared (reportPrivateUsage)
::warning file=d%3A\a\hol-guard\hol-guard\candidate\ci\native_runtime\windows_atomic_replace_child.py,line=131,col=31::"_write_private_atomic_text" is private and used outside of the module in which it is declared (reportPrivateUsage)
d:\a\hol-guard\hol-guard\candidate\ci\native_runtime\windows_atomic_replace_child.py:132:44 - warning: "_write_private_atomic_text" is private and used outside of the module in which it is declared (reportPrivateUsage)
::warning file=d%3A\a\hol-guard\hol-guard\candidate\ci\native_runtime\windows_atomic_replace_child.py,line=132,col=44::"_write_private_atomic_text" is private and used outside of the module in which it is declared (reportPrivateUsage)
d:\a\hol-guard\hol-guard\candidate\ci\native_runtime\windows_atomic_replace_child.py:134:36 - warning: Type of parameter "keywords" is Any (reportAny)
::warning file=d%3A\a\hol-guard\hol-guard\candidate\ci\native_runtime\windows_atomic_replace_child.py,line=134,col=36::Type of parameter "keywords" is Any (reportAny)
d:\a\hol-guard\hol-guard\candidate\ci\native_runtime\windows_atomic_replace_child.py:134:46 - warning: Type `Any` is not allowed (reportExplicitAny)
::warning file=d%3A\a\hol-guard\hol-guard\candidate\ci\native_runtime\windows_atomic_replace_child.py,line=134,col=46::Type `Any` is not allowed (reportExplicitAny)
d:\a\hol-guard\hol-guard\candidate\ci\native_runtime\windows_atomic_replace_child.py:135:9 - warning: Type of "report" is Any (reportAny)
::warning file=d%3A\a\hol-guard\hol-guard\candidate\ci\native_runtime\windows_atomic_replace_child.py,line=135,col=9::Type of "report" is Any (reportAny)
d:\a\hol-guard\hol-guard\candidate\ci\native_runtime\windows_atomic_replace_child.py:138:38 - warning: Type of "original_writer" is Any (reportAny)
::warning file=d%3A\a\hol-guard\hol-guard\candidate\ci\native_runtime\windows_atomic_replace_child.py,line=138,col=38::Type of "original_writer" is Any (reportAny)
d:\a\hol-guard\hol-guard\candidate\ci\native_runtime\windows_atomic_replace_child.py:139:20 - warning: Argument type is Any
  Argument corresponds to parameter "obj" in function "hasattr" (reportAny)
::warning file=d%3A\a\hol-guard\hol-guard\candidate\ci\native_runtime\windows_atomic_replace_child.py,line=139,col=20::Argument type is Any%0A  Argument corresponds to parameter "obj" in function "hasattr" (reportAny)
d:\a\hol-guard\hol-guard\candidate\ci\native_runtime\windows_atomic_replace_child.py:140:38 - warning: Type of "writer_audit_events" is Any (reportAny)
::warning file=d%3A\a\hol-guard\hol-guard\candidate\ci\native_runtime\windows_atomic_replace_child.py,line=140,col=38::Type of "writer_audit_events" is Any (reportAny)
d:\a\hol-guard\hol-guard\candidate\ci\native_runtime\windows_atomic_replace_child.py:141:63 - warning: Type of "writer_refusal" is Any (reportAny)
::warning file=d%3A\a\hol-guard\hol-guard\candidate\ci\native_runtime\windows_atomic_replace_child.py,line=141,col=63::Type of "writer_refusal" is Any (reportAny)
d:\a\hol-guard\hol-guard\candidate\ci\native_runtime\windows_atomic_replace_child.py:142:9 - warning: Result of call expression is of type "Any | None" and is not used; assign to variable "_" if this is intentional (reportUnusedCallResult)
::warning file=d%3A\a\hol-guard\hol-guard\candidate\ci\native_runtime\windows_atomic_replace_child.py,line=142,col=9::Result of call expression is of type "Any | None" and is not used; assign to variable "_" if this is intentional (reportUnusedCallResult)
d:\a\hol-guard\hol-guard\candidate\ci\native_runtime\windows_atomic_replace_child.py:142:62 - warning: Argument type is Any
  Argument corresponds to parameter "sep" in function "print" (reportAny)
::warning file=d%3A\a\hol-guard\hol-guard\candidate\ci\native_runtime\windows_atomic_replace_child.py,line=142,col=62::Argument type is Any%0A  Argument corresponds to parameter "sep" in function "print" (reportAny)
d:\a\hol-guard\hol-guard\candidate\ci\native_runtime\windows_atomic_replace_child.py:142:62 - warning: Argument type is Any
  Argument corresponds to parameter "end" in function "print" (reportAny)
::warning file=d%3A\a\hol-guard\hol-guard\candidate\ci\native_runtime\windows_atomic_replace_child.py,line=142,col=62::Argument type is Any%0A  Argument corresponds to parameter "end" in function "print" (reportAny)
d:\a\hol-guard\hol-guard\candidate\ci\native_runtime\windows_atomic_replace_child.py:142:62 - warning: Argument type is Any
  Argument corresponds to parameter "file" in function "print" (reportAny)
::warning file=d%3A\a\hol-guard\hol-guard\candidate\ci\native_runtime\windows_atomic_replace_child.py,line=142,col=62::Argument type is Any%0A  Argument corresponds to parameter "file" in function "print" (reportAny)
d:\a\hol-guard\hol-guard\candidate\ci\native_runtime\windows_atomic_replace_child.py:142:62 - warning: Argument type is Any
  Argument corresponds to parameter "flush" in function "print" (reportAny)
::warning file=d%3A\a\hol-guard\hol-guard\candidate\ci\native_runtime\windows_atomic_replace_child.py,line=142,col=62::Argument type is Any%0A  Argument corresponds to parameter "flush" in function "print" (reportAny)
d:\a\hol-guard\hol-guard\candidate\ci\native_runtime\windows_atomic_replace_child.py:144:23 - warning: Type `Any` is not allowed (reportExplicitAny)
::warning file=d%3A\a\hol-guard\hol-guard\candidate\ci\native_runtime\windows_atomic_replace_child.py,line=144,col=23::Type `Any` is not allowed (reportExplicitAny)
d:\a\hol-guard\hol-guard\candidate\ci\native_runtime\windows_atomic_replace_child.py:147:8 - warning: Type of "original_writer" is Any (reportAny)
::warning file=d%3A\a\hol-guard\hol-guard\candidate\ci\native_runtime\windows_atomic_replace_child.py,line=147,col=8::Type of "original_writer" is Any (reportAny)
d:\a\hol-guard\hol-guard\candidate\ci\native_runtime\windows_atomic_replace_child.py:148:17 - warning: "_write_private_atomic_text" is private and used outside of the module in which it is declared (reportPrivateUsage)
::warning file=d%3A\a\hol-guard\hol-guard\candidate\ci\native_runtime\windows_atomic_replace_child.py,line=148,col=17::"_write_private_atomic_text" is private and used outside of the module in which it is declared (reportPrivateUsage)
d:\a\hol-guard\hol-guard\candidate\ci\native_runtime\windows_atomic_replace_child.py:149:32 - warning: "_write_private_atomic_text" is private and used outside of the module in which it is declared (reportPrivateUsage)
::warning file=d%3A\a\hol-guard\hol-guard\candidate\ci\native_runtime\windows_atomic_replace_child.py,line=149,col=32::"_write_private_atomic_text" is private and used outside of the module in which it is declared (reportPrivateUsage)
d:\a\hol-guard\hol-guard\candidate\ci\native_runtime\windows_atomic_replace_child.py:151:16 - warning: Type of "_writer" is Any (reportAny)
::warning file=d%3A\a\hol-guard\hol-guard\candidate\ci\native_runtime\windows_atomic_replace_child.py,line=151,col=16::Type of "_writer" is Any (reportAny)
d:\a\hol-guard\hol-guard\candidate\ci\native_runtime\windows_atomic_replace_child.py:151:16 - warning: Return type is Any (reportAny)
::warning file=d%3A\a\hol-guard\hol-guard\candidate\ci\native_runtime\windows_atomic_replace_child.py,line=151,col=16::Return type is Any (reportAny)
d:\a\hol-guard\hol-guard\candidate\ci\native_runtime\windows_atomic_replace_child.py:154:32 - warning: Type of "original_ex" is Any (reportAny)
::warning file=d%3A\a\hol-guard\hol-guard\candidate\ci\native_runtime\windows_atomic_replace_child.py,line=154,col=32::Type of "original_ex" is Any (reportAny)
d:\a\hol-guard\hol-guard\candidate\ci\native_runtime\windows_atomic_replace_child.py:156:17 - warning: "_write_private_atomic_text" is private and used outside of the module in which it is declared (reportPrivateUsage)
::warning file=d%3A\a\hol-guard\hol-guard\candidate\ci\native_runtime\windows_atomic_replace_child.py,line=156,col=17::"_write_private_atomic_text" is private and used outside of the module in which it is declared (reportPrivateUsage)
d:\a\hol-guard\hol-guard\candidate\ci\native_runtime\windows_atomic_replace_child.py:157:32 - warning: "_write_private_atomic_text" is private and used outside of the module in which it is declared (reportPrivateUsage)
::warning file=d%3A\a\hol-guard\hol-guard\candidate\ci\native_runtime\windows_atomic_replace_child.py,line=157,col=32::"_write_private_atomic_text" is private and used outside of the module in which it is declared (reportPrivateUsage)
d:\a\hol-guard\hol-guard\candidate\ci\native_runtime\windows_atomic_replace_child.py:160:12 - warning: Type of parameter "args" is Any (reportAny)
::warning file=d%3A\a\hol-guard\hol-guard\candidate\ci\native_runtime\windows_atomic_replace_child.py,line=160,col=12::Type of parameter "args" is Any (reportAny)
d:\a\hol-guard\hol-guard\candidate\ci\native_runtime\windows_atomic_replace_child.py:160:18 - warning: Type `Any` is not allowed (reportExplicitAny)
::warning file=d%3A\a\hol-guard\hol-guard\candidate\ci\native_runtime\windows_atomic_replace_child.py,line=160,col=18::Type `Any` is not allowed (reportExplicitAny)
d:\a\hol-guard\hol-guard\candidate\ci\native_runtime\windows_atomic_replace_child.py:160:23 - warning: Type of parameter "original_child" is Any (reportAny)
::warning file=d%3A\a\hol-guard\hol-guard\candidate\ci\native_runtime\windows_atomic_replace_child.py,line=160,col=23::Type of parameter "original_child" is Any (reportAny)
d:\a\hol-guard\hol-guard\candidate\ci\native_runtime\windows_atomic_replace_child.py:160:39 - warning: Type `Any` is not allowed (reportExplicitAny)
::warning file=d%3A\a\hol-guard\hol-guard\candidate\ci\native_runtime\windows_atomic_replace_child.py,line=160,col=39::Type `Any` is not allowed (reportExplicitAny)
d:\a\hol-guard\hol-guard\candidate\ci\native_runtime\windows_atomic_replace_child.py:160:44 - warning: Type of parameter "probe" is Any (reportAny)
::warning file=d%3A\a\hol-guard\hol-guard\candidate\ci\native_runtime\windows_atomic_replace_child.py,line=160,col=44::Type of parameter "probe" is Any (reportAny)
d:\a\hol-guard\hol-guard\candidate\ci\native_runtime\windows_atomic_replace_child.py:160:51 - warning: Type `Any` is not allowed (reportExplicitAny)
::warning file=d%3A\a\hol-guard\hol-guard\candidate\ci\native_runtime\windows_atomic_replace_child.py,line=160,col=51::Type `Any` is not allowed (reportExplicitAny)
d:\a\hol-guard\hol-guard\candidate\ci\native_runtime\windows_atomic_replace_child.py:161:5 - warning: Type of "source" is Any (reportAny)
::warning file=d%3A\a\hol-guard\hol-guard\candidate\ci\native_runtime\windows_atomic_replace_child.py,line=161,col=5::Type of "source" is Any (reportAny)
d:\a\hol-guard\hol-guard\candidate\ci\native_runtime\windows_atomic_replace_child.py:161:14 - warning: Type of "target" is Any (reportAny)
::warning file=d%3A\a\hol-guard\hol-guard\candidate\ci\native_runtime\windows_atomic_replace_child.py,line=161,col=14::Type of "target" is Any (reportAny)
d:\a\hol-guard\hol-guard\candidate\ci\native_runtime\windows_atomic_replace_child.py:161:14 - warning: Type of "with_name" is Any (reportAny)
::warning file=d%3A\a\hol-guard\hol-guard\candidate\ci\native_runtime\windows_atomic_replace_child.py,line=161,col=14::Type of "with_name" is Any (reportAny)
d:\a\hol-guard\hol-guard\candidate\ci\native_runtime\windows_atomic_replace_child.py:162:26 - warning: Argument type is Any
  Argument corresponds to parameter "path" in function "open" (reportAny)
::warning file=d%3A\a\hol-guard\hol-guard\candidate\ci\native_runtime\windows_atomic_replace_child.py,line=162,col=26::Argument type is Any%0A  Argument corresponds to parameter "path" in function "open" (reportAny)
d:\a\hol-guard\hol-guard\candidate\ci\native_runtime\windows_atomic_replace_child.py:164:9 - warning: Type of "expected" is Any (reportAny)
::warning file=d%3A\a\hol-guard\hol-guard\candidate\ci\native_runtime\windows_atomic_replace_child.py,line=164,col=9::Type of "expected" is Any (reportAny)
d:\a\hol-guard\hol-guard\candidate\ci\native_runtime\windows_atomic_replace_child.py:164:20 - warning: Type of "snapshot_descriptor" is Any (reportAny)
::warning file=d%3A\a\hol-guard\hol-guard\candidate\ci\native_runtime\windows_atomic_replace_child.py,line=164,col=20::Type of "snapshot_descriptor" is Any (reportAny)
d:\a\hol-guard\hol-guard\candidate\ci\native_runtime\windows_atomic_replace_child.py:176:52 - warning: Argument type is Any
  Argument corresponds to parameter "object" in function "__new__" (reportAny)
::warning file=d%3A\a\hol-guard\hol-guard\candidate\ci\native_runtime\windows_atomic_replace_child.py,line=176,col=52::Argument type is Any%0A  Argument corresponds to parameter "object" in function "__new__" (reportAny)
d:\a\hol-guard\hol-guard\candidate\ci\native_runtime\windows_atomic_replace_child.py:177:57 - warning: Type of "target" is Any (reportAny)
::warning file=d%3A\a\hol-guard\hol-guard\candidate\ci\native_runtime\windows_atomic_replace_child.py,line=177,col=57::Type of "target" is Any (reportAny)
d:\a\hol-guard\hol-guard\candidate\ci\native_runtime\windows_atomic_replace_child.py:177:57 - warning: Argument type is Any
  Argument corresponds to parameter "object" in function "__new__" (reportAny)
::warning file=d%3A\a\hol-guard\hol-guard\candidate\ci\native_runtime\windows_atomic_replace_child.py,line=177,col=57::Argument type is Any%0A  Argument corresponds to parameter "object" in function "__new__" (reportAny)
d:\a\hol-guard\hol-guard\candidate\ci\native_runtime\windows_atomic_replace_child.py:184:12 - warning: Type of "refuse" is Any (reportAny)
::warning file=d%3A\a\hol-guard\hol-guard\candidate\ci\native_runtime\windows_atomic_replace_child.py,line=184,col=12::Type of "refuse" is Any (reportAny)
d:\a\hol-guard\hol-guard\candidate\ci\native_runtime\windows_atomic_replace_child.py:189:12 - warning: Type of "candidate" is Any (reportAny)
::warning file=d%3A\a\hol-guard\hol-guard\candidate\ci\native_runtime\windows_atomic_replace_child.py,line=189,col=12::Type of "candidate" is Any (reportAny)
d:\a\hol-guard\hol-guard\candidate\ci\native_runtime\windows_atomic_replace_child.py:190:13 - warning: Type of "replace_once" is Any (reportAny)
::warning file=d%3A\a\hol-guard\hol-guard\candidate\ci\native_runtime\windows_atomic_replace_child.py,line=190,col=13::Type of "replace_once" is Any (reportAny)
d:\a\hol-guard\hol-guard\candidate\ci\native_runtime\windows_atomic_replace_child.py:190:40 - warning: Type of "target" is Any (reportAny)
::warning file=d%3A\a\hol-guard\hol-guard\candidate\ci\native_runtime\windows_atomic_replace_child.py,line=190,col=40::Type of "target" is Any (reportAny)
d:\a\hol-guard\hol-guard\candidate\ci\native_runtime\windows_atomic_replace_child.py:192:24 - warning: Argument type is Any
  Argument corresponds to parameter "src" in function "replace" (reportAny)
::warning file=d%3A\a\hol-guard\hol-guard\candidate\ci\native_runtime\windows_atomic_replace_child.py,line=192,col=24::Argument type is Any%0A  Argument corresponds to parameter "src" in function "replace" (reportAny)
d:\a\hol-guard\hol-guard\candidate\ci\native_runtime\windows_atomic_replace_child.py:192:32 - warning: Type of "target" is Any (reportAny)
::warning file=d%3A\a\hol-guard\hol-guard\candidate\ci\native_runtime\windows_atomic_replace_child.py,line=192,col=32::Type of "target" is Any (reportAny)
d:\a\hol-guard\hol-guard\candidate\ci\native_runtime\windows_atomic_replace_child.py:192:32 - warning: Argument type is Any
  Argument corresponds to parameter "dst" in function "replace" (reportAny)
::warning file=d%3A\a\hol-guard\hol-guard\candidate\ci\native_runtime\windows_atomic_replace_child.py,line=192,col=32::Argument type is Any%0A  Argument corresponds to parameter "dst" in function "replace" (reportAny)
d:\a\hol-guard\hol-guard\candidate\ci\native_runtime\windows_atomic_replace_child.py:202:26 - warning: Type of "_code" is Any (reportAny)
::warning file=d%3A\a\hol-guard\hol-guard\candidate\ci\native_runtime\windows_atomic_replace_child.py,line=202,col=26::Type of "_code" is Any (reportAny)
d:\a\hol-guard\hol-guard\candidate\ci\native_runtime\windows_atomic_replace_child.py:212:19 - warning: Type of parameter "args" is Any (reportAny)
::warning file=d%3A\a\hol-guard\hol-guard\candidate\ci\native_runtime\windows_atomic_replace_child.py,line=212,col=19::Type of parameter "args" is Any (reportAny)
d:\a\hol-guard\hol-guard\candidate\ci\native_runtime\windows_atomic_replace_child.py:212:25 - warning: Type `Any` is not allowed (reportExplicitAny)
::warning file=d%3A\a\hol-guard\hol-guard\candidate\ci\native_runtime\windows_atomic_replace_child.py,line=212,col=25::Type `Any` is not allowed (reportExplicitAny)
d:\a\hol-guard\hol-guard\candidate\ci\native_runtime\windows_atomic_replace_child.py:212:30 - warning: Type of parameter "original_child" is Any (reportAny)
::warning file=d%3A\a\hol-guard\hol-guard\candidate\ci\native_runtime\windows_atomic_replace_child.py,line=212,col=30::Type of parameter "original_child" is Any (reportAny)
d:\a\hol-guard\hol-guard\candidate\ci\native_runtime\windows_atomic_replace_child.py:212:46 - warning: Type `Any` is not allowed (reportExplicitAny)
::warning file=d%3A\a\hol-guard\hol-guard\candidate\ci\native_runtime\windows_atomic_replace_child.py,line=212,col=46::Type `Any` is not allowed (reportExplicitAny)
d:\a\hol-guard\hol-guard\candidate\ci\native_runtime\windows_atomic_replace_child.py:212:51 - warning: Type of parameter "subject" is Any (reportAny)
::warning file=d%3A\a\hol-guard\hol-guard\candidate\ci\native_runtime\windows_atomic_replace_child.py,line=212,col=51::Type of parameter "subject" is Any (reportAny)
d:\a\hol-guard\hol-guard\candidate\ci\native_runtime\windows_atomic_replace_child.py:212:60 - warning: Type `Any` is not allowed (reportExplicitAny)
::warning file=d%3A\a\hol-guard\hol-guard\candidate\ci\native_runtime\windows_atomic_replace_child.py,line=212,col=60::Type `Any` is not allowed (reportExplicitAny)
d:\a\hol-guard\hol-guard\candidate\ci\native_runtime\windows_atomic_replace_child.py:217:56 - warning: Type of "target" is Any (reportAny)
::warning file=d%3A\a\hol-guard\hol-guard\candidate\ci\native_runtime\windows_atomic_replace_child.py,line=217,col=56::Type of "target" is Any (reportAny)
d:\a\hol-guard\hol-guard\candidate\ci\native_runtime\windows_atomic_replace_child.py:217:56 - warning: Argument type is Any
  Argument corresponds to parameter "object" in function "__new__" (reportAny)
::warning file=d%3A\a\hol-guard\hol-guard\candidate\ci\native_runtime\windows_atomic_replace_child.py,line=217,col=56::Argument type is Any%0A  Argument corresponds to parameter "object" in function "__new__" (reportAny)
d:\a\hol-guard\hol-guard\candidate\ci\native_runtime\windows_atomic_replace_child.py:222:49 - warning: Type of "target" is Any (reportAny)
::warning file=d%3A\a\hol-guard\hol-guard\candidate\ci\native_runtime\windows_atomic_replace_child.py,line=222,col=49::Type of "target" is Any (reportAny)
d:\a\hol-guard\hol-guard\candidate\ci\native_runtime\windows_atomic_replace_child.py:222:49 - warning: Type of "parent" is Any (reportAny)
::warning file=d%3A\a\hol-guard\hol-guard\candidate\ci\native_runtime\windows_atomic_replace_child.py,line=222,col=49::Type of "parent" is Any (reportAny)
d:\a\hol-guard\hol-guard\candidate\ci\native_runtime\windows_atomic_replace_child.py:222:99 - warning: Type of "target" is Any (reportAny)
::warning file=d%3A\a\hol-guard\hol-guard\candidate\ci\native_runtime\windows_atomic_replace_child.py,line=222,col=99::Type of "target" is Any (reportAny)
d:\a\hol-guard\hol-guard\candidate\ci\native_runtime\windows_atomic_replace_child.py:222:99 - warning: Type of "name" is Any (reportAny)
::warning file=d%3A\a\hol-guard\hol-guard\candidate\ci\native_runtime\windows_atomic_replace_child.py,line=222,col=99::Type of "name" is Any (reportAny)
d:\a\hol-guard\hol-guard\candidate\ci\native_runtime\windows_atomic_replace_child.py:223:57 - warning: Type of "target" is Any (reportAny)
::warning file=d%3A\a\hol-guard\hol-guard\candidate\ci\native_runtime\windows_atomic_replace_child.py,line=223,col=57::Type of "target" is Any (reportAny)
d:\a\hol-guard\hol-guard\candidate\ci\native_runtime\windows_atomic_replace_child.py:223:57 - warning: Argument type is Any
  Argument corresponds to parameter "object" in function "__new__" (reportAny)
::warning file=d%3A\a\hol-guard\hol-guard\candidate\ci\native_runtime\windows_atomic_replace_child.py,line=223,col=57::Argument type is Any%0A  Argument corresponds to parameter "object" in function "__new__" (reportAny)
d:\a\hol-guard\hol-guard\candidate\ci\native_runtime\windows_atomic_replace_child.py:230:12 - warning: Type of "refuse" is Any (reportAny)
::warning file=d%3A\a\hol-guard\hol-guard\candidate\ci\native_runtime\windows_atomic_replace_child.py,line=230,col=12::Type of "refuse" is Any (reportAny)
d:\a\hol-guard\hol-guard\candidate\ci\native_runtime\windows_atomic_replace_child.py:233:32 - warning: Type of "candidate" is Any (reportAny)
::warning file=d%3A\a\hol-guard\hol-guard\candidate\ci\native_runtime\windows_atomic_replace_child.py,line=233,col=32::Type of "candidate" is Any (reportAny)
d:\a\hol-guard\hol-guard\candidate\ci\native_runtime\windows_atomic_replace_child.py:242:5 - warning: Result of call expression is of type "Action" and is not used; assign to variable "_" if this is intentional (reportUnusedCallResult)
::warning file=d%3A\a\hol-guard\hol-guard\candidate\ci\native_runtime\windows_atomic_replace_child.py,line=242,col=5::Result of call expression is of type "Action" and is not used; assign to variable "_" if this is intentional (reportUnusedCallResult)
d:\a\hol-guard\hol-guard\candidate\ci\native_runtime\windows_atomic_replace_child.py:243:5 - warning: Result of call expression is of type "Action" and is not used; assign to variable "_" if this is intentional (reportUnusedCallResult)
::warning file=d%3A\a\hol-guard\hol-guard\candidate\ci\native_runtime\windows_atomic_replace_child.py,line=243,col=5::Result of call expression is of type "Action" and is not used; assign to variable "_" if this is intentional (reportUnusedCallResult)
d:\a\hol-guard\hol-guard\candidate\ci\native_runtime\windows_atomic_replace_child.py:244:5 - warning: Result of call expression is of type "Action" and is not used; assign to variable "_" if this is intentional (reportUnusedCallResult)
::warning file=d%3A\a\hol-guard\hol-guard\candidate\ci\native_runtime\windows_atomic_replace_child.py,line=244,col=5::Result of call expression is of type "Action" and is not used; assign to variable "_" if this is intentional (reportUnusedCallResult)
d:\a\hol-guard\hol-guard\candidate\ci\native_runtime\windows_atomic_replace_child.py:245:5 - warning: Result of call expression is of type "Action" and is not used; assign to variable "_" if this is intentional (reportUnusedCallResult)
::warning file=d%3A\a\hol-guard\hol-guard\candidate\ci\native_runtime\windows_atomic_replace_child.py,line=245,col=5::Result of call expression is of type "Action" and is not used; assign to variable "_" if this is intentional (reportUnusedCallResult)
d:\a\hol-guard\hol-guard\candidate\ci\native_runtime\windows_atomic_replace_child.py:246:5 - warning: Result of call expression is of type "Action" and is not used; assign to variable "_" if this is intentional (reportUnusedCallResult)
::warning file=d%3A\a\hol-guard\hol-guard\candidate\ci\native_runtime\windows_atomic_replace_child.py,line=246,col=5::Result of call expression is of type "Action" and is not used; assign to variable "_" if this is intentional (reportUnusedCallResult)
d:\a\hol-guard\hol-guard\candidate\ci\native_runtime\windows_atomic_replace_child.py:247:5 - warning: Result of call expression is of type "Action" and is not used; assign to variable "_" if this is intentional (reportUnusedCallResult)
::warning file=d%3A\a\hol-guard\hol-guard\candidate\ci\native_runtime\windows_atomic_replace_child.py,line=247,col=5::Result of call expression is of type "Action" and is not used; assign to variable "_" if this is intentional (reportUnusedCallResult)
d:\a\hol-guard\hol-guard\candidate\ci\native_runtime\windows_atomic_replace_child.py:248:5 - warning: Result of call expression is of type "Action" and is not used; assign to variable "_" if this is intentional (reportUnusedCallResult)
::warning file=d%3A\a\hol-guard\hol-guard\candidate\ci\native_runtime\windows_atomic_replace_child.py,line=248,col=5::Result of call expression is of type "Action" and is not used; assign to variable "_" if this is intentional (reportUnusedCallResult)
d:\a\hol-guard\hol-guard\candidate\ci\native_runtime\windows_atomic_replace_child.py:249:5 - warning: Result of call expression is of type "Action" and is not used; assign to variable "_" if this is intentional (reportUnusedCallResult)
::warning file=d%3A\a\hol-guard\hol-guard\candidate\ci\native_runtime\windows_atomic_replace_child.py,line=249,col=5::Result of call expression is of type "Action" and is not used; assign to variable "_" if this is intentional (reportUnusedCallResult)
d:\a\hol-guard\hol-guard\candidate\ci\native_runtime\windows_atomic_replace_child.py:250:5 - warning: Result of call expression is of type "Action" and is not used; assign to variable "_" if this is intentional (reportUnusedCallResult)
::warning file=d%3A\a\hol-guard\hol-guard\candidate\ci\native_runtime\windows_atomic_replace_child.py,line=250,col=5::Result of call expression is of type "Action" and is not used; assign to variable "_" if this is intentional (reportUnusedCallResult)
d:\a\hol-guard\hol-guard\candidate\ci\native_runtime\windows_atomic_replace_child.py:251:5 - warning: Result of call expression is of type "Action" and is not used; assign to variable "_" if this is intentional (reportUnusedCallResult)
::warning file=d%3A\a\hol-guard\hol-guard\candidate\ci\native_runtime\windows_atomic_replace_child.py,line=251,col=5::Result of call expression is of type "Action" and is not used; assign to variable "_" if this is intentional (reportUnusedCallResult)
d:\a\hol-guard\hol-guard\candidate\ci\native_runtime\windows_atomic_replace_child.py:255:5 - warning: Type of "source" is Any (reportAny)
::warning file=d%3A\a\hol-guard\hol-guard\candidate\ci\native_runtime\windows_atomic_replace_child.py,line=255,col=5::Type of "source" is Any (reportAny)
d:\a\hol-guard\hol-guard\candidate\ci\native_runtime\windows_atomic_replace_child.py:255:14 - warning: Type of "source_root" is Any (reportAny)
::warning file=d%3A\a\hol-guard\hol-guard\candidate\ci\native_runtime\windows_atomic_replace_child.py,line=255,col=14::Type of "source_root" is Any (reportAny)
d:\a\hol-guard\hol-guard\candidate\ci\native_runtime\windows_atomic_replace_child.py:255:14 - warning: Type of "resolve" is Any (reportAny)
::warning file=d%3A\a\hol-guard\hol-guard\candidate\ci\native_runtime\windows_atomic_replace_child.py,line=255,col=14::Type of "resolve" is Any (reportAny)
d:\a\hol-guard\hol-guard\candidate\ci\native_runtime\windows_atomic_replace_child.py:256:25 - warning: Argument type is Any
  Argument corresponds to parameter "object" in function "__new__" (reportAny)
::warning file=d%3A\a\hol-guard\hol-guard\candidate\ci\native_runtime\windows_atomic_replace_child.py,line=256,col=25::Argument type is Any%0A  Argument corresponds to parameter "object" in function "__new__" (reportAny)
d:\a\hol-guard\hol-guard\candidate\ci\native_runtime\windows_atomic_replace_child.py:256:46 - warning: Argument type is Any
  Argument corresponds to parameter "object" in function "__new__" (reportAny)
::warning file=d%3A\a\hol-guard\hol-guard\candidate\ci\native_runtime\windows_atomic_replace_child.py,line=256,col=46::Argument type is Any%0A  Argument corresponds to parameter "object" in function "__new__" (reportAny)
d:\a\hol-guard\hol-guard\candidate\ci\native_runtime\windows_atomic_replace_child.py:260:8 - warning: Type of "operation" is Any (reportAny)
::warning file=d%3A\a\hol-guard\hol-guard\candidate\ci\native_runtime\windows_atomic_replace_child.py,line=260,col=8::Type of "operation" is Any (reportAny)
d:\a\hol-guard\hol-guard\candidate\ci\native_runtime\windows_atomic_replace_child.py:261:16 - warning: Type of "_audit" is partially unknown
  Type of "_audit" is "(args: Unknown) -> int" (reportUnknownMemberType)
::warning file=d%3A\a\hol-guard\hol-guard\candidate\ci\native_runtime\windows_atomic_replace_child.py,line=261,col=16::Type of "_audit" is partially unknown%0A  Type of "_audit" is "(args: Unknown) -> int" (reportUnknownMemberType)
d:\a\hol-guard\hol-guard\candidate\ci\native_runtime\windows_atomic_replace_child.py:261:31 - warning: "_audit" is private and used outside of the module in which it is declared (reportPrivateUsage)
::warning file=d%3A\a\hol-guard\hol-guard\candidate\ci\native_runtime\windows_atomic_replace_child.py,line=261,col=31::"_audit" is private and used outside of the module in which it is declared (reportPrivateUsage)
d:\a\hol-guard\hol-guard\candidate\ci\native_runtime\windows_atomic_replace_child.py:262:33 - warning: "_api" is private and used outside of the module in which it is declared (reportPrivateUsage)
::warning file=d%3A\a\hol-guard\hol-guard\candidate\ci\native_runtime\windows_atomic_replace_child.py,line=262,col=33::"_api" is private and used outside of the module in which it is declared (reportPrivateUsage)
d:\a\hol-guard\hol-guard\candidate\ci\native_runtime\windows_atomic_replace_child.py:263:11 - warning: "_api" is private and used outside of the module in which it is declared (reportPrivateUsage)
::warning file=d%3A\a\hol-guard\hol-guard\candidate\ci\native_runtime\windows_atomic_replace_child.py,line=263,col=11::"_api" is private and used outside of the module in which it is declared (reportPrivateUsage)
d:\a\hol-guard\hol-guard\candidate\ci\native_runtime\windows_atomic_replace_child.py:265:12 - warning: Type of "operation" is Any (reportAny)
::warning file=d%3A\a\hol-guard\hol-guard\candidate\ci\native_runtime\windows_atomic_replace_child.py,line=265,col=12::Type of "operation" is Any (reportAny)
d:\a\hol-guard\hol-guard\candidate\ci\native_runtime\windows_atomic_replace_child.py:267:12 - warning: Type of "operation" is Any (reportAny)
::warning file=d%3A\a\hol-guard\hol-guard\candidate\ci\native_runtime\windows_atomic_replace_child.py,line=267,col=12::Type of "operation" is Any (reportAny)
d:\a\hol-guard\hol-guard\candidate\ci\native_runtime\windows_atomic_replace_child.py:277:45 - warning: "_code" is private and used outside of the module in which it is declared (reportPrivateUsage)
::warning file=d%3A\a\hol-guard\hol-guard\candidate\ci\native_runtime\windows_atomic_replace_child.py,line=277,col=45::"_code" is private and used outside of the module in which it is declared (reportPrivateUsage)
d:\a\hol-guard\hol-guard\candidate\ci\native_runtime\windows_atomic_replace_reference.py:18:13 - warning: Type of "fchmod" is unknown (reportUnknownMemberType)
::warning file=d%3A\a\hol-guard\hol-guard\candidate\ci\native_runtime\windows_atomic_replace_reference.py,line=18,col=13::Type of "fchmod" is unknown (reportUnknownMemberType)
d:\a\hol-guard\hol-guard\candidate\ci\native_runtime\windows_atomic_replace_reference.py:19:38 - warning: "_GUARD_DAEMON_PRIVATE_FILE_MODE" is private and used outside of the module in which it is declared (reportPrivateUsage)
::warning file=d%3A\a\hol-guard\hol-guard\candidate\ci\native_runtime\windows_atomic_replace_reference.py,line=19,col=38::"_GUARD_DAEMON_PRIVATE_FILE_MODE" is private and used outside of the module in which it is declared (reportPrivateUsage)
d:\a\hol-guard\hol-guard\candidate\ci\native_runtime\windows_atomic_replace_reference.py:22:13 - warning: Result of call expression is of type "int" and is not used; assign to variable "_" if this is intentional (reportUnusedCallResult)
::warning file=d%3A\a\hol-guard\hol-guard\candidate\ci\native_runtime\windows_atomic_replace_reference.py,line=22,col=13::Result of call expression is of type "int" and is not used; assign to variable "_" if this is intentional (reportUnusedCallResult)
d:\a\hol-guard\hol-guard\candidate\ci\native_runtime\windows_atomic_replace_reference.py:28:18 - warning: "_set_private_mode" is private and used outside of the module in which it is declared (reportPrivateUsage)
::warning file=d%3A\a\hol-guard\hol-guard\candidate\ci\native_runtime\windows_atomic_replace_reference.py,line=28,col=18::"_set_private_mode" is private and used outside of the module in which it is declared (reportPrivateUsage)
d:\a\hol-guard\hol-guard\candidate\ci\native_runtime\windows_atomic_replace_reference.py:28:51 - warning: "_GUARD_DAEMON_PRIVATE_FILE_MODE" is private and used outside of the module in which it is declared (reportPrivateUsage)
::warning file=d%3A\a\hol-guard\hol-guard\candidate\ci\native_runtime\windows_atomic_replace_reference.py,line=28,col=51::"_GUARD_DAEMON_PRIVATE_FILE_MODE" is private and used outside of the module in which it is declared (reportPrivateUsage)
d:\a\hol-guard\hol-guard\candidate\ci\native_runtime\windows_replaceable_reader_child.py:31:24 - warning: Type of parameter "original" is unknown (reportUnknownParameterType)
::warning file=d%3A\a\hol-guard\hol-guard\candidate\ci\native_runtime\windows_replaceable_reader_child.py,line=31,col=24::Type of parameter "original" is unknown (reportUnknownParameterType)
d:\a\hol-guard\hol-guard\candidate\ci\native_runtime\windows_replaceable_reader_child.py:31:24 - warning: Type annotation is missing for parameter "original" (reportMissingParameterType)
::warning file=d%3A\a\hol-guard\hol-guard\candidate\ci\native_runtime\windows_replaceable_reader_child.py,line=31,col=24::Type annotation is missing for parameter "original" (reportMissingParameterType)
d:\a\hol-guard\hol-guard\candidate\ci\native_runtime\windows_replaceable_reader_child.py:32:9 - warning: Type of "original" is unknown (reportUnknownMemberType)
::warning file=d%3A\a\hol-guard\hol-guard\candidate\ci\native_runtime\windows_replaceable_reader_child.py,line=32,col=9::Type of "original" is unknown (reportUnknownMemberType)
d:\a\hol-guard\hol-guard\candidate\ci\native_runtime\windows_replaceable_reader_child.py:32:14 - warning: Type annotation for attribute `original` is required because this class is not decorated with `@final` (reportUnannotatedClassAttribute)
::warning file=d%3A\a\hol-guard\hol-guard\candidate\ci\native_runtime\windows_replaceable_reader_child.py,line=32,col=14::Type annotation for attribute `original` is required because this class is not decorated with `@final` (reportUnannotatedClassAttribute)
d:\a\hol-guard\hol-guard\candidate\ci\native_runtime\windows_replaceable_reader_child.py:33:14 - warning: Type annotation for attribute `target` is required because this class is not decorated with `@final` (reportUnannotatedClassAttribute)
::warning file=d%3A\a\hol-guard\hol-guard\candidate\ci\native_runtime\windows_replaceable_reader_child.py,line=33,col=14::Type annotation for attribute `target` is required because this class is not decorated with `@final` (reportUnannotatedClassAttribute)
d:\a\hol-guard\hol-guard\candidate\ci\native_runtime\windows_replaceable_reader_child.py:34:14 - warning: Type annotation for attribute `hold_source` is required because this class is not decorated with `@final` (reportUnannotatedClassAttribute)
::warning file=d%3A\a\hol-guard\hol-guard\candidate\ci\native_runtime\windows_replaceable_reader_child.py,line=34,col=14::Type annotation for attribute `hold_source` is required because this class is not decorated with `@final` (reportUnannotatedClassAttribute)
d:\a\hol-guard\hol-guard\candidate\ci\native_runtime\windows_replaceable_reader_child.py:35:14 - warning: Type annotation for attribute `closed` is required because this class is not decorated with `@final` (reportUnannotatedClassAttribute)
::warning file=d%3A\a\hol-guard\hol-guard\candidate\ci\native_runtime\windows_replaceable_reader_child.py,line=35,col=14::Type annotation for attribute `closed` is required because this class is not decorated with `@final` (reportUnannotatedClassAttribute)
d:\a\hol-guard\hol-guard\candidate\ci\native_runtime\windows_replaceable_reader_child.py:36:14 - warning: Type annotation for attribute `replace_calls` is required because this class is not decorated with `@final` (reportUnannotatedClassAttribute)
::warning file=d%3A\a\hol-guard\hol-guard\candidate\ci\native_runtime\windows_replaceable_reader_child.py,line=36,col=14::Type annotation for attribute `replace_calls` is required because this class is not decorated with `@final` (reportUnannotatedClassAttribute)
d:\a\hol-guard\hol-guard\candidate\ci\native_runtime\windows_replaceable_reader_child.py:37:14 - warning: Type annotation for attribute `writer_fd_closed` is required because this class is not decorated with `@final` (reportUnannotatedClassAttribute)
::warning file=d%3A\a\hol-guard\hol-guard\candidate\ci\native_runtime\windows_replaceable_reader_child.py,line=37,col=14::Type annotation for attribute `writer_fd_closed` is required because this class is not decorated with `@final` (reportUnannotatedClassAttribute)
d:\a\hol-guard\hol-guard\candidate\ci\native_runtime\windows_replaceable_reader_child.py:38:14 - warning: Type annotation for attribute `source_reader_opened` is required because this class is not decorated with `@final` (reportUnannotatedClassAttribute)
::warning file=d%3A\a\hol-guard\hol-guard\candidate\ci\native_runtime\windows_replaceable_reader_child.py,line=38,col=14::Type annotation for attribute `source_reader_opened` is required because this class is not decorated with `@final` (reportUnannotatedClassAttribute)
d:\a\hol-guard\hol-guard\candidate\ci\native_runtime\windows_replaceable_reader_child.py:39:14 - warning: Type annotation for attribute `source_reader_closed` is required because this class is not decorated with `@final` (reportUnannotatedClassAttribute)
::warning file=d%3A\a\hol-guard\hol-guard\candidate\ci\native_runtime\windows_replaceable_reader_child.py,line=39,col=14::Type annotation for attribute `source_reader_closed` is required because this class is not decorated with `@final` (reportUnannotatedClassAttribute)
d:\a\hol-guard\hol-guard\candidate\ci\native_runtime\windows_replaceable_reader_child.py:40:14 - warning: Type annotation for attribute `replace_returned` is required because this class is not decorated with `@final` (reportUnannotatedClassAttribute)
::warning file=d%3A\a\hol-guard\hol-guard\candidate\ci\native_runtime\windows_replaceable_reader_child.py,line=40,col=14::Type annotation for attribute `replace_returned` is required because this class is not decorated with `@final` (reportUnannotatedClassAttribute)
d:\a\hol-guard\hol-guard\candidate\ci\native_runtime\windows_replaceable_reader_child.py:43:9 - warning: Return type is Any (reportAny)
::warning file=d%3A\a\hol-guard\hol-guard\candidate\ci\native_runtime\windows_replaceable_reader_child.py,line=43,col=9::Return type is Any (reportAny)
d:\a\hol-guard\hol-guard\candidate\ci\native_runtime\windows_replaceable_reader_child.py:43:27 - warning: Type of parameter "name" is unknown (reportUnknownParameterType)
::warning file=d%3A\a\hol-guard\hol-guard\candidate\ci\native_runtime\windows_replaceable_reader_child.py,line=43,col=27::Type of parameter "name" is unknown (reportUnknownParameterType)
d:\a\hol-guard\hol-guard\candidate\ci\native_runtime\windows_replaceable_reader_child.py:43:27 - warning: Type annotation is missing for parameter "name" (reportMissingParameterType)
::warning file=d%3A\a\hol-guard\hol-guard\candidate\ci\native_runtime\windows_replaceable_reader_child.py,line=43,col=27::Type annotation is missing for parameter "name" (reportMissingParameterType)
d:\a\hol-guard\hol-guard\candidate\ci\native_runtime\windows_replaceable_reader_child.py:44:16 - warning: Return type is Any (reportAny)
::warning file=d%3A\a\hol-guard\hol-guard\candidate\ci\native_runtime\windows_replaceable_reader_child.py,line=44,col=16::Return type is Any (reportAny)
d:\a\hol-guard\hol-guard\candidate\ci\native_runtime\windows_replaceable_reader_child.py:44:24 - warning: Type of "original" is unknown (reportUnknownMemberType)
::warning file=d%3A\a\hol-guard\hol-guard\candidate\ci\native_runtime\windows_replaceable_reader_child.py,line=44,col=24::Type of "original" is unknown (reportUnknownMemberType)
d:\a\hol-guard\hol-guard\candidate\ci\native_runtime\windows_replaceable_reader_child.py:44:24 - warning: Argument type is unknown
  Argument corresponds to parameter "o" in function "getattr" (reportUnknownArgumentType)
::warning file=d%3A\a\hol-guard\hol-guard\candidate\ci\native_runtime\windows_replaceable_reader_child.py,line=44,col=24::Argument type is unknown%0A  Argument corresponds to parameter "o" in function "getattr" (reportUnknownArgumentType)
d:\a\hol-guard\hol-guard\candidate\ci\native_runtime\windows_replaceable_reader_child.py:44:39 - warning: Argument type is unknown
  Argument corresponds to parameter "name" in function "getattr" (reportUnknownArgumentType)
::warning file=d%3A\a\hol-guard\hol-guard\candidate\ci\native_runtime\windows_replaceable_reader_child.py,line=44,col=39::Argument type is unknown%0A  Argument corresponds to parameter "name" in function "getattr" (reportUnknownArgumentType)
d:\a\hol-guard\hol-guard\candidate\ci\native_runtime\windows_replaceable_reader_child.py:46:21 - warning: Type of parameter "descriptor" is unknown (reportUnknownParameterType)
::warning file=d%3A\a\hol-guard\hol-guard\candidate\ci\native_runtime\windows_replaceable_reader_child.py,line=46,col=21::Type of parameter "descriptor" is unknown (reportUnknownParameterType)
d:\a\hol-guard\hol-guard\candidate\ci\native_runtime\windows_replaceable_reader_child.py:46:21 - warning: Type annotation is missing for parameter "descriptor" (reportMissingParameterType)
::warning file=d%3A\a\hol-guard\hol-guard\candidate\ci\native_runtime\windows_replaceable_reader_child.py,line=46,col=21::Type annotation is missing for parameter "descriptor" (reportMissingParameterType)
d:\a\hol-guard\hol-guard\candidate\ci\native_runtime\windows_replaceable_reader_child.py:47:9 - warning: Type of "original" is unknown (reportUnknownMemberType)
::warning file=d%3A\a\hol-guard\hol-guard\candidate\ci\native_runtime\windows_replaceable_reader_child.py,line=47,col=9::Type of "original" is unknown (reportUnknownMemberType)
d:\a\hol-guard\hol-guard\candidate\ci\native_runtime\windows_replaceable_reader_child.py:47:9 - warning: Type of "close" is unknown (reportUnknownMemberType)
::warning file=d%3A\a\hol-guard\hol-guard\candidate\ci\native_runtime\windows_replaceable_reader_child.py,line=47,col=9::Type of "close" is unknown (reportUnknownMemberType)
d:\a\hol-guard\hol-guard\candidate\ci\native_runtime\windows_replaceable_reader_child.py:48:9 - warning: Type of "closed" is partially unknown
  Type of "closed" is "list[Unknown]" (reportUnknownMemberType)
::warning file=d%3A\a\hol-guard\hol-guard\candidate\ci\native_runtime\windows_replaceable_reader_child.py,line=48,col=9::Type of "closed" is partially unknown%0A  Type of "closed" is "list[Unknown]" (reportUnknownMemberType)
d:\a\hol-guard\hol-guard\candidate\ci\native_runtime\windows_replaceable_reader_child.py:48:9 - warning: Type of "append" is partially unknown
  Type of "append" is "(object: Unknown, /) -> None" (reportUnknownMemberType)
::warning file=d%3A\a\hol-guard\hol-guard\candidate\ci\native_runtime\windows_replaceable_reader_child.py,line=48,col=9::Type of "append" is partially unknown%0A  Type of "append" is "(object: Unknown, /) -> None" (reportUnknownMemberType)
d:\a\hol-guard\hol-guard\candidate\ci\native_runtime\windows_replaceable_reader_child.py:48:28 - warning: Argument type is unknown
  Argument corresponds to parameter "object" in function "append" (reportUnknownArgumentType)
::warning file=d%3A\a\hol-guard\hol-guard\candidate\ci\native_runtime\windows_replaceable_reader_child.py,line=48,col=28::Argument type is unknown%0A  Argument corresponds to parameter "object" in function "append" (reportUnknownArgumentType)
d:\a\hol-guard\hol-guard\candidate\ci\native_runtime\windows_replaceable_reader_child.py:50:23 - warning: Type of parameter "source" is unknown (reportUnknownParameterType)
::warning file=d%3A\a\hol-guard\hol-guard\candidate\ci\native_runtime\windows_replaceable_reader_child.py,line=50,col=23::Type of parameter "source" is unknown (reportUnknownParameterType)
d:\a\hol-guard\hol-guard\candidate\ci\native_runtime\windows_replaceable_reader_child.py:50:23 - warning: Type annotation is missing for parameter "source" (reportMissingParameterType)
::warning file=d%3A\a\hol-guard\hol-guard\candidate\ci\native_runtime\windows_replaceable_reader_child.py,line=50,col=23::Type annotation is missing for parameter "source" (reportMissingParameterType)
d:\a\hol-guard\hol-guard\candidate\ci\native_runtime\windows_replaceable_reader_child.py:50:31 - warning: Type of parameter "destination" is unknown (reportUnknownParameterType)
::warning file=d%3A\a\hol-guard\hol-guard\candidate\ci\native_runtime\windows_replaceable_reader_child.py,line=50,col=31::Type of parameter "destination" is unknown (reportUnknownParameterType)
d:\a\hol-guard\hol-guard\candidate\ci\native_runtime\windows_replaceable_reader_child.py:50:31 - warning: Type annotation is missing for parameter "destination" (reportMissingParameterType)
::warning file=d%3A\a\hol-guard\hol-guard\candidate\ci\native_runtime\windows_replaceable_reader_child.py,line=50,col=31::Type annotation is missing for parameter "destination" (reportMissingParameterType)
d:\a\hol-guard\hol-guard\candidate\ci\native_runtime\windows_replaceable_reader_child.py:52:44 - warning: Argument type is unknown
  Argument corresponds to parameter "args" in function "__new__" (reportUnknownArgumentType)
::warning file=d%3A\a\hol-guard\hol-guard\candidate\ci\native_runtime\windows_replaceable_reader_child.py,line=52,col=44::Argument type is unknown%0A  Argument corresponds to parameter "args" in function "__new__" (reportUnknownArgumentType)
d:\a\hol-guard\hol-guard\candidate\ci\native_runtime\windows_replaceable_reader_child.py:52:79 - warning: Type of "closed" is partially unknown
  Type of "closed" is "list[Unknown]" (reportUnknownMemberType)
::warning file=d%3A\a\hol-guard\hol-guard\candidate\ci\native_runtime\windows_replaceable_reader_child.py,line=52,col=79::Type of "closed" is partially unknown%0A  Type of "closed" is "list[Unknown]" (reportUnknownMemberType)
d:\a\hol-guard\hol-guard\candidate\ci\native_runtime\windows_replaceable_reader_child.py:55:13 - warning: Type of "original" is unknown (reportUnknownMemberType)
::warning file=d%3A\a\hol-guard\hol-guard\candidate\ci\native_runtime\windows_replaceable_reader_child.py,line=55,col=13::Type of "original" is unknown (reportUnknownMemberType)
d:\a\hol-guard\hol-guard\candidate\ci\native_runtime\windows_replaceable_reader_child.py:55:13 - warning: Type of "fstat" is unknown (reportUnknownMemberType)
::warning file=d%3A\a\hol-guard\hol-guard\candidate\ci\native_runtime\windows_replaceable_reader_child.py,line=55,col=13::Type of "fstat" is unknown (reportUnknownMemberType)
d:\a\hol-guard\hol-guard\candidate\ci\native_runtime\windows_replaceable_reader_child.py:55:33 - warning: Type of "closed" is partially unknown
  Type of "closed" is "list[Unknown]" (reportUnknownMemberType)
::warning file=d%3A\a\hol-guard\hol-guard\candidate\ci\native_runtime\windows_replaceable_reader_child.py,line=55,col=33::Type of "closed" is partially unknown%0A  Type of "closed" is "list[Unknown]" (reportUnknownMemberType)
d:\a\hol-guard\hol-guard\candidate\ci\native_runtime\windows_replaceable_reader_child.py:65:17 - warning: Type of "descriptor" is unknown (reportUnknownVariableType)
::warning file=d%3A\a\hol-guard\hol-guard\candidate\ci\native_runtime\windows_replaceable_reader_child.py,line=65,col=17::Type of "descriptor" is unknown (reportUnknownVariableType)
d:\a\hol-guard\hol-guard\candidate\ci\native_runtime\windows_replaceable_reader_child.py:65:30 - warning: Type of "original" is unknown (reportUnknownMemberType)
::warning file=d%3A\a\hol-guard\hol-guard\candidate\ci\native_runtime\windows_replaceable_reader_child.py,line=65,col=30::Type of "original" is unknown (reportUnknownMemberType)
d:\a\hol-guard\hol-guard\candidate\ci\native_runtime\windows_replaceable_reader_child.py:65:30 - warning: Type of "open" is unknown (reportUnknownMemberType)
::warning file=d%3A\a\hol-guard\hol-guard\candidate\ci\native_runtime\windows_replaceable_reader_child.py,line=65,col=30::Type of "open" is unknown (reportUnknownMemberType)
d:\a\hol-guard\hol-guard\candidate\ci\native_runtime\windows_replaceable_reader_child.py:65:57 - warning: Type of "original" is unknown (reportUnknownMemberType)
::warning file=d%3A\a\hol-guard\hol-guard\candidate\ci\native_runtime\windows_replaceable_reader_child.py,line=65,col=57::Type of "original" is unknown (reportUnknownMemberType)
d:\a\hol-guard\hol-guard\candidate\ci\native_runtime\windows_replaceable_reader_child.py:65:57 - warning: Type of "O_RDONLY" is unknown (reportUnknownMemberType)
::warning file=d%3A\a\hol-guard\hol-guard\candidate\ci\native_runtime\windows_replaceable_reader_child.py,line=65,col=57::Type of "O_RDONLY" is unknown (reportUnknownMemberType)
d:\a\hol-guard\hol-guard\candidate\ci\native_runtime\windows_replaceable_reader_child.py:68:17 - warning: Type of "original" is unknown (reportUnknownMemberType)
::warning file=d%3A\a\hol-guard\hol-guard\candidate\ci\native_runtime\windows_replaceable_reader_child.py,line=68,col=17::Type of "original" is unknown (reportUnknownMemberType)
d:\a\hol-guard\hol-guard\candidate\ci\native_runtime\windows_replaceable_reader_child.py:68:17 - warning: Type of "replace" is unknown (reportUnknownMemberType)
::warning file=d%3A\a\hol-guard\hol-guard\candidate\ci\native_runtime\windows_replaceable_reader_child.py,line=68,col=17::Type of "replace" is unknown (reportUnknownMemberType)
d:\a\hol-guard\hol-guard\candidate\ci\native_runtime\windows_replaceable_reader_child.py:75:17 - warning: Type of "original" is unknown (reportUnknownMemberType)
::warning file=d%3A\a\hol-guard\hol-guard\candidate\ci\native_runtime\windows_replaceable_reader_child.py,line=75,col=17::Type of "original" is unknown (reportUnknownMemberType)
d:\a\hol-guard\hol-guard\candidate\ci\native_runtime\windows_replaceable_reader_child.py:75:17 - warning: Type of "close" is unknown (reportUnknownMemberType)
::warning file=d%3A\a\hol-guard\hol-guard\candidate\ci\native_runtime\windows_replaceable_reader_child.py,line=75,col=17::Type of "close" is unknown (reportUnknownMemberType)
d:\a\hol-guard\hol-guard\candidate\ci\native_runtime\windows_replaceable_reader_child.py:79:13 - warning: Type of parameter "args" is unknown (reportUnknownParameterType)
::warning file=d%3A\a\hol-guard\hol-guard\candidate\ci\native_runtime\windows_replaceable_reader_child.py,line=79,col=13::Type of parameter "args" is unknown (reportUnknownParameterType)
d:\a\hol-guard\hol-guard\candidate\ci\native_runtime\windows_replaceable_reader_child.py:79:13 - warning: Type annotation is missing for parameter "args" (reportMissingParameterType)
::warning file=d%3A\a\hol-guard\hol-guard\candidate\ci\native_runtime\windows_replaceable_reader_child.py,line=79,col=13::Type annotation is missing for parameter "args" (reportMissingParameterType)
d:\a\hol-guard\hol-guard\candidate\ci\native_runtime\windows_replaceable_reader_child.py:83:36 - warning: Type of "target" is unknown (reportUnknownMemberType)
::warning file=d%3A\a\hol-guard\hol-guard\candidate\ci\native_runtime\windows_replaceable_reader_child.py,line=83,col=36::Type of "target" is unknown (reportUnknownMemberType)
d:\a\hol-guard\hol-guard\candidate\ci\native_runtime\windows_replaceable_reader_child.py:83:36 - warning: Argument type is unknown
  Argument corresponds to parameter "target" in function "__init__" (reportUnknownArgumentType)
::warning file=d%3A\a\hol-guard\hol-guard\candidate\ci\native_runtime\windows_replaceable_reader_child.py,line=83,col=36::Argument type is unknown%0A  Argument corresponds to parameter "target" in function "__init__" (reportUnknownArgumentType)
d:\a\hol-guard\hol-guard\candidate\ci\native_runtime\windows_replaceable_reader_child.py:83:49 - warning: Type of "hold_crt_source" is unknown (reportUnknownMemberType)
::warning file=d%3A\a\hol-guard\hol-guard\candidate\ci\native_runtime\windows_replaceable_reader_child.py,line=83,col=49::Type of "hold_crt_source" is unknown (reportUnknownMemberType)
d:\a\hol-guard\hol-guard\candidate\ci\native_runtime\windows_replaceable_reader_child.py:83:49 - warning: Argument type is unknown
  Argument corresponds to parameter "hold_source" in function "__init__" (reportUnknownArgumentType)
::warning file=d%3A\a\hol-guard\hol-guard\candidate\ci\native_runtime\windows_replaceable_reader_child.py,line=83,col=49::Argument type is unknown%0A  Argument corresponds to parameter "hold_source" in function "__init__" (reportUnknownArgumentType)
d:\a\hol-guard\hol-guard\candidate\ci\native_runtime\windows_replaceable_reader_child.py:87:16 - warning: "_write_private_atomic_text" is private and used outside of the module in which it is declared (reportPrivateUsage)
::warning file=d%3A\a\hol-guard\hol-guard\candidate\ci\native_runtime\windows_replaceable_reader_child.py,line=87,col=16::"_write_private_atomic_text" is private and used outside of the module in which it is declared (reportPrivateUsage)
d:\a\hol-guard\hol-guard\candidate\ci\native_runtime\windows_replaceable_reader_child.py:87:73 - warning: "_write_private_atomic_text" is private and used outside of the module in which it is declared (reportPrivateUsage)
::warning file=d%3A\a\hol-guard\hol-guard\candidate\ci\native_runtime\windows_replaceable_reader_child.py,line=87,col=73::"_write_private_atomic_text" is private and used outside of the module in which it is declared (reportPrivateUsage)
d:\a\hol-guard\hol-guard\candidate\ci\native_runtime\windows_replaceable_reader_child.py:89:23 - warning: Type `Any` is not allowed (reportExplicitAny)
::warning file=d%3A\a\hol-guard\hol-guard\candidate\ci\native_runtime\windows_replaceable_reader_child.py,line=89,col=23::Type `Any` is not allowed (reportExplicitAny)
d:\a\hol-guard\hol-guard\candidate\ci\native_runtime\windows_replaceable_reader_child.py:91:22 - warning: "_guard_daemon_state_write_lock" is private and used outside of the module in which it is declared (reportPrivateUsage)
::warning file=d%3A\a\hol-guard\hol-guard\candidate\ci\native_runtime\windows_replaceable_reader_child.py,line=91,col=22::"_guard_daemon_state_write_lock" is private and used outside of the module in which it is declared (reportPrivateUsage)
d:\a\hol-guard\hol-guard\candidate\ci\native_runtime\windows_replaceable_reader_child.py:91:53 - warning: Type of "target" is unknown (reportUnknownMemberType)
::warning file=d%3A\a\hol-guard\hol-guard\candidate\ci\native_runtime\windows_replaceable_reader_child.py,line=91,col=53::Type of "target" is unknown (reportUnknownMemberType)
d:\a\hol-guard\hol-guard\candidate\ci\native_runtime\windows_replaceable_reader_child.py:91:53 - warning: Type of "parent" is unknown (reportUnknownMemberType)
::warning file=d%3A\a\hol-guard\hol-guard\candidate\ci\native_runtime\windows_replaceable_reader_child.py,line=91,col=53::Type of "parent" is unknown (reportUnknownMemberType)
d:\a\hol-guard\hol-guard\candidate\ci\native_runtime\windows_replaceable_reader_child.py:91:53 - warning: Argument type is unknown
  Argument corresponds to parameter "guard_home" (reportUnknownArgumentType)
::warning file=d%3A\a\hol-guard\hol-guard\candidate\ci\native_runtime\windows_replaceable_reader_child.py,line=91,col=53::Argument type is unknown%0A  Argument corresponds to parameter "guard_home" (reportUnknownArgumentType)
d:\a\hol-guard\hol-guard\candidate\ci\native_runtime\windows_replaceable_reader_child.py:94:21 - warning: "_write_private_atomic_text" is private and used outside of the module in which it is declared (reportPrivateUsage)
::warning file=d%3A\a\hol-guard\hol-guard\candidate\ci\native_runtime\windows_replaceable_reader_child.py,line=94,col=21::"_write_private_atomic_text" is private and used outside of the module in which it is declared (reportPrivateUsage)
d:\a\hol-guard\hol-guard\candidate\ci\native_runtime\windows_replaceable_reader_child.py:94:48 - warning: Type of "target" is unknown (reportUnknownMemberType)
::warning file=d%3A\a\hol-guard\hol-guard\candidate\ci\native_runtime\windows_replaceable_reader_child.py,line=94,col=48::Type of "target" is unknown (reportUnknownMemberType)
d:\a\hol-guard\hol-guard\candidate\ci\native_runtime\windows_replaceable_reader_child.py:94:48 - warning: Argument type is unknown
  Argument corresponds to parameter "path" in function "_write_private_atomic_text" (reportUnknownArgumentType)
::warning file=d%3A\a\hol-guard\hol-guard\candidate\ci\native_runtime\windows_replaceable_reader_child.py,line=94,col=48::Argument type is unknown%0A  Argument corresponds to parameter "path" in function "_write_private_atomic_text" (reportUnknownArgumentType)
d:\a\hol-guard\hol-guard\candidate\ci\native_runtime\windows_replaceable_reader_child.py:111:48 - warning: Type of "target" is unknown (reportUnknownMemberType)
::warning file=d%3A\a\hol-guard\hol-guard\candidate\ci\native_runtime\windows_replaceable_reader_child.py,line=111,col=48::Type of "target" is unknown (reportUnknownMemberType)
d:\a\hol-guard\hol-guard\candidate\ci\native_runtime\windows_replaceable_reader_child.py:111:48 - warning: Type of "parent" is unknown (reportUnknownMemberType)
::warning file=d%3A\a\hol-guard\hol-guard\candidate\ci\native_runtime\windows_replaceable_reader_child.py,line=111,col=48::Type of "parent" is unknown (reportUnknownMemberType)
d:\a\hol-guard\hol-guard\candidate\ci\native_runtime\windows_replaceable_reader_child.py:111:48 - warning: Type of "glob" is unknown (reportUnknownMemberType)
::warning file=d%3A\a\hol-guard\hol-guard\candidate\ci\native_runtime\windows_replaceable_reader_child.py,line=111,col=48::Type of "glob" is unknown (reportUnknownMemberType)
d:\a\hol-guard\hol-guard\candidate\ci\native_runtime\windows_replaceable_reader_child.py:111:48 - warning: Argument type is unknown
  Argument corresponds to parameter "iterable" in function "__init__" (reportUnknownArgumentType)
::warning file=d%3A\a\hol-guard\hol-guard\candidate\ci\native_runtime\windows_replaceable_reader_child.py,line=111,col=48::Argument type is unknown%0A  Argument corresponds to parameter "iterable" in function "__init__" (reportUnknownArgumentType)
d:\a\hol-guard\hol-guard\candidate\ci\native_runtime\windows_replaceable_reader_child.py:117:12 - warning: Type of parameter "args" is unknown (reportUnknownParameterType)
::warning file=d%3A\a\hol-guard\hol-guard\candidate\ci\native_runtime\windows_replaceable_reader_child.py,line=117,col=12::Type of parameter "args" is unknown (reportUnknownParameterType)
d:\a\hol-guard\hol-guard\candidate\ci\native_runtime\windows_replaceable_reader_child.py:117:12 - warning: Type annotation is missing for parameter "args" (reportMissingParameterType)
::warning file=d%3A\a\hol-guard\hol-guard\candidate\ci\native_runtime\windows_replaceable_reader_child.py,line=117,col=12::Type annotation is missing for parameter "args" (reportMissingParameterType)
d:\a\hol-guard\hol-guard\candidate\ci\native_runtime\windows_replaceable_reader_child.py:120:5 - warning: Type of "crt" is Any (reportAny)
::warning file=d%3A\a\hol-guard\hol-guard\candidate\ci\native_runtime\windows_replaceable_reader_child.py,line=120,col=5::Type of "crt" is Any (reportAny)
d:\a\hol-guard\hol-guard\candidate\ci\native_runtime\windows_replaceable_reader_child.py:120:18 - warning: "_crt_api" is private and used outside of the module in which it is declared (reportPrivateUsage)
::warning file=d%3A\a\hol-guard\hol-guard\candidate\ci\native_runtime\windows_replaceable_reader_child.py,line=120,col=18::"_crt_api" is private and used outside of the module in which it is declared (reportPrivateUsage)
d:\a\hol-guard\hol-guard\candidate\ci\native_runtime\windows_replaceable_reader_child.py:122:8 - warning: Type of "_get_fmode" is Any (reportAny)
::warning file=d%3A\a\hol-guard\hol-guard\candidate\ci\native_runtime\windows_replaceable_reader_child.py,line=122,col=8::Type of "_get_fmode" is Any (reportAny)
d:\a\hol-guard\hol-guard\candidate\ci\native_runtime\windows_replaceable_reader_child.py:125:5 - warning: Type of "setter" is Any (reportAny)
::warning file=d%3A\a\hol-guard\hol-guard\candidate\ci\native_runtime\windows_replaceable_reader_child.py,line=125,col=5::Type of "setter" is Any (reportAny)
d:\a\hol-guard\hol-guard\candidate\ci\native_runtime\windows_replaceable_reader_child.py:125:14 - warning: Type of "_set_fmode" is Any (reportAny)
::warning file=d%3A\a\hol-guard\hol-guard\candidate\ci\native_runtime\windows_replaceable_reader_child.py,line=125,col=14::Type of "_set_fmode" is Any (reportAny)
d:\a\hol-guard\hol-guard\candidate\ci\native_runtime\windows_replaceable_reader_child.py:128:64 - warning: Type of "default_mode" is unknown (reportUnknownMemberType)
::warning file=d%3A\a\hol-guard\hol-guard\candidate\ci\native_runtime\windows_replaceable_reader_child.py,line=128,col=64::Type of "default_mode" is unknown (reportUnknownMemberType)
d:\a\hol-guard\hol-guard\candidate\ci\native_runtime\windows_replaceable_reader_child.py:128:64 - warning: Argument type is unknown
  Argument corresponds to parameter "key" in function "get" (reportUnknownArgumentType)
::warning file=d%3A\a\hol-guard\hol-guard\candidate\ci\native_runtime\windows_replaceable_reader_child.py,line=128,col=64::Argument type is unknown%0A  Argument corresponds to parameter "key" in function "get" (reportUnknownArgumentType)
d:\a\hol-guard\hol-guard\candidate\ci\native_runtime\windows_replaceable_reader_child.py:132:8 - warning: Type of "_get_fmode" is Any (reportAny)
::warning file=d%3A\a\hol-guard\hol-guard\candidate\ci\native_runtime\windows_replaceable_reader_child.py,line=132,col=8::Type of "_get_fmode" is Any (reportAny)
d:\a\hol-guard\hol-guard\candidate\ci\native_runtime\windows_replaceable_reader_child.py:134:5 - warning: Type of "target" is unknown (reportUnknownVariableType)
::warning file=d%3A\a\hol-guard\hol-guard\candidate\ci\native_runtime\windows_replaceable_reader_child.py,line=134,col=5::Type of "target" is unknown (reportUnknownVariableType)
d:\a\hol-guard\hol-guard\candidate\ci\native_runtime\windows_replaceable_reader_child.py:134:14 - warning: Type of "target" is unknown (reportUnknownMemberType)
::warning file=d%3A\a\hol-guard\hol-guard\candidate\ci\native_runtime\windows_replaceable_reader_child.py,line=134,col=14::Type of "target" is unknown (reportUnknownMemberType)
d:\a\hol-guard\hol-guard\candidate\ci\native_runtime\windows_replaceable_reader_child.py:140:14 - warning: Type of parameter "event" is unknown (reportUnknownParameterType)
::warning file=d%3A\a\hol-guard\hol-guard\candidate\ci\native_runtime\windows_replaceable_reader_child.py,line=140,col=14::Type of parameter "event" is unknown (reportUnknownParameterType)
d:\a\hol-guard\hol-guard\candidate\ci\native_runtime\windows_replaceable_reader_child.py:140:14 - warning: Type annotation is missing for parameter "event" (reportMissingParameterType)
::warning file=d%3A\a\hol-guard\hol-guard\candidate\ci\native_runtime\windows_replaceable_reader_child.py,line=140,col=14::Type annotation is missing for parameter "event" (reportMissingParameterType)
d:\a\hol-guard\hol-guard\candidate\ci\native_runtime\windows_replaceable_reader_child.py:140:21 - warning: Type of parameter "arguments" is unknown (reportUnknownParameterType)
::warning file=d%3A\a\hol-guard\hol-guard\candidate\ci\native_runtime\windows_replaceable_reader_child.py,line=140,col=21::Type of parameter "arguments" is unknown (reportUnknownParameterType)
d:\a\hol-guard\hol-guard\candidate\ci\native_runtime\windows_replaceable_reader_child.py:140:21 - warning: Type annotation is missing for parameter "arguments" (reportMissingParameterType)
::warning file=d%3A\a\hol-guard\hol-guard\candidate\ci\native_runtime\windows_replaceable_reader_child.py,line=140,col=21::Type annotation is missing for parameter "arguments" (reportMissingParameterType)
d:\a\hol-guard\hol-guard\candidate\ci\native_runtime\windows_replaceable_reader_child.py:141:91 - warning: Argument type is unknown
  Argument corresponds to parameter "path" in function "fspath" (reportUnknownArgumentType)
::warning file=d%3A\a\hol-guard\hol-guard\candidate\ci\native_runtime\windows_replaceable_reader_child.py,line=141,col=91::Argument type is unknown%0A  Argument corresponds to parameter "path" in function "fspath" (reportUnknownArgumentType)
d:\a\hol-guard\hol-guard\candidate\ci\native_runtime\windows_replaceable_reader_child.py:141:112 - warning: Argument type is unknown
  Argument corresponds to parameter "object" in function "__new__" (reportUnknownArgumentType)
::warning file=d%3A\a\hol-guard\hol-guard\candidate\ci\native_runtime\windows_replaceable_reader_child.py,line=141,col=112::Argument type is unknown%0A  Argument corresponds to parameter "object" in function "__new__" (reportUnknownArgumentType)
d:\a\hol-guard\hol-guard\candidate\ci\native_runtime\windows_replaceable_reader_child.py:142:13 - warning: Type of "append" is partially unknown
  Type of "append" is "(object: Unknown, /) -> None" (reportUnknownMemberType)
::warning file=d%3A\a\hol-guard\hol-guard\candidate\ci\native_runtime\windows_replaceable_reader_child.py,line=142,col=13::Type of "append" is partially unknown%0A  Type of "append" is "(object: Unknown, /) -> None" (reportUnknownMemberType)
d:\a\hol-guard\hol-guard\candidate\ci\native_runtime\windows_replaceable_reader_child.py:143:16 - warning: Type of "audit_switch_default" is unknown (reportUnknownMemberType)
::warning file=d%3A\a\hol-guard\hol-guard\candidate\ci\native_runtime\windows_replaceable_reader_child.py,line=143,col=16::Type of "audit_switch_default" is unknown (reportUnknownMemberType)
d:\a\hol-guard\hol-guard\candidate\ci\native_runtime\windows_replaceable_reader_child.py:147:16 - warning: Type of "refuse" is unknown (reportUnknownMemberType)
::warning file=d%3A\a\hol-guard\hol-guard\candidate\ci\native_runtime\windows_replaceable_reader_child.py,line=147,col=16::Type of "refuse" is unknown (reportUnknownMemberType)
d:\a\hol-guard\hol-guard\candidate\ci\native_runtime\windows_replaceable_reader_child.py:150:22 - warning: Argument type is partially unknown
  Argument corresponds to parameter "hook" in function "addaudithook"
  Argument type is "(event: Unknown, arguments: Unknown) -> None" (reportUnknownArgumentType)
::warning file=d%3A\a\hol-guard\hol-guard\candidate\ci\native_runtime\windows_replaceable_reader_child.py,line=150,col=22::Argument type is partially unknown%0A  Argument corresponds to parameter "hook" in function "addaudithook"%0A  Argument type is "(event: Unknown, arguments: Unknown) -> None" (reportUnknownArgumentType)
d:\a\hol-guard\hol-guard\candidate\ci\native_runtime\windows_replaceable_reader_child.py:152:12 - warning: Type of "route" is unknown (reportUnknownMemberType)
::warning file=d%3A\a\hol-guard\hol-guard\candidate\ci\native_runtime\windows_replaceable_reader_child.py,line=152,col=12::Type of "route" is unknown (reportUnknownMemberType)
d:\a\hol-guard\hol-guard\candidate\ci\native_runtime\windows_replaceable_reader_child.py:154:65 - warning: Type of "candidate" is unknown (reportUnknownMemberType)
::warning file=d%3A\a\hol-guard\hol-guard\candidate\ci\native_runtime\windows_replaceable_reader_child.py,line=154,col=65::Type of "candidate" is unknown (reportUnknownMemberType)
d:\a\hol-guard\hol-guard\candidate\ci\native_runtime\windows_replaceable_reader_child.py:155:33 - warning: Argument type is unknown
  Argument corresponds to parameter "path" in function "open" (reportUnknownArgumentType)
::warning file=d%3A\a\hol-guard\hol-guard\candidate\ci\native_runtime\windows_replaceable_reader_child.py,line=155,col=33::Argument type is unknown%0A  Argument corresponds to parameter "path" in function "open" (reportUnknownArgumentType)
d:\a\hol-guard\hol-guard\candidate\ci\native_runtime\windows_replaceable_reader_child.py:155:33 - warning: Argument type is unknown
  Argument corresponds to parameter "path" in function "open_replaceable_read_descriptor" (reportUnknownArgumentType)
::warning file=d%3A\a\hol-guard\hol-guard\candidate\ci\native_runtime\windows_replaceable_reader_child.py,line=155,col=33::Argument type is unknown%0A  Argument corresponds to parameter "path" in function "open_replaceable_read_descriptor" (reportUnknownArgumentType)
d:\a\hol-guard\hol-guard\candidate\ci\native_runtime\windows_replaceable_reader_child.py:160:14 - warning: Type of "candidate" is unknown (reportUnknownMemberType)
::warning file=d%3A\a\hol-guard\hol-guard\candidate\ci\native_runtime\windows_replaceable_reader_child.py,line=160,col=14::Type of "candidate" is unknown (reportUnknownMemberType)
d:\a\hol-guard\hol-guard\candidate\ci\native_runtime\windows_replaceable_reader_child.py:161:52 - warning: Argument type is unknown
  Argument corresponds to parameter "path" in function "read_replaceable_text" (reportUnknownArgumentType)
::warning file=d%3A\a\hol-guard\hol-guard\candidate\ci\native_runtime\windows_replaceable_reader_child.py,line=161,col=52::Argument type is unknown%0A  Argument corresponds to parameter "path" in function "read_replaceable_text" (reportUnknownArgumentType)
d:\a\hol-guard\hol-guard\candidate\ci\native_runtime\windows_replaceable_reader_child.py:163:13 - warning: Type of "payload" is unknown (reportUnknownVariableType)
::warning file=d%3A\a\hol-guard\hol-guard\candidate\ci\native_runtime\windows_replaceable_reader_child.py,line=163,col=13::Type of "payload" is unknown (reportUnknownVariableType)
d:\a\hol-guard\hol-guard\candidate\ci\native_runtime\windows_replaceable_reader_child.py:163:23 - warning: Type of "read_text" is unknown (reportUnknownMemberType)
::warning file=d%3A\a\hol-guard\hol-guard\candidate\ci\native_runtime\windows_replaceable_reader_child.py,line=163,col=23::Type of "read_text" is unknown (reportUnknownMemberType)
d:\a\hol-guard\hol-guard\candidate\ci\native_runtime\windows_replaceable_reader_child.py:168:9 - warning: Type of "mode_query_succeeded" is Any (reportAny)
::warning file=d%3A\a\hol-guard\hol-guard\candidate\ci\native_runtime\windows_replaceable_reader_child.py,line=168,col=9::Type of "mode_query_succeeded" is Any (reportAny)
d:\a\hol-guard\hol-guard\candidate\ci\native_runtime\windows_replaceable_reader_child.py:168:32 - warning: Type of "_get_fmode" is Any (reportAny)
::warning file=d%3A\a\hol-guard\hol-guard\candidate\ci\native_runtime\windows_replaceable_reader_child.py,line=168,col=32::Type of "_get_fmode" is Any (reportAny)
d:\a\hol-guard\hol-guard\candidate\ci\native_runtime\windows_replaceable_reader_child.py:169:9 - warning: Type of "restored" is Any (reportAny)
::warning file=d%3A\a\hol-guard\hol-guard\candidate\ci\native_runtime\windows_replaceable_reader_child.py,line=169,col=9::Type of "restored" is Any (reportAny)
d:\a\hol-guard\hol-guard\candidate\ci\native_runtime\windows_replaceable_reader_child.py:172:9 - warning: Type of "encoded" is partially unknown
  Type of "encoded" is "bytes | Unknown" (reportUnknownVariableType)
::warning file=d%3A\a\hol-guard\hol-guard\candidate\ci\native_runtime\windows_replaceable_reader_child.py,line=172,col=9::Type of "encoded" is partially unknown%0A  Type of "encoded" is "bytes | Unknown" (reportUnknownVariableType)
d:\a\hol-guard\hol-guard\candidate\ci\native_runtime\windows_replaceable_reader_child.py:172:62 - warning: Type of "encode" is partially unknown
  Type of "encode" is "((encoding: str = "utf-8", errors: str = "strict") -> bytes) | Unknown" (reportUnknownMemberType)
::warning file=d%3A\a\hol-guard\hol-guard\candidate\ci\native_runtime\windows_replaceable_reader_child.py,line=172,col=62::Type of "encode" is partially unknown%0A  Type of "encode" is "((encoding: str = "utf-8", errors: str = "strict") -> bytes) | Unknown" (reportUnknownMemberType)
d:\a\hol-guard\hol-guard\candidate\ci\native_runtime\windows_replaceable_reader_child.py:175:38 - warning: Argument type is partially unknown
  Argument corresponds to parameter "obj" in function "len"
  Argument type is "bytes | Unknown" (reportUnknownArgumentType)
::warning file=d%3A\a\hol-guard\hol-guard\candidate\ci\native_runtime\windows_replaceable_reader_child.py,line=175,col=38::Argument type is partially unknown%0A  Argument corresponds to parameter "obj" in function "len"%0A  Argument type is "bytes | Unknown" (reportUnknownArgumentType)
d:\a\hol-guard\hol-guard\candidate\ci\native_runtime\windows_replaceable_reader_child.py:176:38 - warning: Argument type is partially unknown
  Argument corresponds to parameter "string" in function "openssl_sha256"
  Argument type is "bytes | Unknown" (reportUnknownArgumentType)
::warning file=d%3A\a\hol-guard\hol-guard\candidate\ci\native_runtime\windows_replaceable_reader_child.py,line=176,col=38::Argument type is partially unknown%0A  Argument corresponds to parameter "string" in function "openssl_sha256"%0A  Argument type is "bytes | Unknown" (reportUnknownArgumentType)
d:\a\hol-guard\hol-guard\candidate\ci\native_runtime\windows_replaceable_reader_child.py:217:9 - warning: Type of "label" is partially unknown
  Type of "label" is "Unknown | None" (reportUnknownVariableType)
::warning file=d%3A\a\hol-guard\hol-guard\candidate\ci\native_runtime\windows_replaceable_reader_child.py,line=217,col=9::Type of "label" is partially unknown%0A  Type of "label" is "Unknown | None" (reportUnknownVariableType)
d:\a\hol-guard\hol-guard\candidate\ci\native_runtime\windows_replaceable_reader_child.py:217:17 - warning: Type of "get" is partially unknown
  Type of "get" is "Overload[(key: Unknown, default: None = None, /) -> (Unknown | None), (key: Unknown, default: Unknown, /) -> Unknown, (key: Unknown, default: _T@get, /) -> (Unknown | _T@get)]" (reportUnknownMemberType)
::warning file=d%3A\a\hol-guard\hol-guard\candidate\ci\native_runtime\windows_replaceable_reader_child.py,line=217,col=17::Type of "get" is partially unknown%0A  Type of "get" is "Overload[(key: Unknown, default: None = None, /) -> (Unknown | None), (key: Unknown, default: Unknown, /) -> Unknown, (key: Unknown, default: _T@get, /) -> (Unknown | _T@get)]" (reportUnknownMemberType)
d:\a\hol-guard\hol-guard\candidate\ci\native_runtime\windows_replaceable_reader_child.py:219:13 - warning: Type of "append" is partially unknown
  Type of "append" is "(object: Unknown, /) -> None" (reportUnknownMemberType)
::warning file=d%3A\a\hol-guard\hol-guard\candidate\ci\native_runtime\windows_replaceable_reader_child.py,line=219,col=13::Type of "append" is partially unknown%0A  Type of "append" is "(object: Unknown, /) -> None" (reportUnknownMemberType)
d:\a\hol-guard\hol-guard\candidate\ci\native_runtime\windows_replaceable_reader_child.py:219:26 - warning: Argument type is unknown
  Argument corresponds to parameter "object" in function "append" (reportUnknownArgumentType)
::warning file=d%3A\a\hol-guard\hol-guard\candidate\ci\native_runtime\windows_replaceable_reader_child.py,line=219,col=26::Argument type is unknown%0A  Argument corresponds to parameter "object" in function "append" (reportUnknownArgumentType)
d:\a\hol-guard\hol-guard\candidate\ci\native_runtime\windows_replaceable_reader_child.py:221:12 - warning: Return type, "list[Unknown]", is partially unknown (reportUnknownVariableType)
::warning file=d%3A\a\hol-guard\hol-guard\candidate\ci\native_runtime\windows_replaceable_reader_child.py,line=221,col=12::Return type, "list[Unknown]", is partially unknown (reportUnknownVariableType)
d:\a\hol-guard\hol-guard\candidate\ci\native_runtime\windows_replaceable_reader_child.py:226:5 - warning: Result of call expression is of type "Action" and is not used; assign to variable "_" if this is intentional (reportUnusedCallResult)
::warning file=d%3A\a\hol-guard\hol-guard\candidate\ci\native_runtime\windows_replaceable_reader_child.py,line=226,col=5::Result of call expression is of type "Action" and is not used; assign to variable "_" if this is intentional (reportUnusedCallResult)
d:\a\hol-guard\hol-guard\candidate\ci\native_runtime\windows_replaceable_reader_child.py:227:5 - warning: Result of call expression is of type "Action" and is not used; assign to variable "_" if this is intentional (reportUnusedCallResult)
::warning file=d%3A\a\hol-guard\hol-guard\candidate\ci\native_runtime\windows_replaceable_reader_child.py,line=227,col=5::Result of call expression is of type "Action" and is not used; assign to variable "_" if this is intentional (reportUnusedCallResult)
d:\a\hol-guard\hol-guard\candidate\ci\native_runtime\windows_replaceable_reader_child.py:228:5 - warning: Result of call expression is of type "Action" and is not used; assign to variable "_" if this is intentional (reportUnusedCallResult)
::warning file=d%3A\a\hol-guard\hol-guard\candidate\ci\native_runtime\windows_replaceable_reader_child.py,line=228,col=5::Result of call expression is of type "Action" and is not used; assign to variable "_" if this is intentional (reportUnusedCallResult)
d:\a\hol-guard\hol-guard\candidate\ci\native_runtime\windows_replaceable_reader_child.py:229:5 - warning: Result of call expression is of type "Action" and is not used; assign to variable "_" if this is intentional (reportUnusedCallResult)
::warning file=d%3A\a\hol-guard\hol-guard\candidate\ci\native_runtime\windows_replaceable_reader_child.py,line=229,col=5::Result of call expression is of type "Action" and is not used; assign to variable "_" if this is intentional (reportUnusedCallResult)
d:\a\hol-guard\hol-guard\candidate\ci\native_runtime\windows_replaceable_reader_child.py:230:5 - warning: Result of call expression is of type "Action" and is not used; assign to variable "_" if this is intentional (reportUnusedCallResult)
::warning file=d%3A\a\hol-guard\hol-guard\candidate\ci\native_runtime\windows_replaceable_reader_child.py,line=230,col=5::Result of call expression is of type "Action" and is not used; assign to variable "_" if this is intentional (reportUnusedCallResult)
d:\a\hol-guard\hol-guard\candidate\ci\native_runtime\windows_replaceable_reader_child.py:231:5 - warning: Result of call expression is of type "Action" and is not used; assign to variable "_" if this is intentional (reportUnusedCallResult)
::warning file=d%3A\a\hol-guard\hol-guard\candidate\ci\native_runtime\windows_replaceable_reader_child.py,line=231,col=5::Result of call expression is of type "Action" and is not used; assign to variable "_" if this is intentional (reportUnusedCallResult)
d:\a\hol-guard\hol-guard\candidate\ci\native_runtime\windows_replaceable_reader_child.py:232:5 - warning: Result of call expression is of type "Action" and is not used; assign to variable "_" if this is intentional (reportUnusedCallResult)
::warning file=d%3A\a\hol-guard\hol-guard\candidate\ci\native_runtime\windows_replaceable_reader_child.py,line=232,col=5::Result of call expression is of type "Action" and is not used; assign to variable "_" if this is intentional (reportUnusedCallResult)
d:\a\hol-guard\hol-guard\candidate\ci\native_runtime\windows_replaceable_reader_child.py:233:5 - warning: Result of call expression is of type "Action" and is not used; assign to variable "_" if this is intentional (reportUnusedCallResult)
::warning file=d%3A\a\hol-guard\hol-guard\candidate\ci\native_runtime\windows_replaceable_reader_child.py,line=233,col=5::Result of call expression is of type "Action" and is not used; assign to variable "_" if this is intentional (reportUnusedCallResult)
d:\a\hol-guard\hol-guard\candidate\ci\native_runtime\windows_replaceable_reader_child.py:234:5 - warning: Result of call expression is of type "Action" and is not used; assign to variable "_" if this is intentional (reportUnusedCallResult)
::warning file=d%3A\a\hol-guard\hol-guard\candidate\ci\native_runtime\windows_replaceable_reader_child.py,line=234,col=5::Result of call expression is of type "Action" and is not used; assign to variable "_" if this is intentional (reportUnusedCallResult)
d:\a\hol-guard\hol-guard\candidate\ci\native_runtime\windows_replaceable_reader_child.py:238:5 - warning: Type of "source" is Any (reportAny)
::warning file=d%3A\a\hol-guard\hol-guard\candidate\ci\native_runtime\windows_replaceable_reader_child.py,line=238,col=5::Type of "source" is Any (reportAny)
d:\a\hol-guard\hol-guard\candidate\ci\native_runtime\windows_replaceable_reader_child.py:238:14 - warning: Type of "source_root" is Any (reportAny)
::warning file=d%3A\a\hol-guard\hol-guard\candidate\ci\native_runtime\windows_replaceable_reader_child.py,line=238,col=14::Type of "source_root" is Any (reportAny)
d:\a\hol-guard\hol-guard\candidate\ci\native_runtime\windows_replaceable_reader_child.py:238:14 - warning: Type of "resolve" is Any (reportAny)
::warning file=d%3A\a\hol-guard\hol-guard\candidate\ci\native_runtime\windows_replaceable_reader_child.py,line=238,col=14::Type of "resolve" is Any (reportAny)
d:\a\hol-guard\hol-guard\candidate\ci\native_runtime\windows_replaceable_reader_child.py:239:28 - warning: Argument type is Any
  Argument corresponds to parameter "object" in function "__new__" (reportAny)
::warning file=d%3A\a\hol-guard\hol-guard\candidate\ci\native_runtime\windows_replaceable_reader_child.py,line=239,col=28::Argument type is Any%0A  Argument corresponds to parameter "object" in function "__new__" (reportAny)
d:\a\hol-guard\hol-guard\candidate\ci\native_runtime\windows_replaceable_reader_child.py:241:12 - warning: Type of "operation" is Any (reportAny)
::warning file=d%3A\a\hol-guard\hol-guard\candidate\ci\native_runtime\windows_replaceable_reader_child.py,line=241,col=12::Type of "operation" is Any (reportAny)
d:\a\hol-guard\hol-guard\candidate\ci\native_runtime\windows_wtext_acceptance_probe.py:53:11 - warning: Type of parameter "api" is Any (reportAny)
::warning file=d%3A\a\hol-guard\hol-guard\candidate\ci\native_runtime\windows_wtext_acceptance_probe.py,line=53,col=11::Type of parameter "api" is Any (reportAny)
d:\a\hol-guard\hol-guard\candidate\ci\native_runtime\windows_wtext_acceptance_probe.py:53:16 - warning: Type `Any` is not allowed (reportExplicitAny)
::warning file=d%3A\a\hol-guard\hol-guard\candidate\ci\native_runtime\windows_wtext_acceptance_probe.py,line=53,col=16::Type `Any` is not allowed (reportExplicitAny)
d:\a\hol-guard\hol-guard\candidate\ci\native_runtime\windows_wtext_acceptance_probe.py:55:8 - warning: Type of "_get_fmode" is Any (reportAny)
::warning file=d%3A\a\hol-guard\hol-guard\candidate\ci\native_runtime\windows_wtext_acceptance_probe.py,line=55,col=8::Type of "_get_fmode" is Any (reportAny)
d:\a\hol-guard\hol-guard\candidate\ci\native_runtime\windows_wtext_acceptance_probe.py:60:57 - warning: Type of parameter "reader" is Any (reportAny)
::warning file=d%3A\a\hol-guard\hol-guard\candidate\ci\native_runtime\windows_wtext_acceptance_probe.py,line=60,col=57::Type of parameter "reader" is Any (reportAny)
d:\a\hol-guard\hol-guard\candidate\ci\native_runtime\windows_wtext_acceptance_probe.py:60:65 - warning: Type `Any` is not allowed (reportExplicitAny)
::warning file=d%3A\a\hol-guard\hol-guard\candidate\ci\native_runtime\windows_wtext_acceptance_probe.py,line=60,col=65::Type `Any` is not allowed (reportExplicitAny)
d:\a\hol-guard\hol-guard\candidate\ci\native_runtime\windows_wtext_acceptance_probe.py:63:20 - warning: Type of "read_replaceable_text" is Any (reportAny)
::warning file=d%3A\a\hol-guard\hol-guard\candidate\ci\native_runtime\windows_wtext_acceptance_probe.py,line=63,col=20::Type of "read_replaceable_text" is Any (reportAny)
d:\a\hol-guard\hol-guard\candidate\ci\native_runtime\windows_wtext_acceptance_probe.py:63:20 - warning: Return type is Any (reportAny)
::warning file=d%3A\a\hol-guard\hol-guard\candidate\ci\native_runtime\windows_wtext_acceptance_probe.py,line=63,col=20::Return type is Any (reportAny)
d:\a\hol-guard\hol-guard\candidate\ci\native_runtime\windows_wtext_acceptance_probe.py:66:14 - warning: Type of "open_replaceable_read_descriptor" is Any (reportAny)
::warning file=d%3A\a\hol-guard\hol-guard\candidate\ci\native_runtime\windows_wtext_acceptance_probe.py,line=66,col=14::Type of "open_replaceable_read_descriptor" is Any (reportAny)
d:\a\hol-guard\hol-guard\candidate\ci\native_runtime\windows_wtext_acceptance_probe.py:77:5 - warning: Type of "source" is Any (reportAny)
::warning file=d%3A\a\hol-guard\hol-guard\candidate\ci\native_runtime\windows_wtext_acceptance_probe.py,line=77,col=5::Type of "source" is Any (reportAny)
d:\a\hol-guard\hol-guard\candidate\ci\native_runtime\windows_wtext_acceptance_probe.py:77:14 - warning: Type of "source_root" is Any (reportAny)
::warning file=d%3A\a\hol-guard\hol-guard\candidate\ci\native_runtime\windows_wtext_acceptance_probe.py,line=77,col=14::Type of "source_root" is Any (reportAny)
d:\a\hol-guard\hol-guard\candidate\ci\native_runtime\windows_wtext_acceptance_probe.py:77:14 - warning: Type of "resolve" is Any (reportAny)
::warning file=d%3A\a\hol-guard\hol-guard\candidate\ci\native_runtime\windows_wtext_acceptance_probe.py,line=77,col=14::Type of "resolve" is Any (reportAny)
d:\a\hol-guard\hol-guard\candidate\ci\native_runtime\windows_wtext_acceptance_probe.py:78:5 - warning: Type of "target" is Any (reportAny)
::warning file=d%3A\a\hol-guard\hol-guard\candidate\ci\native_runtime\windows_wtext_acceptance_probe.py,line=78,col=5::Type of "target" is Any (reportAny)
d:\a\hol-guard\hol-guard\candidate\ci\native_runtime\windows_wtext_acceptance_probe.py:78:14 - warning: Type of "target" is Any (reportAny)
::warning file=d%3A\a\hol-guard\hol-guard\candidate\ci\native_runtime\windows_wtext_acceptance_probe.py,line=78,col=14::Type of "target" is Any (reportAny)
d:\a\hol-guard\hol-guard\candidate\ci\native_runtime\windows_wtext_acceptance_probe.py:78:14 - warning: Type of "resolve" is Any (reportAny)
::warning file=d%3A\a\hol-guard\hol-guard\candidate\ci\native_runtime\windows_wtext_acceptance_probe.py,line=78,col=14::Type of "resolve" is Any (reportAny)
d:\a\hol-guard\hol-guard\candidate\ci\native_runtime\windows_wtext_acceptance_probe.py:79:25 - warning: Type of "payload" is Any (reportAny)
::warning file=d%3A\a\hol-guard\hol-guard\candidate\ci\native_runtime\windows_wtext_acceptance_probe.py,line=79,col=25::Type of "payload" is Any (reportAny)
d:\a\hol-guard\hol-guard\candidate\ci\native_runtime\windows_wtext_acceptance_probe.py:80:10 - warning: Type of "open" is Any (reportAny)
::warning file=d%3A\a\hol-guard\hol-guard\candidate\ci\native_runtime\windows_wtext_acceptance_probe.py,line=80,col=10::Type of "open" is Any (reportAny)
d:\a\hol-guard\hol-guard\candidate\ci\native_runtime\windows_wtext_acceptance_probe.py:80:31 - warning: Type of "stream" is Any (reportAny)
::warning file=d%3A\a\hol-guard\hol-guard\candidate\ci\native_runtime\windows_wtext_acceptance_probe.py,line=80,col=31::Type of "stream" is Any (reportAny)
d:\a\hol-guard\hol-guard\candidate\ci\native_runtime\windows_wtext_acceptance_probe.py:81:9 - warning: Type of "admitted" is Any (reportAny)
::warning file=d%3A\a\hol-guard\hol-guard\candidate\ci\native_runtime\windows_wtext_acceptance_probe.py,line=81,col=9::Type of "admitted" is Any (reportAny)
d:\a\hol-guard\hol-guard\candidate\ci\native_runtime\windows_wtext_acceptance_probe.py:81:20 - warning: Type of "read" is Any (reportAny)
::warning file=d%3A\a\hol-guard\hol-guard\candidate\ci\native_runtime\windows_wtext_acceptance_probe.py,line=81,col=20::Type of "read" is Any (reportAny)
d:\a\hol-guard\hol-guard\candidate\ci\native_runtime\windows_wtext_acceptance_probe.py:84:28 - warning: Argument type is Any
  Argument corresponds to parameter "object" in function "__new__" (reportAny)
::warning file=d%3A\a\hol-guard\hol-guard\candidate\ci\native_runtime\windows_wtext_acceptance_probe.py,line=84,col=28::Argument type is Any%0A  Argument corresponds to parameter "object" in function "__new__" (reportAny)
d:\a\hol-guard\hol-guard\candidate\ci\native_runtime\windows_wtext_acceptance_probe.py:91:5 - warning: Type of "api" is Any (reportAny)
::warning file=d%3A\a\hol-guard\hol-guard\candidate\ci\native_runtime\windows_wtext_acceptance_probe.py,line=91,col=5::Type of "api" is Any (reportAny)
d:\a\hol-guard\hol-guard\candidate\ci\native_runtime\windows_wtext_acceptance_probe.py:91:11 - warning: Type of "_crt_api" is Any (reportAny)
::warning file=d%3A\a\hol-guard\hol-guard\candidate\ci\native_runtime\windows_wtext_acceptance_probe.py,line=91,col=11::Type of "_crt_api" is Any (reportAny)
d:\a\hol-guard\hol-guard\candidate\ci\native_runtime\windows_wtext_acceptance_probe.py:92:5 - warning: Type of "_set_fmode" is Any (reportAny)
::warning file=d%3A\a\hol-guard\hol-guard\candidate\ci\native_runtime\windows_wtext_acceptance_probe.py,line=92,col=5::Type of "_set_fmode" is Any (reportAny)
d:\a\hol-guard\hol-guard\candidate\ci\native_runtime\windows_wtext_acceptance_probe.py:93:5 - warning: Type of "_set_fmode" is Any (reportAny)
::warning file=d%3A\a\hol-guard\hol-guard\candidate\ci\native_runtime\windows_wtext_acceptance_probe.py,line=93,col=5::Type of "_set_fmode" is Any (reportAny)
d:\a\hol-guard\hol-guard\candidate\ci\native_runtime\windows_wtext_acceptance_probe.py:96:26 - warning: Type of "initial_mode" is Any (reportAny)
::warning file=d%3A\a\hol-guard\hol-guard\candidate\ci\native_runtime\windows_wtext_acceptance_probe.py,line=96,col=26::Type of "initial_mode" is Any (reportAny)
d:\a\hol-guard\hol-guard\candidate\ci\native_runtime\windows_wtext_acceptance_probe.py:97:26 - warning: Type of "audit_mode" is Any (reportAny)
::warning file=d%3A\a\hol-guard\hol-guard\candidate\ci\native_runtime\windows_wtext_acceptance_probe.py,line=97,col=26::Type of "audit_mode" is Any (reportAny)
d:\a\hol-guard\hol-guard\candidate\ci\native_runtime\windows_wtext_acceptance_probe.py:97:68 - warning: Type of "audit_mode" is Any (reportAny)
::warning file=d%3A\a\hol-guard\hol-guard\candidate\ci\native_runtime\windows_wtext_acceptance_probe.py,line=97,col=68::Type of "audit_mode" is Any (reportAny)
d:\a\hol-guard\hol-guard\candidate\ci\native_runtime\windows_wtext_acceptance_probe.py:98:8 - warning: Type of "_set_fmode" is Any (reportAny)
::warning file=d%3A\a\hol-guard\hol-guard\candidate\ci\native_runtime\windows_wtext_acceptance_probe.py,line=98,col=8::Type of "_set_fmode" is Any (reportAny)
d:\a\hol-guard\hol-guard\candidate\ci\native_runtime\windows_wtext_acceptance_probe.py:108:23 - warning: Argument type is Any
  Argument corresponds to parameter "object" in function "__new__" (reportAny)
::warning file=d%3A\a\hol-guard\hol-guard\candidate\ci\native_runtime\windows_wtext_acceptance_probe.py,line=108,col=23::Argument type is Any%0A  Argument corresponds to parameter "object" in function "__new__" (reportAny)
d:\a\hol-guard\hol-guard\candidate\ci\native_runtime\windows_wtext_acceptance_probe.py:116:39 - warning: Type of "_set_fmode" is Any (reportAny)
::warning file=d%3A\a\hol-guard\hol-guard\candidate\ci\native_runtime\windows_wtext_acceptance_probe.py,line=116,col=39::Type of "_set_fmode" is Any (reportAny)
d:\a\hol-guard\hol-guard\candidate\ci\native_runtime\windows_wtext_acceptance_probe.py:127:12 - warning: Type of "refuse" is Any (reportAny)
::warning file=d%3A\a\hol-guard\hol-guard\candidate\ci\native_runtime\windows_wtext_acceptance_probe.py,line=127,col=12::Type of "refuse" is Any (reportAny)
d:\a\hol-guard\hol-guard\candidate\ci\native_runtime\windows_wtext_acceptance_probe.py:134:23 - warning: Argument type is Any
  Argument corresponds to parameter "target" in function "_read" (reportAny)
::warning file=d%3A\a\hol-guard\hol-guard\candidate\ci\native_runtime\windows_wtext_acceptance_probe.py,line=134,col=23::Argument type is Any%0A  Argument corresponds to parameter "target" in function "_read" (reportAny)
d:\a\hol-guard\hol-guard\candidate\ci\native_runtime\windows_wtext_acceptance_probe.py:134:41 - warning: Type of "candidate" is Any (reportAny)
::warning file=d%3A\a\hol-guard\hol-guard\candidate\ci\native_runtime\windows_wtext_acceptance_probe.py,line=134,col=41::Type of "candidate" is Any (reportAny)
d:\a\hol-guard\hol-guard\candidate\ci\native_runtime\windows_wtext_acceptance_probe.py:134:41 - warning: Argument type is Any
  Argument corresponds to parameter "candidate" in function "_read" (reportAny)
::warning file=d%3A\a\hol-guard\hol-guard\candidate\ci\native_runtime\windows_wtext_acceptance_probe.py,line=134,col=41::Argument type is Any%0A  Argument corresponds to parameter "candidate" in function "_read" (reportAny)
d:\a\hol-guard\hol-guard\candidate\ci\native_runtime\windows_wtext_acceptance_probe.py:134:63 - warning: Type of "route" is Any (reportAny)
::warning file=d%3A\a\hol-guard\hol-guard\candidate\ci\native_runtime\windows_wtext_acceptance_probe.py,line=134,col=63::Type of "route" is Any (reportAny)
d:\a\hol-guard\hol-guard\candidate\ci\native_runtime\windows_wtext_acceptance_probe.py:134:63 - warning: Argument type is Any
  Argument corresponds to parameter "route" in function "_read" (reportAny)
::warning file=d%3A\a\hol-guard\hol-guard\candidate\ci\native_runtime\windows_wtext_acceptance_probe.py,line=134,col=63::Argument type is Any%0A  Argument corresponds to parameter "route" in function "_read" (reportAny)
d:\a\hol-guard\hol-guard\candidate\ci\native_runtime\windows_wtext_acceptance_probe.py:143:24 - warning: Type of "_set_fmode" is Any (reportAny)
::warning file=d%3A\a\hol-guard\hol-guard\candidate\ci\native_runtime\windows_wtext_acceptance_probe.py,line=143,col=24::Type of "_set_fmode" is Any (reportAny)
d:\a\hol-guard\hol-guard\candidate\ci\native_runtime\windows_wtext_acceptance_probe.py:159:27 - warning: Type of "candidate" is Any (reportAny)
::warning file=d%3A\a\hol-guard\hol-guard\candidate\ci\native_runtime\windows_wtext_acceptance_probe.py,line=159,col=27::Type of "candidate" is Any (reportAny)
d:\a\hol-guard\hol-guard\candidate\ci\native_runtime\windows_wtext_acceptance_probe.py:159:27 - warning: Argument type is Any
  Argument corresponds to parameter "o" in function "__new__" (reportAny)
::warning file=d%3A\a\hol-guard\hol-guard\candidate\ci\native_runtime\windows_wtext_acceptance_probe.py,line=159,col=27::Argument type is Any%0A  Argument corresponds to parameter "o" in function "__new__" (reportAny)
d:\a\hol-guard\hol-guard\candidate\ci\native_runtime\windows_wtext_acceptance_probe.py:160:18 - warning: Type of "route" is Any (reportAny)
::warning file=d%3A\a\hol-guard\hol-guard\candidate\ci\native_runtime\windows_wtext_acceptance_probe.py,line=160,col=18::Type of "route" is Any (reportAny)
d:\a\hol-guard\hol-guard\candidate\ci\native_runtime\windows_wtext_acceptance_probe.py:161:20 - warning: Type of "payload" is Any (reportAny)
::warning file=d%3A\a\hol-guard\hol-guard\candidate\ci\native_runtime\windows_wtext_acceptance_probe.py,line=161,col=20::Type of "payload" is Any (reportAny)
d:\a\hol-guard\hol-guard\candidate\ci\native_runtime\windows_wtext_acceptance_probe.py:164:44 - warning: Type of "route" is Any (reportAny)
::warning file=d%3A\a\hol-guard\hol-guard\candidate\ci\native_runtime\windows_wtext_acceptance_probe.py,line=164,col=44::Type of "route" is Any (reportAny)
d:\a\hol-guard\hol-guard\candidate\ci\native_runtime\windows_wtext_acceptance_probe.py:170:30 - warning: Type of "refuse" is Any (reportAny)
::warning file=d%3A\a\hol-guard\hol-guard\candidate\ci\native_runtime\windows_wtext_acceptance_probe.py,line=170,col=30::Type of "refuse" is Any (reportAny)
d:\a\hol-guard\hol-guard\candidate\ci\native_runtime\windows_wtext_acceptance_probe.py:170:30 - warning: Argument type is Any
  Argument corresponds to parameter "o" in function "__new__" (reportAny)
::warning file=d%3A\a\hol-guard\hol-guard\candidate\ci\native_runtime\windows_wtext_acceptance_probe.py,line=170,col=30::Argument type is Any%0A  Argument corresponds to parameter "o" in function "__new__" (reportAny)
d:\a\hol-guard\hol-guard\candidate\ci\native_runtime\windows_wtext_acceptance_probe.py:185:5 - warning: Result of call expression is of type "Action" and is not used; assign to variable "_" if this is intentional (reportUnusedCallResult)
::warning file=d%3A\a\hol-guard\hol-guard\candidate\ci\native_runtime\windows_wtext_acceptance_probe.py,line=185,col=5::Result of call expression is of type "Action" and is not used; assign to variable "_" if this is intentional (reportUnusedCallResult)
d:\a\hol-guard\hol-guard\candidate\ci\native_runtime\windows_wtext_acceptance_probe.py:186:5 - warning: Result of call expression is of type "Action" and is not used; assign to variable "_" if this is intentional (reportUnusedCallResult)
::warning file=d%3A\a\hol-guard\hol-guard\candidate\ci\native_runtime\windows_wtext_acceptance_probe.py,line=186,col=5::Result of call expression is of type "Action" and is not used; assign to variable "_" if this is intentional (reportUnusedCallResult)
d:\a\hol-guard\hol-guard\candidate\ci\native_runtime\windows_wtext_acceptance_probe.py:187:5 - warning: Result of call expression is of type "Action" and is not used; assign to variable "_" if this is intentional (reportUnusedCallResult)
::warning file=d%3A\a\hol-guard\hol-guard\candidate\ci\native_runtime\windows_wtext_acceptance_probe.py,line=187,col=5::Result of call expression is of type "Action" and is not used; assign to variable "_" if this is intentional (reportUnusedCallResult)
d:\a\hol-guard\hol-guard\candidate\ci\native_runtime\windows_wtext_acceptance_probe.py:188:5 - warning: Result of call expression is of type "Action" and is not used; assign to variable "_" if this is intentional (reportUnusedCallResult)
::warning file=d%3A\a\hol-guard\hol-guard\candidate\ci\native_runtime\windows_wtext_acceptance_probe.py,line=188,col=5::Result of call expression is of type "Action" and is not used; assign to variable "_" if this is intentional (reportUnusedCallResult)
d:\a\hol-guard\hol-guard\candidate\ci\native_runtime\windows_wtext_acceptance_probe.py:189:5 - warning: Result of call expression is of type "Action" and is not used; assign to variable "_" if this is intentional (reportUnusedCallResult)
::warning file=d%3A\a\hol-guard\hol-guard\candidate\ci\native_runtime\windows_wtext_acceptance_probe.py,line=189,col=5::Result of call expression is of type "Action" and is not used; assign to variable "_" if this is intentional (reportUnusedCallResult)
d:\a\hol-guard\hol-guard\candidate\ci\native_runtime\windows_wtext_acceptance_probe.py:190:5 - warning: Result of call expression is of type "Action" and is not used; assign to variable "_" if this is intentional (reportUnusedCallResult)
::warning file=d%3A\a\hol-guard\hol-guard\candidate\ci\native_runtime\windows_wtext_acceptance_probe.py,line=190,col=5::Result of call expression is of type "Action" and is not used; assign to variable "_" if this is intentional (reportUnusedCallResult)
d:\a\hol-guard\hol-guard\candidate\ci\native_runtime\windows_wtext_acceptance_probe.py:191:5 - warning: Result of call expression is of type "Action" and is not used; assign to variable "_" if this is intentional (reportUnusedCallResult)
::warning file=d%3A\a\hol-guard\hol-guard\candidate\ci\native_runtime\windows_wtext_acceptance_probe.py,line=191,col=5::Result of call expression is of type "Action" and is not used; assign to variable "_" if this is intentional (reportUnusedCallResult)
d:\a\hol-guard\hol-guard\candidate\ci\native_runtime\windows_wtext_acceptance_probe.py:192:5 - warning: Result of call expression is of type "Action" and is not used; assign to variable "_" if this is intentional (reportUnusedCallResult)
::warning file=d%3A\a\hol-guard\hol-guard\candidate\ci\native_runtime\windows_wtext_acceptance_probe.py,line=192,col=5::Result of call expression is of type "Action" and is not used; assign to variable "_" if this is intentional (reportUnusedCallResult)
d:\a\hol-guard\hol-guard\candidate\src\codex_plugin_scanner\guard\adapters\codex_daemon_hook_auth.py:27:14 - warning: Type annotation for attribute `status` is required because this class is not decorated with `@final` (reportUnannotatedClassAttribute)
::warning file=d%3A\a\hol-guard\hol-guard\candidate\src\codex_plugin_scanner\guard\adapters\codex_daemon_hook_auth.py,line=27,col=14::Type annotation for attribute `status` is required because this class is not decorated with `@final` (reportUnannotatedClassAttribute)
d:\a\hol-guard\hol-guard\candidate\src\codex_plugin_scanner\guard\adapters\codex_daemon_hook_auth.py:28:14 - warning: Type annotation for attribute `detail` is required because this class is not decorated with `@final` (reportUnannotatedClassAttribute)
::warning file=d%3A\a\hol-guard\hol-guard\candidate\src\codex_plugin_scanner\guard\adapters\codex_daemon_hook_auth.py,line=28,col=14::Type annotation for attribute `detail` is required because this class is not decorated with `@final` (reportUnannotatedClassAttribute)
d:\a\hol-guard\hol-guard\candidate\src\codex_plugin_scanner\guard\adapters\codex_daemon_hook_auth.py:29:14 - warning: Type annotation for attribute `authenticated` is required because this class is not decorated with `@final` (reportUnannotatedClassAttribute)
::warning file=d%3A\a\hol-guard\hol-guard\candidate\src\codex_plugin_scanner\guard\adapters\codex_daemon_hook_auth.py,line=29,col=14::Type annotation for attribute `authenticated` is required because this class is not decorated with `@final` (reportUnannotatedClassAttribute)
d:\a\hol-guard\hol-guard\candidate\src\codex_plugin_scanner\guard\adapters\codex_daemon_hook_auth.py:32:5 - warning: Function "_assert_loopback_http_url" is not accessed (reportUnusedFunction)
::warning file=d%3A\a\hol-guard\hol-guard\candidate\src\codex_plugin_scanner\guard\adapters\codex_daemon_hook_auth.py,line=32,col=5::Function "_assert_loopback_http_url" is not accessed (reportUnusedFunction)
d:\a\hol-guard\hol-guard\candidate\src\codex_plugin_scanner\guard\adapters\codex_daemon_hook_auth.py:47:9 - warning: Type of "payload" is Any (reportAny)
::warning file=d%3A\a\hol-guard\hol-guard\candidate\src\codex_plugin_scanner\guard\adapters\codex_daemon_hook_auth.py,line=47,col=9::Type of "payload" is Any (reportAny)
d:\a\hol-guard\hol-guard\candidate\src\codex_plugin_scanner\guard\adapters\codex_daemon_hook_auth.py:50:12 - warning: Return type, "dict[Unknown, Unknown] | None", is partially unknown (reportUnknownVariableType)
::warning file=d%3A\a\hol-guard\hol-guard\candidate\src\codex_plugin_scanner\guard\adapters\codex_daemon_hook_auth.py,line=50,col=12::Return type, "dict[Unknown, Unknown] | None", is partially unknown (reportUnknownVariableType)
d:\a\hol-guard\hol-guard\candidate\src\codex_plugin_scanner\guard\adapters\codex_daemon_hook_auth.py:64:9 - warning: Code is unreachable (reportUnreachable)
::warning file=d%3A\a\hol-guard\hol-guard\candidate\src\codex_plugin_scanner\guard\adapters\codex_daemon_hook_auth.py,line=64,col=9::Code is unreachable (reportUnreachable)
d:\a\hol-guard\hol-guard\candidate\src\codex_plugin_scanner\guard\adapters\codex_daemon_hook_auth.py:73:9 - warning: Code is unreachable (reportUnreachable)
::warning file=d%3A\a\hol-guard\hol-guard\candidate\src\codex_plugin_scanner\guard\adapters\codex_daemon_hook_auth.py,line=73,col=9::Code is unreachable (reportUnreachable)
d:\a\hol-guard\hol-guard\candidate\src\codex_plugin_scanner\guard\adapters\codex_daemon_hook_auth.py:96:9 - warning: Type of "payload" is Any (reportAny)
::warning file=d%3A\a\hol-guard\hol-guard\candidate\src\codex_plugin_scanner\guard\adapters\codex_daemon_hook_auth.py,line=96,col=9::Type of "payload" is Any (reportAny)
d:\a\hol-guard\hol-guard\candidate\src\codex_plugin_scanner\guard\adapters\codex_daemon_hook_auth.py:101:5 - warning: Type of "signature" is partially unknown
  Type of "signature" is "Unknown | None" (reportUnknownVariableType)
::warning file=d%3A\a\hol-guard\hol-guard\candidate\src\codex_plugin_scanner\guard\adapters\codex_daemon_hook_auth.py,line=101,col=5::Type of "signature" is partially unknown%0A  Type of "signature" is "Unknown | None" (reportUnknownVariableType)
d:\a\hol-guard\hol-guard\candidate\src\codex_plugin_scanner\guard\adapters\codex_daemon_hook_auth.py:101:17 - warning: Type of "get" is partially unknown
  Type of "get" is "Overload[(key: Unknown, default: None = None, /) -> (Unknown | None), (key: Unknown, default: Unknown, /) -> Unknown, (key: Unknown, default: _T@get, /) -> (Unknown | _T@get)]" (reportUnknownMemberType)
::warning file=d%3A\a\hol-guard\hol-guard\candidate\src\codex_plugin_scanner\guard\adapters\codex_daemon_hook_auth.py,line=101,col=17::Type of "get" is partially unknown%0A  Type of "get" is "Overload[(key: Unknown, default: None = None, /) -> (Unknown | None), (key: Unknown, default: Unknown, /) -> Unknown, (key: Unknown, default: _T@get, /) -> (Unknown | _T@get)]" (reportUnknownMemberType)
d:\a\hol-guard\hol-guard\candidate\src\codex_plugin_scanner\guard\adapters\codex_daemon_hook_auth.py:102:5 - warning: Type of "unsigned" is partially unknown
  Type of "unsigned" is "dict[Unknown, Unknown]" (reportUnknownVariableType)
::warning file=d%3A\a\hol-guard\hol-guard\candidate\src\codex_plugin_scanner\guard\adapters\codex_daemon_hook_auth.py,line=102,col=5::Type of "unsigned" is partially unknown%0A  Type of "unsigned" is "dict[Unknown, Unknown]" (reportUnknownVariableType)
d:\a\hol-guard\hol-guard\candidate\src\codex_plugin_scanner\guard\adapters\codex_daemon_hook_auth.py:102:32 - warning: Type of "key" is unknown (reportUnknownVariableType)
::warning file=d%3A\a\hol-guard\hol-guard\candidate\src\codex_plugin_scanner\guard\adapters\codex_daemon_hook_auth.py,line=102,col=32::Type of "key" is unknown (reportUnknownVariableType)
d:\a\hol-guard\hol-guard\candidate\src\codex_plugin_scanner\guard\adapters\codex_daemon_hook_auth.py:102:37 - warning: Type of "value" is unknown (reportUnknownVariableType)
::warning file=d%3A\a\hol-guard\hol-guard\candidate\src\codex_plugin_scanner\guard\adapters\codex_daemon_hook_auth.py,line=102,col=37::Type of "value" is unknown (reportUnknownVariableType)
d:\a\hol-guard\hol-guard\candidate\src\codex_plugin_scanner\guard\adapters\codex_daemon_hook_auth.py:109:12 - warning: Type of "get" is partially unknown
  Type of "get" is "Overload[(key: Unknown, default: None = None, /) -> (Unknown | None), (key: Unknown, default: Unknown, /) -> Unknown, (key: Unknown, default: _T@get, /) -> (Unknown | _T@get)]" (reportUnknownMemberType)
::warning file=d%3A\a\hol-guard\hol-guard\candidate\src\codex_plugin_scanner\guard\adapters\codex_daemon_hook_auth.py,line=109,col=12::Type of "get" is partially unknown%0A  Type of "get" is "Overload[(key: Unknown, default: None = None, /) -> (Unknown | None), (key: Unknown, default: Unknown, /) -> Unknown, (key: Unknown, default: _T@get, /) -> (Unknown | _T@get)]" (reportUnknownMemberType)
d:\a\hol-guard\hol-guard\candidate\src\codex_plugin_scanner\guard\adapters\codex_daemon_hook_auth.py:110:12 - warning: Type of "get" is partially unknown
  Type of "get" is "Overload[(key: Unknown, default: None = None, /) -> (Unknown | None), (key: Unknown, default: Unknown, /) -> Unknown, (key: Unknown, default: _T@get, /) -> (Unknown | _T@get)]" (reportUnknownMemberType)
::warning file=d%3A\a\hol-guard\hol-guard\candidate\src\codex_plugin_scanner\guard\adapters\codex_daemon_hook_auth.py,line=110,col=12::Type of "get" is partially unknown%0A  Type of "get" is "Overload[(key: Unknown, default: None = None, /) -> (Unknown | None), (key: Unknown, default: Unknown, /) -> Unknown, (key: Unknown, default: _T@get, /) -> (Unknown | _T@get)]" (reportUnknownMemberType)
d:\a\hol-guard\hol-guard\candidate\src\codex_plugin_scanner\guard\adapters\codex_daemon_hook_auth.py:111:89 - warning: Argument type is partially unknown
  Argument corresponds to parameter "payload" in function "_sign_discovery_payload"
  Argument type is "dict[Unknown, Unknown]" (reportUnknownArgumentType)
::warning file=d%3A\a\hol-guard\hol-guard\candidate\src\codex_plugin_scanner\guard\adapters\codex_daemon_hook_auth.py,line=111,col=89::Argument type is partially unknown%0A  Argument corresponds to parameter "payload" in function "_sign_discovery_payload"%0A  Argument type is "dict[Unknown, Unknown]" (reportUnknownArgumentType)
d:\a\hol-guard\hol-guard\candidate\src\codex_plugin_scanner\guard\adapters\codex_daemon_hook_auth.py:114:5 - warning: Type of "host" is partially unknown
  Type of "host" is "Unknown | None" (reportUnknownVariableType)
::warning file=d%3A\a\hol-guard\hol-guard\candidate\src\codex_plugin_scanner\guard\adapters\codex_daemon_hook_auth.py,line=114,col=5::Type of "host" is partially unknown%0A  Type of "host" is "Unknown | None" (reportUnknownVariableType)
d:\a\hol-guard\hol-guard\candidate\src\codex_plugin_scanner\guard\adapters\codex_daemon_hook_auth.py:114:12 - warning: Type of "get" is partially unknown
  Type of "get" is "Overload[(key: Unknown, default: None = None, /) -> (Unknown | None), (key: Unknown, default: Unknown, /) -> Unknown, (key: Unknown, default: _T@get, /) -> (Unknown | _T@get)]" (reportUnknownMemberType)
::warning file=d%3A\a\hol-guard\hol-guard\candidate\src\codex_plugin_scanner\guard\adapters\codex_daemon_hook_auth.py,line=114,col=12::Type of "get" is partially unknown%0A  Type of "get" is "Overload[(key: Unknown, default: None = None, /) -> (Unknown | None), (key: Unknown, default: Unknown, /) -> Unknown, (key: Unknown, default: _T@get, /) -> (Unknown | _T@get)]" (reportUnknownMemberType)
d:\a\hol-guard\hol-guard\candidate\src\codex_plugin_scanner\guard\adapters\codex_daemon_hook_auth.py:115:5 - warning: Type of "port" is partially unknown
  Type of "port" is "Unknown | None" (reportUnknownVariableType)
::warning file=d%3A\a\hol-guard\hol-guard\candidate\src\codex_plugin_scanner\guard\adapters\codex_daemon_hook_auth.py,line=115,col=5::Type of "port" is partially unknown%0A  Type of "port" is "Unknown | None" (reportUnknownVariableType)
d:\a\hol-guard\hol-guard\candidate\src\codex_plugin_scanner\guard\adapters\codex_daemon_hook_auth.py:115:12 - warning: Type of "get" is partially unknown
  Type of "get" is "Overload[(key: Unknown, default: None = None, /) -> (Unknown | None), (key: Unknown, default: Unknown, /) -> Unknown, (key: Unknown, default: _T@get, /) -> (Unknown | _T@get)]" (reportUnknownMemberType)
::warning file=d%3A\a\hol-guard\hol-guard\candidate\src\codex_plugin_scanner\guard\adapters\codex_daemon_hook_auth.py,line=115,col=12::Type of "get" is partially unknown%0A  Type of "get" is "Overload[(key: Unknown, default: None = None, /) -> (Unknown | None), (key: Unknown, default: Unknown, /) -> Unknown, (key: Unknown, default: _T@get, /) -> (Unknown | _T@get)]" (reportUnknownMemberType)
d:\a\hol-guard\hol-guard\candidate\src\codex_plugin_scanner\guard\adapters\codex_daemon_hook_auth.py:116:5 - warning: Type of "pid" is partially unknown
  Type of "pid" is "Unknown | None" (reportUnknownVariableType)
::warning file=d%3A\a\hol-guard\hol-guard\candidate\src\codex_plugin_scanner\guard\adapters\codex_daemon_hook_auth.py,line=116,col=5::Type of "pid" is partially unknown%0A  Type of "pid" is "Unknown | None" (reportUnknownVariableType)
d:\a\hol-guard\hol-guard\candidate\src\codex_plugin_scanner\guard\adapters\codex_daemon_hook_auth.py:116:11 - warning: Type of "get" is partially unknown
  Type of "get" is "Overload[(key: Unknown, default: None = None, /) -> (Unknown | None), (key: Unknown, default: Unknown, /) -> Unknown, (key: Unknown, default: _T@get, /) -> (Unknown | _T@get)]" (reportUnknownMemberType)
::warning file=d%3A\a\hol-guard\hol-guard\candidate\src\codex_plugin_scanner\guard\adapters\codex_daemon_hook_auth.py,line=116,col=11::Type of "get" is partially unknown%0A  Type of "get" is "Overload[(key: Unknown, default: None = None, /) -> (Unknown | None), (key: Unknown, default: Unknown, /) -> Unknown, (key: Unknown, default: _T@get, /) -> (Unknown | _T@get)]" (reportUnknownMemberType)
d:\a\hol-guard\hol-guard\candidate\src\codex_plugin_scanner\guard\adapters\codex_daemon_hook_auth.py:117:5 - warning: Type of "state_id" is partially unknown
  Type of "state_id" is "Unknown | None" (reportUnknownVariableType)
::warning file=d%3A\a\hol-guard\hol-guard\candidate\src\codex_plugin_scanner\guard\adapters\codex_daemon_hook_auth.py,line=117,col=5::Type of "state_id" is partially unknown%0A  Type of "state_id" is "Unknown | None" (reportUnknownVariableType)
d:\a\hol-guard\hol-guard\candidate\src\codex_plugin_scanner\guard\adapters\codex_daemon_hook_auth.py:117:16 - warning: Type of "get" is partially unknown
  Type of "get" is "Overload[(key: Unknown, default: None = None, /) -> (Unknown | None), (key: Unknown, default: Unknown, /) -> Unknown, (key: Unknown, default: _T@get, /) -> (Unknown | _T@get)]" (reportUnknownMemberType)
::warning file=d%3A\a\hol-guard\hol-guard\candidate\src\codex_plugin_scanner\guard\adapters\codex_daemon_hook_auth.py,line=117,col=16::Type of "get" is partially unknown%0A  Type of "get" is "Overload[(key: Unknown, default: None = None, /) -> (Unknown | None), (key: Unknown, default: Unknown, /) -> Unknown, (key: Unknown, default: _T@get, /) -> (Unknown | _T@get)]" (reportUnknownMemberType)
d:\a\hol-guard\hol-guard\candidate\src\codex_plugin_scanner\guard\adapters\codex_daemon_hook_auth.py:118:5 - warning: Type of "started_at" is partially unknown
  Type of "started_at" is "Unknown | None" (reportUnknownVariableType)
::warning file=d%3A\a\hol-guard\hol-guard\candidate\src\codex_plugin_scanner\guard\adapters\codex_daemon_hook_auth.py,line=118,col=5::Type of "started_at" is partially unknown%0A  Type of "started_at" is "Unknown | None" (reportUnknownVariableType)
d:\a\hol-guard\hol-guard\candidate\src\codex_plugin_scanner\guard\adapters\codex_daemon_hook_auth.py:118:18 - warning: Type of "get" is partially unknown
  Type of "get" is "Overload[(key: Unknown, default: None = None, /) -> (Unknown | None), (key: Unknown, default: Unknown, /) -> Unknown, (key: Unknown, default: _T@get, /) -> (Unknown | _T@get)]" (reportUnknownMemberType)
::warning file=d%3A\a\hol-guard\hol-guard\candidate\src\codex_plugin_scanner\guard\adapters\codex_daemon_hook_auth.py,line=118,col=18::Type of "get" is partially unknown%0A  Type of "get" is "Overload[(key: Unknown, default: None = None, /) -> (Unknown | None), (key: Unknown, default: Unknown, /) -> Unknown, (key: Unknown, default: _T@get, /) -> (Unknown | _T@get)]" (reportUnknownMemberType)
d:\a\hol-guard\hol-guard\candidate\src\codex_plugin_scanner\guard\adapters\codex_daemon_hook_auth.py:119:5 - warning: Type of "guard_home" is partially unknown
  Type of "guard_home" is "Unknown | None" (reportUnknownVariableType)
::warning file=d%3A\a\hol-guard\hol-guard\candidate\src\codex_plugin_scanner\guard\adapters\codex_daemon_hook_auth.py,line=119,col=5::Type of "guard_home" is partially unknown%0A  Type of "guard_home" is "Unknown | None" (reportUnknownVariableType)
d:\a\hol-guard\hol-guard\candidate\src\codex_plugin_scanner\guard\adapters\codex_daemon_hook_auth.py:119:18 - warning: Type of "get" is partially unknown
  Type of "get" is "Overload[(key: Unknown, default: None = None, /) -> (Unknown | None), (key: Unknown, default: Unknown, /) -> Unknown, (key: Unknown, default: _T@get, /) -> (Unknown | _T@get)]" (reportUnknownMemberType)
::warning file=d%3A\a\hol-guard\hol-guard\candidate\src\codex_plugin_scanner\guard\adapters\codex_daemon_hook_auth.py,line=119,col=18::Type of "get" is partially unknown%0A  Type of "get" is "Overload[(key: Unknown, default: None = None, /) -> (Unknown | None), (key: Unknown, default: Unknown, /) -> Unknown, (key: Unknown, default: _T@get, /) -> (Unknown | _T@get)]" (reportUnknownMemberType)
d:\a\hol-guard\hol-guard\candidate\src\codex_plugin_scanner\guard\adapters\codex_daemon_hook_auth.py:120:5 - warning: Type of "auth_token_id" is partially unknown
  Type of "auth_token_id" is "Unknown | None" (reportUnknownVariableType)
::warning file=d%3A\a\hol-guard\hol-guard\candidate\src\codex_plugin_scanner\guard\adapters\codex_daemon_hook_auth.py,line=120,col=5::Type of "auth_token_id" is partially unknown%0A  Type of "auth_token_id" is "Unknown | None" (reportUnknownVariableType)
d:\a\hol-guard\hol-guard\candidate\src\codex_plugin_scanner\guard\adapters\codex_daemon_hook_auth.py:120:21 - warning: Type of "get" is partially unknown
  Type of "get" is "Overload[(key: Unknown, default: None = None, /) -> (Unknown | None), (key: Unknown, default: Unknown, /) -> Unknown, (key: Unknown, default: _T@get, /) -> (Unknown | _T@get)]" (reportUnknownMemberType)
::warning file=d%3A\a\hol-guard\hol-guard\candidate\src\codex_plugin_scanner\guard\adapters\codex_daemon_hook_auth.py,line=120,col=21::Type of "get" is partially unknown%0A  Type of "get" is "Overload[(key: Unknown, default: None = None, /) -> (Unknown | None), (key: Unknown, default: Unknown, /) -> Unknown, (key: Unknown, default: _T@get, /) -> (Unknown | _T@get)]" (reportUnknownMemberType)
d:\a\hol-guard\hol-guard\candidate\src\codex_plugin_scanner\guard\adapters\codex_daemon_hook_auth.py:143:12 - warning: Return type, "tuple[dict[Unknown, Unknown], str]", is partially unknown (reportUnknownVariableType)
::warning file=d%3A\a\hol-guard\hol-guard\candidate\src\codex_plugin_scanner\guard\adapters\codex_daemon_hook_auth.py,line=143,col=12::Return type, "tuple[dict[Unknown, Unknown], str]", is partially unknown (reportUnknownVariableType)
d:\a\hol-guard\hol-guard\candidate\src\codex_plugin_scanner\guard\adapters\codex_daemon_hook_auth.py:146:5 - warning: Function "_daemon_url" is not accessed (reportUnusedFunction)
::warning file=d%3A\a\hol-guard\hol-guard\candidate\src\codex_plugin_scanner\guard\adapters\codex_daemon_hook_auth.py,line=146,col=5::Function "_daemon_url" is not accessed (reportUnusedFunction)
d:\a\hol-guard\hol-guard\candidate\src\codex_plugin_scanner\guard\adapters\codex_daemon_hook_auth.py:154:5 - warning: Function "_daemon_auth_token" is not accessed (reportUnusedFunction)
::warning file=d%3A\a\hol-guard\hol-guard\candidate\src\codex_plugin_scanner\guard\adapters\codex_daemon_hook_auth.py,line=154,col=5::Function "_daemon_auth_token" is not accessed (reportUnusedFunction)
d:\a\hol-guard\hol-guard\candidate\src\codex_plugin_scanner\guard\adapters\codex_daemon_hook_auth.py:168:5 - warning: Function "_http_json_response" is not accessed (reportUnusedFunction)
::warning file=d%3A\a\hol-guard\hol-guard\candidate\src\codex_plugin_scanner\guard\adapters\codex_daemon_hook_auth.py,line=168,col=5::Function "_http_json_response" is not accessed (reportUnusedFunction)
d:\a\hol-guard\hol-guard\candidate\src\codex_plugin_scanner\guard\adapters\codex_daemon_hook_auth.py:182:13 - warning: Result of call expression is of type "Any | None" and is not used; assign to variable "_" if this is intentional (reportUnusedCallResult)
::warning file=d%3A\a\hol-guard\hol-guard\candidate\src\codex_plugin_scanner\guard\adapters\codex_daemon_hook_auth.py,line=182,col=13::Result of call expression is of type "Any | None" and is not used; assign to variable "_" if this is intentional (reportUnusedCallResult)
d:\a\hol-guard\hol-guard\candidate\src\codex_plugin_scanner\guard\adapters\codex_daemon_hook_auth.py:201:5 - warning: Function "_verify_challenge_response" is not accessed (reportUnusedFunction)
::warning file=d%3A\a\hol-guard\hol-guard\candidate\src\codex_plugin_scanner\guard\adapters\codex_daemon_hook_auth.py,line=201,col=5::Function "_verify_challenge_response" is not accessed (reportUnusedFunction)
d:\a\hol-guard\hol-guard\candidate\src\codex_plugin_scanner\guard\daemon\manager_pending_launch.py:9:5 - warning: Function "_pending_launch_path" is not accessed (reportUnusedFunction)
::warning file=d%3A\a\hol-guard\hol-guard\candidate\src\codex_plugin_scanner\guard\daemon\manager_pending_launch.py,line=9,col=5::Function "_pending_launch_path" is not accessed (reportUnusedFunction)
d:\a\hol-guard\hol-guard\candidate\src\codex_plugin_scanner\guard\daemon\manager_pending_launch.py:10:34 - warning: "_GUARD_DAEMON_PENDING_LAUNCH_FILE" is private and used outside of the module in which it is declared (reportPrivateUsage)
::warning file=d%3A\a\hol-guard\hol-guard\candidate\src\codex_plugin_scanner\guard\daemon\manager_pending_launch.py,line=10,col=34::"_GUARD_DAEMON_PENDING_LAUNCH_FILE" is private and used outside of the module in which it is declared (reportPrivateUsage)
d:\a\hol-guard\hol-guard\candidate\src\codex_plugin_scanner\guard\daemon\manager_pending_launch.py:13:5 - warning: Function "_record_guard_daemon_pending_launch" is not accessed (reportUnusedFunction)
::warning file=d%3A\a\hol-guard\hol-guard\candidate\src\codex_plugin_scanner\guard\daemon\manager_pending_launch.py,line=13,col=5::Function "_record_guard_daemon_pending_launch" is not accessed (reportUnusedFunction)
d:\a\hol-guard\hol-guard\candidate\src\codex_plugin_scanner\guard\daemon\manager_pending_launch.py:26:14 - warning: "_ensure_private_directory" is private and used outside of the module in which it is declared (reportPrivateUsage)
::warning file=d%3A\a\hol-guard\hol-guard\candidate\src\codex_plugin_scanner\guard\daemon\manager_pending_launch.py,line=26,col=14::"_ensure_private_directory" is private and used outside of the module in which it is declared (reportPrivateUsage)
d:\a\hol-guard\hol-guard\candidate\src\codex_plugin_scanner\guard\daemon\manager_pending_launch.py:27:19 - warning: "_guard_daemon_state_write_lock" is private and used outside of the module in which it is declared (reportPrivateUsage)
::warning file=d%3A\a\hol-guard\hol-guard\candidate\src\codex_plugin_scanner\guard\daemon\manager_pending_launch.py,line=27,col=19::"_guard_daemon_state_write_lock" is private and used outside of the module in which it is declared (reportPrivateUsage)
d:\a\hol-guard\hol-guard\candidate\src\codex_plugin_scanner\guard\daemon\manager_pending_launch.py:39:18 - warning: "_write_private_atomic_text" is private and used outside of the module in which it is declared (reportPrivateUsage)
::warning file=d%3A\a\hol-guard\hol-guard\candidate\src\codex_plugin_scanner\guard\daemon\manager_pending_launch.py,line=39,col=18::"_write_private_atomic_text" is private and used outside of the module in which it is declared (reportPrivateUsage)
d:\a\hol-guard\hol-guard\candidate\src\codex_plugin_scanner\guard\daemon\manager_pending_launch.py:40:22 - warning: "_pending_launch_path" is private and used outside of the module in which it is declared (reportPrivateUsage)
::warning file=d%3A\a\hol-guard\hol-guard\candidate\src\codex_plugin_scanner\guard\daemon\manager_pending_launch.py,line=40,col=22::"_pending_launch_path" is private and used outside of the module in which it is declared (reportPrivateUsage)
d:\a\hol-guard\hol-guard\candidate\src\codex_plugin_scanner\guard\daemon\manager_pending_launch.py:52:18 - warning: "_pending_launch_path" is private and used outside of the module in which it is declared (reportPrivateUsage)
::warning file=d%3A\a\hol-guard\hol-guard\candidate\src\codex_plugin_scanner\guard\daemon\manager_pending_launch.py,line=52,col=18::"_pending_launch_path" is private and used outside of the module in which it is declared (reportPrivateUsage)
d:\a\hol-guard\hol-guard\candidate\src\codex_plugin_scanner\guard\daemon\manager_pending_launch.py:53:28 - warning: "_GUARD_DAEMON_PENDING_LAUNCH_MAX_BYTES" is private and used outside of the module in which it is declared (reportPrivateUsage)
::warning file=d%3A\a\hol-guard\hol-guard\candidate\src\codex_plugin_scanner\guard\daemon\manager_pending_launch.py,line=53,col=28::"_GUARD_DAEMON_PENDING_LAUNCH_MAX_BYTES" is private and used outside of the module in which it is declared (reportPrivateUsage)
d:\a\hol-guard\hol-guard\candidate\src\codex_plugin_scanner\guard\daemon\manager_pending_launch.py:59:9 - warning: Type of "payload" is Any (reportAny)
::warning file=d%3A\a\hol-guard\hol-guard\candidate\src\codex_plugin_scanner\guard\daemon\manager_pending_launch.py,line=59,col=9::Type of "payload" is Any (reportAny)
d:\a\hol-guard\hol-guard\candidate\src\codex_plugin_scanner\guard\daemon\manager_pending_launch.py:66:45 - warning: Argument type is partially unknown
  Argument corresponds to parameter "payload" in function "verify_daemon_state"
  Argument type is "dict[Unknown, Unknown]" (reportUnknownArgumentType)
::warning file=d%3A\a\hol-guard\hol-guard\candidate\src\codex_plugin_scanner\guard\daemon\manager_pending_launch.py,line=66,col=45::Argument type is partially unknown%0A  Argument corresponds to parameter "payload" in function "verify_daemon_state"%0A  Argument type is "dict[Unknown, Unknown]" (reportUnknownArgumentType)
d:\a\hol-guard\hol-guard\candidate\src\codex_plugin_scanner\guard\daemon\manager_pending_launch.py:67:12 - warning: Type of "get" is partially unknown
  Type of "get" is "Overload[(key: Unknown, default: None = None, /) -> (Unknown | None), (key: Unknown, default: Unknown, /) -> Unknown, (key: Unknown, default: _T@get, /) -> (Unknown | _T@get)]" (reportUnknownMemberType)
::warning file=d%3A\a\hol-guard\hol-guard\candidate\src\codex_plugin_scanner\guard\daemon\manager_pending_launch.py,line=67,col=12::Type of "get" is partially unknown%0A  Type of "get" is "Overload[(key: Unknown, default: None = None, /) -> (Unknown | None), (key: Unknown, default: Unknown, /) -> Unknown, (key: Unknown, default: _T@get, /) -> (Unknown | _T@get)]" (reportUnknownMemberType)
d:\a\hol-guard\hol-guard\candidate\src\codex_plugin_scanner\guard\daemon\manager_pending_launch.py:70:5 - warning: Type of "pid" is partially unknown
  Type of "pid" is "Unknown | None" (reportUnknownVariableType)
::warning file=d%3A\a\hol-guard\hol-guard\candidate\src\codex_plugin_scanner\guard\daemon\manager_pending_launch.py,line=70,col=5::Type of "pid" is partially unknown%0A  Type of "pid" is "Unknown | None" (reportUnknownVariableType)
d:\a\hol-guard\hol-guard\candidate\src\codex_plugin_scanner\guard\daemon\manager_pending_launch.py:70:11 - warning: Type of "get" is partially unknown
  Type of "get" is "Overload[(key: Unknown, default: None = None, /) -> (Unknown | None), (key: Unknown, default: Unknown, /) -> Unknown, (key: Unknown, default: _T@get, /) -> (Unknown | _T@get)]" (reportUnknownMemberType)
::warning file=d%3A\a\hol-guard\hol-guard\candidate\src\codex_plugin_scanner\guard\daemon\manager_pending_launch.py,line=70,col=11::Type of "get" is partially unknown%0A  Type of "get" is "Overload[(key: Unknown, default: None = None, /) -> (Unknown | None), (key: Unknown, default: Unknown, /) -> Unknown, (key: Unknown, default: _T@get, /) -> (Unknown | _T@get)]" (reportUnknownMemberType)
d:\a\hol-guard\hol-guard\candidate\src\codex_plugin_scanner\guard\daemon\manager_pending_launch.py:71:5 - warning: Type of "port" is partially unknown
  Type of "port" is "Unknown | None" (reportUnknownVariableType)
::warning file=d%3A\a\hol-guard\hol-guard\candidate\src\codex_plugin_scanner\guard\daemon\manager_pending_launch.py,line=71,col=5::Type of "port" is partially unknown%0A  Type of "port" is "Unknown | None" (reportUnknownVariableType)
d:\a\hol-guard\hol-guard\candidate\src\codex_plugin_scanner\guard\daemon\manager_pending_launch.py:71:12 - warning: Type of "get" is partially unknown
  Type of "get" is "Overload[(key: Unknown, default: None = None, /) -> (Unknown | None), (key: Unknown, default: Unknown, /) -> Unknown, (key: Unknown, default: _T@get, /) -> (Unknown | _T@get)]" (reportUnknownMemberType)
::warning file=d%3A\a\hol-guard\hol-guard\candidate\src\codex_plugin_scanner\guard\daemon\manager_pending_launch.py,line=71,col=12::Type of "get" is partially unknown%0A  Type of "get" is "Overload[(key: Unknown, default: None = None, /) -> (Unknown | None), (key: Unknown, default: Unknown, /) -> Unknown, (key: Unknown, default: _T@get, /) -> (Unknown | _T@get)]" (reportUnknownMemberType)
d:\a\hol-guard\hol-guard\candidate\src\codex_plugin_scanner\guard\daemon\manager_pending_launch.py:72:5 - warning: Type of "creation_time" is partially unknown
  Type of "creation_time" is "Unknown | None" (reportUnknownVariableType)
::warning file=d%3A\a\hol-guard\hol-guard\candidate\src\codex_plugin_scanner\guard\daemon\manager_pending_launch.py,line=72,col=5::Type of "creation_time" is partially unknown%0A  Type of "creation_time" is "Unknown | None" (reportUnknownVariableType)
d:\a\hol-guard\hol-guard\candidate\src\codex_plugin_scanner\guard\daemon\manager_pending_launch.py:72:21 - warning: Type of "get" is partially unknown
  Type of "get" is "Overload[(key: Unknown, default: None = None, /) -> (Unknown | None), (key: Unknown, default: Unknown, /) -> Unknown, (key: Unknown, default: _T@get, /) -> (Unknown | _T@get)]" (reportUnknownMemberType)
::warning file=d%3A\a\hol-guard\hol-guard\candidate\src\codex_plugin_scanner\guard\daemon\manager_pending_launch.py,line=72,col=21::Type of "get" is partially unknown%0A  Type of "get" is "Overload[(key: Unknown, default: None = None, /) -> (Unknown | None), (key: Unknown, default: Unknown, /) -> Unknown, (key: Unknown, default: _T@get, /) -> (Unknown | _T@get)]" (reportUnknownMemberType)
d:\a\hol-guard\hol-guard\candidate\src\codex_plugin_scanner\guard\daemon\manager_pending_launch.py:73:5 - warning: Type of "payload_guard_home" is partially unknown
  Type of "payload_guard_home" is "Unknown | None" (reportUnknownVariableType)
::warning file=d%3A\a\hol-guard\hol-guard\candidate\src\codex_plugin_scanner\guard\daemon\manager_pending_launch.py,line=73,col=5::Type of "payload_guard_home" is partially unknown%0A  Type of "payload_guard_home" is "Unknown | None" (reportUnknownVariableType)
d:\a\hol-guard\hol-guard\candidate\src\codex_plugin_scanner\guard\daemon\manager_pending_launch.py:73:26 - warning: Type of "get" is partially unknown
  Type of "get" is "Overload[(key: Unknown, default: None = None, /) -> (Unknown | None), (key: Unknown, default: Unknown, /) -> Unknown, (key: Unknown, default: _T@get, /) -> (Unknown | _T@get)]" (reportUnknownMemberType)
::warning file=d%3A\a\hol-guard\hol-guard\candidate\src\codex_plugin_scanner\guard\daemon\manager_pending_launch.py,line=73,col=26::Type of "get" is partially unknown%0A  Type of "get" is "Overload[(key: Unknown, default: None = None, /) -> (Unknown | None), (key: Unknown, default: Unknown, /) -> Unknown, (key: Unknown, default: _T@get, /) -> (Unknown | _T@get)]" (reportUnknownMemberType)
d:\a\hol-guard\hol-guard\candidate\src\codex_plugin_scanner\guard\daemon\manager_pending_launch.py:75:14 - warning: Argument type is partially unknown
  Argument corresponds to parameter "o" in function "__init__"
  Argument type is "Unknown | None" (reportUnknownArgumentType)
::warning file=d%3A\a\hol-guard\hol-guard\candidate\src\codex_plugin_scanner\guard\daemon\manager_pending_launch.py,line=75,col=14::Argument type is partially unknown%0A  Argument corresponds to parameter "o" in function "__init__"%0A  Argument type is "Unknown | None" (reportUnknownArgumentType)
d:\a\hol-guard\hol-guard\candidate\src\codex_plugin_scanner\guard\daemon\manager_pending_launch.py:77:17 - warning: Argument type is partially unknown
  Argument corresponds to parameter "o" in function "__init__"
  Argument type is "Unknown | None" (reportUnknownArgumentType)
::warning file=d%3A\a\hol-guard\hol-guard\candidate\src\codex_plugin_scanner\guard\daemon\manager_pending_launch.py,line=77,col=17::Argument type is partially unknown%0A  Argument corresponds to parameter "o" in function "__init__"%0A  Argument type is "Unknown | None" (reportUnknownArgumentType)
d:\a\hol-guard\hol-guard\candidate\src\codex_plugin_scanner\guard\daemon\manager_pending_launch.py:79:17 - warning: Argument type is partially unknown
  Argument corresponds to parameter "o" in function "__init__"
  Argument type is "Unknown | None" (reportUnknownArgumentType)
::warning file=d%3A\a\hol-guard\hol-guard\candidate\src\codex_plugin_scanner\guard\daemon\manager_pending_launch.py,line=79,col=17::Argument type is partially unknown%0A  Argument corresponds to parameter "o" in function "__init__"%0A  Argument type is "Unknown | None" (reportUnknownArgumentType)
d:\a\hol-guard\hol-guard\candidate\src\codex_plugin_scanner\guard\daemon\manager_pending_launch.py:89:12 - warning: Return type, "dict[Unknown, Unknown]", is partially unknown (reportUnknownVariableType)
::warning file=d%3A\a\hol-guard\hol-guard\candidate\src\codex_plugin_scanner\guard\daemon\manager_pending_launch.py,line=89,col=12::Return type, "dict[Unknown, Unknown]", is partially unknown (reportUnknownVariableType)
d:\a\hol-guard\hol-guard\candidate\src\codex_plugin_scanner\guard\daemon\manager_pending_launch.py:92:5 - warning: Function "_clear_guard_daemon_pending_launch_if_current" is not accessed (reportUnusedFunction)
::warning file=d%3A\a\hol-guard\hol-guard\candidate\src\codex_plugin_scanner\guard\daemon\manager_pending_launch.py,line=92,col=5::Function "_clear_guard_daemon_pending_launch_if_current" is not accessed (reportUnusedFunction)
d:\a\hol-guard\hol-guard\candidate\src\codex_plugin_scanner\guard\daemon\manager_pending_launch.py:100:19 - warning: "_guard_daemon_state_write_lock" is private and used outside of the module in which it is declared (reportPrivateUsage)
::warning file=d%3A\a\hol-guard\hol-guard\candidate\src\codex_plugin_scanner\guard\daemon\manager_pending_launch.py,line=100,col=19::"_guard_daemon_state_write_lock" is private and used outside of the module in which it is declared (reportPrivateUsage)
d:\a\hol-guard\hol-guard\candidate\src\codex_plugin_scanner\guard\daemon\manager_pending_launch.py:104:18 - warning: "_write_private_atomic_text" is private and used outside of the module in which it is declared (reportPrivateUsage)
::warning file=d%3A\a\hol-guard\hol-guard\candidate\src\codex_plugin_scanner\guard\daemon\manager_pending_launch.py,line=104,col=18::"_write_private_atomic_text" is private and used outside of the module in which it is declared (reportPrivateUsage)
d:\a\hol-guard\hol-guard\candidate\src\codex_plugin_scanner\guard\daemon\manager_pending_launch.py:104:54 - warning: "_pending_launch_path" is private and used outside of the module in which it is declared (reportPrivateUsage)
::warning file=d%3A\a\hol-guard\hol-guard\candidate\src\codex_plugin_scanner\guard\daemon\manager_pending_launch.py,line=104,col=54::"_pending_launch_path" is private and used outside of the module in which it is declared (reportPrivateUsage)
d:\a\hol-guard\hol-guard\candidate\src\codex_plugin_scanner\guard\daemon\manager_pending_launch.py:108:5 - warning: Function "_clear_spawned_guard_daemon_pending_launch" is not accessed (reportUnusedFunction)
::warning file=d%3A\a\hol-guard\hol-guard\candidate\src\codex_plugin_scanner\guard\daemon\manager_pending_launch.py,line=108,col=5::Function "_clear_spawned_guard_daemon_pending_launch" is not accessed (reportUnusedFunction)
d:\a\hol-guard\hol-guard\candidate\src\codex_plugin_scanner\guard\daemon\manager_pending_launch.py:116:21 - warning: "_clear_guard_daemon_pending_launch_if_current" is private and used outside of the module in which it is declared (reportPrivateUsage)
::warning file=d%3A\a\hol-guard\hol-guard\candidate\src\codex_plugin_scanner\guard\daemon\manager_pending_launch.py,line=116,col=21::"_clear_guard_daemon_pending_launch_if_current" is private and used outside of the module in which it is declared (reportPrivateUsage)
d:\a\hol-guard\hol-guard\candidate\src\codex_plugin_scanner\guard\daemon\manager_pending_launch.py:123:5 - warning: Function "_guard_daemon_pending_launch_is_active" is not accessed (reportUnusedFunction)
::warning file=d%3A\a\hol-guard\hol-guard\candidate\src\codex_plugin_scanner\guard\daemon\manager_pending_launch.py,line=123,col=5::Function "_guard_daemon_pending_launch_is_active" is not accessed (reportUnusedFunction)
d:\a\hol-guard\hol-guard\candidate\src\codex_plugin_scanner\guard\daemon\manager_pending_launch.py:133:61 - warning: "_guard_daemon_pid_is_running" is private and used outside of the module in which it is declared (reportPrivateUsage)
::warning file=d%3A\a\hol-guard\hol-guard\candidate\src\codex_plugin_scanner\guard\daemon\manager_pending_launch.py,line=133,col=61::"_guard_daemon_pid_is_running" is private and used outside of the module in which it is declared (reportPrivateUsage)
d:\a\hol-guard\hol-guard\candidate\src\codex_plugin_scanner\guard\daemon\manager_pending_launch.py:134:13 - warning: Result of call expression is of type "bool" and is not used; assign to variable "_" if this is intentional (reportUnusedCallResult)
::warning file=d%3A\a\hol-guard\hol-guard\candidate\src\codex_plugin_scanner\guard\daemon\manager_pending_launch.py,line=134,col=13::Result of call expression is of type "bool" and is not used; assign to variable "_" if this is intentional (reportUnusedCallResult)
d:\a\hol-guard\hol-guard\candidate\src\codex_plugin_scanner\guard\daemon\manager_pending_launch.py:134:22 - warning: "_clear_guard_daemon_pending_launch_if_current" is private and used outside of the module in which it is declared (reportPrivateUsage)
::warning file=d%3A\a\hol-guard\hol-guard\candidate\src\codex_plugin_scanner\guard\daemon\manager_pending_launch.py,line=134,col=22::"_clear_guard_daemon_pending_launch_if_current" is private and used outside of the module in which it is declared (reportPrivateUsage)
d:\a\hol-guard\hol-guard\candidate\src\codex_plugin_scanner\guard\daemon\manager_pending_launch.py:140:21 - warning: "_guard_daemon_pid_is_running" is private and used outside of the module in which it is declared (reportPrivateUsage)
::warning file=d%3A\a\hol-guard\hol-guard\candidate\src\codex_plugin_scanner\guard\daemon\manager_pending_launch.py,line=140,col=21::"_guard_daemon_pid_is_running" is private and used outside of the module in which it is declared (reportPrivateUsage)
d:\a\hol-guard\hol-guard\candidate\src\codex_plugin_scanner\guard\daemon\manager_pending_launch.py:143:5 - warning: Function "_guard_daemon_pending_launch_state_is_resolved" is not accessed (reportUnusedFunction)
::warning file=d%3A\a\hol-guard\hol-guard\candidate\src\codex_plugin_scanner\guard\daemon\manager_pending_launch.py,line=143,col=5::Function "_guard_daemon_pending_launch_state_is_resolved" is not accessed (reportUnusedFunction)
d:\a\hol-guard\hol-guard\candidate\src\codex_plugin_scanner\guard\daemon\manager_pending_launch.py:146:21 - warning: "_pending_launch_path" is private and used outside of the module in which it is declared (reportPrivateUsage)
::warning file=d%3A\a\hol-guard\hol-guard\candidate\src\codex_plugin_scanner\guard\daemon\manager_pending_launch.py,line=146,col=21::"_pending_launch_path" is private and used outside of the module in which it is declared (reportPrivateUsage)
d:\a\hol-guard\hol-guard\candidate\src\codex_plugin_scanner\guard\daemon\manager_pending_launch.py:151:21 - warning: "_guard_daemon_pending_launch_is_active" is private and used outside of the module in which it is declared (reportPrivateUsage)
::warning file=d%3A\a\hol-guard\hol-guard\candidate\src\codex_plugin_scanner\guard\daemon\manager_pending_launch.py,line=151,col=21::"_guard_daemon_pending_launch_is_active" is private and used outside of the module in which it is declared (reportPrivateUsage)
d:\a\hol-guard\hol-guard\candidate\src\codex_plugin_scanner\guard\daemon\manager_pending_launch.py:156:21 - warning: "_daemon_lifecycle_artifact_is_exact_tombstone" is private and used outside of the module in which it is declared (reportPrivateUsage)
::warning file=d%3A\a\hol-guard\hol-guard\candidate\src\codex_plugin_scanner\guard\daemon\manager_pending_launch.py,line=156,col=21::"_daemon_lifecycle_artifact_is_exact_tombstone" is private and used outside of the module in which it is declared (reportPrivateUsage)
d:\a\hol-guard\hol-guard\candidate\src\codex_plugin_scanner\guard\daemon\manager_pending_launch.py:159:5 - warning: Function "_auth_token_path" is not accessed (reportUnusedFunction)
::warning file=d%3A\a\hol-guard\hol-guard\candidate\src\codex_plugin_scanner\guard\daemon\manager_pending_launch.py,line=159,col=5::Function "_auth_token_path" is not accessed (reportUnusedFunction)
d:\a\hol-guard\hol-guard\candidate\src\codex_plugin_scanner\guard\daemon\manager_pending_launch.py:163:5 - warning: Function "_private_daemon_file_is_valid" is not accessed (reportUnusedFunction)
::warning file=d%3A\a\hol-guard\hol-guard\candidate\src\codex_plugin_scanner\guard\daemon\manager_pending_launch.py,line=163,col=5::Function "_private_daemon_file_is_valid" is not accessed (reportUnusedFunction)
d:\a\hol-guard\hol-guard\candidate\src\codex_plugin_scanner\guard\daemon\manager_pending_launch.py:167:5 - warning: Function "_remove_invalid_daemon_discovery_key" is not accessed (reportUnusedFunction)
::warning file=d%3A\a\hol-guard\hol-guard\candidate\src\codex_plugin_scanner\guard\daemon\manager_pending_launch.py,line=167,col=5::Function "_remove_invalid_daemon_discovery_key" is not accessed (reportUnusedFunction)
d:\a\hol-guard\hol-guard\candidate\src\codex_plugin_scanner\guard\daemon\manager_pending_launch.py:178:5 - warning: Function "_ensure_private_directory" is not accessed (reportUnusedFunction)
::warning file=d%3A\a\hol-guard\hol-guard\candidate\src\codex_plugin_scanner\guard\daemon\manager_pending_launch.py,line=178,col=5::Function "_ensure_private_directory" is not accessed (reportUnusedFunction)
d:\a\hol-guard\hol-guard\candidate\src\codex_plugin_scanner\guard\daemon\manager_pending_launch.py:180:14 - warning: "_set_private_mode" is private and used outside of the module in which it is declared (reportPrivateUsage)
::warning file=d%3A\a\hol-guard\hol-guard\candidate\src\codex_plugin_scanner\guard\daemon\manager_pending_launch.py,line=180,col=14::"_set_private_mode" is private and used outside of the module in which it is declared (reportPrivateUsage)
d:\a\hol-guard\hol-guard\candidate\src\codex_plugin_scanner\guard\daemon\manager_pending_launch.py:180:47 - warning: "_GUARD_DAEMON_PRIVATE_DIR_MODE" is private and used outside of the module in which it is declared (reportPrivateUsage)
::warning file=d%3A\a\hol-guard\hol-guard\candidate\src\codex_plugin_scanner\guard\daemon\manager_pending_launch.py,line=180,col=47::"_GUARD_DAEMON_PRIVATE_DIR_MODE" is private and used outside of the module in which it is declared (reportPrivateUsage)
d:\a\hol-guard\hol-guard\candidate\src\codex_plugin_scanner\guard\daemon\manager_pending_launch.py:183:5 - warning: Function "_write_private_text" is not accessed (reportUnusedFunction)
::warning file=d%3A\a\hol-guard\hol-guard\candidate\src\codex_plugin_scanner\guard\daemon\manager_pending_launch.py,line=183,col=5::Function "_write_private_text" is not accessed (reportUnusedFunction)
d:\a\hol-guard\hol-guard\candidate\src\codex_plugin_scanner\guard\daemon\manager_pending_launch.py:185:90 - warning: "_GUARD_DAEMON_PRIVATE_FILE_MODE" is private and used outside of the module in which it is declared (reportPrivateUsage)
::warning file=d%3A\a\hol-guard\hol-guard\candidate\src\codex_plugin_scanner\guard\daemon\manager_pending_launch.py,line=185,col=90::"_GUARD_DAEMON_PRIVATE_FILE_MODE" is private and used outside of the module in which it is declared (reportPrivateUsage)
d:\a\hol-guard\hol-guard\candidate\src\codex_plugin_scanner\guard\daemon\manager_pending_launch.py:189:13 - warning: Type of "fchmod" is unknown (reportUnknownMemberType)
::warning file=d%3A\a\hol-guard\hol-guard\candidate\src\codex_plugin_scanner\guard\daemon\manager_pending_launch.py,line=189,col=13::Type of "fchmod" is unknown (reportUnknownMemberType)
d:\a\hol-guard\hol-guard\candidate\src\codex_plugin_scanner\guard\daemon\manager_pending_launch.py:190:38 - warning: "_GUARD_DAEMON_PRIVATE_FILE_MODE" is private and used outside of the module in which it is declared (reportPrivateUsage)
::warning file=d%3A\a\hol-guard\hol-guard\candidate\src\codex_plugin_scanner\guard\daemon\manager_pending_launch.py,line=190,col=38::"_GUARD_DAEMON_PRIVATE_FILE_MODE" is private and used outside of the module in which it is declared (reportPrivateUsage)
d:\a\hol-guard\hol-guard\candidate\src\codex_plugin_scanner\guard\daemon\manager_pending_launch.py:193:9 - warning: Result of call expression is of type "int" and is not used; assign to variable "_" if this is intentional (reportUnusedCallResult)
::warning file=d%3A\a\hol-guard\hol-guard\candidate\src\codex_plugin_scanner\guard\daemon\manager_pending_launch.py,line=193,col=9::Result of call expression is of type "int" and is not used; assign to variable "_" if this is intentional (reportUnusedCallResult)
d:\a\hol-guard\hol-guard\candidate\src\codex_plugin_scanner\guard\daemon\manager_pending_launch.py:194:14 - warning: "_set_private_mode" is private and used outside of the module in which it is declared (reportPrivateUsage)
::warning file=d%3A\a\hol-guard\hol-guard\candidate\src\codex_plugin_scanner\guard\daemon\manager_pending_launch.py,line=194,col=14::"_set_private_mode" is private and used outside of the module in which it is declared (reportPrivateUsage)
d:\a\hol-guard\hol-guard\candidate\src\codex_plugin_scanner\guard\daemon\manager_pending_launch.py:194:47 - warning: "_GUARD_DAEMON_PRIVATE_FILE_MODE" is private and used outside of the module in which it is declared (reportPrivateUsage)
::warning file=d%3A\a\hol-guard\hol-guard\candidate\src\codex_plugin_scanner\guard\daemon\manager_pending_launch.py,line=194,col=47::"_GUARD_DAEMON_PRIVATE_FILE_MODE" is private and used outside of the module in which it is declared (reportPrivateUsage)
d:\a\hol-guard\hol-guard\candidate\src\codex_plugin_scanner\guard\daemon\manager_pending_launch.py:197:5 - warning: Function "_write_private_atomic_text" is not accessed (reportUnusedFunction)
::warning file=d%3A\a\hol-guard\hol-guard\candidate\src\codex_plugin_scanner\guard\daemon\manager_pending_launch.py,line=197,col=5::Function "_write_private_atomic_text" is not accessed (reportUnusedFunction)
d:\a\hol-guard\hol-guard\candidate\src\codex_plugin_scanner\guard\daemon\manager_pending_launch.py:202:13 - warning: Type of "fchmod" is unknown (reportUnknownMemberType)
::warning file=d%3A\a\hol-guard\hol-guard\candidate\src\codex_plugin_scanner\guard\daemon\manager_pending_launch.py,line=202,col=13::Type of "fchmod" is unknown (reportUnknownMemberType)
d:\a\hol-guard\hol-guard\candidate\src\codex_plugin_scanner\guard\daemon\manager_pending_launch.py:203:38 - warning: "_GUARD_DAEMON_PRIVATE_FILE_MODE" is private and used outside of the module in which it is declared (reportPrivateUsage)
::warning file=d%3A\a\hol-guard\hol-guard\candidate\src\codex_plugin_scanner\guard\daemon\manager_pending_launch.py,line=203,col=38::"_GUARD_DAEMON_PRIVATE_FILE_MODE" is private and used outside of the module in which it is declared (reportPrivateUsage)
d:\a\hol-guard\hol-guard\candidate\src\codex_plugin_scanner\guard\daemon\manager_pending_launch.py:206:13 - warning: Result of call expression is of type "int" and is not used; assign to variable "_" if this is intentional (reportUnusedCallResult)
::warning file=d%3A\a\hol-guard\hol-guard\candidate\src\codex_plugin_scanner\guard\daemon\manager_pending_launch.py,line=206,col=13::Result of call expression is of type "int" and is not used; assign to variable "_" if this is intentional (reportUnusedCallResult)
d:\a\hol-guard\hol-guard\candidate\src\codex_plugin_scanner\guard\daemon\manager_pending_launch.py:223:18 - warning: "_set_private_mode" is private and used outside of the module in which it is declared (reportPrivateUsage)
::warning file=d%3A\a\hol-guard\hol-guard\candidate\src\codex_plugin_scanner\guard\daemon\manager_pending_launch.py,line=223,col=18::"_set_private_mode" is private and used outside of the module in which it is declared (reportPrivateUsage)
d:\a\hol-guard\hol-guard\candidate\src\codex_plugin_scanner\guard\daemon\manager_pending_launch.py:223:51 - warning: "_GUARD_DAEMON_PRIVATE_FILE_MODE" is private and used outside of the module in which it is declared (reportPrivateUsage)
::warning file=d%3A\a\hol-guard\hol-guard\candidate\src\codex_plugin_scanner\guard\daemon\manager_pending_launch.py,line=223,col=51::"_GUARD_DAEMON_PRIVATE_FILE_MODE" is private and used outside of the module in which it is declared (reportPrivateUsage)
d:\a\hol-guard\hol-guard\candidate\src\codex_plugin_scanner\guard\daemon\manager_pending_launch.py:231:5 - warning: Function "_set_private_mode" is not accessed (reportUnusedFunction)
::warning file=d%3A\a\hol-guard\hol-guard\candidate\src\codex_plugin_scanner\guard\daemon\manager_pending_launch.py,line=231,col=5::Function "_set_private_mode" is not accessed (reportUnusedFunction)
d:\a\hol-guard\hol-guard\candidate\src\codex_plugin_scanner\guard\private_file_io.py:58:13 - warning: Code is unreachable (reportUnreachable)
::warning file=d%3A\a\hol-guard\hol-guard\candidate\src\codex_plugin_scanner\guard\private_file_io.py,line=58,col=13::Code is unreachable (reportUnreachable)
d:\a\hol-guard\hol-guard\candidate\src\codex_plugin_scanner\guard\private_file_io.py:126:5 - warning: Code is unreachable (reportUnreachable)
::warning file=d%3A\a\hol-guard\hol-guard\candidate\src\codex_plugin_scanner\guard\private_file_io.py,line=126,col=5::Code is unreachable (reportUnreachable)
d:\a\hol-guard\hol-guard\candidate\src\codex_plugin_scanner\guard\private_file_io.py:134:5 - warning: Code is unreachable (reportUnreachable)
::warning file=d%3A\a\hol-guard\hol-guard\candidate\src\codex_plugin_scanner\guard\private_file_io.py,line=134,col=5::Code is unreachable (reportUnreachable)
d:\a\hol-guard\hol-guard\candidate\src\codex_plugin_scanner\guard\windows_atomic_replace.py:31:5 - warning: Type annotation for attribute `_fields_` is required because this class is not decorated with `@final` (reportUnannotatedClassAttribute)
::warning file=d%3A\a\hol-guard\hol-guard\candidate\src\codex_plugin_scanner\guard\windows_atomic_replace.py,line=31,col=5::Type annotation for attribute `_fields_` is required because this class is not decorated with `@final` (reportUnannotatedClassAttribute)
d:\a\hol-guard\hol-guard\candidate\src\codex_plugin_scanner\guard\windows_atomic_replace.py:48:5 - warning: Return type is Any (reportAny)
::warning file=d%3A\a\hol-guard\hol-guard\candidate\src\codex_plugin_scanner\guard\windows_atomic_replace.py,line=48,col=5::Return type is Any (reportAny)
d:\a\hol-guard\hol-guard\candidate\src\codex_plugin_scanner\guard\windows_atomic_replace.py:48:15 - warning: Type `Any` is not allowed (reportExplicitAny)
::warning file=d%3A\a\hol-guard\hol-guard\candidate\src\codex_plugin_scanner\guard\windows_atomic_replace.py,line=48,col=15::Type `Any` is not allowed (reportExplicitAny)
d:\a\hol-guard\hol-guard\candidate\src\codex_plugin_scanner\guard\windows_atomic_replace.py:49:5 - warning: Type of "api" is Any (reportAny)
::warning file=d%3A\a\hol-guard\hol-guard\candidate\src\codex_plugin_scanner\guard\windows_atomic_replace.py,line=49,col=5::Type of "api" is Any (reportAny)
d:\a\hol-guard\hol-guard\candidate\src\codex_plugin_scanner\guard\windows_atomic_replace.py:49:18 - warning: "_file_api" is private and used outside of the module in which it is declared (reportPrivateUsage)
::warning file=d%3A\a\hol-guard\hol-guard\candidate\src\codex_plugin_scanner\guard\windows_atomic_replace.py,line=49,col=18::"_file_api" is private and used outside of the module in which it is declared (reportPrivateUsage)
d:\a\hol-guard\hol-guard\candidate\src\codex_plugin_scanner\guard\windows_atomic_replace.py:50:5 - warning: Type of "SetFileInformationByHandle" is Any (reportAny)
::warning file=d%3A\a\hol-guard\hol-guard\candidate\src\codex_plugin_scanner\guard\windows_atomic_replace.py,line=50,col=5::Type of "SetFileInformationByHandle" is Any (reportAny)
d:\a\hol-guard\hol-guard\candidate\src\codex_plugin_scanner\guard\windows_atomic_replace.py:56:5 - warning: Type of "SetFileInformationByHandle" is Any (reportAny)
::warning file=d%3A\a\hol-guard\hol-guard\candidate\src\codex_plugin_scanner\guard\windows_atomic_replace.py,line=56,col=5::Type of "SetFileInformationByHandle" is Any (reportAny)
d:\a\hol-guard\hol-guard\candidate\src\codex_plugin_scanner\guard\windows_atomic_replace.py:57:5 - warning: Type of "GetHandleInformation" is Any (reportAny)
::warning file=d%3A\a\hol-guard\hol-guard\candidate\src\codex_plugin_scanner\guard\windows_atomic_replace.py,line=57,col=5::Type of "GetHandleInformation" is Any (reportAny)
d:\a\hol-guard\hol-guard\candidate\src\codex_plugin_scanner\guard\windows_atomic_replace.py:58:5 - warning: Type of "GetHandleInformation" is Any (reportAny)
::warning file=d%3A\a\hol-guard\hol-guard\candidate\src\codex_plugin_scanner\guard\windows_atomic_replace.py,line=58,col=5::Type of "GetHandleInformation" is Any (reportAny)
d:\a\hol-guard\hol-guard\candidate\src\codex_plugin_scanner\guard\windows_atomic_replace.py:59:5 - warning: Type of "GetVolumeInformationByHandleW" is Any (reportAny)
::warning file=d%3A\a\hol-guard\hol-guard\candidate\src\codex_plugin_scanner\guard\windows_atomic_replace.py,line=59,col=5::Type of "GetVolumeInformationByHandleW" is Any (reportAny)
d:\a\hol-guard\hol-guard\candidate\src\codex_plugin_scanner\guard\windows_atomic_replace.py:69:5 - warning: Type of "GetVolumeInformationByHandleW" is Any (reportAny)
::warning file=d%3A\a\hol-guard\hol-guard\candidate\src\codex_plugin_scanner\guard\windows_atomic_replace.py,line=69,col=5::Type of "GetVolumeInformationByHandleW" is Any (reportAny)
d:\a\hol-guard\hol-guard\candidate\src\codex_plugin_scanner\guard\windows_atomic_replace.py:70:12 - warning: Return type is Any (reportAny)
::warning file=d%3A\a\hol-guard\hol-guard\candidate\src\codex_plugin_scanner\guard\windows_atomic_replace.py,line=70,col=12::Return type is Any (reportAny)
d:\a\hol-guard\hol-guard\candidate\src\codex_plugin_scanner\guard\windows_atomic_replace.py:80:5 - warning: Return type is Any (reportAny)
::warning file=d%3A\a\hol-guard\hol-guard\candidate\src\codex_plugin_scanner\guard\windows_atomic_replace.py,line=80,col=5::Return type is Any (reportAny)
d:\a\hol-guard\hol-guard\candidate\src\codex_plugin_scanner\guard\windows_atomic_replace.py:80:18 - warning: Type of parameter "api" is Any (reportAny)
::warning file=d%3A\a\hol-guard\hol-guard\candidate\src\codex_plugin_scanner\guard\windows_atomic_replace.py,line=80,col=18::Type of parameter "api" is Any (reportAny)
d:\a\hol-guard\hol-guard\candidate\src\codex_plugin_scanner\guard\windows_atomic_replace.py:80:23 - warning: Type `Any` is not allowed (reportExplicitAny)
::warning file=d%3A\a\hol-guard\hol-guard\candidate\src\codex_plugin_scanner\guard\windows_atomic_replace.py,line=80,col=23::Type `Any` is not allowed (reportExplicitAny)
d:\a\hol-guard\hol-guard\candidate\src\codex_plugin_scanner\guard\windows_atomic_replace.py:80:95 - warning: Type `Any` is not allowed (reportExplicitAny)
::warning file=d%3A\a\hol-guard\hol-guard\candidate\src\codex_plugin_scanner\guard\windows_atomic_replace.py,line=80,col=95::Type `Any` is not allowed (reportExplicitAny)
d:\a\hol-guard\hol-guard\candidate\src\codex_plugin_scanner\guard\windows_atomic_replace.py:81:26 - warning: "_WindowsByHandleFileInformation" is private and used outside of the module in which it is declared (reportPrivateUsage)
::warning file=d%3A\a\hol-guard\hol-guard\candidate\src\codex_plugin_scanner\guard\windows_atomic_replace.py,line=81,col=26::"_WindowsByHandleFileInformation" is private and used outside of the module in which it is declared (reportPrivateUsage)
d:\a\hol-guard\hol-guard\candidate\src\codex_plugin_scanner\guard\windows_atomic_replace.py:81:26 - warning: "_WindowsByHandleFileInformation" is not exported from module "..windows_replaceable_file" (reportPrivateLocalImportUsage)
::warning file=d%3A\a\hol-guard\hol-guard\candidate\src\codex_plugin_scanner\guard\windows_atomic_replace.py,line=81,col=26::"_WindowsByHandleFileInformation" is not exported from module "..windows_replaceable_file" (reportPrivateLocalImportUsage)
d:\a\hol-guard\hol-guard\candidate\src\codex_plugin_scanner\guard\windows_atomic_replace.py:82:12 - warning: Type of "GetFileInformationByHandle" is Any (reportAny)
::warning file=d%3A\a\hol-guard\hol-guard\candidate\src\codex_plugin_scanner\guard\windows_atomic_replace.py,line=82,col=12::Type of "GetFileInformationByHandle" is Any (reportAny)
d:\a\hol-guard\hol-guard\candidate\src\codex_plugin_scanner\guard\windows_atomic_replace.py:84:22 - warning: Type of "dwFileAttributes" is Any (reportAny)
::warning file=d%3A\a\hol-guard\hol-guard\candidate\src\codex_plugin_scanner\guard\windows_atomic_replace.py,line=84,col=22::Type of "dwFileAttributes" is Any (reportAny)
d:\a\hol-guard\hol-guard\candidate\src\codex_plugin_scanner\guard\windows_atomic_replace.py:84:22 - warning: Argument type is Any
  Argument corresponds to parameter "x" in function "__new__" (reportAny)
::warning file=d%3A\a\hol-guard\hol-guard\candidate\src\codex_plugin_scanner\guard\windows_atomic_replace.py,line=84,col=22::Argument type is Any%0A  Argument corresponds to parameter "x" in function "__new__" (reportAny)
d:\a\hol-guard\hol-guard\candidate\src\codex_plugin_scanner\guard\windows_atomic_replace.py:87:12 - warning: "_require_disk" is private and used outside of the module in which it is declared (reportPrivateUsage)
::warning file=d%3A\a\hol-guard\hol-guard\candidate\src\codex_plugin_scanner\guard\windows_atomic_replace.py,line=87,col=12::"_require_disk" is private and used outside of the module in which it is declared (reportPrivateUsage)
d:\a\hol-guard\hol-guard\candidate\src\codex_plugin_scanner\guard\windows_atomic_replace.py:89:12 - warning: Type of "GetHandleInformation" is Any (reportAny)
::warning file=d%3A\a\hol-guard\hol-guard\candidate\src\codex_plugin_scanner\guard\windows_atomic_replace.py,line=89,col=12::Type of "GetHandleInformation" is Any (reportAny)
d:\a\hol-guard\hol-guard\candidate\src\codex_plugin_scanner\guard\windows_atomic_replace.py:96:15 - warning: Type of parameter "information" is Any (reportAny)
::warning file=d%3A\a\hol-guard\hol-guard\candidate\src\codex_plugin_scanner\guard\windows_atomic_replace.py,line=96,col=15::Type of parameter "information" is Any (reportAny)
d:\a\hol-guard\hol-guard\candidate\src\codex_plugin_scanner\guard\windows_atomic_replace.py:96:28 - warning: Type `Any` is not allowed (reportExplicitAny)
::warning file=d%3A\a\hol-guard\hol-guard\candidate\src\codex_plugin_scanner\guard\windows_atomic_replace.py,line=96,col=28::Type `Any` is not allowed (reportExplicitAny)
d:\a\hol-guard\hol-guard\candidate\src\codex_plugin_scanner\guard\windows_atomic_replace.py:98:13 - warning: Type of "dwVolumeSerialNumber" is Any (reportAny)
::warning file=d%3A\a\hol-guard\hol-guard\candidate\src\codex_plugin_scanner\guard\windows_atomic_replace.py,line=98,col=13::Type of "dwVolumeSerialNumber" is Any (reportAny)
d:\a\hol-guard\hol-guard\candidate\src\codex_plugin_scanner\guard\windows_atomic_replace.py:98:13 - warning: Argument type is Any
  Argument corresponds to parameter "x" in function "__new__" (reportAny)
::warning file=d%3A\a\hol-guard\hol-guard\candidate\src\codex_plugin_scanner\guard\windows_atomic_replace.py,line=98,col=13::Argument type is Any%0A  Argument corresponds to parameter "x" in function "__new__" (reportAny)
d:\a\hol-guard\hol-guard\candidate\src\codex_plugin_scanner\guard\windows_atomic_replace.py:99:13 - warning: Type of "nFileIndexHigh" is Any (reportAny)
::warning file=d%3A\a\hol-guard\hol-guard\candidate\src\codex_plugin_scanner\guard\windows_atomic_replace.py,line=99,col=13::Type of "nFileIndexHigh" is Any (reportAny)
d:\a\hol-guard\hol-guard\candidate\src\codex_plugin_scanner\guard\windows_atomic_replace.py:99:13 - warning: Argument type is Any
  Argument corresponds to parameter "x" in function "__new__" (reportAny)
::warning file=d%3A\a\hol-guard\hol-guard\candidate\src\codex_plugin_scanner\guard\windows_atomic_replace.py,line=99,col=13::Argument type is Any%0A  Argument corresponds to parameter "x" in function "__new__" (reportAny)
d:\a\hol-guard\hol-guard\candidate\src\codex_plugin_scanner\guard\windows_atomic_replace.py:100:13 - warning: Type of "nFileIndexLow" is Any (reportAny)
::warning file=d%3A\a\hol-guard\hol-guard\candidate\src\codex_plugin_scanner\guard\windows_atomic_replace.py,line=100,col=13::Type of "nFileIndexLow" is Any (reportAny)
d:\a\hol-guard\hol-guard\candidate\src\codex_plugin_scanner\guard\windows_atomic_replace.py:100:13 - warning: Argument type is Any
  Argument corresponds to parameter "x" in function "__new__" (reportAny)
::warning file=d%3A\a\hol-guard\hol-guard\candidate\src\codex_plugin_scanner\guard\windows_atomic_replace.py,line=100,col=13::Argument type is Any%0A  Argument corresponds to parameter "x" in function "__new__" (reportAny)
d:\a\hol-guard\hol-guard\candidate\src\codex_plugin_scanner\guard\windows_atomic_replace.py:101:13 - warning: Type of "nFileSizeHigh" is Any (reportAny)
::warning file=d%3A\a\hol-guard\hol-guard\candidate\src\codex_plugin_scanner\guard\windows_atomic_replace.py,line=101,col=13::Type of "nFileSizeHigh" is Any (reportAny)
d:\a\hol-guard\hol-guard\candidate\src\codex_plugin_scanner\guard\windows_atomic_replace.py:101:13 - warning: Argument type is Any
  Argument corresponds to parameter "x" in function "__new__" (reportAny)
::warning file=d%3A\a\hol-guard\hol-guard\candidate\src\codex_plugin_scanner\guard\windows_atomic_replace.py,line=101,col=13::Argument type is Any%0A  Argument corresponds to parameter "x" in function "__new__" (reportAny)
d:\a\hol-guard\hol-guard\candidate\src\codex_plugin_scanner\guard\windows_atomic_replace.py:102:13 - warning: Type of "nFileSizeLow" is Any (reportAny)
::warning file=d%3A\a\hol-guard\hol-guard\candidate\src\codex_plugin_scanner\guard\windows_atomic_replace.py,line=102,col=13::Type of "nFileSizeLow" is Any (reportAny)
d:\a\hol-guard\hol-guard\candidate\src\codex_plugin_scanner\guard\windows_atomic_replace.py:102:13 - warning: Argument type is Any
  Argument corresponds to parameter "x" in function "__new__" (reportAny)
::warning file=d%3A\a\hol-guard\hol-guard\candidate\src\codex_plugin_scanner\guard\windows_atomic_replace.py,line=102,col=13::Argument type is Any%0A  Argument corresponds to parameter "x" in function "__new__" (reportAny)
d:\a\hol-guard\hol-guard\candidate\src\codex_plugin_scanner\guard\windows_atomic_replace.py:110:9 - warning: Code is unreachable (reportUnreachable)
::warning file=d%3A\a\hol-guard\hol-guard\candidate\src\codex_plugin_scanner\guard\windows_atomic_replace.py,line=110,col=9::Code is unreachable (reportUnreachable)
d:\a\hol-guard\hol-guard\candidate\src\codex_plugin_scanner\guard\windows_atomic_replace.py:111:18 - warning: Type of "get_osfhandle" is Any (reportAny)
::warning file=d%3A\a\hol-guard\hol-guard\candidate\src\codex_plugin_scanner\guard\windows_atomic_replace.py,line=111,col=18::Type of "get_osfhandle" is Any (reportAny)
d:\a\hol-guard\hol-guard\candidate\src\codex_plugin_scanner\guard\windows_atomic_replace.py:111:18 - warning: Argument type is Any
  Argument corresponds to parameter "x" in function "__new__" (reportAny)
::warning file=d%3A\a\hol-guard\hol-guard\candidate\src\codex_plugin_scanner\guard\windows_atomic_replace.py,line=111,col=18::Argument type is Any%0A  Argument corresponds to parameter "x" in function "__new__" (reportAny)
d:\a\hol-guard\hol-guard\candidate\src\codex_plugin_scanner\guard\windows_atomic_replace.py:112:5 - warning: Type of "information" is Any (reportAny)
::warning file=d%3A\a\hol-guard\hol-guard\candidate\src\codex_plugin_scanner\guard\windows_atomic_replace.py,line=112,col=5::Type of "information" is Any (reportAny)
d:\a\hol-guard\hol-guard\candidate\src\codex_plugin_scanner\guard\windows_atomic_replace.py:120:9 - warning: Code is unreachable (reportUnreachable)
::warning file=d%3A\a\hol-guard\hol-guard\candidate\src\codex_plugin_scanner\guard\windows_atomic_replace.py,line=120,col=9::Code is unreachable (reportUnreachable)
d:\a\hol-guard\hol-guard\candidate\src\codex_plugin_scanner\guard\windows_atomic_replace.py:125:9 - warning: Type of "version" is Any (reportAny)
::warning file=d%3A\a\hol-guard\hol-guard\candidate\src\codex_plugin_scanner\guard\windows_atomic_replace.py,line=125,col=9::Type of "version" is Any (reportAny)
d:\a\hol-guard\hol-guard\candidate\src\codex_plugin_scanner\guard\windows_atomic_replace.py:128:9 - warning: Type of "major" is Any (reportAny)
::warning file=d%3A\a\hol-guard\hol-guard\candidate\src\codex_plugin_scanner\guard\windows_atomic_replace.py,line=128,col=9::Type of "major" is Any (reportAny)
d:\a\hol-guard\hol-guard\candidate\src\codex_plugin_scanner\guard\windows_atomic_replace.py:128:24 - warning: Type of "minor" is Any (reportAny)
::warning file=d%3A\a\hol-guard\hol-guard\candidate\src\codex_plugin_scanner\guard\windows_atomic_replace.py,line=128,col=24::Type of "minor" is Any (reportAny)
d:\a\hol-guard\hol-guard\candidate\src\codex_plugin_scanner\guard\windows_atomic_replace.py:128:39 - warning: Type of "build" is Any (reportAny)
::warning file=d%3A\a\hol-guard\hol-guard\candidate\src\codex_plugin_scanner\guard\windows_atomic_replace.py,line=128,col=39::Type of "build" is Any (reportAny)
d:\a\hol-guard\hol-guard\candidate\src\codex_plugin_scanner\guard\windows_atomic_replace.py:137:9 - warning: Type of "api" is Any (reportAny)
::warning file=d%3A\a\hol-guard\hol-guard\candidate\src\codex_plugin_scanner\guard\windows_atomic_replace.py,line=137,col=9::Type of "api" is Any (reportAny)
d:\a\hol-guard\hol-guard\candidate\src\codex_plugin_scanner\guard\windows_atomic_replace.py:140:18 - warning: Type of "get_osfhandle" is Any (reportAny)
::warning file=d%3A\a\hol-guard\hol-guard\candidate\src\codex_plugin_scanner\guard\windows_atomic_replace.py,line=140,col=18::Type of "get_osfhandle" is Any (reportAny)
d:\a\hol-guard\hol-guard\candidate\src\codex_plugin_scanner\guard\windows_atomic_replace.py:140:18 - warning: Argument type is Any
  Argument corresponds to parameter "x" in function "__new__" (reportAny)
::warning file=d%3A\a\hol-guard\hol-guard\candidate\src\codex_plugin_scanner\guard\windows_atomic_replace.py,line=140,col=18::Argument type is Any%0A  Argument corresponds to parameter "x" in function "__new__" (reportAny)
d:\a\hol-guard\hol-guard\candidate\src\codex_plugin_scanner\guard\windows_atomic_replace.py:142:12 - warning: Type of "GetVolumeInformationByHandleW" is Any (reportAny)
::warning file=d%3A\a\hol-guard\hol-guard\candidate\src\codex_plugin_scanner\guard\windows_atomic_replace.py,line=142,col=12::Type of "GetVolumeInformationByHandleW" is Any (reportAny)
d:\a\hol-guard\hol-guard\candidate\src\codex_plugin_scanner\guard\windows_atomic_replace.py:146:5 - warning: Type of "information" is Any (reportAny)
::warning file=d%3A\a\hol-guard\hol-guard\candidate\src\codex_plugin_scanner\guard\windows_atomic_replace.py,line=146,col=5::Type of "information" is Any (reportAny)
d:\a\hol-guard\hol-guard\candidate\src\codex_plugin_scanner\guard\windows_atomic_replace.py:167:9 - warning: Result of call expression is of type "object" and is not used; assign to variable "_" if this is intentional (reportUnusedCallResult)
::warning file=d%3A\a\hol-guard\hol-guard\candidate\src\codex_plugin_scanner\guard\windows_atomic_replace.py,line=167,col=9::Result of call expression is of type "object" and is not used; assign to variable "_" if this is intentional (reportUnusedCallResult)
d:\a\hol-guard\hol-guard\candidate\src\codex_plugin_scanner\guard\windows_atomic_replace.py:172:20 - warning: "_note_cleanup_failure" is private and used outside of the module in which it is declared (reportPrivateUsage)
::warning file=d%3A\a\hol-guard\hol-guard\candidate\src\codex_plugin_scanner\guard\windows_atomic_replace.py,line=172,col=20::"_note_cleanup_failure" is private and used outside of the module in which it is declared (reportPrivateUsage)
d:\a\hol-guard\hol-guard\candidate\src\codex_plugin_scanner\guard\windows_atomic_replace.py:177:9 - warning: Result of call expression is of type "object" and is not used; assign to variable "_" if this is intentional (reportUnusedCallResult)
::warning file=d%3A\a\hol-guard\hol-guard\candidate\src\codex_plugin_scanner\guard\windows_atomic_replace.py,line=177,col=9::Result of call expression is of type "object" and is not used; assign to variable "_" if this is intentional (reportUnusedCallResult)
d:\a\hol-guard\hol-guard\candidate\src\codex_plugin_scanner\guard\windows_atomic_replace.py:184:9 - warning: Code is unreachable (reportUnreachable)
::warning file=d%3A\a\hol-guard\hol-guard\candidate\src\codex_plugin_scanner\guard\windows_atomic_replace.py,line=184,col=9::Code is unreachable (reportUnreachable)
d:\a\hol-guard\hol-guard\candidate\src\codex_plugin_scanner\guard\windows_atomic_replace.py:196:11 - warning: Type of parameter "api" is Any (reportAny)
::warning file=d%3A\a\hol-guard\hol-guard\candidate\src\codex_plugin_scanner\guard\windows_atomic_replace.py,line=196,col=11::Type of parameter "api" is Any (reportAny)
d:\a\hol-guard\hol-guard\candidate\src\codex_plugin_scanner\guard\windows_atomic_replace.py:196:16 - warning: Type `Any` is not allowed (reportExplicitAny)
::warning file=d%3A\a\hol-guard\hol-guard\candidate\src\codex_plugin_scanner\guard\windows_atomic_replace.py,line=196,col=16::Type `Any` is not allowed (reportExplicitAny)
d:\a\hol-guard\hol-guard\candidate\src\codex_plugin_scanner\guard\windows_atomic_replace.py:197:5 - warning: Type of "handle" is Any (reportAny)
::warning file=d%3A\a\hol-guard\hol-guard\candidate\src\codex_plugin_scanner\guard\windows_atomic_replace.py,line=197,col=5::Type of "handle" is Any (reportAny)
d:\a\hol-guard\hol-guard\candidate\src\codex_plugin_scanner\guard\windows_atomic_replace.py:197:14 - warning: Type of "CreateFileW" is Any (reportAny)
::warning file=d%3A\a\hol-guard\hol-guard\candidate\src\codex_plugin_scanner\guard\windows_atomic_replace.py,line=197,col=14::Type of "CreateFileW" is Any (reportAny)
d:\a\hol-guard\hol-guard\candidate\src\codex_plugin_scanner\guard\windows_atomic_replace.py:197:66 - warning: "_OPEN_EXISTING" is private and used outside of the module in which it is declared (reportPrivateUsage)
::warning file=d%3A\a\hol-guard\hol-guard\candidate\src\codex_plugin_scanner\guard\windows_atomic_replace.py,line=197,col=66::"_OPEN_EXISTING" is private and used outside of the module in which it is declared (reportPrivateUsage)
d:\a\hol-guard\hol-guard\candidate\src\codex_plugin_scanner\guard\windows_atomic_replace.py:200:16 - warning: Argument type is Any
  Argument corresponds to parameter "x" in function "__new__" (reportAny)
::warning file=d%3A\a\hol-guard\hol-guard\candidate\src\codex_plugin_scanner\guard\windows_atomic_replace.py,line=200,col=16::Argument type is Any%0A  Argument corresponds to parameter "x" in function "__new__" (reportAny)
d:\a\hol-guard\hol-guard\candidate\src\codex_plugin_scanner\guard\windows_atomic_replace.py:210:5 - warning: Result of call expression is of type "int" and is not used; assign to variable "_" if this is intentional (reportUnusedCallResult)
::warning file=d%3A\a\hol-guard\hol-guard\candidate\src\codex_plugin_scanner\guard\windows_atomic_replace.py,line=210,col=5::Result of call expression is of type "int" and is not used; assign to variable "_" if this is intentional (reportUnusedCallResult)
d:\a\hol-guard\hol-guard\candidate\src\codex_plugin_scanner\guard\windows_atomic_replace.py:219:5 - warning: Type of "api" is Any (reportAny)
::warning file=d%3A\a\hol-guard\hol-guard\candidate\src\codex_plugin_scanner\guard\windows_atomic_replace.py,line=219,col=5::Type of "api" is Any (reportAny)
d:\a\hol-guard\hol-guard\candidate\src\codex_plugin_scanner\guard\windows_atomic_replace.py:228:40 - warning: "_OPEN_REPARSE_POINT" is private and used outside of the module in which it is declared (reportPrivateUsage)
::warning file=d%3A\a\hol-guard\hol-guard\candidate\src\codex_plugin_scanner\guard\windows_atomic_replace.py,line=228,col=40::"_OPEN_REPARSE_POINT" is private and used outside of the module in which it is declared (reportPrivateUsage)
d:\a\hol-guard\hol-guard\candidate\src\codex_plugin_scanner\guard\windows_atomic_replace.py:231:9 - warning: Type of "parent_info" is Any (reportAny)
::warning file=d%3A\a\hol-guard\hol-guard\candidate\src\codex_plugin_scanner\guard\windows_atomic_replace.py,line=231,col=9::Type of "parent_info" is Any (reportAny)
d:\a\hol-guard\hol-guard\candidate\src\codex_plugin_scanner\guard\windows_atomic_replace.py:236:20 - warning: "_SHARE_READ_WRITE_DELETE" is private and used outside of the module in which it is declared (reportPrivateUsage)
::warning file=d%3A\a\hol-guard\hol-guard\candidate\src\codex_plugin_scanner\guard\windows_atomic_replace.py,line=236,col=20::"_SHARE_READ_WRITE_DELETE" is private and used outside of the module in which it is declared (reportPrivateUsage)
d:\a\hol-guard\hol-guard\candidate\src\codex_plugin_scanner\guard\windows_atomic_replace.py:237:20 - warning: "_OPEN_REPARSE_POINT" is private and used outside of the module in which it is declared (reportPrivateUsage)
::warning file=d%3A\a\hol-guard\hol-guard\candidate\src\codex_plugin_scanner\guard\windows_atomic_replace.py,line=237,col=20::"_OPEN_REPARSE_POINT" is private and used outside of the module in which it is declared (reportPrivateUsage)
d:\a\hol-guard\hol-guard\candidate\src\codex_plugin_scanner\guard\windows_atomic_replace.py:240:9 - warning: Type of "current" is Any (reportAny)
::warning file=d%3A\a\hol-guard\hol-guard\candidate\src\codex_plugin_scanner\guard\windows_atomic_replace.py,line=240,col=9::Type of "current" is Any (reportAny)
d:\a\hol-guard\hol-guard\candidate\src\codex_plugin_scanner\guard\windows_atomic_replace.py:241:50 - warning: Type of "dwVolumeSerialNumber" is Any (reportAny)
::warning file=d%3A\a\hol-guard\hol-guard\candidate\src\codex_plugin_scanner\guard\windows_atomic_replace.py,line=241,col=50::Type of "dwVolumeSerialNumber" is Any (reportAny)
d:\a\hol-guard\hol-guard\candidate\src\codex_plugin_scanner\guard\windows_atomic_replace.py:241:50 - warning: Argument type is Any
  Argument corresponds to parameter "x" in function "__new__" (reportAny)
::warning file=d%3A\a\hol-guard\hol-guard\candidate\src\codex_plugin_scanner\guard\windows_atomic_replace.py,line=241,col=50::Argument type is Any%0A  Argument corresponds to parameter "x" in function "__new__" (reportAny)
d:\a\hol-guard\hol-guard\candidate\src\codex_plugin_scanner\guard\windows_atomic_replace.py:244:16 - warning: Type of "SetFileInformationByHandle" is Any (reportAny)
::warning file=d%3A\a\hol-guard\hol-guard\candidate\src\codex_plugin_scanner\guard\windows_atomic_replace.py,line=244,col=16::Type of "SetFileInformationByHandle" is Any (reportAny)
d:\a\hol-guard\hol-guard\candidate\src\codex_plugin_scanner\guard\windows_atomic_replace.py:253:24 - warning: Type of "CloseHandle" is Any (reportAny)
::warning file=d%3A\a\hol-guard\hol-guard\candidate\src\codex_plugin_scanner\guard\windows_atomic_replace.py,line=253,col=24::Type of "CloseHandle" is Any (reportAny)
d:\a\hol-guard\hol-guard\candidate\src\codex_plugin_scanner\guard\windows_atomic_replace.py:259:28 - warning: "_note_cleanup_failure" is private and used outside of the module in which it is declared (reportPrivateUsage)
::warning file=d%3A\a\hol-guard\hol-guard\candidate\src\codex_plugin_scanner\guard\windows_atomic_replace.py,line=259,col=28::"_note_cleanup_failure" is private and used outside of the module in which it is declared (reportPrivateUsage)
d:\a\hol-guard\hol-guard\candidate\src\codex_plugin_scanner\guard\windows_replaceable_file.py:19:28 - warning: "_WindowsByHandleFileInformation" is private and used outside of the module in which it is declared (reportPrivateUsage)
::warning file=d%3A\a\hol-guard\hol-guard\candidate\src\codex_plugin_scanner\guard\windows_replaceable_file.py,line=19,col=28::"_WindowsByHandleFileInformation" is private and used outside of the module in which it is declared (reportPrivateUsage)
d:\a\hol-guard\hol-guard\candidate\src\codex_plugin_scanner\guard\windows_replaceable_file.py:31:5 - warning: Return type is Any (reportAny)
::warning file=d%3A\a\hol-guard\hol-guard\candidate\src\codex_plugin_scanner\guard\windows_replaceable_file.py,line=31,col=5::Return type is Any (reportAny)
d:\a\hol-guard\hol-guard\candidate\src\codex_plugin_scanner\guard\windows_replaceable_file.py:31:20 - warning: Type `Any` is not allowed (reportExplicitAny)
::warning file=d%3A\a\hol-guard\hol-guard\candidate\src\codex_plugin_scanner\guard\windows_replaceable_file.py,line=31,col=20::Type `Any` is not allowed (reportExplicitAny)
d:\a\hol-guard\hol-guard\candidate\src\codex_plugin_scanner\guard\windows_replaceable_file.py:35:5 - warning: Type of "api" is Any (reportAny)
::warning file=d%3A\a\hol-guard\hol-guard\candidate\src\codex_plugin_scanner\guard\windows_replaceable_file.py,line=35,col=5::Type of "api" is Any (reportAny)
d:\a\hol-guard\hol-guard\candidate\src\codex_plugin_scanner\guard\windows_replaceable_file.py:36:5 - warning: Type of "CreateFileW" is Any (reportAny)
::warning file=d%3A\a\hol-guard\hol-guard\candidate\src\codex_plugin_scanner\guard\windows_replaceable_file.py,line=36,col=5::Type of "CreateFileW" is Any (reportAny)
d:\a\hol-guard\hol-guard\candidate\src\codex_plugin_scanner\guard\windows_replaceable_file.py:45:5 - warning: Type of "CreateFileW" is Any (reportAny)
::warning file=d%3A\a\hol-guard\hol-guard\candidate\src\codex_plugin_scanner\guard\windows_replaceable_file.py,line=45,col=5::Type of "CreateFileW" is Any (reportAny)
d:\a\hol-guard\hol-guard\candidate\src\codex_plugin_scanner\guard\windows_replaceable_file.py:46:5 - warning: Type of "GetFileInformationByHandle" is Any (reportAny)
::warning file=d%3A\a\hol-guard\hol-guard\candidate\src\codex_plugin_scanner\guard\windows_replaceable_file.py,line=46,col=5::Type of "GetFileInformationByHandle" is Any (reportAny)
d:\a\hol-guard\hol-guard\candidate\src\codex_plugin_scanner\guard\windows_replaceable_file.py:50:5 - warning: Type of "GetFileInformationByHandle" is Any (reportAny)
::warning file=d%3A\a\hol-guard\hol-guard\candidate\src\codex_plugin_scanner\guard\windows_replaceable_file.py,line=50,col=5::Type of "GetFileInformationByHandle" is Any (reportAny)
d:\a\hol-guard\hol-guard\candidate\src\codex_plugin_scanner\guard\windows_replaceable_file.py:51:5 - warning: Type of "GetFileType" is Any (reportAny)
::warning file=d%3A\a\hol-guard\hol-guard\candidate\src\codex_plugin_scanner\guard\windows_replaceable_file.py,line=51,col=5::Type of "GetFileType" is Any (reportAny)
d:\a\hol-guard\hol-guard\candidate\src\codex_plugin_scanner\guard\windows_replaceable_file.py:52:5 - warning: Type of "GetFileType" is Any (reportAny)
::warning file=d%3A\a\hol-guard\hol-guard\candidate\src\codex_plugin_scanner\guard\windows_replaceable_file.py,line=52,col=5::Type of "GetFileType" is Any (reportAny)
d:\a\hol-guard\hol-guard\candidate\src\codex_plugin_scanner\guard\windows_replaceable_file.py:53:5 - warning: Type of "CloseHandle" is Any (reportAny)
::warning file=d%3A\a\hol-guard\hol-guard\candidate\src\codex_plugin_scanner\guard\windows_replaceable_file.py,line=53,col=5::Type of "CloseHandle" is Any (reportAny)
d:\a\hol-guard\hol-guard\candidate\src\codex_plugin_scanner\guard\windows_replaceable_file.py:54:5 - warning: Type of "CloseHandle" is Any (reportAny)
::warning file=d%3A\a\hol-guard\hol-guard\candidate\src\codex_plugin_scanner\guard\windows_replaceable_file.py,line=54,col=5::Type of "CloseHandle" is Any (reportAny)
d:\a\hol-guard\hol-guard\candidate\src\codex_plugin_scanner\guard\windows_replaceable_file.py:55:12 - warning: Return type is Any (reportAny)
::warning file=d%3A\a\hol-guard\hol-guard\candidate\src\codex_plugin_scanner\guard\windows_replaceable_file.py,line=55,col=12::Return type is Any (reportAny)
d:\a\hol-guard\hol-guard\candidate\src\codex_plugin_scanner\guard\windows_replaceable_file.py:63:12 - warning: Return type is Any (reportAny)
::warning file=d%3A\a\hol-guard\hol-guard\candidate\src\codex_plugin_scanner\guard\windows_replaceable_file.py,line=63,col=12::Return type is Any (reportAny)
d:\a\hol-guard\hol-guard\candidate\src\codex_plugin_scanner\guard\windows_replaceable_file.py:68:9 - warning: Code is unreachable (reportUnreachable)
::warning file=d%3A\a\hol-guard\hol-guard\candidate\src\codex_plugin_scanner\guard\windows_replaceable_file.py,line=68,col=9::Code is unreachable (reportUnreachable)
d:\a\hol-guard\hol-guard\candidate\src\codex_plugin_scanner\guard\windows_replaceable_file.py:79:12 - warning: Unnecessary isinstance call; "str" is always an instance of "str" (reportUnnecessaryIsInstance)
::warning file=d%3A\a\hol-guard\hol-guard\candidate\src\codex_plugin_scanner\guard\windows_replaceable_file.py,line=79,col=12::Unnecessary isinstance call; "str" is always an instance of "str" (reportUnnecessaryIsInstance)
d:\a\hol-guard\hol-guard\candidate\src\codex_plugin_scanner\guard\windows_replaceable_file.py:89:5 - warning: Return type is Any (reportAny)
::warning file=d%3A\a\hol-guard\hol-guard\candidate\src\codex_plugin_scanner\guard\windows_replaceable_file.py,line=89,col=5::Return type is Any (reportAny)
d:\a\hol-guard\hol-guard\candidate\src\codex_plugin_scanner\guard\windows_replaceable_file.py:89:19 - warning: Type `Any` is not allowed (reportExplicitAny)
::warning file=d%3A\a\hol-guard\hol-guard\candidate\src\codex_plugin_scanner\guard\windows_replaceable_file.py,line=89,col=19::Type `Any` is not allowed (reportExplicitAny)
d:\a\hol-guard\hol-guard\candidate\src\codex_plugin_scanner\guard\windows_replaceable_file.py:95:10 - warning: Type `Any` is not allowed (reportExplicitAny)
::warning file=d%3A\a\hol-guard\hol-guard\candidate\src\codex_plugin_scanner\guard\windows_replaceable_file.py,line=95,col=10::Type `Any` is not allowed (reportExplicitAny)
d:\a\hol-guard\hol-guard\candidate\src\codex_plugin_scanner\guard\windows_replaceable_file.py:96:5 - warning: Type of "_get_fmode" is Any (reportAny)
::warning file=d%3A\a\hol-guard\hol-guard\candidate\src\codex_plugin_scanner\guard\windows_replaceable_file.py,line=96,col=5::Type of "_get_fmode" is Any (reportAny)
d:\a\hol-guard\hol-guard\candidate\src\codex_plugin_scanner\guard\windows_replaceable_file.py:97:5 - warning: Type of "_get_fmode" is Any (reportAny)
::warning file=d%3A\a\hol-guard\hol-guard\candidate\src\codex_plugin_scanner\guard\windows_replaceable_file.py,line=97,col=5::Type of "_get_fmode" is Any (reportAny)
d:\a\hol-guard\hol-guard\candidate\src\codex_plugin_scanner\guard\windows_replaceable_file.py:98:5 - warning: Type of "_wopen" is Any (reportAny)
::warning file=d%3A\a\hol-guard\hol-guard\candidate\src\codex_plugin_scanner\guard\windows_replaceable_file.py,line=98,col=5::Type of "_wopen" is Any (reportAny)
d:\a\hol-guard\hol-guard\candidate\src\codex_plugin_scanner\guard\windows_replaceable_file.py:99:5 - warning: Type of "_wopen" is Any (reportAny)
::warning file=d%3A\a\hol-guard\hol-guard\candidate\src\codex_plugin_scanner\guard\windows_replaceable_file.py,line=99,col=5::Type of "_wopen" is Any (reportAny)
d:\a\hol-guard\hol-guard\candidate\src\codex_plugin_scanner\guard\windows_replaceable_file.py:100:5 - warning: Type of "_set_thread_local_invalid_parameter_handler" is Any (reportAny)
::warning file=d%3A\a\hol-guard\hol-guard\candidate\src\codex_plugin_scanner\guard\windows_replaceable_file.py,line=100,col=5::Type of "_set_thread_local_invalid_parameter_handler" is Any (reportAny)
d:\a\hol-guard\hol-guard\candidate\src\codex_plugin_scanner\guard\windows_replaceable_file.py:101:5 - warning: Type of "_set_thread_local_invalid_parameter_handler" is Any (reportAny)
::warning file=d%3A\a\hol-guard\hol-guard\candidate\src\codex_plugin_scanner\guard\windows_replaceable_file.py,line=101,col=5::Type of "_set_thread_local_invalid_parameter_handler" is Any (reportAny)
d:\a\hol-guard\hol-guard\candidate\src\codex_plugin_scanner\guard\windows_replaceable_file.py:108:12 - warning: Return type is Any (reportAny)
::warning file=d%3A\a\hol-guard\hol-guard\candidate\src\codex_plugin_scanner\guard\windows_replaceable_file.py,line=108,col=12::Return type is Any (reportAny)
d:\a\hol-guard\hol-guard\candidate\src\codex_plugin_scanner\guard\windows_replaceable_file.py:113:5 - warning: Type of "result" is Any (reportAny)
::warning file=d%3A\a\hol-guard\hol-guard\candidate\src\codex_plugin_scanner\guard\windows_replaceable_file.py,line=113,col=5::Type of "result" is Any (reportAny)
d:\a\hol-guard\hol-guard\candidate\src\codex_plugin_scanner\guard\windows_replaceable_file.py:113:14 - warning: Type of "_get_fmode" is Any (reportAny)
::warning file=d%3A\a\hol-guard\hol-guard\candidate\src\codex_plugin_scanner\guard\windows_replaceable_file.py,line=113,col=14::Type of "_get_fmode" is Any (reportAny)
d:\a\hol-guard\hol-guard\candidate\src\codex_plugin_scanner\guard\windows_replaceable_file.py:115:23 - warning: Argument type is Any
  Argument corresponds to parameter "args" in function "__init__" (reportAny)
::warning file=d%3A\a\hol-guard\hol-guard\candidate\src\codex_plugin_scanner\guard\windows_replaceable_file.py,line=115,col=23::Argument type is Any%0A  Argument corresponds to parameter "args" in function "__init__" (reportAny)
d:\a\hol-guard\hol-guard\candidate\src\codex_plugin_scanner\guard\windows_replaceable_file.py:135:13 - warning: Result of call expression is of type "object" and is not used; assign to variable "_" if this is intentional (reportUnusedCallResult)
::warning file=d%3A\a\hol-guard\hol-guard\candidate\src\codex_plugin_scanner\guard\windows_replaceable_file.py,line=135,col=13::Result of call expression is of type "object" and is not used; assign to variable "_" if this is intentional (reportUnusedCallResult)
d:\a\hol-guard\hol-guard\candidate\src\codex_plugin_scanner\guard\windows_replaceable_file.py:144:5 - warning: Type of "api" is Any (reportAny)
::warning file=d%3A\a\hol-guard\hol-guard\candidate\src\codex_plugin_scanner\guard\windows_replaceable_file.py,line=144,col=5::Type of "api" is Any (reportAny)
d:\a\hol-guard\hol-guard\candidate\src\codex_plugin_scanner\guard\windows_replaceable_file.py:145:25 - warning: Type of "_guard_silent_invalid_parameter_handler" is Any (reportAny)
::warning file=d%3A\a\hol-guard\hol-guard\candidate\src\codex_plugin_scanner\guard\windows_replaceable_file.py,line=145,col=25::Type of "_guard_silent_invalid_parameter_handler" is Any (reportAny)
d:\a\hol-guard\hol-guard\candidate\src\codex_plugin_scanner\guard\windows_replaceable_file.py:145:25 - warning: Argument type is Any
  Argument corresponds to parameter "obj" in function "cast" (reportAny)
::warning file=d%3A\a\hol-guard\hol-guard\candidate\src\codex_plugin_scanner\guard\windows_replaceable_file.py,line=145,col=25::Argument type is Any%0A  Argument corresponds to parameter "obj" in function "cast" (reportAny)
d:\a\hol-guard\hol-guard\candidate\src\codex_plugin_scanner\guard\windows_replaceable_file.py:146:5 - warning: Type of "previous" is Any (reportAny)
::warning file=d%3A\a\hol-guard\hol-guard\candidate\src\codex_plugin_scanner\guard\windows_replaceable_file.py,line=146,col=5::Type of "previous" is Any (reportAny)
d:\a\hol-guard\hol-guard\candidate\src\codex_plugin_scanner\guard\windows_replaceable_file.py:146:16 - warning: Type of "_set_thread_local_invalid_parameter_handler" is Any (reportAny)
::warning file=d%3A\a\hol-guard\hol-guard\candidate\src\codex_plugin_scanner\guard\windows_replaceable_file.py,line=146,col=16::Type of "_set_thread_local_invalid_parameter_handler" is Any (reportAny)
d:\a\hol-guard\hol-guard\candidate\src\codex_plugin_scanner\guard\windows_replaceable_file.py:153:26 - warning: Type of "_wopen" is Any (reportAny)
::warning file=d%3A\a\hol-guard\hol-guard\candidate\src\codex_plugin_scanner\guard\windows_replaceable_file.py,line=153,col=26::Type of "_wopen" is Any (reportAny)
d:\a\hol-guard\hol-guard\candidate\src\codex_plugin_scanner\guard\windows_replaceable_file.py:153:26 - warning: Argument type is Any
  Argument corresponds to parameter "x" in function "__new__" (reportAny)
::warning file=d%3A\a\hol-guard\hol-guard\candidate\src\codex_plugin_scanner\guard\windows_replaceable_file.py,line=153,col=26::Argument type is Any%0A  Argument corresponds to parameter "x" in function "__new__" (reportAny)
d:\a\hol-guard\hol-guard\candidate\src\codex_plugin_scanner\guard\windows_replaceable_file.py:159:13 - warning: Type of "_set_thread_local_invalid_parameter_handler" is Any (reportAny)
::warning file=d%3A\a\hol-guard\hol-guard\candidate\src\codex_plugin_scanner\guard\windows_replaceable_file.py,line=159,col=13::Type of "_set_thread_local_invalid_parameter_handler" is Any (reportAny)
d:\a\hol-guard\hol-guard\candidate\src\codex_plugin_scanner\guard\windows_replaceable_file.py:183:9 - warning: Type of "open_osfhandle" is Any (reportAny)
::warning file=d%3A\a\hol-guard\hol-guard\candidate\src\codex_plugin_scanner\guard\windows_replaceable_file.py,line=183,col=9::Type of "open_osfhandle" is Any (reportAny)
d:\a\hol-guard\hol-guard\candidate\src\codex_plugin_scanner\guard\windows_replaceable_file.py:183:9 - warning: Argument type is Any
  Argument corresponds to parameter "x" in function "__new__" (reportAny)
::warning file=d%3A\a\hol-guard\hol-guard\candidate\src\codex_plugin_scanner\guard\windows_replaceable_file.py,line=183,col=9::Argument type is Any%0A  Argument corresponds to parameter "x" in function "__new__" (reportAny)
d:\a\hol-guard\hol-guard\candidate\src\codex_plugin_scanner\guard\windows_replaceable_file.py:190:19 - warning: Type of parameter "api" is Any (reportAny)
::warning file=d%3A\a\hol-guard\hol-guard\candidate\src\codex_plugin_scanner\guard\windows_replaceable_file.py,line=190,col=19::Type of parameter "api" is Any (reportAny)
d:\a\hol-guard\hol-guard\candidate\src\codex_plugin_scanner\guard\windows_replaceable_file.py:190:24 - warning: Type `Any` is not allowed (reportExplicitAny)
::warning file=d%3A\a\hol-guard\hol-guard\candidate\src\codex_plugin_scanner\guard\windows_replaceable_file.py,line=190,col=24::Type `Any` is not allowed (reportExplicitAny)
d:\a\hol-guard\hol-guard\candidate\src\codex_plugin_scanner\guard\windows_replaceable_file.py:195:5 - warning: Type of "file_type" is Any (reportAny)
::warning file=d%3A\a\hol-guard\hol-guard\candidate\src\codex_plugin_scanner\guard\windows_replaceable_file.py,line=195,col=5::Type of "file_type" is Any (reportAny)
d:\a\hol-guard\hol-guard\candidate\src\codex_plugin_scanner\guard\windows_replaceable_file.py:195:17 - warning: Type of "GetFileType" is Any (reportAny)
::warning file=d%3A\a\hol-guard\hol-guard\candidate\src\codex_plugin_scanner\guard\windows_replaceable_file.py,line=195,col=17::Type of "GetFileType" is Any (reportAny)
d:\a\hol-guard\hol-guard\candidate\src\codex_plugin_scanner\guard\windows_replaceable_file.py:208:5 - warning: Type of "api" is Any (reportAny)
::warning file=d%3A\a\hol-guard\hol-guard\candidate\src\codex_plugin_scanner\guard\windows_replaceable_file.py,line=208,col=5::Type of "api" is Any (reportAny)
d:\a\hol-guard\hol-guard\candidate\src\codex_plugin_scanner\guard\windows_replaceable_file.py:209:5 - warning: Type of "handle" is Any (reportAny)
::warning file=d%3A\a\hol-guard\hol-guard\candidate\src\codex_plugin_scanner\guard\windows_replaceable_file.py,line=209,col=5::Type of "handle" is Any (reportAny)
d:\a\hol-guard\hol-guard\candidate\src\codex_plugin_scanner\guard\windows_replaceable_file.py:209:14 - warning: Type of "CreateFileW" is Any (reportAny)
::warning file=d%3A\a\hol-guard\hol-guard\candidate\src\codex_plugin_scanner\guard\windows_replaceable_file.py,line=209,col=14::Type of "CreateFileW" is Any (reportAny)
d:\a\hol-guard\hol-guard\candidate\src\codex_plugin_scanner\guard\windows_replaceable_file.py:222:16 - warning: Type of "GetFileInformationByHandle" is Any (reportAny)
::warning file=d%3A\a\hol-guard\hol-guard\candidate\src\codex_plugin_scanner\guard\windows_replaceable_file.py,line=222,col=16::Type of "GetFileInformationByHandle" is Any (reportAny)
d:\a\hol-guard\hol-guard\candidate\src\codex_plugin_scanner\guard\windows_replaceable_file.py:224:16 - warning: Type of "dwFileAttributes" is Any (reportAny)
::warning file=d%3A\a\hol-guard\hol-guard\candidate\src\codex_plugin_scanner\guard\windows_replaceable_file.py,line=224,col=16::Type of "dwFileAttributes" is Any (reportAny)
d:\a\hol-guard\hol-guard\candidate\src\codex_plugin_scanner\guard\windows_replaceable_file.py:224:16 - warning: Argument type is Any
  Argument corresponds to parameter "x" in function "__new__" (reportAny)
::warning file=d%3A\a\hol-guard\hol-guard\candidate\src\codex_plugin_scanner\guard\windows_replaceable_file.py,line=224,col=16::Argument type is Any%0A  Argument corresponds to parameter "x" in function "__new__" (reportAny)
d:\a\hol-guard\hol-guard\candidate\src\codex_plugin_scanner\guard\windows_replaceable_file.py:226:28 - warning: Argument type is Any
  Argument corresponds to parameter "handle" in function "_require_disk" (reportAny)
::warning file=d%3A\a\hol-guard\hol-guard\candidate\src\codex_plugin_scanner\guard\windows_replaceable_file.py,line=226,col=28::Argument type is Any%0A  Argument corresponds to parameter "handle" in function "_require_disk" (reportAny)
d:\a\hol-guard\hol-guard\candidate\src\codex_plugin_scanner\guard\windows_replaceable_file.py:227:43 - warning: Argument type is Any
  Argument corresponds to parameter "handle" in function "_transfer_descriptor" (reportAny)
::warning file=d%3A\a\hol-guard\hol-guard\candidate\src\codex_plugin_scanner\guard\windows_replaceable_file.py,line=227,col=43::Argument type is Any%0A  Argument corresponds to parameter "handle" in function "_transfer_descriptor" (reportAny)
d:\a\hol-guard\hol-guard\candidate\src\codex_plugin_scanner\guard\windows_replaceable_file.py:232:20 - warning: Type of "CloseHandle" is Any (reportAny)
::warning file=d%3A\a\hol-guard\hol-guard\candidate\src\codex_plugin_scanner\guard\windows_replaceable_file.py,line=232,col=20::Type of "CloseHandle" is Any (reportAny)
d:\a\hol-guard\hol-guard\candidate\tests\test_guard_private_file_io.py:19:5 - warning: Result of call expression is of type "int" and is not used; assign to variable "_" if this is intentional (reportUnusedCallResult)
::warning file=d%3A\a\hol-guard\hol-guard\candidate\tests\test_guard_private_file_io.py,line=19,col=5::Result of call expression is of type "int" and is not used; assign to variable "_" if this is intentional (reportUnusedCallResult)
d:\a\hol-guard\hol-guard\candidate\tests\test_guard_private_file_io.py:21:9 - warning: Code is unreachable (reportUnreachable)
::warning file=d%3A\a\hol-guard\hol-guard\candidate\tests\test_guard_private_file_io.py,line=21,col=9::Code is unreachable (reportUnreachable)
d:\a\hol-guard\hol-guard\candidate\tests\test_guard_private_file_io.py:73:9 - warning: Result of call expression is of type "bytes | None" and is not used; assign to variable "_" if this is intentional (reportUnusedCallResult)
::warning file=d%3A\a\hol-guard\hol-guard\candidate\tests\test_guard_private_file_io.py,line=73,col=9::Result of call expression is of type "bytes | None" and is not used; assign to variable "_" if this is intentional (reportUnusedCallResult)
d:\a\hol-guard\hol-guard\candidate\tests\test_guard_private_file_io.py:75:9 - warning: Result of call expression is of type "bytes | None" and is not used; assign to variable "_" if this is intentional (reportUnusedCallResult)
::warning file=d%3A\a\hol-guard\hol-guard\candidate\tests\test_guard_private_file_io.py,line=75,col=9::Result of call expression is of type "bytes | None" and is not used; assign to variable "_" if this is intentional (reportUnusedCallResult)
d:\a\hol-guard\hol-guard\candidate\tests\test_guard_private_file_io.py:91:13 - warning: Result of call expression is of type "int" and is not used; assign to variable "_" if this is intentional (reportUnusedCallResult)
::warning file=d%3A\a\hol-guard\hol-guard\candidate\tests\test_guard_private_file_io.py,line=91,col=13::Result of call expression is of type "int" and is not used; assign to variable "_" if this is intentional (reportUnusedCallResult)
d:\a\hol-guard\hol-guard\candidate\tests\test_guard_private_file_io.py:93:17 - warning: Code is unreachable (reportUnreachable)
::warning file=d%3A\a\hol-guard\hol-guard\candidate\tests\test_guard_private_file_io.py,line=93,col=17::Code is unreachable (reportUnreachable)
d:\a\hol-guard\hol-guard\candidate\tests\test_private_reader_descriptor_guards.py:14:27 - warning: Type of parameter "change_before" is partially unknown
  Parameter type is "Unknown | None" (reportUnknownParameterType)
::warning file=d%3A\a\hol-guard\hol-guard\candidate\tests\test_private_reader_descriptor_guards.py,line=14,col=27::Type of parameter "change_before" is partially unknown%0A  Parameter type is "Unknown | None" (reportUnknownParameterType)
d:\a\hol-guard\hol-guard\candidate\tests\test_private_reader_descriptor_guards.py:14:27 - warning: Type annotation is missing for parameter "change_before" (reportMissingParameterType)
::warning file=d%3A\a\hol-guard\hol-guard\candidate\tests\test_private_reader_descriptor_guards.py,line=14,col=27::Type annotation is missing for parameter "change_before" (reportMissingParameterType)
d:\a\hol-guard\hol-guard\candidate\tests\test_private_reader_descriptor_guards.py:14:47 - warning: Type of parameter "change_after" is partially unknown
  Parameter type is "Unknown | None" (reportUnknownParameterType)
::warning file=d%3A\a\hol-guard\hol-guard\candidate\tests\test_private_reader_descriptor_guards.py,line=14,col=47::Type of parameter "change_after" is partially unknown%0A  Parameter type is "Unknown | None" (reportUnknownParameterType)
d:\a\hol-guard\hol-guard\candidate\tests\test_private_reader_descriptor_guards.py:14:47 - warning: Type annotation is missing for parameter "change_after" (reportMissingParameterType)
::warning file=d%3A\a\hol-guard\hol-guard\candidate\tests\test_private_reader_descriptor_guards.py,line=14,col=47::Type annotation is missing for parameter "change_after" (reportMissingParameterType)
d:\a\hol-guard\hol-guard\candidate\tests\test_private_reader_descriptor_guards.py:15:9 - warning: Type of "change_before" is partially unknown
  Type of "change_before" is "Unknown | dict[Unknown, Unknown]" (reportUnknownMemberType)
::warning file=d%3A\a\hol-guard\hol-guard\candidate\tests\test_private_reader_descriptor_guards.py,line=15,col=9::Type of "change_before" is partially unknown%0A  Type of "change_before" is "Unknown | dict[Unknown, Unknown]" (reportUnknownMemberType)
d:\a\hol-guard\hol-guard\candidate\tests\test_private_reader_descriptor_guards.py:15:14 - warning: Type annotation for attribute `change_before` is required because this class is not decorated with `@final` (reportUnannotatedClassAttribute)
::warning file=d%3A\a\hol-guard\hol-guard\candidate\tests\test_private_reader_descriptor_guards.py,line=15,col=14::Type annotation for attribute `change_before` is required because this class is not decorated with `@final` (reportUnannotatedClassAttribute)
d:\a\hol-guard\hol-guard\candidate\tests\test_private_reader_descriptor_guards.py:16:9 - warning: Type of "change_after" is partially unknown
  Type of "change_after" is "Unknown | dict[Unknown, Unknown]" (reportUnknownMemberType)
::warning file=d%3A\a\hol-guard\hol-guard\candidate\tests\test_private_reader_descriptor_guards.py,line=16,col=9::Type of "change_after" is partially unknown%0A  Type of "change_after" is "Unknown | dict[Unknown, Unknown]" (reportUnknownMemberType)
d:\a\hol-guard\hol-guard\candidate\tests\test_private_reader_descriptor_guards.py:16:14 - warning: Type annotation for attribute `change_after` is required because this class is not decorated with `@final` (reportUnannotatedClassAttribute)
::warning file=d%3A\a\hol-guard\hol-guard\candidate\tests\test_private_reader_descriptor_guards.py,line=16,col=14::Type annotation for attribute `change_after` is required because this class is not decorated with `@final` (reportUnannotatedClassAttribute)
d:\a\hol-guard\hol-guard\candidate\tests\test_private_reader_descriptor_guards.py:17:14 - warning: Type annotation for attribute `fstat_calls` is required because this class is not decorated with `@final` (reportUnannotatedClassAttribute)
::warning file=d%3A\a\hol-guard\hol-guard\candidate\tests\test_private_reader_descriptor_guards.py,line=17,col=14::Type annotation for attribute `fstat_calls` is required because this class is not decorated with `@final` (reportUnannotatedClassAttribute)
d:\a\hol-guard\hol-guard\candidate\tests\test_private_reader_descriptor_guards.py:18:14 - warning: Type annotation for attribute `read_calls` is required because this class is not decorated with `@final` (reportUnannotatedClassAttribute)
::warning file=d%3A\a\hol-guard\hol-guard\candidate\tests\test_private_reader_descriptor_guards.py,line=18,col=14::Type annotation for attribute `read_calls` is required because this class is not decorated with `@final` (reportUnannotatedClassAttribute)
d:\a\hol-guard\hol-guard\candidate\tests\test_private_reader_descriptor_guards.py:19:14 - warning: Type annotation for attribute `closed` is required because this class is not decorated with `@final` (reportUnannotatedClassAttribute)
::warning file=d%3A\a\hol-guard\hol-guard\candidate\tests\test_private_reader_descriptor_guards.py,line=19,col=14::Type annotation for attribute `closed` is required because this class is not decorated with `@final` (reportUnannotatedClassAttribute)
d:\a\hol-guard\hol-guard\candidate\tests\test_private_reader_descriptor_guards.py:21:9 - warning: Return type is Any (reportAny)
::warning file=d%3A\a\hol-guard\hol-guard\candidate\tests\test_private_reader_descriptor_guards.py,line=21,col=9::Return type is Any (reportAny)
d:\a\hol-guard\hol-guard\candidate\tests\test_private_reader_descriptor_guards.py:21:27 - warning: Type of parameter "name" is unknown (reportUnknownParameterType)
::warning file=d%3A\a\hol-guard\hol-guard\candidate\tests\test_private_reader_descriptor_guards.py,line=21,col=27::Type of parameter "name" is unknown (reportUnknownParameterType)
d:\a\hol-guard\hol-guard\candidate\tests\test_private_reader_descriptor_guards.py:21:27 - warning: Type annotation is missing for parameter "name" (reportMissingParameterType)
::warning file=d%3A\a\hol-guard\hol-guard\candidate\tests\test_private_reader_descriptor_guards.py,line=21,col=27::Type annotation is missing for parameter "name" (reportMissingParameterType)
d:\a\hol-guard\hol-guard\candidate\tests\test_private_reader_descriptor_guards.py:22:16 - warning: Return type is Any (reportAny)
::warning file=d%3A\a\hol-guard\hol-guard\candidate\tests\test_private_reader_descriptor_guards.py,line=22,col=16::Return type is Any (reportAny)
d:\a\hol-guard\hol-guard\candidate\tests\test_private_reader_descriptor_guards.py:22:28 - warning: Argument type is unknown
  Argument corresponds to parameter "name" in function "getattr" (reportUnknownArgumentType)
::warning file=d%3A\a\hol-guard\hol-guard\candidate\tests\test_private_reader_descriptor_guards.py,line=22,col=28::Argument type is unknown%0A  Argument corresponds to parameter "name" in function "getattr" (reportUnknownArgumentType)
d:\a\hol-guard\hol-guard\candidate\tests\test_private_reader_descriptor_guards.py:24:21 - warning: Type of parameter "descriptor" is unknown (reportUnknownParameterType)
::warning file=d%3A\a\hol-guard\hol-guard\candidate\tests\test_private_reader_descriptor_guards.py,line=24,col=21::Type of parameter "descriptor" is unknown (reportUnknownParameterType)
d:\a\hol-guard\hol-guard\candidate\tests\test_private_reader_descriptor_guards.py:24:21 - warning: Type annotation is missing for parameter "descriptor" (reportMissingParameterType)
::warning file=d%3A\a\hol-guard\hol-guard\candidate\tests\test_private_reader_descriptor_guards.py,line=24,col=21::Type annotation is missing for parameter "descriptor" (reportMissingParameterType)
d:\a\hol-guard\hol-guard\candidate\tests\test_private_reader_descriptor_guards.py:26:29 - warning: Argument type is unknown
  Argument corresponds to parameter "fd" in function "fstat" (reportUnknownArgumentType)
::warning file=d%3A\a\hol-guard\hol-guard\candidate\tests\test_private_reader_descriptor_guards.py,line=26,col=29::Argument type is unknown%0A  Argument corresponds to parameter "fd" in function "fstat" (reportUnknownArgumentType)
d:\a\hol-guard\hol-guard\candidate\tests\test_private_reader_descriptor_guards.py:31:9 - warning: Type of "changes" is partially unknown
  Type of "changes" is "Unknown | dict[Unknown, Unknown]" (reportUnknownVariableType)
::warning file=d%3A\a\hol-guard\hol-guard\candidate\tests\test_private_reader_descriptor_guards.py,line=31,col=9::Type of "changes" is partially unknown%0A  Type of "changes" is "Unknown | dict[Unknown, Unknown]" (reportUnknownVariableType)
d:\a\hol-guard\hol-guard\candidate\tests\test_private_reader_descriptor_guards.py:31:19 - warning: Type of "change_before" is partially unknown
  Type of "change_before" is "Unknown | dict[Unknown, Unknown]" (reportUnknownMemberType)
::warning file=d%3A\a\hol-guard\hol-guard\candidate\tests\test_private_reader_descriptor_guards.py,line=31,col=19::Type of "change_before" is partially unknown%0A  Type of "change_before" is "Unknown | dict[Unknown, Unknown]" (reportUnknownMemberType)
d:\a\hol-guard\hol-guard\candidate\tests\test_private_reader_descriptor_guards.py:31:68 - warning: Type of "change_after" is partially unknown
  Type of "change_after" is "Unknown | dict[Unknown, Unknown]" (reportUnknownMemberType)
::warning file=d%3A\a\hol-guard\hol-guard\candidate\tests\test_private_reader_descriptor_guards.py,line=31,col=68::Type of "change_after" is partially unknown%0A  Type of "change_after" is "Unknown | dict[Unknown, Unknown]" (reportUnknownMemberType)
d:\a\hol-guard\hol-guard\candidate\tests\test_private_reader_descriptor_guards.py:32:13 - warning: Type of "name" is unknown (reportUnknownVariableType)
::warning file=d%3A\a\hol-guard\hol-guard\candidate\tests\test_private_reader_descriptor_guards.py,line=32,col=13::Type of "name" is unknown (reportUnknownVariableType)
d:\a\hol-guard\hol-guard\candidate\tests\test_private_reader_descriptor_guards.py:32:19 - warning: Type of "value" is unknown (reportUnknownVariableType)
::warning file=d%3A\a\hol-guard\hol-guard\candidate\tests\test_private_reader_descriptor_guards.py,line=32,col=19::Type of "value" is unknown (reportUnknownVariableType)
d:\a\hol-guard\hol-guard\candidate\tests\test_private_reader_descriptor_guards.py:32:28 - warning: Type of "items" is partially unknown
  Type of "items" is "Unknown | (() -> dict_items[Unknown, Unknown])" (reportUnknownMemberType)
::warning file=d%3A\a\hol-guard\hol-guard\candidate\tests\test_private_reader_descriptor_guards.py,line=32,col=28::Type of "items" is partially unknown%0A  Type of "items" is "Unknown | (() -> dict_items[Unknown, Unknown])" (reportUnknownMemberType)
d:\a\hol-guard\hol-guard\candidate\tests\test_private_reader_descriptor_guards.py:33:60 - warning: Argument type is unknown
  Argument corresponds to parameter "obj" in function "callable" (reportUnknownArgumentType)
::warning file=d%3A\a\hol-guard\hol-guard\candidate\tests\test_private_reader_descriptor_guards.py,line=33,col=60::Argument type is unknown%0A  Argument corresponds to parameter "obj" in function "callable" (reportUnknownArgumentType)
d:\a\hol-guard\hol-guard\candidate\tests\test_private_reader_descriptor_guards.py:36:20 - warning: Type of parameter "descriptor" is unknown (reportUnknownParameterType)
::warning file=d%3A\a\hol-guard\hol-guard\candidate\tests\test_private_reader_descriptor_guards.py,line=36,col=20::Type of parameter "descriptor" is unknown (reportUnknownParameterType)
d:\a\hol-guard\hol-guard\candidate\tests\test_private_reader_descriptor_guards.py:36:20 - warning: Type annotation is missing for parameter "descriptor" (reportMissingParameterType)
::warning file=d%3A\a\hol-guard\hol-guard\candidate\tests\test_private_reader_descriptor_guards.py,line=36,col=20::Type annotation is missing for parameter "descriptor" (reportMissingParameterType)
d:\a\hol-guard\hol-guard\candidate\tests\test_private_reader_descriptor_guards.py:36:32 - warning: Type of parameter "maximum" is unknown (reportUnknownParameterType)
::warning file=d%3A\a\hol-guard\hol-guard\candidate\tests\test_private_reader_descriptor_guards.py,line=36,col=32::Type of parameter "maximum" is unknown (reportUnknownParameterType)
d:\a\hol-guard\hol-guard\candidate\tests\test_private_reader_descriptor_guards.py:36:32 - warning: Type annotation is missing for parameter "maximum" (reportMissingParameterType)
::warning file=d%3A\a\hol-guard\hol-guard\candidate\tests\test_private_reader_descriptor_guards.py,line=36,col=32::Type annotation is missing for parameter "maximum" (reportMissingParameterType)
d:\a\hol-guard\hol-guard\candidate\tests\test_private_reader_descriptor_guards.py:38:24 - warning: Argument type is unknown
  Argument corresponds to parameter "fd" in function "read" (reportUnknownArgumentType)
::warning file=d%3A\a\hol-guard\hol-guard\candidate\tests\test_private_reader_descriptor_guards.py,line=38,col=24::Argument type is unknown%0A  Argument corresponds to parameter "fd" in function "read" (reportUnknownArgumentType)
d:\a\hol-guard\hol-guard\candidate\tests\test_private_reader_descriptor_guards.py:38:36 - warning: Argument type is unknown
  Argument corresponds to parameter "length" in function "read" (reportUnknownArgumentType)
::warning file=d%3A\a\hol-guard\hol-guard\candidate\tests\test_private_reader_descriptor_guards.py,line=38,col=36::Argument type is unknown%0A  Argument corresponds to parameter "length" in function "read" (reportUnknownArgumentType)
d:\a\hol-guard\hol-guard\candidate\tests\test_private_reader_descriptor_guards.py:40:21 - warning: Type of parameter "descriptor" is unknown (reportUnknownParameterType)
::warning file=d%3A\a\hol-guard\hol-guard\candidate\tests\test_private_reader_descriptor_guards.py,line=40,col=21::Type of parameter "descriptor" is unknown (reportUnknownParameterType)
d:\a\hol-guard\hol-guard\candidate\tests\test_private_reader_descriptor_guards.py:40:21 - warning: Type annotation is missing for parameter "descriptor" (reportMissingParameterType)
::warning file=d%3A\a\hol-guard\hol-guard\candidate\tests\test_private_reader_descriptor_guards.py,line=40,col=21::Type annotation is missing for parameter "descriptor" (reportMissingParameterType)
d:\a\hol-guard\hol-guard\candidate\tests\test_private_reader_descriptor_guards.py:41:18 - warning: Argument type is unknown
  Argument corresponds to parameter "fd" in function "close" (reportUnknownArgumentType)
::warning file=d%3A\a\hol-guard\hol-guard\candidate\tests\test_private_reader_descriptor_guards.py,line=41,col=18::Argument type is unknown%0A  Argument corresponds to parameter "fd" in function "close" (reportUnknownArgumentType)
d:\a\hol-guard\hol-guard\candidate\tests\test_private_reader_descriptor_guards.py:42:9 - warning: Type of "closed" is partially unknown
  Type of "closed" is "list[Unknown]" (reportUnknownMemberType)
::warning file=d%3A\a\hol-guard\hol-guard\candidate\tests\test_private_reader_descriptor_guards.py,line=42,col=9::Type of "closed" is partially unknown%0A  Type of "closed" is "list[Unknown]" (reportUnknownMemberType)
d:\a\hol-guard\hol-guard\candidate\tests\test_private_reader_descriptor_guards.py:42:9 - warning: Type of "append" is partially unknown
  Type of "append" is "(object: Unknown, /) -> None" (reportUnknownMemberType)
::warning file=d%3A\a\hol-guard\hol-guard\candidate\tests\test_private_reader_descriptor_guards.py,line=42,col=9::Type of "append" is partially unknown%0A  Type of "append" is "(object: Unknown, /) -> None" (reportUnknownMemberType)
d:\a\hol-guard\hol-guard\candidate\tests\test_private_reader_descriptor_guards.py:42:28 - warning: Argument type is unknown
  Argument corresponds to parameter "object" in function "append" (reportUnknownArgumentType)
::warning file=d%3A\a\hol-guard\hol-guard\candidate\tests\test_private_reader_descriptor_guards.py,line=42,col=28::Argument type is unknown%0A  Argument corresponds to parameter "object" in function "append" (reportUnknownArgumentType)
d:\a\hol-guard\hol-guard\candidate\tests\test_private_reader_descriptor_guards.py:49:5 - warning: Result of call expression is of type "int" and is not used; assign to variable "_" if this is intentional (reportUnusedCallResult)
::warning file=d%3A\a\hol-guard\hol-guard\candidate\tests\test_private_reader_descriptor_guards.py,line=49,col=5::Result of call expression is of type "int" and is not used; assign to variable "_" if this is intentional (reportUnusedCallResult)
d:\a\hol-guard\hol-guard\candidate\tests\test_private_reader_descriptor_guards.py:51:9 - warning: Code is unreachable (reportUnreachable)
::warning file=d%3A\a\hol-guard\hol-guard\candidate\tests\test_private_reader_descriptor_guards.py,line=51,col=9::Code is unreachable (reportUnreachable)
d:\a\hol-guard\hol-guard\candidate\tests\test_private_reader_descriptor_guards.py:57:5 - warning: Argument type is partially unknown
  Argument corresponds to parameter "argvalues" in function "__call__"
  Argument type is "list[dict[str, (value: Unknown) -> Unknown] | dict[str, int]]" (reportUnknownArgumentType)
::warning file=d%3A\a\hol-guard\hol-guard\candidate\tests\test_private_reader_descriptor_guards.py,line=57,col=5::Argument type is partially unknown%0A  Argument corresponds to parameter "argvalues" in function "__call__"%0A  Argument type is "list[dict[str, (value: Unknown) -> Unknown] | dict[str, int]]" (reportUnknownArgumentType)
d:\a\hol-guard\hol-guard\candidate\tests\test_private_reader_descriptor_guards.py:57:24 - warning: Type of parameter "value" is unknown (reportUnknownLambdaType)
::warning file=d%3A\a\hol-guard\hol-guard\candidate\tests\test_private_reader_descriptor_guards.py,line=57,col=24::Type of parameter "value" is unknown (reportUnknownLambdaType)
d:\a\hol-guard\hol-guard\candidate\tests\test_private_reader_descriptor_guards.py:57:31 - warning: Return type of lambda is unknown (reportUnknownLambdaType)
::warning file=d%3A\a\hol-guard\hol-guard\candidate\tests\test_private_reader_descriptor_guards.py,line=57,col=31::Return type of lambda is unknown (reportUnknownLambdaType)
d:\a\hol-guard\hol-guard\candidate\tests\test_private_reader_descriptor_guards.py:60:64 - warning: Type of parameter "tmp_path" is unknown (reportUnknownParameterType)
::warning file=d%3A\a\hol-guard\hol-guard\candidate\tests\test_private_reader_descriptor_guards.py,line=60,col=64::Type of parameter "tmp_path" is unknown (reportUnknownParameterType)
d:\a\hol-guard\hol-guard\candidate\tests\test_private_reader_descriptor_guards.py:60:64 - warning: Type annotation is missing for parameter "tmp_path" (reportMissingParameterType)
::warning file=d%3A\a\hol-guard\hol-guard\candidate\tests\test_private_reader_descriptor_guards.py,line=60,col=64::Type annotation is missing for parameter "tmp_path" (reportMissingParameterType)
d:\a\hol-guard\hol-guard\candidate\tests\test_private_reader_descriptor_guards.py:60:74 - warning: Type of parameter "monkeypatch" is unknown (reportUnknownParameterType)
::warning file=d%3A\a\hol-guard\hol-guard\candidate\tests\test_private_reader_descriptor_guards.py,line=60,col=74::Type of parameter "monkeypatch" is unknown (reportUnknownParameterType)
d:\a\hol-guard\hol-guard\candidate\tests\test_private_reader_descriptor_guards.py:60:74 - warning: Type annotation is missing for parameter "monkeypatch" (reportMissingParameterType)
::warning file=d%3A\a\hol-guard\hol-guard\candidate\tests\test_private_reader_descriptor_guards.py,line=60,col=74::Type annotation is missing for parameter "monkeypatch" (reportMissingParameterType)
d:\a\hol-guard\hol-guard\candidate\tests\test_private_reader_descriptor_guards.py:60:87 - warning: Type of parameter "change" is unknown (reportUnknownParameterType)
::warning file=d%3A\a\hol-guard\hol-guard\candidate\tests\test_private_reader_descriptor_guards.py,line=60,col=87::Type of parameter "change" is unknown (reportUnknownParameterType)
d:\a\hol-guard\hol-guard\candidate\tests\test_private_reader_descriptor_guards.py:60:87 - warning: Type annotation is missing for parameter "change" (reportMissingParameterType)
::warning file=d%3A\a\hol-guard\hol-guard\candidate\tests\test_private_reader_descriptor_guards.py,line=60,col=87::Type annotation is missing for parameter "change" (reportMissingParameterType)
d:\a\hol-guard\hol-guard\candidate\tests\test_private_reader_descriptor_guards.py:61:25 - warning: Argument type is unknown
  Argument corresponds to parameter "tmp_path" in function "_authority" (reportUnknownArgumentType)
::warning file=d%3A\a\hol-guard\hol-guard\candidate\tests\test_private_reader_descriptor_guards.py,line=61,col=25::Argument type is unknown%0A  Argument corresponds to parameter "tmp_path" in function "_authority" (reportUnknownArgumentType)
d:\a\hol-guard\hol-guard\candidate\tests\test_private_reader_descriptor_guards.py:62:50 - warning: Argument type is unknown
  Argument corresponds to parameter "change_before" in function "__init__" (reportUnknownArgumentType)
::warning file=d%3A\a\hol-guard\hol-guard\candidate\tests\test_private_reader_descriptor_guards.py,line=62,col=50::Argument type is unknown%0A  Argument corresponds to parameter "change_before" in function "__init__" (reportUnknownArgumentType)
d:\a\hol-guard\hol-guard\candidate\tests\test_private_reader_descriptor_guards.py:63:5 - warning: Type of "setattr" is unknown (reportUnknownMemberType)
::warning file=d%3A\a\hol-guard\hol-guard\candidate\tests\test_private_reader_descriptor_guards.py,line=63,col=5::Type of "setattr" is unknown (reportUnknownMemberType)
d:\a\hol-guard\hol-guard\candidate\tests\test_private_reader_descriptor_guards.py:67:16 - warning: Type of "closed" is partially unknown
  Type of "closed" is "list[Unknown]" (reportUnknownMemberType)
::warning file=d%3A\a\hol-guard\hol-guard\candidate\tests\test_private_reader_descriptor_guards.py,line=67,col=16::Type of "closed" is partially unknown%0A  Type of "closed" is "list[Unknown]" (reportUnknownMemberType)
d:\a\hol-guard\hol-guard\candidate\tests\test_private_reader_descriptor_guards.py:67:16 - warning: Argument type is partially unknown
  Argument corresponds to parameter "obj" in function "len"
  Argument type is "list[Unknown]" (reportUnknownArgumentType)
::warning file=d%3A\a\hol-guard\hol-guard\candidate\tests\test_private_reader_descriptor_guards.py,line=67,col=16::Argument type is partially unknown%0A  Argument corresponds to parameter "obj" in function "len"%0A  Argument type is "list[Unknown]" (reportUnknownArgumentType)
d:\a\hol-guard\hol-guard\candidate\tests\test_private_reader_descriptor_guards.py:69:9 - warning: Result of call expression is of type "stat_result" and is not used; assign to variable "_" if this is intentional (reportUnusedCallResult)
::warning file=d%3A\a\hol-guard\hol-guard\candidate\tests\test_private_reader_descriptor_guards.py,line=69,col=9::Result of call expression is of type "stat_result" and is not used; assign to variable "_" if this is intentional (reportUnusedCallResult)
d:\a\hol-guard\hol-guard\candidate\tests\test_private_reader_descriptor_guards.py:69:18 - warning: Type of "closed" is partially unknown
  Type of "closed" is "list[Unknown]" (reportUnknownMemberType)
::warning file=d%3A\a\hol-guard\hol-guard\candidate\tests\test_private_reader_descriptor_guards.py,line=69,col=18::Type of "closed" is partially unknown%0A  Type of "closed" is "list[Unknown]" (reportUnknownMemberType)
d:\a\hol-guard\hol-guard\candidate\tests\test_private_reader_descriptor_guards.py:69:18 - warning: Argument type is unknown
  Argument corresponds to parameter "fd" in function "fstat" (reportUnknownArgumentType)
::warning file=d%3A\a\hol-guard\hol-guard\candidate\tests\test_private_reader_descriptor_guards.py,line=69,col=18::Argument type is unknown%0A  Argument corresponds to parameter "fd" in function "fstat" (reportUnknownArgumentType)
d:\a\hol-guard\hol-guard\candidate\tests\test_private_reader_descriptor_guards.py:73:51 - warning: Type of parameter "tmp_path" is unknown (reportUnknownParameterType)
::warning file=d%3A\a\hol-guard\hol-guard\candidate\tests\test_private_reader_descriptor_guards.py,line=73,col=51::Type of parameter "tmp_path" is unknown (reportUnknownParameterType)
d:\a\hol-guard\hol-guard\candidate\tests\test_private_reader_descriptor_guards.py:73:51 - warning: Type annotation is missing for parameter "tmp_path" (reportMissingParameterType)
::warning file=d%3A\a\hol-guard\hol-guard\candidate\tests\test_private_reader_descriptor_guards.py,line=73,col=51::Type annotation is missing for parameter "tmp_path" (reportMissingParameterType)
d:\a\hol-guard\hol-guard\candidate\tests\test_private_reader_descriptor_guards.py:73:61 - warning: Type of parameter "monkeypatch" is unknown (reportUnknownParameterType)
::warning file=d%3A\a\hol-guard\hol-guard\candidate\tests\test_private_reader_descriptor_guards.py,line=73,col=61::Type of parameter "monkeypatch" is unknown (reportUnknownParameterType)
d:\a\hol-guard\hol-guard\candidate\tests\test_private_reader_descriptor_guards.py:73:61 - warning: Type annotation is missing for parameter "monkeypatch" (reportMissingParameterType)
::warning file=d%3A\a\hol-guard\hol-guard\candidate\tests\test_private_reader_descriptor_guards.py,line=73,col=61::Type annotation is missing for parameter "monkeypatch" (reportMissingParameterType)
d:\a\hol-guard\hol-guard\candidate\tests\test_private_reader_descriptor_guards.py:74:25 - warning: Argument type is unknown
  Argument corresponds to parameter "tmp_path" in function "_authority" (reportUnknownArgumentType)
::warning file=d%3A\a\hol-guard\hol-guard\candidate\tests\test_private_reader_descriptor_guards.py,line=74,col=25::Argument type is unknown%0A  Argument corresponds to parameter "tmp_path" in function "_authority" (reportUnknownArgumentType)
d:\a\hol-guard\hol-guard\candidate\tests\test_private_reader_descriptor_guards.py:75:68 - warning: Type of parameter "value" is unknown (reportUnknownLambdaType)
::warning file=d%3A\a\hol-guard\hol-guard\candidate\tests\test_private_reader_descriptor_guards.py,line=75,col=68::Type of parameter "value" is unknown (reportUnknownLambdaType)
d:\a\hol-guard\hol-guard\candidate\tests\test_private_reader_descriptor_guards.py:75:75 - warning: Return type of lambda is unknown (reportUnknownLambdaType)
::warning file=d%3A\a\hol-guard\hol-guard\candidate\tests\test_private_reader_descriptor_guards.py,line=75,col=75::Return type of lambda is unknown (reportUnknownLambdaType)
d:\a\hol-guard\hol-guard\candidate\tests\test_private_reader_descriptor_guards.py:76:5 - warning: Type of "setattr" is unknown (reportUnknownMemberType)
::warning file=d%3A\a\hol-guard\hol-guard\candidate\tests\test_private_reader_descriptor_guards.py,line=76,col=5::Type of "setattr" is unknown (reportUnknownMemberType)
d:\a\hol-guard\hol-guard\candidate\tests\test_private_reader_descriptor_guards.py:79:16 - warning: Type of "closed" is partially unknown
  Type of "closed" is "list[Unknown]" (reportUnknownMemberType)
::warning file=d%3A\a\hol-guard\hol-guard\candidate\tests\test_private_reader_descriptor_guards.py,line=79,col=16::Type of "closed" is partially unknown%0A  Type of "closed" is "list[Unknown]" (reportUnknownMemberType)
d:\a\hol-guard\hol-guard\candidate\tests\test_private_reader_descriptor_guards.py:79:16 - warning: Argument type is partially unknown
  Argument corresponds to parameter "obj" in function "len"
  Argument type is "list[Unknown]" (reportUnknownArgumentType)
::warning file=d%3A\a\hol-guard\hol-guard\candidate\tests\test_private_reader_descriptor_guards.py,line=79,col=16::Argument type is partially unknown%0A  Argument corresponds to parameter "obj" in function "len"%0A  Argument type is "list[Unknown]" (reportUnknownArgumentType)
d:\a\hol-guard\hol-guard\candidate\tests\test_private_reader_descriptor_guards.py:86:56 - warning: Type of parameter "tmp_path" is unknown (reportUnknownParameterType)
::warning file=d%3A\a\hol-guard\hol-guard\candidate\tests\test_private_reader_descriptor_guards.py,line=86,col=56::Type of parameter "tmp_path" is unknown (reportUnknownParameterType)
d:\a\hol-guard\hol-guard\candidate\tests\test_private_reader_descriptor_guards.py:86:56 - warning: Type annotation is missing for parameter "tmp_path" (reportMissingParameterType)
::warning file=d%3A\a\hol-guard\hol-guard\candidate\tests\test_private_reader_descriptor_guards.py,line=86,col=56::Type annotation is missing for parameter "tmp_path" (reportMissingParameterType)
d:\a\hol-guard\hol-guard\candidate\tests\test_private_reader_descriptor_guards.py:86:66 - warning: Type of parameter "monkeypatch" is unknown (reportUnknownParameterType)
::warning file=d%3A\a\hol-guard\hol-guard\candidate\tests\test_private_reader_descriptor_guards.py,line=86,col=66::Type of parameter "monkeypatch" is unknown (reportUnknownParameterType)
d:\a\hol-guard\hol-guard\candidate\tests\test_private_reader_descriptor_guards.py:86:66 - warning: Type annotation is missing for parameter "monkeypatch" (reportMissingParameterType)
::warning file=d%3A\a\hol-guard\hol-guard\candidate\tests\test_private_reader_descriptor_guards.py,line=86,col=66::Type annotation is missing for parameter "monkeypatch" (reportMissingParameterType)
d:\a\hol-guard\hol-guard\candidate\tests\test_private_reader_descriptor_guards.py:86:79 - warning: Type of parameter "field" is unknown (reportUnknownParameterType)
::warning file=d%3A\a\hol-guard\hol-guard\candidate\tests\test_private_reader_descriptor_guards.py,line=86,col=79::Type of parameter "field" is unknown (reportUnknownParameterType)
d:\a\hol-guard\hol-guard\candidate\tests\test_private_reader_descriptor_guards.py:86:79 - warning: Type annotation is missing for parameter "field" (reportMissingParameterType)
::warning file=d%3A\a\hol-guard\hol-guard\candidate\tests\test_private_reader_descriptor_guards.py,line=86,col=79::Type annotation is missing for parameter "field" (reportMissingParameterType)
d:\a\hol-guard\hol-guard\candidate\tests\test_private_reader_descriptor_guards.py:87:25 - warning: Argument type is unknown
  Argument corresponds to parameter "tmp_path" in function "_authority" (reportUnknownArgumentType)
::warning file=d%3A\a\hol-guard\hol-guard\candidate\tests\test_private_reader_descriptor_guards.py,line=87,col=25::Argument type is unknown%0A  Argument corresponds to parameter "tmp_path" in function "_authority" (reportUnknownArgumentType)
d:\a\hol-guard\hol-guard\candidate\tests\test_private_reader_descriptor_guards.py:88:64 - warning: Type of parameter "value" is unknown (reportUnknownLambdaType)
::warning file=d%3A\a\hol-guard\hol-guard\candidate\tests\test_private_reader_descriptor_guards.py,line=88,col=64::Type of parameter "value" is unknown (reportUnknownLambdaType)
d:\a\hol-guard\hol-guard\candidate\tests\test_private_reader_descriptor_guards.py:88:71 - warning: Return type of lambda is unknown (reportUnknownLambdaType)
::warning file=d%3A\a\hol-guard\hol-guard\candidate\tests\test_private_reader_descriptor_guards.py,line=88,col=71::Return type of lambda is unknown (reportUnknownLambdaType)
d:\a\hol-guard\hol-guard\candidate\tests\test_private_reader_descriptor_guards.py:89:5 - warning: Type of "setattr" is unknown (reportUnknownMemberType)
::warning file=d%3A\a\hol-guard\hol-guard\candidate\tests\test_private_reader_descriptor_guards.py,line=89,col=5::Type of "setattr" is unknown (reportUnknownMemberType)
d:\a\hol-guard\hol-guard\candidate\tests\test_private_reader_descriptor_guards.py:93:16 - warning: Type of "closed" is partially unknown
  Type of "closed" is "list[Unknown]" (reportUnknownMemberType)
::warning file=d%3A\a\hol-guard\hol-guard\candidate\tests\test_private_reader_descriptor_guards.py,line=93,col=16::Type of "closed" is partially unknown%0A  Type of "closed" is "list[Unknown]" (reportUnknownMemberType)
d:\a\hol-guard\hol-guard\candidate\tests\test_private_reader_descriptor_guards.py:93:16 - warning: Argument type is partially unknown
  Argument corresponds to parameter "obj" in function "len"
  Argument type is "list[Unknown]" (reportUnknownArgumentType)
::warning file=d%3A\a\hol-guard\hol-guard\candidate\tests\test_private_reader_descriptor_guards.py,line=93,col=16::Argument type is partially unknown%0A  Argument corresponds to parameter "obj" in function "len"%0A  Argument type is "list[Unknown]" (reportUnknownArgumentType)
d:\a\hol-guard\hol-guard\candidate\tests\test_private_reader_descriptor_guards.py:96:62 - warning: Type of parameter "tmp_path" is unknown (reportUnknownParameterType)
::warning file=d%3A\a\hol-guard\hol-guard\candidate\tests\test_private_reader_descriptor_guards.py,line=96,col=62::Type of parameter "tmp_path" is unknown (reportUnknownParameterType)
d:\a\hol-guard\hol-guard\candidate\tests\test_private_reader_descriptor_guards.py:96:62 - warning: Type annotation is missing for parameter "tmp_path" (reportMissingParameterType)
::warning file=d%3A\a\hol-guard\hol-guard\candidate\tests\test_private_reader_descriptor_guards.py,line=96,col=62::Type annotation is missing for parameter "tmp_path" (reportMissingParameterType)
d:\a\hol-guard\hol-guard\candidate\tests\test_private_reader_descriptor_guards.py:96:72 - warning: Type of parameter "monkeypatch" is unknown (reportUnknownParameterType)
::warning file=d%3A\a\hol-guard\hol-guard\candidate\tests\test_private_reader_descriptor_guards.py,line=96,col=72::Type of parameter "monkeypatch" is unknown (reportUnknownParameterType)
d:\a\hol-guard\hol-guard\candidate\tests\test_private_reader_descriptor_guards.py:96:72 - warning: Type annotation is missing for parameter "monkeypatch" (reportMissingParameterType)
::warning file=d%3A\a\hol-guard\hol-guard\candidate\tests\test_private_reader_descriptor_guards.py,line=96,col=72::Type annotation is missing for parameter "monkeypatch" (reportMissingParameterType)
d:\a\hol-guard\hol-guard\candidate\tests\test_private_reader_descriptor_guards.py:97:25 - warning: Argument type is unknown
  Argument corresponds to parameter "tmp_path" in function "_authority" (reportUnknownArgumentType)
::warning file=d%3A\a\hol-guard\hol-guard\candidate\tests\test_private_reader_descriptor_guards.py,line=97,col=25::Argument type is unknown%0A  Argument corresponds to parameter "tmp_path" in function "_authority" (reportUnknownArgumentType)
d:\a\hol-guard\hol-guard\candidate\tests\test_private_reader_descriptor_guards.py:101:19 - warning: Type of parameter "_descriptor" is unknown (reportUnknownParameterType)
::warning file=d%3A\a\hol-guard\hol-guard\candidate\tests\test_private_reader_descriptor_guards.py,line=101,col=19::Type of parameter "_descriptor" is unknown (reportUnknownParameterType)
d:\a\hol-guard\hol-guard\candidate\tests\test_private_reader_descriptor_guards.py:101:19 - warning: Type annotation is missing for parameter "_descriptor" (reportMissingParameterType)
::warning file=d%3A\a\hol-guard\hol-guard\candidate\tests\test_private_reader_descriptor_guards.py,line=101,col=19::Type annotation is missing for parameter "_descriptor" (reportMissingParameterType)
d:\a\hol-guard\hol-guard\candidate\tests\test_private_reader_descriptor_guards.py:101:32 - warning: Type of parameter "_maximum" is unknown (reportUnknownParameterType)
::warning file=d%3A\a\hol-guard\hol-guard\candidate\tests\test_private_reader_descriptor_guards.py,line=101,col=32::Type of parameter "_maximum" is unknown (reportUnknownParameterType)
d:\a\hol-guard\hol-guard\candidate\tests\test_private_reader_descriptor_guards.py:101:32 - warning: Type annotation is missing for parameter "_maximum" (reportMissingParameterType)
::warning file=d%3A\a\hol-guard\hol-guard\candidate\tests\test_private_reader_descriptor_guards.py,line=101,col=32::Type annotation is missing for parameter "_maximum" (reportMissingParameterType)
d:\a\hol-guard\hol-guard\candidate\tests\test_private_reader_descriptor_guards.py:104:5 - warning: Type of "setattr" is unknown (reportUnknownMemberType)
::warning file=d%3A\a\hol-guard\hol-guard\candidate\tests\test_private_reader_descriptor_guards.py,line=104,col=5::Type of "setattr" is unknown (reportUnknownMemberType)
d:\a\hol-guard\hol-guard\candidate\tests\test_private_reader_descriptor_guards.py:105:5 - warning: Type of "setattr" is unknown (reportUnknownMemberType)
::warning file=d%3A\a\hol-guard\hol-guard\candidate\tests\test_private_reader_descriptor_guards.py,line=105,col=5::Type of "setattr" is unknown (reportUnknownMemberType)
d:\a\hol-guard\hol-guard\candidate\tests\test_private_reader_descriptor_guards.py:107:9 - warning: Result of call expression is of type "bytes | None" and is not used; assign to variable "_" if this is intentional (reportUnusedCallResult)
::warning file=d%3A\a\hol-guard\hol-guard\candidate\tests\test_private_reader_descriptor_guards.py,line=107,col=9::Result of call expression is of type "bytes | None" and is not used; assign to variable "_" if this is intentional (reportUnusedCallResult)
d:\a\hol-guard\hol-guard\candidate\tests\test_private_reader_descriptor_guards.py:109:16 - warning: Type of "closed" is partially unknown
  Type of "closed" is "list[Unknown]" (reportUnknownMemberType)
::warning file=d%3A\a\hol-guard\hol-guard\candidate\tests\test_private_reader_descriptor_guards.py,line=109,col=16::Type of "closed" is partially unknown%0A  Type of "closed" is "list[Unknown]" (reportUnknownMemberType)
d:\a\hol-guard\hol-guard\candidate\tests\test_private_reader_descriptor_guards.py:109:16 - warning: Argument type is partially unknown
  Argument corresponds to parameter "obj" in function "len"
  Argument type is "list[Unknown]" (reportUnknownArgumentType)
::warning file=d%3A\a\hol-guard\hol-guard\candidate\tests\test_private_reader_descriptor_guards.py,line=109,col=16::Argument type is partially unknown%0A  Argument corresponds to parameter "obj" in function "len"%0A  Argument type is "list[Unknown]" (reportUnknownArgumentType)
d:\a\hol-guard\hol-guard\candidate\tests\test_private_reader_descriptor_guards.py:112:73 - warning: Type of parameter "tmp_path" is unknown (reportUnknownParameterType)
::warning file=d%3A\a\hol-guard\hol-guard\candidate\tests\test_private_reader_descriptor_guards.py,line=112,col=73::Type of parameter "tmp_path" is unknown (reportUnknownParameterType)
d:\a\hol-guard\hol-guard\candidate\tests\test_private_reader_descriptor_guards.py:112:73 - warning: Type annotation is missing for parameter "tmp_path" (reportMissingParameterType)
::warning file=d%3A\a\hol-guard\hol-guard\candidate\tests\test_private_reader_descriptor_guards.py,line=112,col=73::Type annotation is missing for parameter "tmp_path" (reportMissingParameterType)
d:\a\hol-guard\hol-guard\candidate\tests\test_private_reader_descriptor_guards.py:118:5 - warning: Type of "home" is unknown (reportUnknownVariableType)
::warning file=d%3A\a\hol-guard\hol-guard\candidate\tests\test_private_reader_descriptor_guards.py,line=118,col=5::Type of "home" is unknown (reportUnknownVariableType)
d:\a\hol-guard\hol-guard\candidate\tests\test_private_reader_descriptor_guards.py:119:13 - warning: "_ensure_private_directory" is private and used outside of the module in which it is declared (reportPrivateUsage)
::warning file=d%3A\a\hol-guard\hol-guard\candidate\tests\test_private_reader_descriptor_guards.py,line=119,col=13::"_ensure_private_directory" is private and used outside of the module in which it is declared (reportPrivateUsage)
d:\a\hol-guard\hol-guard\candidate\tests\test_private_reader_descriptor_guards.py:119:39 - warning: Argument type is unknown
  Argument corresponds to parameter "path" in function "_ensure_private_directory" (reportUnknownArgumentType)
::warning file=d%3A\a\hol-guard\hol-guard\candidate\tests\test_private_reader_descriptor_guards.py,line=119,col=39::Argument type is unknown%0A  Argument corresponds to parameter "path" in function "_ensure_private_directory" (reportUnknownArgumentType)
d:\a\hol-guard\hol-guard\candidate\tests\test_private_reader_descriptor_guards.py:120:13 - warning: "_write_private_atomic_text" is private and used outside of the module in which it is declared (reportPrivateUsage)
::warning file=d%3A\a\hol-guard\hol-guard\candidate\tests\test_private_reader_descriptor_guards.py,line=120,col=13::"_write_private_atomic_text" is private and used outside of the module in which it is declared (reportPrivateUsage)
d:\a\hol-guard\hol-guard\candidate\tests\test_private_reader_descriptor_guards.py:120:40 - warning: Argument type is unknown
  Argument corresponds to parameter "path" in function "_write_private_atomic_text" (reportUnknownArgumentType)
::warning file=d%3A\a\hol-guard\hol-guard\candidate\tests\test_private_reader_descriptor_guards.py,line=120,col=40::Argument type is unknown%0A  Argument corresponds to parameter "path" in function "_write_private_atomic_text" (reportUnknownArgumentType)
d:\a\hol-guard\hol-guard\candidate\tests\test_private_reader_descriptor_guards.py:123:9 - warning: Result of call expression is of type "str" and is not used; assign to variable "_" if this is intentional (reportUnusedCallResult)
::warning file=d%3A\a\hol-guard\hol-guard\candidate\tests\test_private_reader_descriptor_guards.py,line=123,col=9::Result of call expression is of type "str" and is not used; assign to variable "_" if this is intentional (reportUnusedCallResult)
d:\a\hol-guard\hol-guard\candidate\tests\test_private_reader_descriptor_guards.py:123:32 - warning: "_daemon_auth_token" is private and used outside of the module in which it is declared (reportPrivateUsage)
::warning file=d%3A\a\hol-guard\hol-guard\candidate\tests\test_private_reader_descriptor_guards.py,line=123,col=32::"_daemon_auth_token" is private and used outside of the module in which it is declared (reportPrivateUsage)
d:\a\hol-guard\hol-guard\candidate\tests\test_private_reader_descriptor_guards.py:123:51 - warning: Argument type is unknown
  Argument corresponds to parameter "state_path" in function "_daemon_auth_token" (reportUnknownArgumentType)
::warning file=d%3A\a\hol-guard\hol-guard\candidate\tests\test_private_reader_descriptor_guards.py,line=123,col=51::Argument type is unknown%0A  Argument corresponds to parameter "state_path" in function "_daemon_auth_token" (reportUnknownArgumentType)
d:\a\hol-guard\hol-guard\candidate\tests\test_windows_atomic_replace.py:17:5 - warning: Return type, "tuple[Unknown, Unknown, SimpleNamespace, list[tuple[Any, ...]]]", is partially unknown (reportUnknownParameterType)
::warning file=d%3A\a\hol-guard\hol-guard\candidate\tests\test_windows_atomic_replace.py,line=17,col=5::Return type, "tuple[Unknown, Unknown, SimpleNamespace, list[tuple[Any, ...]]]", is partially unknown (reportUnknownParameterType)
d:\a\hol-guard\hol-guard\candidate\tests\test_windows_atomic_replace.py:17:15 - warning: Type of parameter "monkeypatch" is unknown (reportUnknownParameterType)
::warning file=d%3A\a\hol-guard\hol-guard\candidate\tests\test_windows_atomic_replace.py,line=17,col=15::Type of parameter "monkeypatch" is unknown (reportUnknownParameterType)
d:\a\hol-guard\hol-guard\candidate\tests\test_windows_atomic_replace.py:17:15 - warning: Type annotation is missing for parameter "monkeypatch" (reportMissingParameterType)
::warning file=d%3A\a\hol-guard\hol-guard\candidate\tests\test_windows_atomic_replace.py,line=17,col=15::Type annotation is missing for parameter "monkeypatch" (reportMissingParameterType)
d:\a\hol-guard\hol-guard\candidate\tests\test_windows_atomic_replace.py:17:28 - warning: Type of parameter "tmp_path" is unknown (reportUnknownParameterType)
::warning file=d%3A\a\hol-guard\hol-guard\candidate\tests\test_windows_atomic_replace.py,line=17,col=28::Type of parameter "tmp_path" is unknown (reportUnknownParameterType)
d:\a\hol-guard\hol-guard\candidate\tests\test_windows_atomic_replace.py:17:28 - warning: Type annotation is missing for parameter "tmp_path" (reportMissingParameterType)
::warning file=d%3A\a\hol-guard\hol-guard\candidate\tests\test_windows_atomic_replace.py,line=17,col=28::Type annotation is missing for parameter "tmp_path" (reportMissingParameterType)
d:\a\hol-guard\hol-guard\candidate\tests\test_windows_atomic_replace.py:18:23 - warning: Type `Any` is not allowed (reportExplicitAny)
::warning file=d%3A\a\hol-guard\hol-guard\candidate\tests\test_windows_atomic_replace.py,line=18,col=23::Type `Any` is not allowed (reportExplicitAny)
d:\a\hol-guard\hol-guard\candidate\tests\test_windows_atomic_replace.py:28:16 - warning: Type of parameter "handle" is unknown (reportUnknownParameterType)
::warning file=d%3A\a\hol-guard\hol-guard\candidate\tests\test_windows_atomic_replace.py,line=28,col=16::Type of parameter "handle" is unknown (reportUnknownParameterType)
d:\a\hol-guard\hol-guard\candidate\tests\test_windows_atomic_replace.py:28:16 - warning: Type annotation is missing for parameter "handle" (reportMissingParameterType)
::warning file=d%3A\a\hol-guard\hol-guard\candidate\tests\test_windows_atomic_replace.py,line=28,col=16::Type annotation is missing for parameter "handle" (reportMissingParameterType)
d:\a\hol-guard\hol-guard\candidate\tests\test_windows_atomic_replace.py:28:24 - warning: Type of parameter "name" is unknown (reportUnknownParameterType)
::warning file=d%3A\a\hol-guard\hol-guard\candidate\tests\test_windows_atomic_replace.py,line=28,col=24::Type of parameter "name" is unknown (reportUnknownParameterType)
d:\a\hol-guard\hol-guard\candidate\tests\test_windows_atomic_replace.py:28:24 - warning: Type annotation is missing for parameter "name" (reportMissingParameterType)
::warning file=d%3A\a\hol-guard\hol-guard\candidate\tests\test_windows_atomic_replace.py,line=28,col=24::Type annotation is missing for parameter "name" (reportMissingParameterType)
d:\a\hol-guard\hol-guard\candidate\tests\test_windows_atomic_replace.py:28:30 - warning: Type of parameter "size" is unknown (reportUnknownParameterType)
::warning file=d%3A\a\hol-guard\hol-guard\candidate\tests\test_windows_atomic_replace.py,line=28,col=30::Type of parameter "size" is unknown (reportUnknownParameterType)
d:\a\hol-guard\hol-guard\candidate\tests\test_windows_atomic_replace.py:28:30 - warning: Type annotation is missing for parameter "size" (reportMissingParameterType)
::warning file=d%3A\a\hol-guard\hol-guard\candidate\tests\test_windows_atomic_replace.py,line=28,col=30::Type annotation is missing for parameter "size" (reportMissingParameterType)
d:\a\hol-guard\hol-guard\candidate\tests\test_windows_atomic_replace.py:28:36 - warning: Type of parameter "serial" is unknown (reportUnknownParameterType)
::warning file=d%3A\a\hol-guard\hol-guard\candidate\tests\test_windows_atomic_replace.py,line=28,col=36::Type of parameter "serial" is unknown (reportUnknownParameterType)
d:\a\hol-guard\hol-guard\candidate\tests\test_windows_atomic_replace.py:28:36 - warning: Type annotation is missing for parameter "serial" (reportMissingParameterType)
::warning file=d%3A\a\hol-guard\hol-guard\candidate\tests\test_windows_atomic_replace.py,line=28,col=36::Type annotation is missing for parameter "serial" (reportMissingParameterType)
d:\a\hol-guard\hol-guard\candidate\tests\test_windows_atomic_replace.py:28:44 - warning: Type of parameter "maximum" is unknown (reportUnknownParameterType)
::warning file=d%3A\a\hol-guard\hol-guard\candidate\tests\test_windows_atomic_replace.py,line=28,col=44::Type of parameter "maximum" is unknown (reportUnknownParameterType)
d:\a\hol-guard\hol-guard\candidate\tests\test_windows_atomic_replace.py:28:44 - warning: Type annotation is missing for parameter "maximum" (reportMissingParameterType)
::warning file=d%3A\a\hol-guard\hol-guard\candidate\tests\test_windows_atomic_replace.py,line=28,col=44::Type annotation is missing for parameter "maximum" (reportMissingParameterType)
d:\a\hol-guard\hol-guard\candidate\tests\test_windows_atomic_replace.py:28:53 - warning: Type of parameter "flags" is unknown (reportUnknownParameterType)
::warning file=d%3A\a\hol-guard\hol-guard\candidate\tests\test_windows_atomic_replace.py,line=28,col=53::Type of parameter "flags" is unknown (reportUnknownParameterType)
d:\a\hol-guard\hol-guard\candidate\tests\test_windows_atomic_replace.py:28:53 - warning: Type annotation is missing for parameter "flags" (reportMissingParameterType)
::warning file=d%3A\a\hol-guard\hol-guard\candidate\tests\test_windows_atomic_replace.py,line=28,col=53::Type annotation is missing for parameter "flags" (reportMissingParameterType)
d:\a\hol-guard\hol-guard\candidate\tests\test_windows_atomic_replace.py:28:60 - warning: Type of parameter "filesystem" is unknown (reportUnknownParameterType)
::warning file=d%3A\a\hol-guard\hol-guard\candidate\tests\test_windows_atomic_replace.py,line=28,col=60::Type of parameter "filesystem" is unknown (reportUnknownParameterType)
d:\a\hol-guard\hol-guard\candidate\tests\test_windows_atomic_replace.py:28:60 - warning: Type annotation is missing for parameter "filesystem" (reportMissingParameterType)
::warning file=d%3A\a\hol-guard\hol-guard\candidate\tests\test_windows_atomic_replace.py,line=28,col=60::Type annotation is missing for parameter "filesystem" (reportMissingParameterType)
d:\a\hol-guard\hol-guard\candidate\tests\test_windows_atomic_replace.py:28:72 - warning: Type of parameter "filesystem_size" is unknown (reportUnknownParameterType)
::warning file=d%3A\a\hol-guard\hol-guard\candidate\tests\test_windows_atomic_replace.py,line=28,col=72::Type of parameter "filesystem_size" is unknown (reportUnknownParameterType)
d:\a\hol-guard\hol-guard\candidate\tests\test_windows_atomic_replace.py:28:72 - warning: Type annotation is missing for parameter "filesystem_size" (reportMissingParameterType)
::warning file=d%3A\a\hol-guard\hol-guard\candidate\tests\test_windows_atomic_replace.py,line=28,col=72::Type annotation is missing for parameter "filesystem_size" (reportMissingParameterType)
d:\a\hol-guard\hol-guard\candidate\tests\test_windows_atomic_replace.py:29:22 - warning: Argument type is partially unknown
  Argument corresponds to parameter "object" in function "append"
  Argument type is "tuple[Literal['volume'], Unknown, Unknown, Unknown, Unknown, Unknown, Unknown, Unknown]" (reportUnknownArgumentType)
::warning file=d%3A\a\hol-guard\hol-guard\candidate\tests\test_windows_atomic_replace.py,line=29,col=22::Argument type is partially unknown%0A  Argument corresponds to parameter "object" in function "append"%0A  Argument type is "tuple[Literal['volume'], Unknown, Unknown, Unknown, Unknown, Unknown, Unknown, Unknown]" (reportUnknownArgumentType)
d:\a\hol-guard\hol-guard\candidate\tests\test_windows_atomic_replace.py:30:21 - warning: Argument type is unknown
  Argument corresponds to parameter "obj" in function "cast" (reportUnknownArgumentType)
::warning file=d%3A\a\hol-guard\hol-guard\candidate\tests\test_windows_atomic_replace.py,line=30,col=21::Argument type is unknown%0A  Argument corresponds to parameter "obj" in function "cast" (reportUnknownArgumentType)
d:\a\hol-guard\hol-guard\candidate\tests\test_windows_atomic_replace.py:30:51 - warning: "wintypes" is not exported from module "codex_plugin_scanner.guard.windows_atomic_replace" (reportPrivateLocalImportUsage)
::warning file=d%3A\a\hol-guard\hol-guard\candidate\tests\test_windows_atomic_replace.py,line=30,col=51::"wintypes" is not exported from module "codex_plugin_scanner.guard.windows_atomic_replace" (reportPrivateLocalImportUsage)
d:\a\hol-guard\hol-guard\candidate\tests\test_windows_atomic_replace.py:30:85 - warning: Type of "flags" is Any (reportAny)
::warning file=d%3A\a\hol-guard\hol-guard\candidate\tests\test_windows_atomic_replace.py,line=30,col=85::Type of "flags" is Any (reportAny)
d:\a\hol-guard\hol-guard\candidate\tests\test_windows_atomic_replace.py:31:20 - warning: Type of "succeeded" is Any (reportAny)
::warning file=d%3A\a\hol-guard\hol-guard\candidate\tests\test_windows_atomic_replace.py,line=31,col=20::Type of "succeeded" is Any (reportAny)
d:\a\hol-guard\hol-guard\candidate\tests\test_windows_atomic_replace.py:31:20 - warning: Argument type is Any
  Argument corresponds to parameter "x" in function "__new__" (reportAny)
::warning file=d%3A\a\hol-guard\hol-guard\candidate\tests\test_windows_atomic_replace.py,line=31,col=20::Argument type is Any%0A  Argument corresponds to parameter "x" in function "__new__" (reportAny)
d:\a\hol-guard\hol-guard\candidate\tests\test_windows_atomic_replace.py:33:18 - warning: Type of parameter "api" is unknown (reportUnknownParameterType)
::warning file=d%3A\a\hol-guard\hol-guard\candidate\tests\test_windows_atomic_replace.py,line=33,col=18::Type of parameter "api" is unknown (reportUnknownParameterType)
d:\a\hol-guard\hol-guard\candidate\tests\test_windows_atomic_replace.py:33:18 - warning: Type annotation is missing for parameter "api" (reportMissingParameterType)
::warning file=d%3A\a\hol-guard\hol-guard\candidate\tests\test_windows_atomic_replace.py,line=33,col=18::Type annotation is missing for parameter "api" (reportMissingParameterType)
d:\a\hol-guard\hol-guard\candidate\tests\test_windows_atomic_replace.py:33:18 - warning: "api" is not accessed (reportUnusedParameter)
::warning file=d%3A\a\hol-guard\hol-guard\candidate\tests\test_windows_atomic_replace.py,line=33,col=18::"api" is not accessed (reportUnusedParameter)
d:\a\hol-guard\hol-guard\candidate\tests\test_windows_atomic_replace.py:33:23 - warning: Type of parameter "handle" is unknown (reportUnknownParameterType)
::warning file=d%3A\a\hol-guard\hol-guard\candidate\tests\test_windows_atomic_replace.py,line=33,col=23::Type of parameter "handle" is unknown (reportUnknownParameterType)
d:\a\hol-guard\hol-guard\candidate\tests\test_windows_atomic_replace.py:33:23 - warning: Type annotation is missing for parameter "handle" (reportMissingParameterType)
::warning file=d%3A\a\hol-guard\hol-guard\candidate\tests\test_windows_atomic_replace.py,line=33,col=23::Type annotation is missing for parameter "handle" (reportMissingParameterType)
d:\a\hol-guard\hol-guard\candidate\tests\test_windows_atomic_replace.py:33:33 - warning: Type of parameter "arguments" is unknown (reportUnknownParameterType)
::warning file=d%3A\a\hol-guard\hol-guard\candidate\tests\test_windows_atomic_replace.py,line=33,col=33::Type of parameter "arguments" is unknown (reportUnknownParameterType)
d:\a\hol-guard\hol-guard\candidate\tests\test_windows_atomic_replace.py:33:33 - warning: Type annotation is missing for parameter "arguments" (reportMissingParameterType)
::warning file=d%3A\a\hol-guard\hol-guard\candidate\tests\test_windows_atomic_replace.py,line=33,col=33::Type annotation is missing for parameter "arguments" (reportMissingParameterType)
d:\a\hol-guard\hol-guard\candidate\tests\test_windows_atomic_replace.py:34:22 - warning: Argument type is partially unknown
  Argument corresponds to parameter "object" in function "append"
  Argument type is "tuple[Literal['metadata'], Unknown, dict[str, Unknown]]" (reportUnknownArgumentType)
::warning file=d%3A\a\hol-guard\hol-guard\candidate\tests\test_windows_atomic_replace.py,line=34,col=22::Argument type is partially unknown%0A  Argument corresponds to parameter "object" in function "append"%0A  Argument type is "tuple[Literal['metadata'], Unknown, dict[str, Unknown]]" (reportUnknownArgumentType)
d:\a\hol-guard\hol-guard\candidate\tests\test_windows_atomic_replace.py:38:5 - warning: Type of "setattr" is unknown (reportUnknownMemberType)
::warning file=d%3A\a\hol-guard\hol-guard\candidate\tests\test_windows_atomic_replace.py,line=38,col=5::Type of "setattr" is unknown (reportUnknownMemberType)
d:\a\hol-guard\hol-guard\candidate\tests\test_windows_atomic_replace.py:39:5 - warning: Type of "setattr" is unknown (reportUnknownMemberType)
::warning file=d%3A\a\hol-guard\hol-guard\candidate\tests\test_windows_atomic_replace.py,line=39,col=5::Type of "setattr" is unknown (reportUnknownMemberType)
d:\a\hol-guard\hol-guard\candidate\tests\test_windows_atomic_replace.py:42:5 - warning: Type of "setattr" is unknown (reportUnknownMemberType)
::warning file=d%3A\a\hol-guard\hol-guard\candidate\tests\test_windows_atomic_replace.py,line=42,col=5::Type of "setattr" is unknown (reportUnknownMemberType)
d:\a\hol-guard\hol-guard\candidate\tests\test_windows_atomic_replace.py:45:46 - warning: Type of parameter "_name" is unknown (reportUnknownLambdaType)
::warning file=d%3A\a\hol-guard\hol-guard\candidate\tests\test_windows_atomic_replace.py,line=45,col=46::Type of parameter "_name" is unknown (reportUnknownLambdaType)
d:\a\hol-guard\hol-guard\candidate\tests\test_windows_atomic_replace.py:45:90 - warning: Type of parameter "descriptor" is unknown (reportUnknownLambdaType)
::warning file=d%3A\a\hol-guard\hol-guard\candidate\tests\test_windows_atomic_replace.py,line=45,col=90::Type of parameter "descriptor" is unknown (reportUnknownLambdaType)
d:\a\hol-guard\hol-guard\candidate\tests\test_windows_atomic_replace.py:45:102 - warning: Return type of lambda is unknown (reportUnknownLambdaType)
::warning file=d%3A\a\hol-guard\hol-guard\candidate\tests\test_windows_atomic_replace.py,line=45,col=102::Return type of lambda is unknown (reportUnknownLambdaType)
d:\a\hol-guard\hol-guard\candidate\tests\test_windows_atomic_replace.py:47:5 - warning: Type of "setattr" is unknown (reportUnknownMemberType)
::warning file=d%3A\a\hol-guard\hol-guard\candidate\tests\test_windows_atomic_replace.py,line=47,col=5::Type of "setattr" is unknown (reportUnknownMemberType)
d:\a\hol-guard\hol-guard\candidate\tests\test_windows_atomic_replace.py:48:5 - warning: Type of "setattr" is unknown (reportUnknownMemberType)
::warning file=d%3A\a\hol-guard\hol-guard\candidate\tests\test_windows_atomic_replace.py,line=48,col=5::Type of "setattr" is unknown (reportUnknownMemberType)
d:\a\hol-guard\hol-guard\candidate\tests\test_windows_atomic_replace.py:49:12 - warning: Return type, "tuple[Unknown, Unknown, SimpleNamespace, list[tuple[Any, ...]]]", is partially unknown (reportUnknownVariableType)
::warning file=d%3A\a\hol-guard\hol-guard\candidate\tests\test_windows_atomic_replace.py,line=49,col=12::Return type, "tuple[Unknown, Unknown, SimpleNamespace, list[tuple[Any, ...]]]", is partially unknown (reportUnknownVariableType)
d:\a\hol-guard\hol-guard\candidate\tests\test_windows_atomic_replace.py:53:69 - warning: Type of parameter "admission" is unknown (reportUnknownParameterType)
::warning file=d%3A\a\hol-guard\hol-guard\candidate\tests\test_windows_atomic_replace.py,line=53,col=69::Type of parameter "admission" is unknown (reportUnknownParameterType)
d:\a\hol-guard\hol-guard\candidate\tests\test_windows_atomic_replace.py:53:69 - warning: Type annotation is missing for parameter "admission" (reportMissingParameterType)
::warning file=d%3A\a\hol-guard\hol-guard\candidate\tests\test_windows_atomic_replace.py,line=53,col=69::Type annotation is missing for parameter "admission" (reportMissingParameterType)
d:\a\hol-guard\hol-guard\candidate\tests\test_windows_atomic_replace.py:53:80 - warning: Type of parameter "flags" is unknown (reportUnknownParameterType)
::warning file=d%3A\a\hol-guard\hol-guard\candidate\tests\test_windows_atomic_replace.py,line=53,col=80::Type of parameter "flags" is unknown (reportUnknownParameterType)
d:\a\hol-guard\hol-guard\candidate\tests\test_windows_atomic_replace.py:53:80 - warning: Type annotation is missing for parameter "flags" (reportMissingParameterType)
::warning file=d%3A\a\hol-guard\hol-guard\candidate\tests\test_windows_atomic_replace.py,line=53,col=80::Type annotation is missing for parameter "flags" (reportMissingParameterType)
d:\a\hol-guard\hol-guard\candidate\tests\test_windows_atomic_replace.py:54:5 - warning: Type of "source" is unknown (reportUnknownVariableType)
::warning file=d%3A\a\hol-guard\hol-guard\candidate\tests\test_windows_atomic_replace.py,line=54,col=5::Type of "source" is unknown (reportUnknownVariableType)
d:\a\hol-guard\hol-guard\candidate\tests\test_windows_atomic_replace.py:54:13 - warning: Type of "destination" is unknown (reportUnknownVariableType)
::warning file=d%3A\a\hol-guard\hol-guard\candidate\tests\test_windows_atomic_replace.py,line=54,col=13::Type of "destination" is unknown (reportUnknownVariableType)
d:\a\hol-guard\hol-guard\candidate\tests\test_windows_atomic_replace.py:54:26 - warning: Type of "state" is unknown (reportUnknownVariableType)
::warning file=d%3A\a\hol-guard\hol-guard\candidate\tests\test_windows_atomic_replace.py,line=54,col=26::Type of "state" is unknown (reportUnknownVariableType)
d:\a\hol-guard\hol-guard\candidate\tests\test_windows_atomic_replace.py:54:33 - warning: Type of "calls" is unknown (reportUnknownVariableType)
::warning file=d%3A\a\hol-guard\hol-guard\candidate\tests\test_windows_atomic_replace.py,line=54,col=33::Type of "calls" is unknown (reportUnknownVariableType)
d:\a\hol-guard\hol-guard\candidate\tests\test_windows_atomic_replace.py:56:40 - warning: Argument type is unknown
  Argument corresponds to parameter "source" in function "prepare_replace" (reportUnknownArgumentType)
::warning file=d%3A\a\hol-guard\hol-guard\candidate\tests\test_windows_atomic_replace.py,line=56,col=40::Argument type is unknown%0A  Argument corresponds to parameter "source" in function "prepare_replace" (reportUnknownArgumentType)
d:\a\hol-guard\hol-guard\candidate\tests\test_windows_atomic_replace.py:56:48 - warning: Argument type is unknown
  Argument corresponds to parameter "destination" in function "prepare_replace" (reportUnknownArgumentType)
::warning file=d%3A\a\hol-guard\hol-guard\candidate\tests\test_windows_atomic_replace.py,line=56,col=48::Argument type is unknown%0A  Argument corresponds to parameter "destination" in function "prepare_replace" (reportUnknownArgumentType)
d:\a\hol-guard\hol-guard\candidate\tests\test_windows_atomic_replace.py:59:62 - warning: Argument type is unknown
  Argument corresponds to parameter "object" in function "__new__" (reportUnknownArgumentType)
::warning file=d%3A\a\hol-guard\hol-guard\candidate\tests\test_windows_atomic_replace.py,line=59,col=62::Argument type is unknown%0A  Argument corresponds to parameter "object" in function "__new__" (reportUnknownArgumentType)
d:\a\hol-guard\hol-guard\candidate\tests\test_windows_atomic_replace.py:59:90 - warning: Argument type is unknown
  Argument corresponds to parameter "object" in function "__new__" (reportUnknownArgumentType)
::warning file=d%3A\a\hol-guard\hol-guard\candidate\tests\test_windows_atomic_replace.py,line=59,col=90::Argument type is unknown%0A  Argument corresponds to parameter "object" in function "__new__" (reportUnknownArgumentType)
d:\a\hol-guard\hol-guard\candidate\tests\test_windows_atomic_replace.py:76:71 - warning: Type of parameter "admission" is unknown (reportUnknownParameterType)
::warning file=d%3A\a\hol-guard\hol-guard\candidate\tests\test_windows_atomic_replace.py,line=76,col=71::Type of parameter "admission" is unknown (reportUnknownParameterType)
d:\a\hol-guard\hol-guard\candidate\tests\test_windows_atomic_replace.py:76:71 - warning: Type annotation is missing for parameter "admission" (reportMissingParameterType)
::warning file=d%3A\a\hol-guard\hol-guard\candidate\tests\test_windows_atomic_replace.py,line=76,col=71::Type annotation is missing for parameter "admission" (reportMissingParameterType)
d:\a\hol-guard\hol-guard\candidate\tests\test_windows_atomic_replace.py:76:82 - warning: Type of parameter "monkeypatch" is unknown (reportUnknownParameterType)
::warning file=d%3A\a\hol-guard\hol-guard\candidate\tests\test_windows_atomic_replace.py,line=76,col=82::Type of parameter "monkeypatch" is unknown (reportUnknownParameterType)
d:\a\hol-guard\hol-guard\candidate\tests\test_windows_atomic_replace.py:76:82 - warning: Type annotation is missing for parameter "monkeypatch" (reportMissingParameterType)
::warning file=d%3A\a\hol-guard\hol-guard\candidate\tests\test_windows_atomic_replace.py,line=76,col=82::Type annotation is missing for parameter "monkeypatch" (reportMissingParameterType)
d:\a\hol-guard\hol-guard\candidate\tests\test_windows_atomic_replace.py:76:95 - warning: Type of parameter "case" is unknown (reportUnknownParameterType)
::warning file=d%3A\a\hol-guard\hol-guard\candidate\tests\test_windows_atomic_replace.py,line=76,col=95::Type of parameter "case" is unknown (reportUnknownParameterType)
d:\a\hol-guard\hol-guard\candidate\tests\test_windows_atomic_replace.py:76:95 - warning: Type annotation is missing for parameter "case" (reportMissingParameterType)
::warning file=d%3A\a\hol-guard\hol-guard\candidate\tests\test_windows_atomic_replace.py,line=76,col=95::Type annotation is missing for parameter "case" (reportMissingParameterType)
d:\a\hol-guard\hol-guard\candidate\tests\test_windows_atomic_replace.py:77:5 - warning: Type of "source" is unknown (reportUnknownVariableType)
::warning file=d%3A\a\hol-guard\hol-guard\candidate\tests\test_windows_atomic_replace.py,line=77,col=5::Type of "source" is unknown (reportUnknownVariableType)
d:\a\hol-guard\hol-guard\candidate\tests\test_windows_atomic_replace.py:77:13 - warning: Type of "destination" is unknown (reportUnknownVariableType)
::warning file=d%3A\a\hol-guard\hol-guard\candidate\tests\test_windows_atomic_replace.py,line=77,col=13::Type of "destination" is unknown (reportUnknownVariableType)
d:\a\hol-guard\hol-guard\candidate\tests\test_windows_atomic_replace.py:77:26 - warning: Type of "state" is unknown (reportUnknownVariableType)
::warning file=d%3A\a\hol-guard\hol-guard\candidate\tests\test_windows_atomic_replace.py,line=77,col=26::Type of "state" is unknown (reportUnknownVariableType)
d:\a\hol-guard\hol-guard\candidate\tests\test_windows_atomic_replace.py:77:33 - warning: Type of "calls" is unknown (reportUnknownVariableType)
::warning file=d%3A\a\hol-guard\hol-guard\candidate\tests\test_windows_atomic_replace.py,line=77,col=33::Type of "calls" is unknown (reportUnknownVariableType)
d:\a\hol-guard\hol-guard\candidate\tests\test_windows_atomic_replace.py:86:9 - warning: Type of "setattr" is unknown (reportUnknownMemberType)
::warning file=d%3A\a\hol-guard\hol-guard\candidate\tests\test_windows_atomic_replace.py,line=86,col=9::Type of "setattr" is unknown (reportUnknownMemberType)
d:\a\hol-guard\hol-guard\candidate\tests\test_windows_atomic_replace.py:88:9 - warning: Type of "setattr" is unknown (reportUnknownMemberType)
::warning file=d%3A\a\hol-guard\hol-guard\candidate\tests\test_windows_atomic_replace.py,line=88,col=9::Type of "setattr" is unknown (reportUnknownMemberType)
d:\a\hol-guard\hol-guard\candidate\tests\test_windows_atomic_replace.py:90:9 - warning: Type of "setattr" is unknown (reportUnknownMemberType)
::warning file=d%3A\a\hol-guard\hol-guard\candidate\tests\test_windows_atomic_replace.py,line=90,col=9::Type of "setattr" is unknown (reportUnknownMemberType)
d:\a\hol-guard\hol-guard\candidate\tests\test_windows_atomic_replace.py:90:37 - warning: "sys" is not exported from module "codex_plugin_scanner.guard.windows_atomic_replace" (reportPrivateLocalImportUsage)
::warning file=d%3A\a\hol-guard\hol-guard\candidate\tests\test_windows_atomic_replace.py,line=90,col=37::"sys" is not exported from module "codex_plugin_scanner.guard.windows_atomic_replace" (reportPrivateLocalImportUsage)
d:\a\hol-guard\hol-guard\candidate\tests\test_windows_atomic_replace.py:92:9 - warning: Type of "setattr" is unknown (reportUnknownMemberType)
::warning file=d%3A\a\hol-guard\hol-guard\candidate\tests\test_windows_atomic_replace.py,line=92,col=9::Type of "setattr" is unknown (reportUnknownMemberType)
d:\a\hol-guard\hol-guard\candidate\tests\test_windows_atomic_replace.py:92:37 - warning: "sys" is not exported from module "codex_plugin_scanner.guard.windows_atomic_replace" (reportPrivateLocalImportUsage)
::warning file=d%3A\a\hol-guard\hol-guard\candidate\tests\test_windows_atomic_replace.py,line=92,col=37::"sys" is not exported from module "codex_plugin_scanner.guard.windows_atomic_replace" (reportPrivateLocalImportUsage)
d:\a\hol-guard\hol-guard\candidate\tests\test_windows_atomic_replace.py:94:9 - warning: Type of "setattr" is unknown (reportUnknownMemberType)
::warning file=d%3A\a\hol-guard\hol-guard\candidate\tests\test_windows_atomic_replace.py,line=94,col=9::Type of "setattr" is unknown (reportUnknownMemberType)
d:\a\hol-guard\hol-guard\candidate\tests\test_windows_atomic_replace.py:101:40 - warning: Argument type is partially unknown
  Argument corresponds to parameter "source" in function "prepare_replace"
  Argument type is "Unknown | Path" (reportUnknownArgumentType)
::warning file=d%3A\a\hol-guard\hol-guard\candidate\tests\test_windows_atomic_replace.py,line=101,col=40::Argument type is partially unknown%0A  Argument corresponds to parameter "source" in function "prepare_replace"%0A  Argument type is "Unknown | Path" (reportUnknownArgumentType)
d:\a\hol-guard\hol-guard\candidate\tests\test_windows_atomic_replace.py:101:48 - warning: Argument type is unknown
  Argument corresponds to parameter "destination" in function "prepare_replace" (reportUnknownArgumentType)
::warning file=d%3A\a\hol-guard\hol-guard\candidate\tests\test_windows_atomic_replace.py,line=101,col=48::Argument type is unknown%0A  Argument corresponds to parameter "destination" in function "prepare_replace" (reportUnknownArgumentType)
d:\a\hol-guard\hol-guard\candidate\tests\test_windows_atomic_replace.py:107:67 - warning: Type of parameter "monkeypatch" is unknown (reportUnknownParameterType)
::warning file=d%3A\a\hol-guard\hol-guard\candidate\tests\test_windows_atomic_replace.py,line=107,col=67::Type of parameter "monkeypatch" is unknown (reportUnknownParameterType)
d:\a\hol-guard\hol-guard\candidate\tests\test_windows_atomic_replace.py:107:67 - warning: Type annotation is missing for parameter "monkeypatch" (reportMissingParameterType)
::warning file=d%3A\a\hol-guard\hol-guard\candidate\tests\test_windows_atomic_replace.py,line=107,col=67::Type annotation is missing for parameter "monkeypatch" (reportMissingParameterType)
d:\a\hol-guard\hol-guard\candidate\tests\test_windows_atomic_replace.py:107:80 - warning: Type of parameter "tmp_path" is unknown (reportUnknownParameterType)
::warning file=d%3A\a\hol-guard\hol-guard\candidate\tests\test_windows_atomic_replace.py,line=107,col=80::Type of parameter "tmp_path" is unknown (reportUnknownParameterType)
d:\a\hol-guard\hol-guard\candidate\tests\test_windows_atomic_replace.py:107:80 - warning: Type annotation is missing for parameter "tmp_path" (reportMissingParameterType)
::warning file=d%3A\a\hol-guard\hol-guard\candidate\tests\test_windows_atomic_replace.py,line=107,col=80::Type annotation is missing for parameter "tmp_path" (reportMissingParameterType)
d:\a\hol-guard\hol-guard\candidate\tests\test_windows_atomic_replace.py:107:90 - warning: Type of parameter "selected" is unknown (reportUnknownParameterType)
::warning file=d%3A\a\hol-guard\hol-guard\candidate\tests\test_windows_atomic_replace.py,line=107,col=90::Type of parameter "selected" is unknown (reportUnknownParameterType)
d:\a\hol-guard\hol-guard\candidate\tests\test_windows_atomic_replace.py:107:90 - warning: Type annotation is missing for parameter "selected" (reportMissingParameterType)
::warning file=d%3A\a\hol-guard\hol-guard\candidate\tests\test_windows_atomic_replace.py,line=107,col=90::Type annotation is missing for parameter "selected" (reportMissingParameterType)
d:\a\hol-guard\hol-guard\candidate\tests\test_windows_atomic_replace.py:108:5 - warning: Type of "source" is unknown (reportUnknownVariableType)
::warning file=d%3A\a\hol-guard\hol-guard\candidate\tests\test_windows_atomic_replace.py,line=108,col=5::Type of "source" is unknown (reportUnknownVariableType)
d:\a\hol-guard\hol-guard\candidate\tests\test_windows_atomic_replace.py:108:13 - warning: Type of "target" is unknown (reportUnknownVariableType)
::warning file=d%3A\a\hol-guard\hol-guard\candidate\tests\test_windows_atomic_replace.py,line=108,col=13::Type of "target" is unknown (reportUnknownVariableType)
d:\a\hol-guard\hol-guard\candidate\tests\test_windows_atomic_replace.py:111:5 - warning: Type of "setattr" is unknown (reportUnknownMemberType)
::warning file=d%3A\a\hol-guard\hol-guard\candidate\tests\test_windows_atomic_replace.py,line=111,col=5::Type of "setattr" is unknown (reportUnknownMemberType)
d:\a\hol-guard\hol-guard\candidate\tests\test_windows_atomic_replace.py:111:61 - warning: Type of parameter "args" is partially unknown (reportUnknownLambdaType)
::warning file=d%3A\a\hol-guard\hol-guard\candidate\tests\test_windows_atomic_replace.py,line=111,col=61::Type of parameter "args" is partially unknown (reportUnknownLambdaType)
d:\a\hol-guard\hol-guard\candidate\tests\test_windows_atomic_replace.py:112:5 - warning: Type of "setattr" is unknown (reportUnknownMemberType)
::warning file=d%3A\a\hol-guard\hol-guard\candidate\tests\test_windows_atomic_replace.py,line=112,col=5::Type of "setattr" is unknown (reportUnknownMemberType)
d:\a\hol-guard\hol-guard\candidate\tests\test_windows_atomic_replace.py:112:58 - warning: Type of parameter "args" is partially unknown (reportUnknownLambdaType)
::warning file=d%3A\a\hol-guard\hol-guard\candidate\tests\test_windows_atomic_replace.py,line=112,col=58::Type of parameter "args" is partially unknown (reportUnknownLambdaType)
d:\a\hol-guard\hol-guard\candidate\tests\test_windows_atomic_replace.py:112:64 - warning: Type of "append" is partially unknown
  Type of "append" is "(object: Unknown, /) -> None" (reportUnknownMemberType)
::warning file=d%3A\a\hol-guard\hol-guard\candidate\tests\test_windows_atomic_replace.py,line=112,col=64::Type of "append" is partially unknown%0A  Type of "append" is "(object: Unknown, /) -> None" (reportUnknownMemberType)
d:\a\hol-guard\hol-guard\candidate\tests\test_windows_atomic_replace.py:115:9 - warning: Argument type is unknown
  Argument corresponds to parameter "source" in function "replace_temporary_descriptor" (reportUnknownArgumentType)
::warning file=d%3A\a\hol-guard\hol-guard\candidate\tests\test_windows_atomic_replace.py,line=115,col=9::Argument type is unknown%0A  Argument corresponds to parameter "source" in function "replace_temporary_descriptor" (reportUnknownArgumentType)
d:\a\hol-guard\hol-guard\candidate\tests\test_windows_atomic_replace.py:116:9 - warning: Argument type is unknown
  Argument corresponds to parameter "destination" in function "replace_temporary_descriptor" (reportUnknownArgumentType)
::warning file=d%3A\a\hol-guard\hol-guard\candidate\tests\test_windows_atomic_replace.py,line=116,col=9::Argument type is unknown%0A  Argument corresponds to parameter "destination" in function "replace_temporary_descriptor" (reportUnknownArgumentType)
d:\a\hol-guard\hol-guard\candidate\tests\test_windows_atomic_replace.py:117:37 - warning: Type of "append" is partially unknown
  Type of "append" is "(object: Unknown, /) -> None" (reportUnknownMemberType)
::warning file=d%3A\a\hol-guard\hol-guard\candidate\tests\test_windows_atomic_replace.py,line=117,col=37::Type of "append" is partially unknown%0A  Type of "append" is "(object: Unknown, /) -> None" (reportUnknownMemberType)
d:\a\hol-guard\hol-guard\candidate\tests\test_windows_atomic_replace.py:118:24 - warning: Argument type is partially unknown
  Argument corresponds to parameter "legacy_replace" in function "replace_temporary_descriptor"
  Argument type is "(*args: Unknown) -> None" (reportUnknownArgumentType)
::warning file=d%3A\a\hol-guard\hol-guard\candidate\tests\test_windows_atomic_replace.py,line=118,col=24::Argument type is partially unknown%0A  Argument corresponds to parameter "legacy_replace" in function "replace_temporary_descriptor"%0A  Argument type is "(*args: Unknown) -> None" (reportUnknownArgumentType)
d:\a\hol-guard\hol-guard\candidate\tests\test_windows_atomic_replace.py:118:32 - warning: Type of parameter "args" is partially unknown (reportUnknownLambdaType)
::warning file=d%3A\a\hol-guard\hol-guard\candidate\tests\test_windows_atomic_replace.py,line=118,col=32::Type of parameter "args" is partially unknown (reportUnknownLambdaType)
d:\a\hol-guard\hol-guard\candidate\tests\test_windows_atomic_replace.py:118:38 - warning: Type of "append" is partially unknown
  Type of "append" is "(object: Unknown, /) -> None" (reportUnknownMemberType)
::warning file=d%3A\a\hol-guard\hol-guard\candidate\tests\test_windows_atomic_replace.py,line=118,col=38::Type of "append" is partially unknown%0A  Type of "append" is "(object: Unknown, /) -> None" (reportUnknownMemberType)
d:\a\hol-guard\hol-guard\candidate\tests\test_windows_atomic_replace.py:120:5 - warning: Type of "expected" is partially unknown
  Type of "expected" is "tuple[Literal['ex'], Unknown, Unknown, SourceIdentity] | tuple[Literal['legacy'], Unknown, Unknown]" (reportUnknownVariableType)
::warning file=d%3A\a\hol-guard\hol-guard\candidate\tests\test_windows_atomic_replace.py,line=120,col=5::Type of "expected" is partially unknown%0A  Type of "expected" is "tuple[Literal['ex'], Unknown, Unknown, SourceIdentity] | tuple[Literal['legacy'], Unknown, Unknown]" (reportUnknownVariableType)
d:\a\hol-guard\hol-guard\candidate\tests\test_windows_atomic_replace.py:126:68 - warning: Type of parameter "monkeypatch" is unknown (reportUnknownParameterType)
::warning file=d%3A\a\hol-guard\hol-guard\candidate\tests\test_windows_atomic_replace.py,line=126,col=68::Type of parameter "monkeypatch" is unknown (reportUnknownParameterType)
d:\a\hol-guard\hol-guard\candidate\tests\test_windows_atomic_replace.py:126:68 - warning: Type annotation is missing for parameter "monkeypatch" (reportMissingParameterType)
::warning file=d%3A\a\hol-guard\hol-guard\candidate\tests\test_windows_atomic_replace.py,line=126,col=68::Type annotation is missing for parameter "monkeypatch" (reportMissingParameterType)
d:\a\hol-guard\hol-guard\candidate\tests\test_windows_atomic_replace.py:126:81 - warning: Type of parameter "tmp_path" is unknown (reportUnknownParameterType)
::warning file=d%3A\a\hol-guard\hol-guard\candidate\tests\test_windows_atomic_replace.py,line=126,col=81::Type of parameter "tmp_path" is unknown (reportUnknownParameterType)
d:\a\hol-guard\hol-guard\candidate\tests\test_windows_atomic_replace.py:126:81 - warning: Type annotation is missing for parameter "tmp_path" (reportMissingParameterType)
::warning file=d%3A\a\hol-guard\hol-guard\candidate\tests\test_windows_atomic_replace.py,line=126,col=81::Type annotation is missing for parameter "tmp_path" (reportMissingParameterType)
d:\a\hol-guard\hol-guard\candidate\tests\test_windows_atomic_replace.py:126:91 - warning: Type of parameter "selected" is unknown (reportUnknownParameterType)
::warning file=d%3A\a\hol-guard\hol-guard\candidate\tests\test_windows_atomic_replace.py,line=126,col=91::Type of parameter "selected" is unknown (reportUnknownParameterType)
d:\a\hol-guard\hol-guard\candidate\tests\test_windows_atomic_replace.py:126:91 - warning: Type annotation is missing for parameter "selected" (reportMissingParameterType)
::warning file=d%3A\a\hol-guard\hol-guard\candidate\tests\test_windows_atomic_replace.py,line=126,col=91::Type annotation is missing for parameter "selected" (reportMissingParameterType)
d:\a\hol-guard\hol-guard\candidate\tests\test_windows_atomic_replace.py:126:101 - warning: Type of parameter "kind" is unknown (reportUnknownParameterType)
::warning file=d%3A\a\hol-guard\hol-guard\candidate\tests\test_windows_atomic_replace.py,line=126,col=101::Type of parameter "kind" is unknown (reportUnknownParameterType)
d:\a\hol-guard\hol-guard\candidate\tests\test_windows_atomic_replace.py:126:101 - warning: Type annotation is missing for parameter "kind" (reportMissingParameterType)
::warning file=d%3A\a\hol-guard\hol-guard\candidate\tests\test_windows_atomic_replace.py,line=126,col=101::Type annotation is missing for parameter "kind" (reportMissingParameterType)
d:\a\hol-guard\hol-guard\candidate\tests\test_windows_atomic_replace.py:127:5 - warning: Type of "source" is unknown (reportUnknownVariableType)
::warning file=d%3A\a\hol-guard\hol-guard\candidate\tests\test_windows_atomic_replace.py,line=127,col=5::Type of "source" is unknown (reportUnknownVariableType)
d:\a\hol-guard\hol-guard\candidate\tests\test_windows_atomic_replace.py:127:13 - warning: Type of "target" is unknown (reportUnknownVariableType)
::warning file=d%3A\a\hol-guard\hol-guard\candidate\tests\test_windows_atomic_replace.py,line=127,col=13::Type of "target" is unknown (reportUnknownVariableType)
d:\a\hol-guard\hol-guard\candidate\tests\test_windows_atomic_replace.py:129:5 - warning: Type of "failure" is unknown (reportUnknownVariableType)
::warning file=d%3A\a\hol-guard\hol-guard\candidate\tests\test_windows_atomic_replace.py,line=129,col=5::Type of "failure" is unknown (reportUnknownVariableType)
d:\a\hol-guard\hol-guard\candidate\tests\test_windows_atomic_replace.py:132:17 - warning: Type of parameter "arguments" is unknown (reportUnknownParameterType)
::warning file=d%3A\a\hol-guard\hol-guard\candidate\tests\test_windows_atomic_replace.py,line=132,col=17::Type of parameter "arguments" is unknown (reportUnknownParameterType)
d:\a\hol-guard\hol-guard\candidate\tests\test_windows_atomic_replace.py:132:17 - warning: Type annotation is missing for parameter "arguments" (reportMissingParameterType)
::warning file=d%3A\a\hol-guard\hol-guard\candidate\tests\test_windows_atomic_replace.py,line=132,col=17::Type annotation is missing for parameter "arguments" (reportMissingParameterType)
d:\a\hol-guard\hol-guard\candidate\tests\test_windows_atomic_replace.py:133:9 - warning: Type of "append" is partially unknown
  Type of "append" is "(object: Unknown, /) -> None" (reportUnknownMemberType)
::warning file=d%3A\a\hol-guard\hol-guard\candidate\tests\test_windows_atomic_replace.py,line=133,col=9::Type of "append" is partially unknown%0A  Type of "append" is "(object: Unknown, /) -> None" (reportUnknownMemberType)
d:\a\hol-guard\hol-guard\candidate\tests\test_windows_atomic_replace.py:136:20 - warning: Type of parameter "_arguments" is unknown (reportUnknownParameterType)
::warning file=d%3A\a\hol-guard\hol-guard\candidate\tests\test_windows_atomic_replace.py,line=136,col=20::Type of parameter "_arguments" is unknown (reportUnknownParameterType)
d:\a\hol-guard\hol-guard\candidate\tests\test_windows_atomic_replace.py:136:20 - warning: Type annotation is missing for parameter "_arguments" (reportMissingParameterType)
::warning file=d%3A\a\hol-guard\hol-guard\candidate\tests\test_windows_atomic_replace.py,line=136,col=20::Type annotation is missing for parameter "_arguments" (reportMissingParameterType)
d:\a\hol-guard\hol-guard\candidate\tests\test_windows_atomic_replace.py:139:5 - warning: Type of "setattr" is unknown (reportUnknownMemberType)
::warning file=d%3A\a\hol-guard\hol-guard\candidate\tests\test_windows_atomic_replace.py,line=139,col=5::Type of "setattr" is unknown (reportUnknownMemberType)
d:\a\hol-guard\hol-guard\candidate\tests\test_windows_atomic_replace.py:139:61 - warning: Type of parameter "args" is partially unknown (reportUnknownLambdaType)
::warning file=d%3A\a\hol-guard\hol-guard\candidate\tests\test_windows_atomic_replace.py,line=139,col=61::Type of parameter "args" is partially unknown (reportUnknownLambdaType)
d:\a\hol-guard\hol-guard\candidate\tests\test_windows_atomic_replace.py:140:5 - warning: Type of "setattr" is unknown (reportUnknownMemberType)
::warning file=d%3A\a\hol-guard\hol-guard\candidate\tests\test_windows_atomic_replace.py,line=140,col=5::Type of "setattr" is unknown (reportUnknownMemberType)
d:\a\hol-guard\hol-guard\candidate\tests\test_windows_atomic_replace.py:141:24 - warning: Argument type is unknown
  Argument corresponds to parameter "expected_exception" in function "raises" (reportUnknownArgumentType)
::warning file=d%3A\a\hol-guard\hol-guard\candidate\tests\test_windows_atomic_replace.py,line=141,col=24::Argument type is unknown%0A  Argument corresponds to parameter "expected_exception" in function "raises" (reportUnknownArgumentType)
d:\a\hol-guard\hol-guard\candidate\tests\test_windows_atomic_replace.py:141:33 - warning: Type of "caught" is partially unknown
  Type of "caught" is "ExceptionInfo[Unknown]" (reportUnknownVariableType)
::warning file=d%3A\a\hol-guard\hol-guard\candidate\tests\test_windows_atomic_replace.py,line=141,col=33::Type of "caught" is partially unknown%0A  Type of "caught" is "ExceptionInfo[Unknown]" (reportUnknownVariableType)
d:\a\hol-guard\hol-guard\candidate\tests\test_windows_atomic_replace.py:144:13 - warning: Argument type is unknown
  Argument corresponds to parameter "source" in function "replace_temporary_descriptor" (reportUnknownArgumentType)
::warning file=d%3A\a\hol-guard\hol-guard\candidate\tests\test_windows_atomic_replace.py,line=144,col=13::Argument type is unknown%0A  Argument corresponds to parameter "source" in function "replace_temporary_descriptor" (reportUnknownArgumentType)
d:\a\hol-guard\hol-guard\candidate\tests\test_windows_atomic_replace.py:145:13 - warning: Argument type is unknown
  Argument corresponds to parameter "destination" in function "replace_temporary_descriptor" (reportUnknownArgumentType)
::warning file=d%3A\a\hol-guard\hol-guard\candidate\tests\test_windows_atomic_replace.py,line=145,col=13::Argument type is unknown%0A  Argument corresponds to parameter "destination" in function "replace_temporary_descriptor" (reportUnknownArgumentType)
d:\a\hol-guard\hol-guard\candidate\tests\test_windows_atomic_replace.py:146:41 - warning: Type of "append" is partially unknown
  Type of "append" is "(object: Unknown, /) -> None" (reportUnknownMemberType)
::warning file=d%3A\a\hol-guard\hol-guard\candidate\tests\test_windows_atomic_replace.py,line=146,col=41::Type of "append" is partially unknown%0A  Type of "append" is "(object: Unknown, /) -> None" (reportUnknownMemberType)
d:\a\hol-guard\hol-guard\candidate\tests\test_windows_atomic_replace.py:147:28 - warning: Argument type is partially unknown
  Argument corresponds to parameter "legacy_replace" in function "replace_temporary_descriptor"
  Argument type is "((*arguments: Unknown) -> NoReturn) | ((*_arguments: Unknown) -> NoReturn)" (reportUnknownArgumentType)
::warning file=d%3A\a\hol-guard\hol-guard\candidate\tests\test_windows_atomic_replace.py,line=147,col=28::Argument type is partially unknown%0A  Argument corresponds to parameter "legacy_replace" in function "replace_temporary_descriptor"%0A  Argument type is "((*arguments: Unknown) -> NoReturn) | ((*_arguments: Unknown) -> NoReturn)" (reportUnknownArgumentType)
d:\a\hol-guard\hol-guard\candidate\tests\test_windows_atomic_replace.py:149:12 - warning: Type of "value" is unknown (reportUnknownMemberType)
::warning file=d%3A\a\hol-guard\hol-guard\candidate\tests\test_windows_atomic_replace.py,line=149,col=12::Type of "value" is unknown (reportUnknownMemberType)
d:\a\hol-guard\hol-guard\candidate\tests\test_windows_atomic_replace.py:150:5 - warning: Type of "expected" is partially unknown
  Type of "expected" is "tuple[Literal['mutation'], Unknown, Unknown, SourceIdentity] | tuple[Literal['mutation'], Unknown, Unknown]" (reportUnknownVariableType)
::warning file=d%3A\a\hol-guard\hol-guard\candidate\tests\test_windows_atomic_replace.py,line=150,col=5::Type of "expected" is partially unknown%0A  Type of "expected" is "tuple[Literal['mutation'], Unknown, Unknown, SourceIdentity] | tuple[Literal['mutation'], Unknown, Unknown]" (reportUnknownVariableType)
d:\a\hol-guard\hol-guard\candidate\tests\test_windows_atomic_replace.py:156:5 - warning: Type of parameter "monkeypatch" is unknown (reportUnknownParameterType)
::warning file=d%3A\a\hol-guard\hol-guard\candidate\tests\test_windows_atomic_replace.py,line=156,col=5::Type of parameter "monkeypatch" is unknown (reportUnknownParameterType)
d:\a\hol-guard\hol-guard\candidate\tests\test_windows_atomic_replace.py:156:5 - warning: Type annotation is missing for parameter "monkeypatch" (reportMissingParameterType)
::warning file=d%3A\a\hol-guard\hol-guard\candidate\tests\test_windows_atomic_replace.py,line=156,col=5::Type annotation is missing for parameter "monkeypatch" (reportMissingParameterType)
d:\a\hol-guard\hol-guard\candidate\tests\test_windows_atomic_replace.py:156:18 - warning: Type of parameter "tmp_path" is unknown (reportUnknownParameterType)
::warning file=d%3A\a\hol-guard\hol-guard\candidate\tests\test_windows_atomic_replace.py,line=156,col=18::Type of parameter "tmp_path" is unknown (reportUnknownParameterType)
d:\a\hol-guard\hol-guard\candidate\tests\test_windows_atomic_replace.py:156:18 - warning: Type annotation is missing for parameter "tmp_path" (reportMissingParameterType)
::warning file=d%3A\a\hol-guard\hol-guard\candidate\tests\test_windows_atomic_replace.py,line=156,col=18::Type annotation is missing for parameter "tmp_path" (reportMissingParameterType)
d:\a\hol-guard\hol-guard\candidate\tests\test_windows_atomic_replace.py:156:28 - warning: Type of parameter "secondary_close_failure" is unknown (reportUnknownParameterType)
::warning file=d%3A\a\hol-guard\hol-guard\candidate\tests\test_windows_atomic_replace.py,line=156,col=28::Type of parameter "secondary_close_failure" is unknown (reportUnknownParameterType)
d:\a\hol-guard\hol-guard\candidate\tests\test_windows_atomic_replace.py:156:28 - warning: Type annotation is missing for parameter "secondary_close_failure" (reportMissingParameterType)
::warning file=d%3A\a\hol-guard\hol-guard\candidate\tests\test_windows_atomic_replace.py,line=156,col=28::Type annotation is missing for parameter "secondary_close_failure" (reportMissingParameterType)
d:\a\hol-guard\hol-guard\candidate\tests\test_windows_atomic_replace.py:161:18 - warning: Type of parameter "_arguments" is unknown (reportUnknownParameterType)
::warning file=d%3A\a\hol-guard\hol-guard\candidate\tests\test_windows_atomic_replace.py,line=161,col=18::Type of parameter "_arguments" is unknown (reportUnknownParameterType)
d:\a\hol-guard\hol-guard\candidate\tests\test_windows_atomic_replace.py:161:18 - warning: Type annotation is missing for parameter "_arguments" (reportMissingParameterType)
::warning file=d%3A\a\hol-guard\hol-guard\candidate\tests\test_windows_atomic_replace.py,line=161,col=18::Type annotation is missing for parameter "_arguments" (reportMissingParameterType)
d:\a\hol-guard\hol-guard\candidate\tests\test_windows_atomic_replace.py:162:9 - warning: Type of "append" is partially unknown
  Type of "append" is "(object: Unknown, /) -> None" (reportUnknownMemberType)
::warning file=d%3A\a\hol-guard\hol-guard\candidate\tests\test_windows_atomic_replace.py,line=162,col=9::Type of "append" is partially unknown%0A  Type of "append" is "(object: Unknown, /) -> None" (reportUnknownMemberType)
d:\a\hol-guard\hol-guard\candidate\tests\test_windows_atomic_replace.py:165:15 - warning: Type of parameter "fd" is unknown (reportUnknownParameterType)
::warning file=d%3A\a\hol-guard\hol-guard\candidate\tests\test_windows_atomic_replace.py,line=165,col=15::Type of parameter "fd" is unknown (reportUnknownParameterType)
d:\a\hol-guard\hol-guard\candidate\tests\test_windows_atomic_replace.py:165:15 - warning: Type annotation is missing for parameter "fd" (reportMissingParameterType)
::warning file=d%3A\a\hol-guard\hol-guard\candidate\tests\test_windows_atomic_replace.py,line=165,col=15::Type annotation is missing for parameter "fd" (reportMissingParameterType)
d:\a\hol-guard\hol-guard\candidate\tests\test_windows_atomic_replace.py:166:9 - warning: Type of "append" is partially unknown
  Type of "append" is "(object: Unknown, /) -> None" (reportUnknownMemberType)
::warning file=d%3A\a\hol-guard\hol-guard\candidate\tests\test_windows_atomic_replace.py,line=166,col=9::Type of "append" is partially unknown%0A  Type of "append" is "(object: Unknown, /) -> None" (reportUnknownMemberType)
d:\a\hol-guard\hol-guard\candidate\tests\test_windows_atomic_replace.py:170:5 - warning: Type of "setattr" is unknown (reportUnknownMemberType)
::warning file=d%3A\a\hol-guard\hol-guard\candidate\tests\test_windows_atomic_replace.py,line=170,col=5::Type of "setattr" is unknown (reportUnknownMemberType)
d:\a\hol-guard\hol-guard\candidate\tests\test_windows_atomic_replace.py:171:5 - warning: Type of "setattr" is unknown (reportUnknownMemberType)
::warning file=d%3A\a\hol-guard\hol-guard\candidate\tests\test_windows_atomic_replace.py,line=171,col=5::Type of "setattr" is unknown (reportUnknownMemberType)
d:\a\hol-guard\hol-guard\candidate\tests\test_windows_atomic_replace.py:171:58 - warning: Type of parameter "_args" is partially unknown (reportUnknownLambdaType)
::warning file=d%3A\a\hol-guard\hol-guard\candidate\tests\test_windows_atomic_replace.py,line=171,col=58::Type of parameter "_args" is partially unknown (reportUnknownLambdaType)
d:\a\hol-guard\hol-guard\candidate\tests\test_windows_atomic_replace.py:171:65 - warning: Type of "append" is partially unknown
  Type of "append" is "(object: Unknown, /) -> None" (reportUnknownMemberType)
::warning file=d%3A\a\hol-guard\hol-guard\candidate\tests\test_windows_atomic_replace.py,line=171,col=65::Type of "append" is partially unknown%0A  Type of "append" is "(object: Unknown, /) -> None" (reportUnknownMemberType)
d:\a\hol-guard\hol-guard\candidate\tests\test_windows_atomic_replace.py:175:13 - warning: Argument type is unknown
  Argument corresponds to parameter "source" in function "replace_temporary_descriptor" (reportUnknownArgumentType)
::warning file=d%3A\a\hol-guard\hol-guard\candidate\tests\test_windows_atomic_replace.py,line=175,col=13::Argument type is unknown%0A  Argument corresponds to parameter "source" in function "replace_temporary_descriptor" (reportUnknownArgumentType)
d:\a\hol-guard\hol-guard\candidate\tests\test_windows_atomic_replace.py:176:13 - warning: Argument type is unknown
  Argument corresponds to parameter "destination" in function "replace_temporary_descriptor" (reportUnknownArgumentType)
::warning file=d%3A\a\hol-guard\hol-guard\candidate\tests\test_windows_atomic_replace.py,line=176,col=13::Argument type is unknown%0A  Argument corresponds to parameter "destination" in function "replace_temporary_descriptor" (reportUnknownArgumentType)
d:\a\hol-guard\hol-guard\candidate\tests\test_windows_atomic_replace.py:177:30 - warning: Argument type is partially unknown
  Argument corresponds to parameter "close_descriptor" in function "replace_temporary_descriptor"
  Argument type is "(fd: Unknown) -> None" (reportUnknownArgumentType)
::warning file=d%3A\a\hol-guard\hol-guard\candidate\tests\test_windows_atomic_replace.py,line=177,col=30::Argument type is partially unknown%0A  Argument corresponds to parameter "close_descriptor" in function "replace_temporary_descriptor"%0A  Argument type is "(fd: Unknown) -> None" (reportUnknownArgumentType)
d:\a\hol-guard\hol-guard\candidate\tests\test_windows_atomic_replace.py:178:28 - warning: Argument type is partially unknown
  Argument corresponds to parameter "legacy_replace" in function "replace_temporary_descriptor"
  Argument type is "(*_args: Unknown) -> None" (reportUnknownArgumentType)
::warning file=d%3A\a\hol-guard\hol-guard\candidate\tests\test_windows_atomic_replace.py,line=178,col=28::Argument type is partially unknown%0A  Argument corresponds to parameter "legacy_replace" in function "replace_temporary_descriptor"%0A  Argument type is "(*_args: Unknown) -> None" (reportUnknownArgumentType)
d:\a\hol-guard\hol-guard\candidate\tests\test_windows_atomic_replace.py:178:36 - warning: Type of parameter "_args" is partially unknown (reportUnknownLambdaType)
::warning file=d%3A\a\hol-guard\hol-guard\candidate\tests\test_windows_atomic_replace.py,line=178,col=36::Type of parameter "_args" is partially unknown (reportUnknownLambdaType)
d:\a\hol-guard\hol-guard\candidate\tests\test_windows_atomic_replace.py:178:43 - warning: Type of "append" is partially unknown
  Type of "append" is "(object: Unknown, /) -> None" (reportUnknownMemberType)
::warning file=d%3A\a\hol-guard\hol-guard\candidate\tests\test_windows_atomic_replace.py,line=178,col=43::Type of "append" is partially unknown%0A  Type of "append" is "(object: Unknown, /) -> None" (reportUnknownMemberType)
d:\a\hol-guard\hol-guard\candidate\tests\test_windows_atomic_replace.py:184:68 - warning: Type of parameter "monkeypatch" is unknown (reportUnknownParameterType)
::warning file=d%3A\a\hol-guard\hol-guard\candidate\tests\test_windows_atomic_replace.py,line=184,col=68::Type of parameter "monkeypatch" is unknown (reportUnknownParameterType)
d:\a\hol-guard\hol-guard\candidate\tests\test_windows_atomic_replace.py:184:68 - warning: Type annotation is missing for parameter "monkeypatch" (reportMissingParameterType)
::warning file=d%3A\a\hol-guard\hol-guard\candidate\tests\test_windows_atomic_replace.py,line=184,col=68::Type annotation is missing for parameter "monkeypatch" (reportMissingParameterType)
d:\a\hol-guard\hol-guard\candidate\tests\test_windows_atomic_replace.py:184:81 - warning: Type of parameter "tmp_path" is unknown (reportUnknownParameterType)
::warning file=d%3A\a\hol-guard\hol-guard\candidate\tests\test_windows_atomic_replace.py,line=184,col=81::Type of parameter "tmp_path" is unknown (reportUnknownParameterType)
d:\a\hol-guard\hol-guard\candidate\tests\test_windows_atomic_replace.py:184:81 - warning: Type annotation is missing for parameter "tmp_path" (reportMissingParameterType)
::warning file=d%3A\a\hol-guard\hol-guard\candidate\tests\test_windows_atomic_replace.py,line=184,col=81::Type annotation is missing for parameter "tmp_path" (reportMissingParameterType)
d:\a\hol-guard\hol-guard\candidate\tests\test_windows_atomic_replace.py:188:15 - warning: Type of parameter "fd" is unknown (reportUnknownParameterType)
::warning file=d%3A\a\hol-guard\hol-guard\candidate\tests\test_windows_atomic_replace.py,line=188,col=15::Type of parameter "fd" is unknown (reportUnknownParameterType)
d:\a\hol-guard\hol-guard\candidate\tests\test_windows_atomic_replace.py:188:15 - warning: Type annotation is missing for parameter "fd" (reportMissingParameterType)
::warning file=d%3A\a\hol-guard\hol-guard\candidate\tests\test_windows_atomic_replace.py,line=188,col=15::Type annotation is missing for parameter "fd" (reportMissingParameterType)
d:\a\hol-guard\hol-guard\candidate\tests\test_windows_atomic_replace.py:189:9 - warning: Type of "append" is partially unknown
  Type of "append" is "(object: Unknown, /) -> None" (reportUnknownMemberType)
::warning file=d%3A\a\hol-guard\hol-guard\candidate\tests\test_windows_atomic_replace.py,line=189,col=9::Type of "append" is partially unknown%0A  Type of "append" is "(object: Unknown, /) -> None" (reportUnknownMemberType)
d:\a\hol-guard\hol-guard\candidate\tests\test_windows_atomic_replace.py:192:5 - warning: Type of "setattr" is unknown (reportUnknownMemberType)
::warning file=d%3A\a\hol-guard\hol-guard\candidate\tests\test_windows_atomic_replace.py,line=192,col=5::Type of "setattr" is unknown (reportUnknownMemberType)
d:\a\hol-guard\hol-guard\candidate\tests\test_windows_atomic_replace.py:192:61 - warning: Type of parameter "_args" is partially unknown (reportUnknownLambdaType)
::warning file=d%3A\a\hol-guard\hol-guard\candidate\tests\test_windows_atomic_replace.py,line=192,col=61::Type of parameter "_args" is partially unknown (reportUnknownLambdaType)
d:\a\hol-guard\hol-guard\candidate\tests\test_windows_atomic_replace.py:196:13 - warning: Argument type is unknown
  Argument corresponds to parameter "source" in function "replace_temporary_descriptor" (reportUnknownArgumentType)
::warning file=d%3A\a\hol-guard\hol-guard\candidate\tests\test_windows_atomic_replace.py,line=196,col=13::Argument type is unknown%0A  Argument corresponds to parameter "source" in function "replace_temporary_descriptor" (reportUnknownArgumentType)
d:\a\hol-guard\hol-guard\candidate\tests\test_windows_atomic_replace.py:197:13 - warning: Argument type is unknown
  Argument corresponds to parameter "destination" in function "replace_temporary_descriptor" (reportUnknownArgumentType)
::warning file=d%3A\a\hol-guard\hol-guard\candidate\tests\test_windows_atomic_replace.py,line=197,col=13::Argument type is unknown%0A  Argument corresponds to parameter "destination" in function "replace_temporary_descriptor" (reportUnknownArgumentType)
d:\a\hol-guard\hol-guard\candidate\tests\test_windows_atomic_replace.py:198:30 - warning: Argument type is partially unknown
  Argument corresponds to parameter "close_descriptor" in function "replace_temporary_descriptor"
  Argument type is "(fd: Unknown) -> NoReturn" (reportUnknownArgumentType)
::warning file=d%3A\a\hol-guard\hol-guard\candidate\tests\test_windows_atomic_replace.py,line=198,col=30::Argument type is partially unknown%0A  Argument corresponds to parameter "close_descriptor" in function "replace_temporary_descriptor"%0A  Argument type is "(fd: Unknown) -> NoReturn" (reportUnknownArgumentType)
d:\a\hol-guard\hol-guard\candidate\tests\test_windows_atomic_replace.py:199:28 - warning: Argument type is partially unknown
  Argument corresponds to parameter "legacy_replace" in function "replace_temporary_descriptor"
  Argument type is "(*_args: Unknown) -> None" (reportUnknownArgumentType)
::warning file=d%3A\a\hol-guard\hol-guard\candidate\tests\test_windows_atomic_replace.py,line=199,col=28::Argument type is partially unknown%0A  Argument corresponds to parameter "legacy_replace" in function "replace_temporary_descriptor"%0A  Argument type is "(*_args: Unknown) -> None" (reportUnknownArgumentType)
d:\a\hol-guard\hol-guard\candidate\tests\test_windows_atomic_replace.py:199:36 - warning: Type of parameter "_args" is partially unknown (reportUnknownLambdaType)
::warning file=d%3A\a\hol-guard\hol-guard\candidate\tests\test_windows_atomic_replace.py,line=199,col=36::Type of parameter "_args" is partially unknown (reportUnknownLambdaType)
d:\a\hol-guard\hol-guard\candidate\tests\test_windows_atomic_replace.py:199:43 - warning: Type of "append" is partially unknown
  Type of "append" is "(object: Unknown, /) -> None" (reportUnknownMemberType)
::warning file=d%3A\a\hol-guard\hol-guard\candidate\tests\test_windows_atomic_replace.py,line=199,col=43::Type of "append" is partially unknown%0A  Type of "append" is "(object: Unknown, /) -> None" (reportUnknownMemberType)
d:\a\hol-guard\hol-guard\candidate\tests\test_windows_atomic_replace.py:205:9 - warning: Return type is Any (reportAny)
::warning file=d%3A\a\hol-guard\hol-guard\candidate\tests\test_windows_atomic_replace.py,line=205,col=9::Return type is Any (reportAny)
d:\a\hol-guard\hol-guard\candidate\tests\test_windows_atomic_replace.py:205:9 - warning: Method "__getattribute__" is not marked as override but is overriding a method in class "object" (reportImplicitOverride)
::warning file=d%3A\a\hol-guard\hol-guard\candidate\tests\test_windows_atomic_replace.py,line=205,col=9::Method "__getattribute__" is not marked as override but is overriding a method in class "object" (reportImplicitOverride)
d:\a\hol-guard\hol-guard\candidate\tests\test_windows_atomic_replace.py:205:46 - warning: Type `Any` is not allowed (reportExplicitAny)
::warning file=d%3A\a\hol-guard\hol-guard\candidate\tests\test_windows_atomic_replace.py,line=205,col=46::Type `Any` is not allowed (reportExplicitAny)
d:\a\hol-guard\hol-guard\candidate\tests\test_windows_atomic_replace.py:208:16 - warning: Return type is Any (reportAny)
::warning file=d%3A\a\hol-guard\hol-guard\candidate\tests\test_windows_atomic_replace.py,line=208,col=16::Return type is Any (reportAny)
d:\a\hol-guard\hol-guard\candidate\tests\test_windows_atomic_replace.py:217:62 - warning: Type of parameter "kind" is unknown (reportUnknownParameterType)
::warning file=d%3A\a\hol-guard\hol-guard\candidate\tests\test_windows_atomic_replace.py,line=217,col=62::Type of parameter "kind" is unknown (reportUnknownParameterType)
d:\a\hol-guard\hol-guard\candidate\tests\test_windows_atomic_replace.py:217:62 - warning: Type annotation is missing for parameter "kind" (reportMissingParameterType)
::warning file=d%3A\a\hol-guard\hol-guard\candidate\tests\test_windows_atomic_replace.py,line=217,col=62::Type annotation is missing for parameter "kind" (reportMissingParameterType)
d:\a\hol-guard\hol-guard\candidate\tests\test_windows_atomic_replace.py:218:5 - warning: Type of "failure" is unknown (reportUnknownVariableType)
::warning file=d%3A\a\hol-guard\hol-guard\candidate\tests\test_windows_atomic_replace.py,line=218,col=5::Type of "failure" is unknown (reportUnknownVariableType)
d:\a\hol-guard\hol-guard\candidate\tests\test_windows_atomic_replace.py:219:12 - warning: "_note_cleanup_failure" is private and used outside of the module in which it is declared (reportPrivateUsage)
::warning file=d%3A\a\hol-guard\hol-guard\candidate\tests\test_windows_atomic_replace.py,line=219,col=12::"_note_cleanup_failure" is private and used outside of the module in which it is declared (reportPrivateUsage)
d:\a\hol-guard\hol-guard\candidate\tests\test_windows_atomic_replace.py:219:34 - warning: Argument type is unknown
  Argument corresponds to parameter "error" in function "_note_cleanup_failure" (reportUnknownArgumentType)
::warning file=d%3A\a\hol-guard\hol-guard\candidate\tests\test_windows_atomic_replace.py,line=219,col=34::Argument type is unknown%0A  Argument corresponds to parameter "error" in function "_note_cleanup_failure" (reportUnknownArgumentType)
d:\a\hol-guard\hol-guard\candidate\tests\test_windows_atomic_replace.py:220:16 - warning: Argument type is unknown
  Argument corresponds to parameter "object" in function "__new__" (reportUnknownArgumentType)
::warning file=d%3A\a\hol-guard\hol-guard\candidate\tests\test_windows_atomic_replace.py,line=220,col=16::Argument type is unknown%0A  Argument corresponds to parameter "object" in function "__new__" (reportUnknownArgumentType)
d:\a\hol-guard\hol-guard\candidate\tests\test_windows_atomic_replace.py:223:62 - warning: Type of parameter "monkeypatch" is unknown (reportUnknownParameterType)
::warning file=d%3A\a\hol-guard\hol-guard\candidate\tests\test_windows_atomic_replace.py,line=223,col=62::Type of parameter "monkeypatch" is unknown (reportUnknownParameterType)
d:\a\hol-guard\hol-guard\candidate\tests\test_windows_atomic_replace.py:223:62 - warning: Type annotation is missing for parameter "monkeypatch" (reportMissingParameterType)
::warning file=d%3A\a\hol-guard\hol-guard\candidate\tests\test_windows_atomic_replace.py,line=223,col=62::Type annotation is missing for parameter "monkeypatch" (reportMissingParameterType)
d:\a\hol-guard\hol-guard\candidate\tests\test_windows_atomic_replace.py:229:29 - warning: Type of parameter "_args" is partially unknown (reportUnknownLambdaType)
::warning file=d%3A\a\hol-guard\hol-guard\candidate\tests\test_windows_atomic_replace.py,line=229,col=29::Type of parameter "_args" is partially unknown (reportUnknownLambdaType)
d:\a\hol-guard\hol-guard\candidate\tests\test_windows_atomic_replace.py:230:44 - warning: Type of parameter "_args" is partially unknown (reportUnknownLambdaType)
::warning file=d%3A\a\hol-guard\hol-guard\candidate\tests\test_windows_atomic_replace.py,line=230,col=44::Type of parameter "_args" is partially unknown (reportUnknownLambdaType)
d:\a\hol-guard\hol-guard\candidate\tests\test_windows_atomic_replace.py:231:28 - warning: Type of parameter "handle" is unknown (reportUnknownLambdaType)
::warning file=d%3A\a\hol-guard\hol-guard\candidate\tests\test_windows_atomic_replace.py,line=231,col=28::Type of parameter "handle" is unknown (reportUnknownLambdaType)
d:\a\hol-guard\hol-guard\candidate\tests\test_windows_atomic_replace.py:231:36 - warning: Type of "append" is partially unknown
  Type of "append" is "(object: Unknown, /) -> None" (reportUnknownMemberType)
::warning file=d%3A\a\hol-guard\hol-guard\candidate\tests\test_windows_atomic_replace.py,line=231,col=36::Type of "append" is partially unknown%0A  Type of "append" is "(object: Unknown, /) -> None" (reportUnknownMemberType)
d:\a\hol-guard\hol-guard\candidate\tests\test_windows_atomic_replace.py:231:50 - warning: Argument type is unknown
  Argument corresponds to parameter "object" in function "append" (reportUnknownArgumentType)
::warning file=d%3A\a\hol-guard\hol-guard\candidate\tests\test_windows_atomic_replace.py,line=231,col=50::Argument type is unknown%0A  Argument corresponds to parameter "object" in function "append" (reportUnknownArgumentType)
d:\a\hol-guard\hol-guard\candidate\tests\test_windows_atomic_replace.py:233:5 - warning: Type of "setattr" is unknown (reportUnknownMemberType)
::warning file=d%3A\a\hol-guard\hol-guard\candidate\tests\test_windows_atomic_replace.py,line=233,col=5::Type of "setattr" is unknown (reportUnknownMemberType)
d:\a\hol-guard\hol-guard\candidate\tests\test_windows_atomic_replace.py:233:61 - warning: Type of parameter "_flags" is unknown (reportUnknownLambdaType)
::warning file=d%3A\a\hol-guard\hol-guard\candidate\tests\test_windows_atomic_replace.py,line=233,col=61::Type of parameter "_flags" is unknown (reportUnknownLambdaType)
d:\a\hol-guard\hol-guard\candidate\tests\test_windows_atomic_replace.py:234:5 - warning: Type of "setattr" is unknown (reportUnknownMemberType)
::warning file=d%3A\a\hol-guard\hol-guard\candidate\tests\test_windows_atomic_replace.py,line=234,col=5::Type of "setattr" is unknown (reportUnknownMemberType)
d:\a\hol-guard\hol-guard\candidate\tests\test_windows_atomic_replace.py:235:5 - warning: Type of "setattr" is unknown (reportUnknownMemberType)
::warning file=d%3A\a\hol-guard\hol-guard\candidate\tests\test_windows_atomic_replace.py,line=235,col=5::Type of "setattr" is unknown (reportUnknownMemberType)
d:\a\hol-guard\hol-guard\candidate\tests\test_windows_atomic_replace.py:237:9 - warning: Result of call expression is of type "int" and is not used; assign to variable "_" if this is intentional (reportUnusedCallResult)
::warning file=d%3A\a\hol-guard\hol-guard\candidate\tests\test_windows_atomic_replace.py,line=237,col=9::Result of call expression is of type "int" and is not used; assign to variable "_" if this is intentional (reportUnusedCallResult)
d:\a\hol-guard\hol-guard\candidate\tests\test_windows_atomic_replace.py:237:16 - warning: "_open_descriptor" is private and used outside of the module in which it is declared (reportPrivateUsage)
::warning file=d%3A\a\hol-guard\hol-guard\candidate\tests\test_windows_atomic_replace.py,line=237,col=16::"_open_descriptor" is private and used outside of the module in which it is declared (reportPrivateUsage)
d:\a\hol-guard\hol-guard\candidate\tests\test_windows_atomic_replace.py:242:64 - warning: Type of parameter "monkeypatch" is unknown (reportUnknownParameterType)
::warning file=d%3A\a\hol-guard\hol-guard\candidate\tests\test_windows_atomic_replace.py,line=242,col=64::Type of parameter "monkeypatch" is unknown (reportUnknownParameterType)
d:\a\hol-guard\hol-guard\candidate\tests\test_windows_atomic_replace.py:242:64 - warning: Type annotation is missing for parameter "monkeypatch" (reportMissingParameterType)
::warning file=d%3A\a\hol-guard\hol-guard\candidate\tests\test_windows_atomic_replace.py,line=242,col=64::Type annotation is missing for parameter "monkeypatch" (reportMissingParameterType)
d:\a\hol-guard\hol-guard\candidate\tests\test_windows_atomic_replace.py:242:77 - warning: Type of parameter "tmp_path" is unknown (reportUnknownParameterType)
::warning file=d%3A\a\hol-guard\hol-guard\candidate\tests\test_windows_atomic_replace.py,line=242,col=77::Type of parameter "tmp_path" is unknown (reportUnknownParameterType)
d:\a\hol-guard\hol-guard\candidate\tests\test_windows_atomic_replace.py:242:77 - warning: Type annotation is missing for parameter "tmp_path" (reportMissingParameterType)
::warning file=d%3A\a\hol-guard\hol-guard\candidate\tests\test_windows_atomic_replace.py,line=242,col=77::Type annotation is missing for parameter "tmp_path" (reportMissingParameterType)
d:\a\hol-guard\hol-guard\candidate\tests\test_windows_atomic_replace.py:242:87 - warning: Type of parameter "kind" is unknown (reportUnknownParameterType)
::warning file=d%3A\a\hol-guard\hol-guard\candidate\tests\test_windows_atomic_replace.py,line=242,col=87::Type of parameter "kind" is unknown (reportUnknownParameterType)
d:\a\hol-guard\hol-guard\candidate\tests\test_windows_atomic_replace.py:242:87 - warning: Type annotation is missing for parameter "kind" (reportMissingParameterType)
::warning file=d%3A\a\hol-guard\hol-guard\candidate\tests\test_windows_atomic_replace.py,line=242,col=87::Type annotation is missing for parameter "kind" (reportMissingParameterType)
d:\a\hol-guard\hol-guard\candidate\tests\test_windows_atomic_replace.py:243:5 - warning: Type of "failure" is unknown (reportUnknownVariableType)
::warning file=d%3A\a\hol-guard\hol-guard\candidate\tests\test_windows_atomic_replace.py,line=243,col=5::Type of "failure" is unknown (reportUnknownVariableType)
d:\a\hol-guard\hol-guard\candidate\tests\test_windows_atomic_replace.py:246:46 - warning: Type of parameter "handle" is unknown (reportUnknownLambdaType)
::warning file=d%3A\a\hol-guard\hol-guard\candidate\tests\test_windows_atomic_replace.py,line=246,col=46::Type of parameter "handle" is unknown (reportUnknownLambdaType)
d:\a\hol-guard\hol-guard\candidate\tests\test_windows_atomic_replace.py:246:54 - warning: Type of "append" is partially unknown
  Type of "append" is "(object: Unknown, /) -> None" (reportUnknownMemberType)
::warning file=d%3A\a\hol-guard\hol-guard\candidate\tests\test_windows_atomic_replace.py,line=246,col=54::Type of "append" is partially unknown%0A  Type of "append" is "(object: Unknown, /) -> None" (reportUnknownMemberType)
d:\a\hol-guard\hol-guard\candidate\tests\test_windows_atomic_replace.py:248:18 - warning: Type of parameter "_api" is unknown (reportUnknownParameterType)
::warning file=d%3A\a\hol-guard\hol-guard\candidate\tests\test_windows_atomic_replace.py,line=248,col=18::Type of parameter "_api" is unknown (reportUnknownParameterType)
d:\a\hol-guard\hol-guard\candidate\tests\test_windows_atomic_replace.py:248:18 - warning: Type annotation is missing for parameter "_api" (reportMissingParameterType)
::warning file=d%3A\a\hol-guard\hol-guard\candidate\tests\test_windows_atomic_replace.py,line=248,col=18::Type annotation is missing for parameter "_api" (reportMissingParameterType)
d:\a\hol-guard\hol-guard\candidate\tests\test_windows_atomic_replace.py:248:24 - warning: Type of parameter "_handle" is unknown (reportUnknownParameterType)
::warning file=d%3A\a\hol-guard\hol-guard\candidate\tests\test_windows_atomic_replace.py,line=248,col=24::Type of parameter "_handle" is unknown (reportUnknownParameterType)
d:\a\hol-guard\hol-guard\candidate\tests\test_windows_atomic_replace.py:248:24 - warning: Type annotation is missing for parameter "_handle" (reportMissingParameterType)
::warning file=d%3A\a\hol-guard\hol-guard\candidate\tests\test_windows_atomic_replace.py,line=248,col=24::Type annotation is missing for parameter "_handle" (reportMissingParameterType)
d:\a\hol-guard\hol-guard\candidate\tests\test_windows_atomic_replace.py:248:36 - warning: Type of parameter "directory" is unknown (reportUnknownParameterType)
::warning file=d%3A\a\hol-guard\hol-guard\candidate\tests\test_windows_atomic_replace.py,line=248,col=36::Type of parameter "directory" is unknown (reportUnknownParameterType)
d:\a\hol-guard\hol-guard\candidate\tests\test_windows_atomic_replace.py:248:36 - warning: Type annotation is missing for parameter "directory" (reportMissingParameterType)
::warning file=d%3A\a\hol-guard\hol-guard\candidate\tests\test_windows_atomic_replace.py,line=248,col=36::Type annotation is missing for parameter "directory" (reportMissingParameterType)
d:\a\hol-guard\hol-guard\candidate\tests\test_windows_atomic_replace.py:248:49 - warning: Type of parameter "_arguments" is unknown (reportUnknownParameterType)
::warning file=d%3A\a\hol-guard\hol-guard\candidate\tests\test_windows_atomic_replace.py,line=248,col=49::Type of parameter "_arguments" is unknown (reportUnknownParameterType)
d:\a\hol-guard\hol-guard\candidate\tests\test_windows_atomic_replace.py:248:49 - warning: Type annotation is missing for parameter "_arguments" (reportMissingParameterType)
::warning file=d%3A\a\hol-guard\hol-guard\candidate\tests\test_windows_atomic_replace.py,line=248,col=49::Type annotation is missing for parameter "_arguments" (reportMissingParameterType)
d:\a\hol-guard\hol-guard\candidate\tests\test_windows_atomic_replace.py:253:5 - warning: Type of "setattr" is unknown (reportUnknownMemberType)
::warning file=d%3A\a\hol-guard\hol-guard\candidate\tests\test_windows_atomic_replace.py,line=253,col=5::Type of "setattr" is unknown (reportUnknownMemberType)
d:\a\hol-guard\hol-guard\candidate\tests\test_windows_atomic_replace.py:253:52 - warning: Type of parameter "_args" is partially unknown (reportUnknownLambdaType)
::warning file=d%3A\a\hol-guard\hol-guard\candidate\tests\test_windows_atomic_replace.py,line=253,col=52::Type of parameter "_args" is partially unknown (reportUnknownLambdaType)
d:\a\hol-guard\hol-guard\candidate\tests\test_windows_atomic_replace.py:254:5 - warning: Type of "setattr" is unknown (reportUnknownMemberType)
::warning file=d%3A\a\hol-guard\hol-guard\candidate\tests\test_windows_atomic_replace.py,line=254,col=5::Type of "setattr" is unknown (reportUnknownMemberType)
d:\a\hol-guard\hol-guard\candidate\tests\test_windows_atomic_replace.py:254:71 - warning: Type of parameter "_args" is partially unknown (reportUnknownLambdaType)
::warning file=d%3A\a\hol-guard\hol-guard\candidate\tests\test_windows_atomic_replace.py,line=254,col=71::Type of parameter "_args" is partially unknown (reportUnknownLambdaType)
d:\a\hol-guard\hol-guard\candidate\tests\test_windows_atomic_replace.py:254:78 - warning: Type of "append" is partially unknown
  Type of "append" is "(object: Unknown, /) -> None" (reportUnknownMemberType)
::warning file=d%3A\a\hol-guard\hol-guard\candidate\tests\test_windows_atomic_replace.py,line=254,col=78::Type of "append" is partially unknown%0A  Type of "append" is "(object: Unknown, /) -> None" (reportUnknownMemberType)
d:\a\hol-guard\hol-guard\candidate\tests\test_windows_atomic_replace.py:255:5 - warning: Type of "setattr" is unknown (reportUnknownMemberType)
::warning file=d%3A\a\hol-guard\hol-guard\candidate\tests\test_windows_atomic_replace.py,line=255,col=5::Type of "setattr" is unknown (reportUnknownMemberType)
d:\a\hol-guard\hol-guard\candidate\tests\test_windows_atomic_replace.py:257:5 - warning: Type of "setattr" is unknown (reportUnknownMemberType)
::warning file=d%3A\a\hol-guard\hol-guard\candidate\tests\test_windows_atomic_replace.py,line=257,col=5::Type of "setattr" is unknown (reportUnknownMemberType)
d:\a\hol-guard\hol-guard\candidate\tests\test_windows_atomic_replace.py:257:51 - warning: Type of parameter "_args" is partially unknown (reportUnknownLambdaType)
::warning file=d%3A\a\hol-guard\hol-guard\candidate\tests\test_windows_atomic_replace.py,line=257,col=51::Type of parameter "_args" is partially unknown (reportUnknownLambdaType)
d:\a\hol-guard\hol-guard\candidate\tests\test_windows_atomic_replace.py:258:5 - warning: Type of "setattr" is unknown (reportUnknownMemberType)
::warning file=d%3A\a\hol-guard\hol-guard\candidate\tests\test_windows_atomic_replace.py,line=258,col=5::Type of "setattr" is unknown (reportUnknownMemberType)
d:\a\hol-guard\hol-guard\candidate\tests\test_windows_atomic_replace.py:259:5 - warning: Type of "setattr" is unknown (reportUnknownMemberType)
::warning file=d%3A\a\hol-guard\hol-guard\candidate\tests\test_windows_atomic_replace.py,line=259,col=5::Type of "setattr" is unknown (reportUnknownMemberType)
d:\a\hol-guard\hol-guard\candidate\tests\test_windows_atomic_replace.py:259:52 - warning: Type of parameter "_args" is partially unknown (reportUnknownLambdaType)
::warning file=d%3A\a\hol-guard\hol-guard\candidate\tests\test_windows_atomic_replace.py,line=259,col=52::Type of parameter "_args" is partially unknown (reportUnknownLambdaType)
d:\a\hol-guard\hol-guard\candidate\tests\test_windows_atomic_replace.py:260:24 - warning: Argument type is unknown
  Argument corresponds to parameter "expected_exception" in function "raises" (reportUnknownArgumentType)
::warning file=d%3A\a\hol-guard\hol-guard\candidate\tests\test_windows_atomic_replace.py,line=260,col=24::Argument type is unknown%0A  Argument corresponds to parameter "expected_exception" in function "raises" (reportUnknownArgumentType)
d:\a\hol-guard\hol-guard\candidate\tests\test_windows_atomic_replace.py:260:33 - warning: Type of "caught" is partially unknown
  Type of "caught" is "ExceptionInfo[Unknown]" (reportUnknownVariableType)
::warning file=d%3A\a\hol-guard\hol-guard\candidate\tests\test_windows_atomic_replace.py,line=260,col=33::Type of "caught" is partially unknown%0A  Type of "caught" is "ExceptionInfo[Unknown]" (reportUnknownVariableType)
d:\a\hol-guard\hol-guard\candidate\tests\test_windows_atomic_replace.py:261:30 - warning: Argument type is unknown
  Argument corresponds to parameter "source" in function "replace_once" (reportUnknownArgumentType)
::warning file=d%3A\a\hol-guard\hol-guard\candidate\tests\test_windows_atomic_replace.py,line=261,col=30::Argument type is unknown%0A  Argument corresponds to parameter "source" in function "replace_once" (reportUnknownArgumentType)
d:\a\hol-guard\hol-guard\candidate\tests\test_windows_atomic_replace.py:261:51 - warning: Argument type is unknown
  Argument corresponds to parameter "destination" in function "replace_once" (reportUnknownArgumentType)
::warning file=d%3A\a\hol-guard\hol-guard\candidate\tests\test_windows_atomic_replace.py,line=261,col=51::Argument type is unknown%0A  Argument corresponds to parameter "destination" in function "replace_once" (reportUnknownArgumentType)
d:\a\hol-guard\hol-guard\candidate\tests\test_windows_atomic_replace.py:262:12 - warning: Type of "value" is unknown (reportUnknownMemberType)
::warning file=d%3A\a\hol-guard\hol-guard\candidate\tests\test_windows_atomic_replace.py,line=262,col=12::Type of "value" is unknown (reportUnknownMemberType)
d:\a\hol-guard\hol-guard\candidate\tests\test_windows_atomic_replace.py:265:66 - warning: Type of parameter "monkeypatch" is unknown (reportUnknownParameterType)
::warning file=d%3A\a\hol-guard\hol-guard\candidate\tests\test_windows_atomic_replace.py,line=265,col=66::Type of parameter "monkeypatch" is unknown (reportUnknownParameterType)
d:\a\hol-guard\hol-guard\candidate\tests\test_windows_atomic_replace.py:265:66 - warning: Type annotation is missing for parameter "monkeypatch" (reportMissingParameterType)
::warning file=d%3A\a\hol-guard\hol-guard\candidate\tests\test_windows_atomic_replace.py,line=265,col=66::Type annotation is missing for parameter "monkeypatch" (reportMissingParameterType)
d:\a\hol-guard\hol-guard\candidate\tests\test_windows_atomic_replace.py:265:79 - warning: Type of parameter "tmp_path" is unknown (reportUnknownParameterType)
::warning file=d%3A\a\hol-guard\hol-guard\candidate\tests\test_windows_atomic_replace.py,line=265,col=79::Type of parameter "tmp_path" is unknown (reportUnknownParameterType)
d:\a\hol-guard\hol-guard\candidate\tests\test_windows_atomic_replace.py:265:79 - warning: Type annotation is missing for parameter "tmp_path" (reportMissingParameterType)
::warning file=d%3A\a\hol-guard\hol-guard\candidate\tests\test_windows_atomic_replace.py,line=265,col=79::Type annotation is missing for parameter "tmp_path" (reportMissingParameterType)
d:\a\hol-guard\hol-guard\candidate\tests\test_windows_atomic_replace.py:269:9 - warning: Type annotation for attribute `name` is required because this class is not decorated with `@final` (reportUnannotatedClassAttribute)
::warning file=d%3A\a\hol-guard\hol-guard\candidate\tests\test_windows_atomic_replace.py,line=269,col=9::Type annotation for attribute `name` is required because this class is not decorated with `@final` (reportUnannotatedClassAttribute)
d:\a\hol-guard\hol-guard\candidate\tests\test_windows_atomic_replace.py:271:13 - warning: Return type is Any (reportAny)
::warning file=d%3A\a\hol-guard\hol-guard\candidate\tests\test_windows_atomic_replace.py,line=271,col=13::Return type is Any (reportAny)
d:\a\hol-guard\hol-guard\candidate\tests\test_windows_atomic_replace.py:271:31 - warning: Type of parameter "name" is unknown (reportUnknownParameterType)
::warning file=d%3A\a\hol-guard\hol-guard\candidate\tests\test_windows_atomic_replace.py,line=271,col=31::Type of parameter "name" is unknown (reportUnknownParameterType)
d:\a\hol-guard\hol-guard\candidate\tests\test_windows_atomic_replace.py:271:31 - warning: Type annotation is missing for parameter "name" (reportMissingParameterType)
::warning file=d%3A\a\hol-guard\hol-guard\candidate\tests\test_windows_atomic_replace.py,line=271,col=31::Type annotation is missing for parameter "name" (reportMissingParameterType)
d:\a\hol-guard\hol-guard\candidate\tests\test_windows_atomic_replace.py:272:20 - warning: Return type is Any (reportAny)
::warning file=d%3A\a\hol-guard\hol-guard\candidate\tests\test_windows_atomic_replace.py,line=272,col=20::Return type is Any (reportAny)
d:\a\hol-guard\hol-guard\candidate\tests\test_windows_atomic_replace.py:272:32 - warning: Argument type is unknown
  Argument corresponds to parameter "name" in function "getattr" (reportUnknownArgumentType)
::warning file=d%3A\a\hol-guard\hol-guard\candidate\tests\test_windows_atomic_replace.py,line=272,col=32::Argument type is unknown%0A  Argument corresponds to parameter "name" in function "getattr" (reportUnknownArgumentType)
d:\a\hol-guard\hol-guard\candidate\tests\test_windows_atomic_replace.py:275:27 - warning: Type `Any` is not allowed (reportExplicitAny)
::warning file=d%3A\a\hol-guard\hol-guard\candidate\tests\test_windows_atomic_replace.py,line=275,col=27::Type `Any` is not allowed (reportExplicitAny)
d:\a\hol-guard\hol-guard\candidate\tests\test_windows_atomic_replace.py:277:25 - warning: Type of parameter "descriptor" is unknown (reportUnknownParameterType)
::warning file=d%3A\a\hol-guard\hol-guard\candidate\tests\test_windows_atomic_replace.py,line=277,col=25::Type of parameter "descriptor" is unknown (reportUnknownParameterType)
d:\a\hol-guard\hol-guard\candidate\tests\test_windows_atomic_replace.py:277:25 - warning: Type annotation is missing for parameter "descriptor" (reportMissingParameterType)
::warning file=d%3A\a\hol-guard\hol-guard\candidate\tests\test_windows_atomic_replace.py,line=277,col=25::Type annotation is missing for parameter "descriptor" (reportMissingParameterType)
d:\a\hol-guard\hol-guard\candidate\tests\test_windows_atomic_replace.py:278:13 - warning: Type of "append" is partially unknown
  Type of "append" is "(object: Unknown, /) -> None" (reportUnknownMemberType)
::warning file=d%3A\a\hol-guard\hol-guard\candidate\tests\test_windows_atomic_replace.py,line=278,col=13::Type of "append" is partially unknown%0A  Type of "append" is "(object: Unknown, /) -> None" (reportUnknownMemberType)
d:\a\hol-guard\hol-guard\candidate\tests\test_windows_atomic_replace.py:279:22 - warning: Argument type is unknown
  Argument corresponds to parameter "fd" in function "close" (reportUnknownArgumentType)
::warning file=d%3A\a\hol-guard\hol-guard\candidate\tests\test_windows_atomic_replace.py,line=279,col=22::Argument type is unknown%0A  Argument corresponds to parameter "fd" in function "close" (reportUnknownArgumentType)
d:\a\hol-guard\hol-guard\candidate\tests\test_windows_atomic_replace.py:280:28 - warning: Type of "rebound_replace" is partially unknown
  Type of "rebound_replace" is "(source: Unknown, target: Unknown) -> None" (reportUnknownMemberType)
::warning file=d%3A\a\hol-guard\hol-guard\candidate\tests\test_windows_atomic_replace.py,line=280,col=28::Type of "rebound_replace" is partially unknown%0A  Type of "rebound_replace" is "(source: Unknown, target: Unknown) -> None" (reportUnknownMemberType)
d:\a\hol-guard\hol-guard\candidate\tests\test_windows_atomic_replace.py:285:35 - warning: Type of parameter "source" is unknown (reportUnknownParameterType)
::warning file=d%3A\a\hol-guard\hol-guard\candidate\tests\test_windows_atomic_replace.py,line=285,col=35::Type of parameter "source" is unknown (reportUnknownParameterType)
d:\a\hol-guard\hol-guard\candidate\tests\test_windows_atomic_replace.py:285:35 - warning: Type annotation is missing for parameter "source" (reportMissingParameterType)
::warning file=d%3A\a\hol-guard\hol-guard\candidate\tests\test_windows_atomic_replace.py,line=285,col=35::Type annotation is missing for parameter "source" (reportMissingParameterType)
d:\a\hol-guard\hol-guard\candidate\tests\test_windows_atomic_replace.py:285:43 - warning: Type of parameter "target" is unknown (reportUnknownParameterType)
::warning file=d%3A\a\hol-guard\hol-guard\candidate\tests\test_windows_atomic_replace.py,line=285,col=43::Type of parameter "target" is unknown (reportUnknownParameterType)
d:\a\hol-guard\hol-guard\candidate\tests\test_windows_atomic_replace.py:285:43 - warning: Type annotation is missing for parameter "target" (reportMissingParameterType)
::warning file=d%3A\a\hol-guard\hol-guard\candidate\tests\test_windows_atomic_replace.py,line=285,col=43::Type annotation is missing for parameter "target" (reportMissingParameterType)
d:\a\hol-guard\hol-guard\candidate\tests\test_windows_atomic_replace.py:286:13 - warning: Type of "append" is partially unknown
  Type of "append" is "(object: Unknown, /) -> None" (reportUnknownMemberType)
::warning file=d%3A\a\hol-guard\hol-guard\candidate\tests\test_windows_atomic_replace.py,line=286,col=13::Type of "append" is partially unknown%0A  Type of "append" is "(object: Unknown, /) -> None" (reportUnknownMemberType)
d:\a\hol-guard\hol-guard\candidate\tests\test_windows_atomic_replace.py:287:24 - warning: Argument type is unknown
  Argument corresponds to parameter "src" in function "replace" (reportUnknownArgumentType)
::warning file=d%3A\a\hol-guard\hol-guard\candidate\tests\test_windows_atomic_replace.py,line=287,col=24::Argument type is unknown%0A  Argument corresponds to parameter "src" in function "replace" (reportUnknownArgumentType)
d:\a\hol-guard\hol-guard\candidate\tests\test_windows_atomic_replace.py:287:32 - warning: Argument type is unknown
  Argument corresponds to parameter "dst" in function "replace" (reportUnknownArgumentType)
::warning file=d%3A\a\hol-guard\hol-guard\candidate\tests\test_windows_atomic_replace.py,line=287,col=32::Argument type is unknown%0A  Argument corresponds to parameter "dst" in function "replace" (reportUnknownArgumentType)
d:\a\hol-guard\hol-guard\candidate\tests\test_windows_atomic_replace.py:289:5 - warning: Type of "setattr" is unknown (reportUnknownMemberType)
::warning file=d%3A\a\hol-guard\hol-guard\candidate\tests\test_windows_atomic_replace.py,line=289,col=5::Type of "setattr" is unknown (reportUnknownMemberType)
d:\a\hol-guard\hol-guard\candidate\tests\test_windows_atomic_replace.py:289:45 - warning: Type `Any` is not allowed (reportExplicitAny)
::warning file=d%3A\a\hol-guard\hol-guard\candidate\tests\test_windows_atomic_replace.py,line=289,col=45::Type `Any` is not allowed (reportExplicitAny)
d:\a\hol-guard\hol-guard\candidate\tests\test_windows_atomic_replace.py:290:5 - warning: Type of "setattr" is unknown (reportUnknownMemberType)
::warning file=d%3A\a\hol-guard\hol-guard\candidate\tests\test_windows_atomic_replace.py,line=290,col=5::Type of "setattr" is unknown (reportUnknownMemberType)
d:\a\hol-guard\hol-guard\candidate\tests\test_windows_atomic_replace.py:290:61 - warning: Type of parameter "_args" is partially unknown (reportUnknownLambdaType)
::warning file=d%3A\a\hol-guard\hol-guard\candidate\tests\test_windows_atomic_replace.py,line=290,col=61::Type of parameter "_args" is partially unknown (reportUnknownLambdaType)
d:\a\hol-guard\hol-guard\candidate\tests\test_windows_atomic_replace.py:291:5 - warning: Type of "target" is unknown (reportUnknownVariableType)
::warning file=d%3A\a\hol-guard\hol-guard\candidate\tests\test_windows_atomic_replace.py,line=291,col=5::Type of "target" is unknown (reportUnknownVariableType)
d:\a\hol-guard\hol-guard\candidate\tests\test_windows_atomic_replace.py:292:13 - warning: "_write_private_atomic_text" is private and used outside of the module in which it is declared (reportPrivateUsage)
::warning file=d%3A\a\hol-guard\hol-guard\candidate\tests\test_windows_atomic_replace.py,line=292,col=13::"_write_private_atomic_text" is private and used outside of the module in which it is declared (reportPrivateUsage)
d:\a\hol-guard\hol-guard\candidate\tests\test_windows_atomic_replace.py:292:40 - warning: Argument type is unknown
  Argument corresponds to parameter "path" in function "_write_private_atomic_text" (reportUnknownArgumentType)
::warning file=d%3A\a\hol-guard\hol-guard\candidate\tests\test_windows_atomic_replace.py,line=292,col=40::Argument type is unknown%0A  Argument corresponds to parameter "path" in function "_write_private_atomic_text" (reportUnknownArgumentType)
d:\a\hol-guard\hol-guard\candidate\tests\test_windows_atomic_replace.py:294:12 - warning: Type of "read_text" is unknown (reportUnknownMemberType)
::warning file=d%3A\a\hol-guard\hol-guard\candidate\tests\test_windows_atomic_replace.py,line=294,col=12::Type of "read_text" is unknown (reportUnknownMemberType)
d:\a\hol-guard\hol-guard\candidate\tests\test_windows_atomic_replace.py:295:21 - warning: Type of "glob" is unknown (reportUnknownMemberType)
::warning file=d%3A\a\hol-guard\hol-guard\candidate\tests\test_windows_atomic_replace.py,line=295,col=21::Type of "glob" is unknown (reportUnknownMemberType)
d:\a\hol-guard\hol-guard\candidate\tests\test_windows_atomic_replace.py:295:21 - warning: Argument type is unknown
  Argument corresponds to parameter "iterable" in function "__init__" (reportUnknownArgumentType)
::warning file=d%3A\a\hol-guard\hol-guard\candidate\tests\test_windows_atomic_replace.py,line=295,col=21::Argument type is unknown%0A  Argument corresponds to parameter "iterable" in function "__init__" (reportUnknownArgumentType)
d:\a\hol-guard\hol-guard\candidate\tests\test_windows_atomic_replace_process.py:14:60 - warning: "_NativeCalls" is private and used outside of the module in which it is declared (reportPrivateUsage)
::warning file=d%3A\a\hol-guard\hol-guard\candidate\tests\test_windows_atomic_replace_process.py,line=14,col=60::"_NativeCalls" is private and used outside of the module in which it is declared (reportPrivateUsage)
d:\a\hol-guard\hol-guard\candidate\tests\test_windows_atomic_replace_process.py:25:1 - warning: Type of "_ORIGINAL_SAFE" is Any (reportAny)
::warning file=d%3A\a\hol-guard\hol-guard\candidate\tests\test_windows_atomic_replace_process.py,line=25,col=1::Type of "_ORIGINAL_SAFE" is Any (reportAny)
d:\a\hol-guard\hol-guard\candidate\tests\test_windows_atomic_replace_process.py:25:18 - warning: Type of "_safe_child_value" is Any (reportAny)
::warning file=d%3A\a\hol-guard\hol-guard\candidate\tests\test_windows_atomic_replace_process.py,line=25,col=18::Type of "_safe_child_value" is Any (reportAny)
d:\a\hol-guard\hol-guard\candidate\tests\test_windows_atomic_replace_process.py:30:18 - warning: Type of parameter "value" is unknown (reportUnknownParameterType)
::warning file=d%3A\a\hol-guard\hol-guard\candidate\tests\test_windows_atomic_replace_process.py,line=30,col=18::Type of parameter "value" is unknown (reportUnknownParameterType)
d:\a\hol-guard\hol-guard\candidate\tests\test_windows_atomic_replace_process.py:30:18 - warning: Type annotation is missing for parameter "value" (reportMissingParameterType)
::warning file=d%3A\a\hol-guard\hol-guard\candidate\tests\test_windows_atomic_replace_process.py,line=30,col=18::Type annotation is missing for parameter "value" (reportMissingParameterType)
d:\a\hol-guard\hol-guard\candidate\tests\test_windows_atomic_replace_process.py:42:43 - warning: Argument type is partially unknown
  Argument corresponds to parameter "iterable" in function "__init__"
  Argument type is "dict[Unknown, Unknown]" (reportUnknownArgumentType)
::warning file=d%3A\a\hol-guard\hol-guard\candidate\tests\test_windows_atomic_replace_process.py,line=42,col=43::Argument type is partially unknown%0A  Argument corresponds to parameter "iterable" in function "__init__"%0A  Argument type is "dict[Unknown, Unknown]" (reportUnknownArgumentType)
d:\a\hol-guard\hol-guard\candidate\tests\test_windows_atomic_replace_process.py:45:14 - warning: Argument type is unknown
  Argument corresponds to parameter "o" in function "__init__" (reportUnknownArgumentType)
::warning file=d%3A\a\hol-guard\hol-guard\candidate\tests\test_windows_atomic_replace_process.py,line=45,col=14::Argument type is unknown%0A  Argument corresponds to parameter "o" in function "__init__" (reportUnknownArgumentType)
d:\a\hol-guard\hol-guard\candidate\tests\test_windows_atomic_replace_process.py:50:58 - warning: Argument type is unknown
  Argument corresponds to parameter "o" in function "__init__" (reportUnknownArgumentType)
::warning file=d%3A\a\hol-guard\hol-guard\candidate\tests\test_windows_atomic_replace_process.py,line=50,col=58::Argument type is unknown%0A  Argument corresponds to parameter "o" in function "__init__" (reportUnknownArgumentType)
d:\a\hol-guard\hol-guard\candidate\tests\test_windows_atomic_replace_process.py:53:22 - warning: Argument type is unknown
  Argument corresponds to parameter "o" in function "__init__" (reportUnknownArgumentType)
::warning file=d%3A\a\hol-guard\hol-guard\candidate\tests\test_windows_atomic_replace_process.py,line=53,col=22::Argument type is unknown%0A  Argument corresponds to parameter "o" in function "__init__" (reportUnknownArgumentType)
d:\a\hol-guard\hol-guard\candidate\tests\test_windows_atomic_replace_process.py:55:18 - warning: Argument type is unknown
  Argument corresponds to parameter "o" in function "__init__" (reportUnknownArgumentType)
::warning file=d%3A\a\hol-guard\hol-guard\candidate\tests\test_windows_atomic_replace_process.py,line=55,col=18::Argument type is unknown%0A  Argument corresponds to parameter "o" in function "__init__" (reportUnknownArgumentType)
d:\a\hol-guard\hol-guard\candidate\tests\test_windows_atomic_replace_process.py:57:59 - warning: Argument type is unknown
  Argument corresponds to parameter "o" in function "__init__" (reportUnknownArgumentType)
::warning file=d%3A\a\hol-guard\hol-guard\candidate\tests\test_windows_atomic_replace_process.py,line=57,col=59::Argument type is unknown%0A  Argument corresponds to parameter "o" in function "__init__" (reportUnknownArgumentType)
d:\a\hol-guard\hol-guard\candidate\tests\test_windows_atomic_replace_process.py:61:18 - warning: Type of parameter "value" is unknown (reportUnknownParameterType)
::warning file=d%3A\a\hol-guard\hol-guard\candidate\tests\test_windows_atomic_replace_process.py,line=61,col=18::Type of parameter "value" is unknown (reportUnknownParameterType)
d:\a\hol-guard\hol-guard\candidate\tests\test_windows_atomic_replace_process.py:61:18 - warning: Type annotation is missing for parameter "value" (reportMissingParameterType)
::warning file=d%3A\a\hol-guard\hol-guard\candidate\tests\test_windows_atomic_replace_process.py,line=61,col=18::Type annotation is missing for parameter "value" (reportMissingParameterType)
d:\a\hol-guard\hol-guard\candidate\tests\test_windows_atomic_replace_process.py:61:25 - warning: Type annotation is missing for parameter "depth" (reportMissingParameterType)
::warning file=d%3A\a\hol-guard\hol-guard\candidate\tests\test_windows_atomic_replace_process.py,line=61,col=25::Type annotation is missing for parameter "depth" (reportMissingParameterType)
d:\a\hol-guard\hol-guard\candidate\tests\test_windows_atomic_replace_process.py:65:16 - warning: Return type is Any (reportAny)
::warning file=d%3A\a\hol-guard\hol-guard\candidate\tests\test_windows_atomic_replace_process.py,line=65,col=16::Return type is Any (reportAny)
d:\a\hol-guard\hol-guard\candidate\tests\test_windows_atomic_replace_process.py:66:25 - warning: Argument type is unknown
  Argument corresponds to parameter "value" in function "_safe_native" (reportUnknownArgumentType)
::warning file=d%3A\a\hol-guard\hol-guard\candidate\tests\test_windows_atomic_replace_process.py,line=66,col=25::Argument type is unknown%0A  Argument corresponds to parameter "value" in function "_safe_native" (reportUnknownArgumentType)
d:\a\hol-guard\hol-guard\candidate\tests\test_windows_atomic_replace_process.py:68:5 - warning: Type of "report" is partially unknown
  Type of "report" is "dict[Unknown, Unknown]" (reportUnknownVariableType)
::warning file=d%3A\a\hol-guard\hol-guard\candidate\tests\test_windows_atomic_replace_process.py,line=68,col=5::Type of "report" is partially unknown%0A  Type of "report" is "dict[Unknown, Unknown]" (reportUnknownVariableType)
d:\a\hol-guard\hol-guard\candidate\tests\test_windows_atomic_replace_process.py:68:29 - warning: Type of "key" is unknown (reportUnknownVariableType)
::warning file=d%3A\a\hol-guard\hol-guard\candidate\tests\test_windows_atomic_replace_process.py,line=68,col=29::Type of "key" is unknown (reportUnknownVariableType)
d:\a\hol-guard\hol-guard\candidate\tests\test_windows_atomic_replace_process.py:68:34 - warning: Type of "item" is unknown (reportUnknownVariableType)
::warning file=d%3A\a\hol-guard\hol-guard\candidate\tests\test_windows_atomic_replace_process.py,line=68,col=34::Type of "item" is unknown (reportUnknownVariableType)
d:\a\hol-guard\hol-guard\candidate\tests\test_windows_atomic_replace_process.py:69:8 - warning: Type of "get" is partially unknown
  Type of "get" is "Overload[(key: Unknown, default: None = None, /) -> (Unknown | None), (key: Unknown, default: Unknown, /) -> Unknown, (key: Unknown, default: _T@get, /) -> (Unknown | _T@get)]" (reportUnknownMemberType)
::warning file=d%3A\a\hol-guard\hol-guard\candidate\tests\test_windows_atomic_replace_process.py,line=69,col=8::Type of "get" is partially unknown%0A  Type of "get" is "Overload[(key: Unknown, default: None = None, /) -> (Unknown | None), (key: Unknown, default: Unknown, /) -> Unknown, (key: Unknown, default: _T@get, /) -> (Unknown | _T@get)]" (reportUnknownMemberType)
d:\a\hol-guard\hol-guard\candidate\tests\test_windows_atomic_replace_process.py:70:16 - warning: Return type is Any (reportAny)
::warning file=d%3A\a\hol-guard\hol-guard\candidate\tests\test_windows_atomic_replace_process.py,line=70,col=16::Return type is Any (reportAny)
d:\a\hol-guard\hol-guard\candidate\tests\test_windows_atomic_replace_process.py:71:12 - warning: Argument type is partially unknown
  Argument corresponds to parameter "iterable" in function "__init__"
  Argument type is "dict[Unknown, Unknown]" (reportUnknownArgumentType)
::warning file=d%3A\a\hol-guard\hol-guard\candidate\tests\test_windows_atomic_replace_process.py,line=71,col=12::Argument type is partially unknown%0A  Argument corresponds to parameter "iterable" in function "__init__"%0A  Argument type is "dict[Unknown, Unknown]" (reportUnknownArgumentType)
d:\a\hol-guard\hol-guard\candidate\tests\test_windows_atomic_replace_process.py:73:38 - warning: Argument type is unknown
  Argument corresponds to parameter "o" in function "__init__" (reportUnknownArgumentType)
::warning file=d%3A\a\hol-guard\hol-guard\candidate\tests\test_windows_atomic_replace_process.py,line=73,col=38::Argument type is unknown%0A  Argument corresponds to parameter "o" in function "__init__" (reportUnknownArgumentType)
d:\a\hol-guard\hol-guard\candidate\tests\test_windows_atomic_replace_process.py:77:5 - warning: Type of "events" is unknown (reportUnknownVariableType)
::warning file=d%3A\a\hol-guard\hol-guard\candidate\tests\test_windows_atomic_replace_process.py,line=77,col=5::Type of "events" is unknown (reportUnknownVariableType)
d:\a\hol-guard\hol-guard\candidate\tests\test_windows_atomic_replace_process.py:78:44 - warning: Argument type is partially unknown
  Argument corresponds to parameter "obj" in function "len"
  Argument type is "list[Unknown]" (reportUnknownArgumentType)
::warning file=d%3A\a\hol-guard\hol-guard\candidate\tests\test_windows_atomic_replace_process.py,line=78,col=44::Argument type is partially unknown%0A  Argument corresponds to parameter "obj" in function "len"%0A  Argument type is "list[Unknown]" (reportUnknownArgumentType)
d:\a\hol-guard\hol-guard\candidate\tests\test_windows_atomic_replace_process.py:82:17 - warning: Argument type is partially unknown
  Argument corresponds to parameter "iterable" in function "__init__"
  Argument type is "dict[Unknown, Unknown]" (reportUnknownArgumentType)
::warning file=d%3A\a\hol-guard\hol-guard\candidate\tests\test_windows_atomic_replace_process.py,line=82,col=17::Argument type is partially unknown%0A  Argument corresponds to parameter "iterable" in function "__init__"%0A  Argument type is "dict[Unknown, Unknown]" (reportUnknownArgumentType)
d:\a\hol-guard\hol-guard\candidate\tests\test_windows_atomic_replace_process.py:91:18 - warning: Argument type is unknown
  Argument corresponds to parameter "o" in function "__init__" (reportUnknownArgumentType)
::warning file=d%3A\a\hol-guard\hol-guard\candidate\tests\test_windows_atomic_replace_process.py,line=91,col=18::Argument type is unknown%0A  Argument corresponds to parameter "o" in function "__init__" (reportUnknownArgumentType)
d:\a\hol-guard\hol-guard\candidate\tests\test_windows_atomic_replace_process.py:92:18 - warning: Argument type is unknown
  Argument corresponds to parameter "o" in function "__init__" (reportUnknownArgumentType)
::warning file=d%3A\a\hol-guard\hol-guard\candidate\tests\test_windows_atomic_replace_process.py,line=92,col=18::Argument type is unknown%0A  Argument corresponds to parameter "o" in function "__init__" (reportUnknownArgumentType)
d:\a\hol-guard\hol-guard\candidate\tests\test_windows_atomic_replace_process.py:94:13 - warning: Argument type is partially unknown
  Argument corresponds to parameter "iterable" in function "all"
  Argument type is "Generator[Unknown | bool, None, None]" (reportUnknownArgumentType)
::warning file=d%3A\a\hol-guard\hol-guard\candidate\tests\test_windows_atomic_replace_process.py,line=94,col=13::Argument type is partially unknown%0A  Argument corresponds to parameter "iterable" in function "all"%0A  Argument type is "Generator[Unknown | bool, None, None]" (reportUnknownArgumentType)
d:\a\hol-guard\hol-guard\candidate\tests\test_windows_atomic_replace_process.py:94:18 - warning: Argument type is unknown
  Argument corresponds to parameter "o" in function "__init__" (reportUnknownArgumentType)
::warning file=d%3A\a\hol-guard\hol-guard\candidate\tests\test_windows_atomic_replace_process.py,line=94,col=18::Argument type is unknown%0A  Argument corresponds to parameter "o" in function "__init__" (reportUnknownArgumentType)
d:\a\hol-guard\hol-guard\candidate\tests\test_windows_atomic_replace_process.py:95:17 - warning: Type of "key" is unknown (reportUnknownVariableType)
::warning file=d%3A\a\hol-guard\hol-guard\candidate\tests\test_windows_atomic_replace_process.py,line=95,col=17::Type of "key" is unknown (reportUnknownVariableType)
d:\a\hol-guard\hol-guard\candidate\tests\test_windows_atomic_replace_process.py:95:28 - warning: Argument type is partially unknown
  Argument corresponds to parameter "iterable" in function "__init__"
  Argument type is "dict[Unknown, Unknown]" (reportUnknownArgumentType)
::warning file=d%3A\a\hol-guard\hol-guard\candidate\tests\test_windows_atomic_replace_process.py,line=95,col=28::Argument type is partially unknown%0A  Argument corresponds to parameter "iterable" in function "__init__"%0A  Argument type is "dict[Unknown, Unknown]" (reportUnknownArgumentType)
d:\a\hol-guard\hol-guard\candidate\tests\test_windows_atomic_replace_process.py:97:13 - warning: Type of "event" is unknown (reportUnknownVariableType)
::warning file=d%3A\a\hol-guard\hol-guard\candidate\tests\test_windows_atomic_replace_process.py,line=97,col=13::Type of "event" is unknown (reportUnknownVariableType)
d:\a\hol-guard\hol-guard\candidate\tests\test_windows_atomic_replace_process.py:102:17 - warning: Type of parameter "monkeypatch" is unknown (reportUnknownParameterType)
::warning file=d%3A\a\hol-guard\hol-guard\candidate\tests\test_windows_atomic_replace_process.py,line=102,col=17::Type of parameter "monkeypatch" is unknown (reportUnknownParameterType)
d:\a\hol-guard\hol-guard\candidate\tests\test_windows_atomic_replace_process.py:102:17 - warning: Type annotation is missing for parameter "monkeypatch" (reportMissingParameterType)
::warning file=d%3A\a\hol-guard\hol-guard\candidate\tests\test_windows_atomic_replace_process.py,line=102,col=17::Type annotation is missing for parameter "monkeypatch" (reportMissingParameterType)
d:\a\hol-guard\hol-guard\candidate\tests\test_windows_atomic_replace_process.py:103:5 - warning: Type of "setattr" is unknown (reportUnknownMemberType)
::warning file=d%3A\a\hol-guard\hol-guard\candidate\tests\test_windows_atomic_replace_process.py,line=103,col=5::Type of "setattr" is unknown (reportUnknownMemberType)
d:\a\hol-guard\hol-guard\candidate\tests\test_windows_atomic_replace_process.py:104:5 - warning: Type of "setattr" is unknown (reportUnknownMemberType)
::warning file=d%3A\a\hol-guard\hol-guard\candidate\tests\test_windows_atomic_replace_process.py,line=104,col=5::Type of "setattr" is unknown (reportUnknownMemberType)
d:\a\hol-guard\hol-guard\candidate\tests\test_windows_atomic_replace_process.py:110:62 - warning: Type of parameter "tmp_path" is unknown (reportUnknownParameterType)
::warning file=d%3A\a\hol-guard\hol-guard\candidate\tests\test_windows_atomic_replace_process.py,line=110,col=62::Type of parameter "tmp_path" is unknown (reportUnknownParameterType)
d:\a\hol-guard\hol-guard\candidate\tests\test_windows_atomic_replace_process.py:110:62 - warning: Type annotation is missing for parameter "tmp_path" (reportMissingParameterType)
::warning file=d%3A\a\hol-guard\hol-guard\candidate\tests\test_windows_atomic_replace_process.py,line=110,col=62::Type annotation is missing for parameter "tmp_path" (reportMissingParameterType)
d:\a\hol-guard\hol-guard\candidate\tests\test_windows_atomic_replace_process.py:110:72 - warning: Type of parameter "record_property" is unknown (reportUnknownParameterType)
::warning file=d%3A\a\hol-guard\hol-guard\candidate\tests\test_windows_atomic_replace_process.py,line=110,col=72::Type of parameter "record_property" is unknown (reportUnknownParameterType)
d:\a\hol-guard\hol-guard\candidate\tests\test_windows_atomic_replace_process.py:110:72 - warning: Type annotation is missing for parameter "record_property" (reportMissingParameterType)
::warning file=d%3A\a\hol-guard\hol-guard\candidate\tests\test_windows_atomic_replace_process.py,line=110,col=72::Type annotation is missing for parameter "record_property" (reportMissingParameterType)
d:\a\hol-guard\hol-guard\candidate\tests\test_windows_atomic_replace_process.py:110:89 - warning: Type of parameter "probe_child" is unknown (reportUnknownParameterType)
::warning file=d%3A\a\hol-guard\hol-guard\candidate\tests\test_windows_atomic_replace_process.py,line=110,col=89::Type of parameter "probe_child" is unknown (reportUnknownParameterType)
d:\a\hol-guard\hol-guard\candidate\tests\test_windows_atomic_replace_process.py:110:89 - warning: Type annotation is missing for parameter "probe_child" (reportMissingParameterType)
::warning file=d%3A\a\hol-guard\hol-guard\candidate\tests\test_windows_atomic_replace_process.py,line=110,col=89::Type annotation is missing for parameter "probe_child" (reportMissingParameterType)
d:\a\hol-guard\hol-guard\candidate\tests\test_windows_atomic_replace_process.py:110:89 - warning: "probe_child" is not accessed (reportUnusedParameter)
::warning file=d%3A\a\hol-guard\hol-guard\candidate\tests\test_windows_atomic_replace_process.py,line=110,col=89::"probe_child" is not accessed (reportUnusedParameter)
d:\a\hol-guard\hol-guard\candidate\tests\test_windows_atomic_replace_process.py:110:102 - warning: Type of parameter "case" is unknown (reportUnknownParameterType)
::warning file=d%3A\a\hol-guard\hol-guard\candidate\tests\test_windows_atomic_replace_process.py,line=110,col=102::Type of parameter "case" is unknown (reportUnknownParameterType)
d:\a\hol-guard\hol-guard\candidate\tests\test_windows_atomic_replace_process.py:110:102 - warning: Type annotation is missing for parameter "case" (reportMissingParameterType)
::warning file=d%3A\a\hol-guard\hol-guard\candidate\tests\test_windows_atomic_replace_process.py,line=110,col=102::Type annotation is missing for parameter "case" (reportMissingParameterType)
d:\a\hol-guard\hol-guard\candidate\tests\test_windows_atomic_replace_process.py:113:9 - warning: Type of "home" is unknown (reportUnknownVariableType)
::warning file=d%3A\a\hol-guard\hol-guard\candidate\tests\test_windows_atomic_replace_process.py,line=113,col=9::Type of "home" is unknown (reportUnknownVariableType)
d:\a\hol-guard\hol-guard\candidate\tests\test_windows_atomic_replace_process.py:114:17 - warning: "_ensure_private_directory" is private and used outside of the module in which it is declared (reportPrivateUsage)
::warning file=d%3A\a\hol-guard\hol-guard\candidate\tests\test_windows_atomic_replace_process.py,line=114,col=17::"_ensure_private_directory" is private and used outside of the module in which it is declared (reportPrivateUsage)
d:\a\hol-guard\hol-guard\candidate\tests\test_windows_atomic_replace_process.py:114:43 - warning: Argument type is unknown
  Argument corresponds to parameter "path" in function "_ensure_private_directory" (reportUnknownArgumentType)
::warning file=d%3A\a\hol-guard\hol-guard\candidate\tests\test_windows_atomic_replace_process.py,line=114,col=43::Argument type is unknown%0A  Argument corresponds to parameter "path" in function "_ensure_private_directory" (reportUnknownArgumentType)
d:\a\hol-guard\hol-guard\candidate\tests\test_windows_atomic_replace_process.py:115:9 - warning: Type of "target" is unknown (reportUnknownVariableType)
::warning file=d%3A\a\hol-guard\hol-guard\candidate\tests\test_windows_atomic_replace_process.py,line=115,col=9::Type of "target" is unknown (reportUnknownVariableType)
d:\a\hol-guard\hol-guard\candidate\tests\test_windows_atomic_replace_process.py:117:13 - warning: Type of "mkdir" is unknown (reportUnknownMemberType)
::warning file=d%3A\a\hol-guard\hol-guard\candidate\tests\test_windows_atomic_replace_process.py,line=117,col=13::Type of "mkdir" is unknown (reportUnknownMemberType)
d:\a\hol-guard\hol-guard\candidate\tests\test_windows_atomic_replace_process.py:119:21 - warning: "_write_private_atomic_text" is private and used outside of the module in which it is declared (reportPrivateUsage)
::warning file=d%3A\a\hol-guard\hol-guard\candidate\tests\test_windows_atomic_replace_process.py,line=119,col=21::"_write_private_atomic_text" is private and used outside of the module in which it is declared (reportPrivateUsage)
d:\a\hol-guard\hol-guard\candidate\tests\test_windows_atomic_replace_process.py:119:48 - warning: Argument type is unknown
  Argument corresponds to parameter "path" in function "_write_private_atomic_text" (reportUnknownArgumentType)
::warning file=d%3A\a\hol-guard\hol-guard\candidate\tests\test_windows_atomic_replace_process.py,line=119,col=48::Argument type is unknown%0A  Argument corresponds to parameter "path" in function "_write_private_atomic_text" (reportUnknownArgumentType)
d:\a\hol-guard\hol-guard\candidate\tests\test_windows_atomic_replace_process.py:119:56 - warning: Type of "_OLD" is Any (reportAny)
::warning file=d%3A\a\hol-guard\hol-guard\candidate\tests\test_windows_atomic_replace_process.py,line=119,col=56::Type of "_OLD" is Any (reportAny)
d:\a\hol-guard\hol-guard\candidate\tests\test_windows_atomic_replace_process.py:119:56 - warning: Argument type is Any
  Argument corresponds to parameter "text" in function "_write_private_atomic_text" (reportAny)
::warning file=d%3A\a\hol-guard\hol-guard\candidate\tests\test_windows_atomic_replace_process.py,line=119,col=56::Argument type is Any%0A  Argument corresponds to parameter "text" in function "_write_private_atomic_text" (reportAny)
d:\a\hol-guard\hol-guard\candidate\tests\test_windows_atomic_replace_process.py:122:28 - warning: Argument type is unknown
  Argument corresponds to parameter "path" in function "open" (reportUnknownArgumentType)
::warning file=d%3A\a\hol-guard\hol-guard\candidate\tests\test_windows_atomic_replace_process.py,line=122,col=28::Argument type is unknown%0A  Argument corresponds to parameter "path" in function "open" (reportUnknownArgumentType)
d:\a\hol-guard\hol-guard\candidate\tests\test_windows_atomic_replace_process.py:124:13 - warning: Type of "chmod" is unknown (reportUnknownMemberType)
::warning file=d%3A\a\hol-guard\hol-guard\candidate\tests\test_windows_atomic_replace_process.py,line=124,col=13::Type of "chmod" is unknown (reportUnknownMemberType)
d:\a\hol-guard\hol-guard\candidate\tests\test_windows_atomic_replace_process.py:128:13 - warning: Type of "code" is Any (reportAny)
::warning file=d%3A\a\hol-guard\hol-guard\candidate\tests\test_windows_atomic_replace_process.py,line=128,col=13::Type of "code" is Any (reportAny)
d:\a\hol-guard\hol-guard\candidate\tests\test_windows_atomic_replace_process.py:128:19 - warning: Type of "report" is Any (reportAny)
::warning file=d%3A\a\hol-guard\hol-guard\candidate\tests\test_windows_atomic_replace_process.py,line=128,col=19::Type of "report" is Any (reportAny)
d:\a\hol-guard\hol-guard\candidate\tests\test_windows_atomic_replace_process.py:128:28 - warning: Type of "_run_child" is Any (reportAny)
::warning file=d%3A\a\hol-guard\hol-guard\candidate\tests\test_windows_atomic_replace_process.py,line=128,col=28::Type of "_run_child" is Any (reportAny)
d:\a\hol-guard\hol-guard\candidate\tests\test_windows_atomic_replace_process.py:139:13 - warning: Type of "native" is unknown (reportUnknownVariableType)
::warning file=d%3A\a\hol-guard\hol-guard\candidate\tests\test_windows_atomic_replace_process.py,line=139,col=13::Type of "native" is unknown (reportUnknownVariableType)
d:\a\hol-guard\hol-guard\candidate\tests\test_windows_atomic_replace_process.py:151:24 - warning: Type of "read_text" is unknown (reportUnknownMemberType)
::warning file=d%3A\a\hol-guard\hol-guard\candidate\tests\test_windows_atomic_replace_process.py,line=151,col=24::Type of "read_text" is unknown (reportUnknownMemberType)
d:\a\hol-guard\hol-guard\candidate\tests\test_windows_atomic_replace_process.py:151:62 - warning: Type of "_NEW" is Any (reportAny)
::warning file=d%3A\a\hol-guard\hol-guard\candidate\tests\test_windows_atomic_replace_process.py,line=151,col=62::Type of "_NEW" is Any (reportAny)
d:\a\hol-guard\hol-guard\candidate\tests\test_windows_atomic_replace_process.py:165:28 - warning: Type of "is_dir" is unknown (reportUnknownMemberType)
::warning file=d%3A\a\hol-guard\hol-guard\candidate\tests\test_windows_atomic_replace_process.py,line=165,col=28::Type of "is_dir" is unknown (reportUnknownMemberType)
d:\a\hol-guard\hol-guard\candidate\tests\test_windows_atomic_replace_process.py:165:57 - warning: Type of "iterdir" is unknown (reportUnknownMemberType)
::warning file=d%3A\a\hol-guard\hol-guard\candidate\tests\test_windows_atomic_replace_process.py,line=165,col=57::Type of "iterdir" is unknown (reportUnknownMemberType)
d:\a\hol-guard\hol-guard\candidate\tests\test_windows_atomic_replace_process.py:165:57 - warning: Argument type is unknown
  Argument corresponds to parameter "iterable" in function "__init__" (reportUnknownArgumentType)
::warning file=d%3A\a\hol-guard\hol-guard\candidate\tests\test_windows_atomic_replace_process.py,line=165,col=57::Argument type is unknown%0A  Argument corresponds to parameter "iterable" in function "__init__" (reportUnknownArgumentType)
d:\a\hol-guard\hol-guard\candidate\tests\test_windows_atomic_replace_process.py:167:28 - warning: Type of "read_text" is unknown (reportUnknownMemberType)
::warning file=d%3A\a\hol-guard\hol-guard\candidate\tests\test_windows_atomic_replace_process.py,line=167,col=28::Type of "read_text" is unknown (reportUnknownMemberType)
d:\a\hol-guard\hol-guard\candidate\tests\test_windows_atomic_replace_process.py:167:66 - warning: Type of "_OLD" is Any (reportAny)
::warning file=d%3A\a\hol-guard\hol-guard\candidate\tests\test_windows_atomic_replace_process.py,line=167,col=66::Type of "_OLD" is Any (reportAny)
d:\a\hol-guard\hol-guard\candidate\tests\test_windows_atomic_replace_process.py:168:13 - warning: Type of "append" is partially unknown
  Type of "append" is "(object: Unknown, /) -> None" (reportUnknownMemberType)
::warning file=d%3A\a\hol-guard\hol-guard\candidate\tests\test_windows_atomic_replace_process.py,line=168,col=13::Type of "append" is partially unknown%0A  Type of "append" is "(object: Unknown, /) -> None" (reportUnknownMemberType)
d:\a\hol-guard\hol-guard\candidate\tests\test_windows_atomic_replace_process.py:169:40 - warning: Type of "key" is unknown (reportUnknownVariableType)
::warning file=d%3A\a\hol-guard\hol-guard\candidate\tests\test_windows_atomic_replace_process.py,line=169,col=40::Type of "key" is unknown (reportUnknownVariableType)
d:\a\hol-guard\hol-guard\candidate\tests\test_windows_atomic_replace_process.py:169:45 - warning: Type of "value" is unknown (reportUnknownVariableType)
::warning file=d%3A\a\hol-guard\hol-guard\candidate\tests\test_windows_atomic_replace_process.py,line=169,col=45::Type of "value" is unknown (reportUnknownVariableType)
d:\a\hol-guard\hol-guard\candidate\tests\test_windows_atomic_replace_process.py:176:17 - warning: Type of "chmod" is unknown (reportUnknownMemberType)
::warning file=d%3A\a\hol-guard\hol-guard\candidate\tests\test_windows_atomic_replace_process.py,line=176,col=17::Type of "chmod" is unknown (reportUnknownMemberType)
d:\a\hol-guard\hol-guard\candidate\tests\test_windows_atomic_replace_process.py:177:77 - warning: Type of "glob" is unknown (reportUnknownMemberType)
::warning file=d%3A\a\hol-guard\hol-guard\candidate\tests\test_windows_atomic_replace_process.py,line=177,col=77::Type of "glob" is unknown (reportUnknownMemberType)
d:\a\hol-guard\hol-guard\candidate\tests\test_windows_atomic_replace_process.py:177:77 - warning: Argument type is unknown
  Argument corresponds to parameter "iterable" in function "__init__" (reportUnknownArgumentType)
::warning file=d%3A\a\hol-guard\hol-guard\candidate\tests\test_windows_atomic_replace_process.py,line=177,col=77::Argument type is unknown%0A  Argument corresponds to parameter "iterable" in function "__init__" (reportUnknownArgumentType)
d:\a\hol-guard\hol-guard\candidate\tests\test_windows_atomic_replace_process.py:182:13 - warning: Type of "code" is unknown (reportUnknownVariableType)
::warning file=d%3A\a\hol-guard\hol-guard\candidate\tests\test_windows_atomic_replace_process.py,line=182,col=13::Type of "code" is unknown (reportUnknownVariableType)
d:\a\hol-guard\hol-guard\candidate\tests\test_windows_atomic_replace_process.py:182:19 - warning: Type of "result" is unknown (reportUnknownVariableType)
::warning file=d%3A\a\hol-guard\hol-guard\candidate\tests\test_windows_atomic_replace_process.py,line=182,col=19::Type of "result" is unknown (reportUnknownVariableType)
d:\a\hol-guard\hol-guard\candidate\tests\test_windows_atomic_replace_process.py:183:13 - warning: Type of "error" is partially unknown
  Type of "error" is "dict[Unknown, Unknown]" (reportUnknownVariableType)
::warning file=d%3A\a\hol-guard\hol-guard\candidate\tests\test_windows_atomic_replace_process.py,line=183,col=13::Type of "error" is partially unknown%0A  Type of "error" is "dict[Unknown, Unknown]" (reportUnknownVariableType)
d:\a\hol-guard\hol-guard\candidate\tests\test_windows_atomic_replace_process.py:183:37 - warning: Type of "key" is unknown (reportUnknownVariableType)
::warning file=d%3A\a\hol-guard\hol-guard\candidate\tests\test_windows_atomic_replace_process.py,line=183,col=37::Type of "key" is unknown (reportUnknownVariableType)
d:\a\hol-guard\hol-guard\candidate\tests\test_windows_atomic_replace_process.py:183:42 - warning: Type of "value" is unknown (reportUnknownVariableType)
::warning file=d%3A\a\hol-guard\hol-guard\candidate\tests\test_windows_atomic_replace_process.py,line=183,col=42::Type of "value" is unknown (reportUnknownVariableType)
d:\a\hol-guard\hol-guard\candidate\tests\test_windows_atomic_replace_process.py:183:51 - warning: Type of "items" is unknown (reportUnknownMemberType)
::warning file=d%3A\a\hol-guard\hol-guard\candidate\tests\test_windows_atomic_replace_process.py,line=183,col=51::Type of "items" is unknown (reportUnknownMemberType)
d:\a\hol-guard\hol-guard\candidate\tests\test_windows_atomic_replace_process.py:184:13 - warning: Type of "append" is partially unknown
  Type of "append" is "(object: Unknown, /) -> None" (reportUnknownMemberType)
::warning file=d%3A\a\hol-guard\hol-guard\candidate\tests\test_windows_atomic_replace_process.py,line=184,col=13::Type of "append" is partially unknown%0A  Type of "append" is "(object: Unknown, /) -> None" (reportUnknownMemberType)
d:\a\hol-guard\hol-guard\candidate\tests\test_windows_atomic_replace_process.py:192:54 - warning: Type of parameter "tmp_path" is unknown (reportUnknownParameterType)
::warning file=d%3A\a\hol-guard\hol-guard\candidate\tests\test_windows_atomic_replace_process.py,line=192,col=54::Type of parameter "tmp_path" is unknown (reportUnknownParameterType)
d:\a\hol-guard\hol-guard\candidate\tests\test_windows_atomic_replace_process.py:192:54 - warning: Type annotation is missing for parameter "tmp_path" (reportMissingParameterType)
::warning file=d%3A\a\hol-guard\hol-guard\candidate\tests\test_windows_atomic_replace_process.py,line=192,col=54::Type annotation is missing for parameter "tmp_path" (reportMissingParameterType)
d:\a\hol-guard\hol-guard\candidate\tests\test_windows_atomic_replace_process.py:192:64 - warning: Type of parameter "record_property" is unknown (reportUnknownParameterType)
::warning file=d%3A\a\hol-guard\hol-guard\candidate\tests\test_windows_atomic_replace_process.py,line=192,col=64::Type of parameter "record_property" is unknown (reportUnknownParameterType)
d:\a\hol-guard\hol-guard\candidate\tests\test_windows_atomic_replace_process.py:192:64 - warning: Type annotation is missing for parameter "record_property" (reportMissingParameterType)
::warning file=d%3A\a\hol-guard\hol-guard\candidate\tests\test_windows_atomic_replace_process.py,line=192,col=64::Type annotation is missing for parameter "record_property" (reportMissingParameterType)
d:\a\hol-guard\hol-guard\candidate\tests\test_windows_atomic_replace_process.py:192:81 - warning: Type of parameter "probe_child" is unknown (reportUnknownParameterType)
::warning file=d%3A\a\hol-guard\hol-guard\candidate\tests\test_windows_atomic_replace_process.py,line=192,col=81::Type of parameter "probe_child" is unknown (reportUnknownParameterType)
d:\a\hol-guard\hol-guard\candidate\tests\test_windows_atomic_replace_process.py:192:81 - warning: Type annotation is missing for parameter "probe_child" (reportMissingParameterType)
::warning file=d%3A\a\hol-guard\hol-guard\candidate\tests\test_windows_atomic_replace_process.py,line=192,col=81::Type annotation is missing for parameter "probe_child" (reportMissingParameterType)
d:\a\hol-guard\hol-guard\candidate\tests\test_windows_atomic_replace_process.py:192:81 - warning: "probe_child" is not accessed (reportUnusedParameter)
::warning file=d%3A\a\hol-guard\hol-guard\candidate\tests\test_windows_atomic_replace_process.py,line=192,col=81::"probe_child" is not accessed (reportUnusedParameter)
d:\a\hol-guard\hol-guard\candidate\tests\test_windows_atomic_replace_process.py:192:94 - warning: Type of parameter "refuse" is unknown (reportUnknownParameterType)
::warning file=d%3A\a\hol-guard\hol-guard\candidate\tests\test_windows_atomic_replace_process.py,line=192,col=94::Type of parameter "refuse" is unknown (reportUnknownParameterType)
d:\a\hol-guard\hol-guard\candidate\tests\test_windows_atomic_replace_process.py:192:94 - warning: Type annotation is missing for parameter "refuse" (reportMissingParameterType)
::warning file=d%3A\a\hol-guard\hol-guard\candidate\tests\test_windows_atomic_replace_process.py,line=192,col=94::Type annotation is missing for parameter "refuse" (reportMissingParameterType)
d:\a\hol-guard\hol-guard\candidate\tests\test_windows_atomic_replace_process.py:195:9 - warning: Type of "home" is unknown (reportUnknownVariableType)
::warning file=d%3A\a\hol-guard\hol-guard\candidate\tests\test_windows_atomic_replace_process.py,line=195,col=9::Type of "home" is unknown (reportUnknownVariableType)
d:\a\hol-guard\hol-guard\candidate\tests\test_windows_atomic_replace_process.py:196:9 - warning: Type of "mkdir" is unknown (reportUnknownMemberType)
::warning file=d%3A\a\hol-guard\hol-guard\candidate\tests\test_windows_atomic_replace_process.py,line=196,col=9::Type of "mkdir" is unknown (reportUnknownMemberType)
d:\a\hol-guard\hol-guard\candidate\tests\test_windows_atomic_replace_process.py:197:9 - warning: Type of "target" is unknown (reportUnknownVariableType)
::warning file=d%3A\a\hol-guard\hol-guard\candidate\tests\test_windows_atomic_replace_process.py,line=197,col=9::Type of "target" is unknown (reportUnknownVariableType)
d:\a\hol-guard\hol-guard\candidate\tests\test_windows_atomic_replace_process.py:198:9 - warning: Type of "write_text" is unknown (reportUnknownMemberType)
::warning file=d%3A\a\hol-guard\hol-guard\candidate\tests\test_windows_atomic_replace_process.py,line=198,col=9::Type of "write_text" is unknown (reportUnknownMemberType)
d:\a\hol-guard\hol-guard\candidate\tests\test_windows_atomic_replace_process.py:198:27 - warning: Type of "_OLD" is Any (reportAny)
::warning file=d%3A\a\hol-guard\hol-guard\candidate\tests\test_windows_atomic_replace_process.py,line=198,col=27::Type of "_OLD" is Any (reportAny)
d:\a\hol-guard\hol-guard\candidate\tests\test_windows_atomic_replace_process.py:199:9 - warning: Type of "source" is unknown (reportUnknownVariableType)
::warning file=d%3A\a\hol-guard\hol-guard\candidate\tests\test_windows_atomic_replace_process.py,line=199,col=9::Type of "source" is unknown (reportUnknownVariableType)
d:\a\hol-guard\hol-guard\candidate\tests\test_windows_atomic_replace_process.py:200:9 - warning: Type of "write_text" is unknown (reportUnknownMemberType)
::warning file=d%3A\a\hol-guard\hol-guard\candidate\tests\test_windows_atomic_replace_process.py,line=200,col=9::Type of "write_text" is unknown (reportUnknownMemberType)
d:\a\hol-guard\hol-guard\candidate\tests\test_windows_atomic_replace_process.py:200:27 - warning: Type of "_NEW" is Any (reportAny)
::warning file=d%3A\a\hol-guard\hol-guard\candidate\tests\test_windows_atomic_replace_process.py,line=200,col=27::Type of "_NEW" is Any (reportAny)
d:\a\hol-guard\hol-guard\candidate\tests\test_windows_atomic_replace_process.py:204:9 - warning: Type of "code" is Any (reportAny)
::warning file=d%3A\a\hol-guard\hol-guard\candidate\tests\test_windows_atomic_replace_process.py,line=204,col=9::Type of "code" is Any (reportAny)
d:\a\hol-guard\hol-guard\candidate\tests\test_windows_atomic_replace_process.py:204:15 - warning: Type of "report" is Any (reportAny)
::warning file=d%3A\a\hol-guard\hol-guard\candidate\tests\test_windows_atomic_replace_process.py,line=204,col=15::Type of "report" is Any (reportAny)
d:\a\hol-guard\hol-guard\candidate\tests\test_windows_atomic_replace_process.py:204:24 - warning: Type of "_run_child" is Any (reportAny)
::warning file=d%3A\a\hol-guard\hol-guard\candidate\tests\test_windows_atomic_replace_process.py,line=204,col=24::Type of "_run_child" is Any (reportAny)
d:\a\hol-guard\hol-guard\candidate\tests\test_windows_atomic_replace_process.py:214:9 - warning: Type of "append" is partially unknown
  Type of "append" is "(object: Unknown, /) -> None" (reportUnknownMemberType)
::warning file=d%3A\a\hol-guard\hol-guard\candidate\tests\test_windows_atomic_replace_process.py,line=214,col=9::Type of "append" is partially unknown%0A  Type of "append" is "(object: Unknown, /) -> None" (reportUnknownMemberType)
d:\a\hol-guard\hol-guard\candidate\tests\test_windows_atomic_replace_process.py:214:40 - warning: Type of "key" is unknown (reportUnknownVariableType)
::warning file=d%3A\a\hol-guard\hol-guard\candidate\tests\test_windows_atomic_replace_process.py,line=214,col=40::Type of "key" is unknown (reportUnknownVariableType)
d:\a\hol-guard\hol-guard\candidate\tests\test_windows_atomic_replace_process.py:214:45 - warning: Type of "value" is unknown (reportUnknownVariableType)
::warning file=d%3A\a\hol-guard\hol-guard\candidate\tests\test_windows_atomic_replace_process.py,line=214,col=45::Type of "value" is unknown (reportUnknownVariableType)
d:\a\hol-guard\hol-guard\candidate\tests\test_windows_atomic_replace_process.py:219:16 - warning: Type of "exists" is unknown (reportUnknownMemberType)
::warning file=d%3A\a\hol-guard\hol-guard\candidate\tests\test_windows_atomic_replace_process.py,line=219,col=16::Type of "exists" is unknown (reportUnknownMemberType)
d:\a\hol-guard\hol-guard\candidate\tests\test_windows_atomic_replace_process.py:220:16 - warning: Type of "read_text" is unknown (reportUnknownMemberType)
::warning file=d%3A\a\hol-guard\hol-guard\candidate\tests\test_windows_atomic_replace_process.py,line=220,col=16::Type of "read_text" is unknown (reportUnknownMemberType)
d:\a\hol-guard\hol-guard\candidate\tests\test_windows_atomic_replace_process.py:220:55 - warning: Type of "_OLD" is Any (reportAny)
::warning file=d%3A\a\hol-guard\hol-guard\candidate\tests\test_windows_atomic_replace_process.py,line=220,col=55::Type of "_OLD" is Any (reportAny)
d:\a\hol-guard\hol-guard\candidate\tests\test_windows_atomic_replace_process.py:220:84 - warning: Type of "_NEW" is Any (reportAny)
::warning file=d%3A\a\hol-guard\hol-guard\candidate\tests\test_windows_atomic_replace_process.py,line=220,col=84::Type of "_NEW" is Any (reportAny)
d:\a\hol-guard\hol-guard\candidate\tests\test_windows_atomic_replace_process.py:237:50 - warning: Type of parameter "tmp_path" is unknown (reportUnknownParameterType)
::warning file=d%3A\a\hol-guard\hol-guard\candidate\tests\test_windows_atomic_replace_process.py,line=237,col=50::Type of parameter "tmp_path" is unknown (reportUnknownParameterType)
d:\a\hol-guard\hol-guard\candidate\tests\test_windows_atomic_replace_process.py:237:50 - warning: Type annotation is missing for parameter "tmp_path" (reportMissingParameterType)
::warning file=d%3A\a\hol-guard\hol-guard\candidate\tests\test_windows_atomic_replace_process.py,line=237,col=50::Type annotation is missing for parameter "tmp_path" (reportMissingParameterType)
d:\a\hol-guard\hol-guard\candidate\tests\test_windows_atomic_replace_process.py:237:60 - warning: Type of parameter "monkeypatch" is unknown (reportUnknownParameterType)
::warning file=d%3A\a\hol-guard\hol-guard\candidate\tests\test_windows_atomic_replace_process.py,line=237,col=60::Type of parameter "monkeypatch" is unknown (reportUnknownParameterType)
d:\a\hol-guard\hol-guard\candidate\tests\test_windows_atomic_replace_process.py:237:60 - warning: Type annotation is missing for parameter "monkeypatch" (reportMissingParameterType)
::warning file=d%3A\a\hol-guard\hol-guard\candidate\tests\test_windows_atomic_replace_process.py,line=237,col=60::Type annotation is missing for parameter "monkeypatch" (reportMissingParameterType)
d:\a\hol-guard\hol-guard\candidate\tests\test_windows_atomic_replace_process.py:237:73 - warning: Type of parameter "record_property" is unknown (reportUnknownParameterType)
::warning file=d%3A\a\hol-guard\hol-guard\candidate\tests\test_windows_atomic_replace_process.py,line=237,col=73::Type of parameter "record_property" is unknown (reportUnknownParameterType)
d:\a\hol-guard\hol-guard\candidate\tests\test_windows_atomic_replace_process.py:237:73 - warning: Type annotation is missing for parameter "record_property" (reportMissingParameterType)
::warning file=d%3A\a\hol-guard\hol-guard\candidate\tests\test_windows_atomic_replace_process.py,line=237,col=73::Type annotation is missing for parameter "record_property" (reportMissingParameterType)
d:\a\hol-guard\hol-guard\candidate\tests\test_windows_atomic_replace_process.py:237:90 - warning: Type of parameter "case" is unknown (reportUnknownParameterType)
::warning file=d%3A\a\hol-guard\hol-guard\candidate\tests\test_windows_atomic_replace_process.py,line=237,col=90::Type of parameter "case" is unknown (reportUnknownParameterType)
d:\a\hol-guard\hol-guard\candidate\tests\test_windows_atomic_replace_process.py:237:90 - warning: Type annotation is missing for parameter "case" (reportMissingParameterType)
::warning file=d%3A\a\hol-guard\hol-guard\candidate\tests\test_windows_atomic_replace_process.py,line=237,col=90::Type annotation is missing for parameter "case" (reportMissingParameterType)
d:\a\hol-guard\hol-guard\candidate\tests\test_windows_atomic_replace_process.py:238:5 - warning: Type of "target" is unknown (reportUnknownVariableType)
::warning file=d%3A\a\hol-guard\hol-guard\candidate\tests\test_windows_atomic_replace_process.py,line=238,col=5::Type of "target" is unknown (reportUnknownVariableType)
d:\a\hol-guard\hol-guard\candidate\tests\test_windows_atomic_replace_process.py:239:5 - warning: Type of "write_text" is unknown (reportUnknownMemberType)
::warning file=d%3A\a\hol-guard\hol-guard\candidate\tests\test_windows_atomic_replace_process.py,line=239,col=5::Type of "write_text" is unknown (reportUnknownMemberType)
d:\a\hol-guard\hol-guard\candidate\tests\test_windows_atomic_replace_process.py:239:23 - warning: Type of "_OLD" is Any (reportAny)
::warning file=d%3A\a\hol-guard\hol-guard\candidate\tests\test_windows_atomic_replace_process.py,line=239,col=23::Type of "_OLD" is Any (reportAny)
d:\a\hol-guard\hol-guard\candidate\tests\test_windows_atomic_replace_process.py:240:5 - warning: Type of "original_source" is unknown (reportUnknownVariableType)
::warning file=d%3A\a\hol-guard\hol-guard\candidate\tests\test_windows_atomic_replace_process.py,line=240,col=5::Type of "original_source" is unknown (reportUnknownVariableType)
d:\a\hol-guard\hol-guard\candidate\tests\test_windows_atomic_replace_process.py:241:5 - warning: Type of "write_text" is unknown (reportUnknownMemberType)
::warning file=d%3A\a\hol-guard\hol-guard\candidate\tests\test_windows_atomic_replace_process.py,line=241,col=5::Type of "write_text" is unknown (reportUnknownMemberType)
d:\a\hol-guard\hol-guard\candidate\tests\test_windows_atomic_replace_process.py:241:32 - warning: Type of "_NEW" is Any (reportAny)
::warning file=d%3A\a\hol-guard\hol-guard\candidate\tests\test_windows_atomic_replace_process.py,line=241,col=32::Type of "_NEW" is Any (reportAny)
d:\a\hol-guard\hol-guard\candidate\tests\test_windows_atomic_replace_process.py:242:26 - warning: Argument type is unknown
  Argument corresponds to parameter "path" in function "open" (reportUnknownArgumentType)
::warning file=d%3A\a\hol-guard\hol-guard\candidate\tests\test_windows_atomic_replace_process.py,line=242,col=26::Argument type is unknown%0A  Argument corresponds to parameter "path" in function "open" (reportUnknownArgumentType)
d:\a\hol-guard\hol-guard\candidate\tests\test_windows_atomic_replace_process.py:247:5 - warning: Type of "source" is unknown (reportUnknownVariableType)
::warning file=d%3A\a\hol-guard\hol-guard\candidate\tests\test_windows_atomic_replace_process.py,line=247,col=5::Type of "source" is unknown (reportUnknownVariableType)
d:\a\hol-guard\hol-guard\candidate\tests\test_windows_atomic_replace_process.py:251:9 - warning: Type of "source" is unknown (reportUnknownVariableType)
::warning file=d%3A\a\hol-guard\hol-guard\candidate\tests\test_windows_atomic_replace_process.py,line=251,col=9::Type of "source" is unknown (reportUnknownVariableType)
d:\a\hol-guard\hol-guard\candidate\tests\test_windows_atomic_replace_process.py:252:9 - warning: Type of "mkdir" is unknown (reportUnknownMemberType)
::warning file=d%3A\a\hol-guard\hol-guard\candidate\tests\test_windows_atomic_replace_process.py,line=252,col=9::Type of "mkdir" is unknown (reportUnknownMemberType)
d:\a\hol-guard\hol-guard\candidate\tests\test_windows_atomic_replace_process.py:254:9 - warning: Type of "source" is unknown (reportUnknownVariableType)
::warning file=d%3A\a\hol-guard\hol-guard\candidate\tests\test_windows_atomic_replace_process.py,line=254,col=9::Type of "source" is unknown (reportUnknownVariableType)
d:\a\hol-guard\hol-guard\candidate\tests\test_windows_atomic_replace_process.py:255:9 - warning: Type of "symlink_to" is unknown (reportUnknownMemberType)
::warning file=d%3A\a\hol-guard\hol-guard\candidate\tests\test_windows_atomic_replace_process.py,line=255,col=9::Type of "symlink_to" is unknown (reportUnknownMemberType)
d:\a\hol-guard\hol-guard\candidate\tests\test_windows_atomic_replace_process.py:256:33 - warning: "_api" is private and used outside of the module in which it is declared (reportPrivateUsage)
::warning file=d%3A\a\hol-guard\hol-guard\candidate\tests\test_windows_atomic_replace_process.py,line=256,col=33::"_api" is private and used outside of the module in which it is declared (reportPrivateUsage)
d:\a\hol-guard\hol-guard\candidate\tests\test_windows_atomic_replace_process.py:257:5 - warning: Type of "setattr" is unknown (reportUnknownMemberType)
::warning file=d%3A\a\hol-guard\hol-guard\candidate\tests\test_windows_atomic_replace_process.py,line=257,col=5::Type of "setattr" is unknown (reportUnknownMemberType)
d:\a\hol-guard\hol-guard\candidate\tests\test_windows_atomic_replace_process.py:260:32 - warning: Argument type is unknown
  Argument corresponds to parameter "source" in function "replace_once" (reportUnknownArgumentType)
::warning file=d%3A\a\hol-guard\hol-guard\candidate\tests\test_windows_atomic_replace_process.py,line=260,col=32::Argument type is unknown%0A  Argument corresponds to parameter "source" in function "replace_once" (reportUnknownArgumentType)
d:\a\hol-guard\hol-guard\candidate\tests\test_windows_atomic_replace_process.py:260:40 - warning: Argument type is unknown
  Argument corresponds to parameter "destination" in function "replace_once" (reportUnknownArgumentType)
::warning file=d%3A\a\hol-guard\hol-guard\candidate\tests\test_windows_atomic_replace_process.py,line=260,col=40::Argument type is unknown%0A  Argument corresponds to parameter "destination" in function "replace_once" (reportUnknownArgumentType)
d:\a\hol-guard\hol-guard\candidate\tests\test_windows_atomic_replace_process.py:265:12 - warning: Type of "read_text" is unknown (reportUnknownMemberType)
::warning file=d%3A\a\hol-guard\hol-guard\candidate\tests\test_windows_atomic_replace_process.py,line=265,col=12::Type of "read_text" is unknown (reportUnknownMemberType)
d:\a\hol-guard\hol-guard\candidate\tests\test_windows_atomic_replace_process.py:265:50 - warning: Type of "_OLD" is Any (reportAny)
::warning file=d%3A\a\hol-guard\hol-guard\candidate\tests\test_windows_atomic_replace_process.py,line=265,col=50::Type of "_OLD" is Any (reportAny)
d:\a\hol-guard\hol-guard\candidate\tests\test_windows_atomic_replace_process.py:266:12 - warning: Type of "read_text" is unknown (reportUnknownMemberType)
::warning file=d%3A\a\hol-guard\hol-guard\candidate\tests\test_windows_atomic_replace_process.py,line=266,col=12::Type of "read_text" is unknown (reportUnknownMemberType)
d:\a\hol-guard\hol-guard\candidate\tests\test_windows_atomic_replace_process.py:266:59 - warning: Type of "_NEW" is Any (reportAny)
::warning file=d%3A\a\hol-guard\hol-guard\candidate\tests\test_windows_atomic_replace_process.py,line=266,col=59::Type of "_NEW" is Any (reportAny)
d:\a\hol-guard\hol-guard\candidate\tests\test_windows_atomic_replace_process.py:272:48 - warning: Type of parameter "_arguments" is partially unknown (reportUnknownLambdaType)
::warning file=d%3A\a\hol-guard\hol-guard\candidate\tests\test_windows_atomic_replace_process.py,line=272,col=48::Type of parameter "_arguments" is partially unknown (reportUnknownLambdaType)
d:\a\hol-guard\hol-guard\candidate\tests\test_windows_atomic_replace_process.py:273:32 - warning: Type of parameter "_handle" is unknown (reportUnknownLambdaType)
::warning file=d%3A\a\hol-guard\hol-guard\candidate\tests\test_windows_atomic_replace_process.py,line=273,col=32::Type of parameter "_handle" is unknown (reportUnknownLambdaType)
d:\a\hol-guard\hol-guard\candidate\tests\test_windows_atomic_replace_process.py:277:12 - warning: Type of "SetFileInformationByHandle" is Any (reportAny)
::warning file=d%3A\a\hol-guard\hol-guard\candidate\tests\test_windows_atomic_replace_process.py,line=277,col=12::Type of "SetFileInformationByHandle" is Any (reportAny)
d:\a\hol-guard\hol-guard\candidate\tests\test_windows_atomic_replace_process.py:278:12 - warning: Type of "CloseHandle" is Any (reportAny)
::warning file=d%3A\a\hol-guard\hol-guard\candidate\tests\test_windows_atomic_replace_process.py,line=278,col=12::Type of "CloseHandle" is Any (reportAny)
d:\a\hol-guard\hol-guard\candidate\tests\test_windows_atomic_replace_process.py:288:20 - warning: "_rename_buffer" is private and used outside of the module in which it is declared (reportPrivateUsage)
::warning file=d%3A\a\hol-guard\hol-guard\candidate\tests\test_windows_atomic_replace_process.py,line=288,col=20::"_rename_buffer" is private and used outside of the module in which it is declared (reportPrivateUsage)
d:\a\hol-guard\hol-guard\candidate\tests\test_windows_atomic_replace_process.py:289:25 - warning: "_RenameInfo" is private and used outside of the module in which it is declared (reportPrivateUsage)
::warning file=d%3A\a\hol-guard\hol-guard\candidate\tests\test_windows_atomic_replace_process.py,line=289,col=25::"_RenameInfo" is private and used outside of the module in which it is declared (reportPrivateUsage)
d:\a\hol-guard\hol-guard\candidate\tests\test_windows_atomic_replace_process.py:291:32 - warning: "wintypes" is not exported from module "codex_plugin_scanner.guard.windows_atomic_replace" (reportPrivateLocalImportUsage)
::warning file=d%3A\a\hol-guard\hol-guard\candidate\tests\test_windows_atomic_replace_process.py,line=291,col=32::"wintypes" is not exported from module "codex_plugin_scanner.guard.windows_atomic_replace" (reportPrivateLocalImportUsage)
d:\a\hol-guard\hol-guard\candidate\tests\test_windows_atomic_replace_process.py:292:32 - warning: "wintypes" is not exported from module "codex_plugin_scanner.guard.windows_atomic_replace" (reportPrivateLocalImportUsage)
::warning file=d%3A\a\hol-guard\hol-guard\candidate\tests\test_windows_atomic_replace_process.py,line=292,col=32::"wintypes" is not exported from module "codex_plugin_scanner.guard.windows_atomic_replace" (reportPrivateLocalImportUsage)
d:\a\hol-guard\hol-guard\candidate\tests\test_windows_atomic_replace_process.py:293:32 - warning: "wintypes" is not exported from module "codex_plugin_scanner.guard.windows_atomic_replace" (reportPrivateLocalImportUsage)
::warning file=d%3A\a\hol-guard\hol-guard\candidate\tests\test_windows_atomic_replace_process.py,line=293,col=32::"wintypes" is not exported from module "codex_plugin_scanner.guard.windows_atomic_replace" (reportPrivateLocalImportUsage)
d:\a\hol-guard\hol-guard\candidate\tests\test_windows_atomic_replace_process.py:294:32 - warning: "_RenameInfo" is private and used outside of the module in which it is declared (reportPrivateUsage)
::warning file=d%3A\a\hol-guard\hol-guard\candidate\tests\test_windows_atomic_replace_process.py,line=294,col=32::"_RenameInfo" is private and used outside of the module in which it is declared (reportPrivateUsage)
d:\a\hol-guard\hol-guard\candidate\tests\test_windows_atomic_replace_process.py:295:18 - warning: "_RenameInfo" is private and used outside of the module in which it is declared (reportPrivateUsage)
::warning file=d%3A\a\hol-guard\hol-guard\candidate\tests\test_windows_atomic_replace_process.py,line=295,col=18::"_RenameInfo" is private and used outside of the module in which it is declared (reportPrivateUsage)
d:\a\hol-guard\hol-guard\candidate\tests\test_windows_atomic_replace_process.py:296:18 - warning: "_RenameInfo" is private and used outside of the module in which it is declared (reportPrivateUsage)
::warning file=d%3A\a\hol-guard\hol-guard\candidate\tests\test_windows_atomic_replace_process.py,line=296,col=18::"_RenameInfo" is private and used outside of the module in which it is declared (reportPrivateUsage)
d:\a\hol-guard\hol-guard\candidate\tests\test_windows_atomic_replace_process.py:297:18 - warning: "_RenameInfo" is private and used outside of the module in which it is declared (reportPrivateUsage)
::warning file=d%3A\a\hol-guard\hol-guard\candidate\tests\test_windows_atomic_replace_process.py,line=297,col=18::"_RenameInfo" is private and used outside of the module in which it is declared (reportPrivateUsage)
d:\a\hol-guard\hol-guard\candidate\tests\test_windows_atomic_replace_process.py:298:18 - warning: "_RenameInfo" is private and used outside of the module in which it is declared (reportPrivateUsage)
::warning file=d%3A\a\hol-guard\hol-guard\candidate\tests\test_windows_atomic_replace_process.py,line=298,col=18::"_RenameInfo" is private and used outside of the module in which it is declared (reportPrivateUsage)
d:\a\hol-guard\hol-guard\candidate\tests\test_windows_atomic_replace_process.py:299:12 - warning: Type of "Flags" is Any (reportAny)
::warning file=d%3A\a\hol-guard\hol-guard\candidate\tests\test_windows_atomic_replace_process.py,line=299,col=12::Type of "Flags" is Any (reportAny)
d:\a\hol-guard\hol-guard\candidate\tests\test_windows_atomic_replace_process.py:299:39 - warning: Type of "RootDirectory" is Any (reportAny)
::warning file=d%3A\a\hol-guard\hol-guard\candidate\tests\test_windows_atomic_replace_process.py,line=299,col=39::Type of "RootDirectory" is Any (reportAny)
d:\a\hol-guard\hol-guard\candidate\tests\test_windows_atomic_replace_process.py:300:12 - warning: Type of "FileNameLength" is Any (reportAny)
::warning file=d%3A\a\hol-guard\hol-guard\candidate\tests\test_windows_atomic_replace_process.py,line=300,col=12::Type of "FileNameLength" is Any (reportAny)
d:\a\hol-guard\hol-guard\candidate\tests\test_windows_atomic_replace_process.py:301:43 - warning: "_RenameInfo" is private and used outside of the module in which it is declared (reportPrivateUsage)
::warning file=d%3A\a\hol-guard\hol-guard\candidate\tests\test_windows_atomic_replace_process.py,line=301,col=43::"_RenameInfo" is private and used outside of the module in which it is declared (reportPrivateUsage)
d:\a\hol-guard\hol-guard\candidate\tests\test_windows_atomic_replace_process.py:307:64 - warning: Type of parameter "tmp_path" is unknown (reportUnknownParameterType)
::warning file=d%3A\a\hol-guard\hol-guard\candidate\tests\test_windows_atomic_replace_process.py,line=307,col=64::Type of parameter "tmp_path" is unknown (reportUnknownParameterType)
d:\a\hol-guard\hol-guard\candidate\tests\test_windows_atomic_replace_process.py:307:64 - warning: Type annotation is missing for parameter "tmp_path" (reportMissingParameterType)
::warning file=d%3A\a\hol-guard\hol-guard\candidate\tests\test_windows_atomic_replace_process.py,line=307,col=64::Type annotation is missing for parameter "tmp_path" (reportMissingParameterType)
d:\a\hol-guard\hol-guard\candidate\tests\test_windows_atomic_replace_process.py:307:74 - warning: Type of parameter "record_property" is unknown (reportUnknownParameterType)
::warning file=d%3A\a\hol-guard\hol-guard\candidate\tests\test_windows_atomic_replace_process.py,line=307,col=74::Type of parameter "record_property" is unknown (reportUnknownParameterType)
d:\a\hol-guard\hol-guard\candidate\tests\test_windows_atomic_replace_process.py:307:74 - warning: Type annotation is missing for parameter "record_property" (reportMissingParameterType)
::warning file=d%3A\a\hol-guard\hol-guard\candidate\tests\test_windows_atomic_replace_process.py,line=307,col=74::Type annotation is missing for parameter "record_property" (reportMissingParameterType)
d:\a\hol-guard\hol-guard\candidate\tests\test_windows_atomic_replace_process.py:307:91 - warning: Type of parameter "probe_child" is unknown (reportUnknownParameterType)
::warning file=d%3A\a\hol-guard\hol-guard\candidate\tests\test_windows_atomic_replace_process.py,line=307,col=91::Type of parameter "probe_child" is unknown (reportUnknownParameterType)
d:\a\hol-guard\hol-guard\candidate\tests\test_windows_atomic_replace_process.py:307:91 - warning: Type annotation is missing for parameter "probe_child" (reportMissingParameterType)
::warning file=d%3A\a\hol-guard\hol-guard\candidate\tests\test_windows_atomic_replace_process.py,line=307,col=91::Type annotation is missing for parameter "probe_child" (reportMissingParameterType)
d:\a\hol-guard\hol-guard\candidate\tests\test_windows_atomic_replace_process.py:307:91 - warning: "probe_child" is not accessed (reportUnusedParameter)
::warning file=d%3A\a\hol-guard\hol-guard\candidate\tests\test_windows_atomic_replace_process.py,line=307,col=91::"probe_child" is not accessed (reportUnusedParameter)
d:\a\hol-guard\hol-guard\candidate\tests\test_windows_atomic_replace_process.py:307:104 - warning: Type of parameter "refuse" is unknown (reportUnknownParameterType)
::warning file=d%3A\a\hol-guard\hol-guard\candidate\tests\test_windows_atomic_replace_process.py,line=307,col=104::Type of parameter "refuse" is unknown (reportUnknownParameterType)
d:\a\hol-guard\hol-guard\candidate\tests\test_windows_atomic_replace_process.py:307:104 - warning: Type annotation is missing for parameter "refuse" (reportMissingParameterType)
::warning file=d%3A\a\hol-guard\hol-guard\candidate\tests\test_windows_atomic_replace_process.py,line=307,col=104::Type annotation is missing for parameter "refuse" (reportMissingParameterType)
d:\a\hol-guard\hol-guard\candidate\tests\test_windows_atomic_replace_process.py:310:9 - warning: Type of "home" is unknown (reportUnknownVariableType)
::warning file=d%3A\a\hol-guard\hol-guard\candidate\tests\test_windows_atomic_replace_process.py,line=310,col=9::Type of "home" is unknown (reportUnknownVariableType)
d:\a\hol-guard\hol-guard\candidate\tests\test_windows_atomic_replace_process.py:311:17 - warning: "_ensure_private_directory" is private and used outside of the module in which it is declared (reportPrivateUsage)
::warning file=d%3A\a\hol-guard\hol-guard\candidate\tests\test_windows_atomic_replace_process.py,line=311,col=17::"_ensure_private_directory" is private and used outside of the module in which it is declared (reportPrivateUsage)
d:\a\hol-guard\hol-guard\candidate\tests\test_windows_atomic_replace_process.py:311:43 - warning: Argument type is unknown
  Argument corresponds to parameter "path" in function "_ensure_private_directory" (reportUnknownArgumentType)
::warning file=d%3A\a\hol-guard\hol-guard\candidate\tests\test_windows_atomic_replace_process.py,line=311,col=43::Argument type is unknown%0A  Argument corresponds to parameter "path" in function "_ensure_private_directory" (reportUnknownArgumentType)
d:\a\hol-guard\hol-guard\candidate\tests\test_windows_atomic_replace_process.py:312:9 - warning: Type of "target" is unknown (reportUnknownVariableType)
::warning file=d%3A\a\hol-guard\hol-guard\candidate\tests\test_windows_atomic_replace_process.py,line=312,col=9::Type of "target" is unknown (reportUnknownVariableType)
d:\a\hol-guard\hol-guard\candidate\tests\test_windows_atomic_replace_process.py:313:17 - warning: "_write_private_atomic_text" is private and used outside of the module in which it is declared (reportPrivateUsage)
::warning file=d%3A\a\hol-guard\hol-guard\candidate\tests\test_windows_atomic_replace_process.py,line=313,col=17::"_write_private_atomic_text" is private and used outside of the module in which it is declared (reportPrivateUsage)
d:\a\hol-guard\hol-guard\candidate\tests\test_windows_atomic_replace_process.py:313:44 - warning: Argument type is unknown
  Argument corresponds to parameter "path" in function "_write_private_atomic_text" (reportUnknownArgumentType)
::warning file=d%3A\a\hol-guard\hol-guard\candidate\tests\test_windows_atomic_replace_process.py,line=313,col=44::Argument type is unknown%0A  Argument corresponds to parameter "path" in function "_write_private_atomic_text" (reportUnknownArgumentType)
d:\a\hol-guard\hol-guard\candidate\tests\test_windows_atomic_replace_process.py:313:52 - warning: Type of "_OLD" is Any (reportAny)
::warning file=d%3A\a\hol-guard\hol-guard\candidate\tests\test_windows_atomic_replace_process.py,line=313,col=52::Type of "_OLD" is Any (reportAny)
d:\a\hol-guard\hol-guard\candidate\tests\test_windows_atomic_replace_process.py:313:52 - warning: Argument type is Any
  Argument corresponds to parameter "text" in function "_write_private_atomic_text" (reportAny)
::warning file=d%3A\a\hol-guard\hol-guard\candidate\tests\test_windows_atomic_replace_process.py,line=313,col=52::Argument type is Any%0A  Argument corresponds to parameter "text" in function "_write_private_atomic_text" (reportAny)
d:\a\hol-guard\hol-guard\candidate\tests\test_windows_atomic_replace_process.py:318:9 - warning: Type of "code" is Any (reportAny)
::warning file=d%3A\a\hol-guard\hol-guard\candidate\tests\test_windows_atomic_replace_process.py,line=318,col=9::Type of "code" is Any (reportAny)
d:\a\hol-guard\hol-guard\candidate\tests\test_windows_atomic_replace_process.py:318:15 - warning: Type of "report" is Any (reportAny)
::warning file=d%3A\a\hol-guard\hol-guard\candidate\tests\test_windows_atomic_replace_process.py,line=318,col=15::Type of "report" is Any (reportAny)
d:\a\hol-guard\hol-guard\candidate\tests\test_windows_atomic_replace_process.py:318:24 - warning: Type of "_run_child" is Any (reportAny)
::warning file=d%3A\a\hol-guard\hol-guard\candidate\tests\test_windows_atomic_replace_process.py,line=318,col=24::Type of "_run_child" is Any (reportAny)
d:\a\hol-guard\hol-guard\candidate\tests\test_windows_atomic_replace_process.py:322:57 - warning: Argument type is unknown
  Argument corresponds to parameter "x" in function "__new__" (reportUnknownArgumentType)
::warning file=d%3A\a\hol-guard\hol-guard\candidate\tests\test_windows_atomic_replace_process.py,line=322,col=57::Argument type is unknown%0A  Argument corresponds to parameter "x" in function "__new__" (reportUnknownArgumentType)
d:\a\hol-guard\hol-guard\candidate\tests\test_windows_atomic_replace_process.py:338:9 - warning: Type of "native" is unknown (reportUnknownVariableType)
::warning file=d%3A\a\hol-guard\hol-guard\candidate\tests\test_windows_atomic_replace_process.py,line=338,col=9::Type of "native" is unknown (reportUnknownVariableType)
d:\a\hol-guard\hol-guard\candidate\tests\test_windows_atomic_replace_process.py:344:16 - warning: Type of "read_text" is unknown (reportUnknownMemberType)
::warning file=d%3A\a\hol-guard\hol-guard\candidate\tests\test_windows_atomic_replace_process.py,line=344,col=16::Type of "read_text" is unknown (reportUnknownMemberType)
d:\a\hol-guard\hol-guard\candidate\tests\test_windows_atomic_replace_process.py:344:55 - warning: Type of "_OLD" is Any (reportAny)
::warning file=d%3A\a\hol-guard\hol-guard\candidate\tests\test_windows_atomic_replace_process.py,line=344,col=55::Type of "_OLD" is Any (reportAny)
d:\a\hol-guard\hol-guard\candidate\tests\test_windows_atomic_replace_process.py:344:84 - warning: Type of "_NEW" is Any (reportAny)
::warning file=d%3A\a\hol-guard\hol-guard\candidate\tests\test_windows_atomic_replace_process.py,line=344,col=84::Type of "_NEW" is Any (reportAny)
d:\a\hol-guard\hol-guard\candidate\tests\test_windows_atomic_replace_process.py:345:9 - warning: Type of "append" is partially unknown
  Type of "append" is "(object: Unknown, /) -> None" (reportUnknownMemberType)
::warning file=d%3A\a\hol-guard\hol-guard\candidate\tests\test_windows_atomic_replace_process.py,line=345,col=9::Type of "append" is partially unknown%0A  Type of "append" is "(object: Unknown, /) -> None" (reportUnknownMemberType)
d:\a\hol-guard\hol-guard\candidate\tests\test_windows_atomic_replace_process.py:345:40 - warning: Type of "key" is unknown (reportUnknownVariableType)
::warning file=d%3A\a\hol-guard\hol-guard\candidate\tests\test_windows_atomic_replace_process.py,line=345,col=40::Type of "key" is unknown (reportUnknownVariableType)
d:\a\hol-guard\hol-guard\candidate\tests\test_windows_atomic_replace_process.py:345:45 - warning: Type of "value" is unknown (reportUnknownVariableType)
::warning file=d%3A\a\hol-guard\hol-guard\candidate\tests\test_windows_atomic_replace_process.py,line=345,col=45::Type of "value" is unknown (reportUnknownVariableType)
d:\a\hol-guard\hol-guard\candidate\tests\test_windows_replaceable_file.py:17:5 - warning: Type annotation for attribute `name` is required because this class is not decorated with `@final` (reportUnannotatedClassAttribute)
::warning file=d%3A\a\hol-guard\hol-guard\candidate\tests\test_windows_replaceable_file.py,line=17,col=5::Type annotation for attribute `name` is required because this class is not decorated with `@final` (reportUnannotatedClassAttribute)
d:\a\hol-guard\hol-guard\candidate\tests\test_windows_replaceable_file.py:18:5 - warning: Type annotation for attribute `O_BINARY` is required because this class is not decorated with `@final` (reportUnannotatedClassAttribute)
::warning file=d%3A\a\hol-guard\hol-guard\candidate\tests\test_windows_replaceable_file.py,line=18,col=5::Type annotation for attribute `O_BINARY` is required because this class is not decorated with `@final` (reportUnannotatedClassAttribute)
d:\a\hol-guard\hol-guard\candidate\tests\test_windows_replaceable_file.py:19:5 - warning: Type annotation for attribute `O_TEXT` is required because this class is not decorated with `@final` (reportUnannotatedClassAttribute)
::warning file=d%3A\a\hol-guard\hol-guard\candidate\tests\test_windows_replaceable_file.py,line=19,col=5::Type annotation for attribute `O_TEXT` is required because this class is not decorated with `@final` (reportUnannotatedClassAttribute)
d:\a\hol-guard\hol-guard\candidate\tests\test_windows_replaceable_file.py:20:5 - warning: Type annotation for attribute `O_NOINHERIT` is required because this class is not decorated with `@final` (reportUnannotatedClassAttribute)
::warning file=d%3A\a\hol-guard\hol-guard\candidate\tests\test_windows_replaceable_file.py,line=20,col=5::Type annotation for attribute `O_NOINHERIT` is required because this class is not decorated with `@final` (reportUnannotatedClassAttribute)
d:\a\hol-guard\hol-guard\candidate\tests\test_windows_replaceable_file.py:22:9 - warning: Return type is Any (reportAny)
::warning file=d%3A\a\hol-guard\hol-guard\candidate\tests\test_windows_replaceable_file.py,line=22,col=9::Return type is Any (reportAny)
d:\a\hol-guard\hol-guard\candidate\tests\test_windows_replaceable_file.py:22:27 - warning: Type of parameter "name" is unknown (reportUnknownParameterType)
::warning file=d%3A\a\hol-guard\hol-guard\candidate\tests\test_windows_replaceable_file.py,line=22,col=27::Type of parameter "name" is unknown (reportUnknownParameterType)
d:\a\hol-guard\hol-guard\candidate\tests\test_windows_replaceable_file.py:22:27 - warning: Type annotation is missing for parameter "name" (reportMissingParameterType)
::warning file=d%3A\a\hol-guard\hol-guard\candidate\tests\test_windows_replaceable_file.py,line=22,col=27::Type annotation is missing for parameter "name" (reportMissingParameterType)
d:\a\hol-guard\hol-guard\candidate\tests\test_windows_replaceable_file.py:23:16 - warning: Return type is Any (reportAny)
::warning file=d%3A\a\hol-guard\hol-guard\candidate\tests\test_windows_replaceable_file.py,line=23,col=16::Return type is Any (reportAny)
d:\a\hol-guard\hol-guard\candidate\tests\test_windows_replaceable_file.py:23:28 - warning: Argument type is unknown
  Argument corresponds to parameter "name" in function "getattr" (reportUnknownArgumentType)
::warning file=d%3A\a\hol-guard\hol-guard\candidate\tests\test_windows_replaceable_file.py,line=23,col=28::Argument type is unknown%0A  Argument corresponds to parameter "name" in function "getattr" (reportUnknownArgumentType)
d:\a\hol-guard\hol-guard\candidate\tests\test_windows_replaceable_file.py:28:14 - warning: Type annotation for attribute `handle` is required because this class is not decorated with `@final` (reportUnannotatedClassAttribute)
::warning file=d%3A\a\hol-guard\hol-guard\candidate\tests\test_windows_replaceable_file.py,line=28,col=14::Type annotation for attribute `handle` is required because this class is not decorated with `@final` (reportUnannotatedClassAttribute)
d:\a\hol-guard\hol-guard\candidate\tests\test_windows_replaceable_file.py:29:14 - warning: Type annotation for attribute `attributes` is required because this class is not decorated with `@final` (reportUnannotatedClassAttribute)
::warning file=d%3A\a\hol-guard\hol-guard\candidate\tests\test_windows_replaceable_file.py,line=29,col=14::Type annotation for attribute `attributes` is required because this class is not decorated with `@final` (reportUnannotatedClassAttribute)
d:\a\hol-guard\hol-guard\candidate\tests\test_windows_replaceable_file.py:30:14 - warning: Type annotation for attribute `information_success` is required because this class is not decorated with `@final` (reportUnannotatedClassAttribute)
::warning file=d%3A\a\hol-guard\hol-guard\candidate\tests\test_windows_replaceable_file.py,line=30,col=14::Type annotation for attribute `information_success` is required because this class is not decorated with `@final` (reportUnannotatedClassAttribute)
d:\a\hol-guard\hol-guard\candidate\tests\test_windows_replaceable_file.py:31:14 - warning: Type annotation for attribute `file_type` is required because this class is not decorated with `@final` (reportUnannotatedClassAttribute)
::warning file=d%3A\a\hol-guard\hol-guard\candidate\tests\test_windows_replaceable_file.py,line=31,col=14::Type annotation for attribute `file_type` is required because this class is not decorated with `@final` (reportUnannotatedClassAttribute)
d:\a\hol-guard\hol-guard\candidate\tests\test_windows_replaceable_file.py:32:14 - warning: Type annotation for attribute `close_success` is required because this class is not decorated with `@final` (reportUnannotatedClassAttribute)
::warning file=d%3A\a\hol-guard\hol-guard\candidate\tests\test_windows_replaceable_file.py,line=32,col=14::Type annotation for attribute `close_success` is required because this class is not decorated with `@final` (reportUnannotatedClassAttribute)
d:\a\hol-guard\hol-guard\candidate\tests\test_windows_replaceable_file.py:33:14 - warning: Type annotation for attribute `operations` is required because this class is not decorated with `@final` (reportUnannotatedClassAttribute)
::warning file=d%3A\a\hol-guard\hol-guard\candidate\tests\test_windows_replaceable_file.py,line=33,col=14::Type annotation for attribute `operations` is required because this class is not decorated with `@final` (reportUnannotatedClassAttribute)
d:\a\hol-guard\hol-guard\candidate\tests\test_windows_replaceable_file.py:35:28 - warning: Type of parameter "arguments" is unknown (reportUnknownParameterType)
::warning file=d%3A\a\hol-guard\hol-guard\candidate\tests\test_windows_replaceable_file.py,line=35,col=28::Type of parameter "arguments" is unknown (reportUnknownParameterType)
d:\a\hol-guard\hol-guard\candidate\tests\test_windows_replaceable_file.py:35:28 - warning: Type annotation is missing for parameter "arguments" (reportMissingParameterType)
::warning file=d%3A\a\hol-guard\hol-guard\candidate\tests\test_windows_replaceable_file.py,line=35,col=28::Type annotation is missing for parameter "arguments" (reportMissingParameterType)
d:\a\hol-guard\hol-guard\candidate\tests\test_windows_replaceable_file.py:36:9 - warning: Type of "operations" is partially unknown
  Type of "operations" is "list[Unknown]" (reportUnknownMemberType)
::warning file=d%3A\a\hol-guard\hol-guard\candidate\tests\test_windows_replaceable_file.py,line=36,col=9::Type of "operations" is partially unknown%0A  Type of "operations" is "list[Unknown]" (reportUnknownMemberType)
d:\a\hol-guard\hol-guard\candidate\tests\test_windows_replaceable_file.py:36:9 - warning: Type of "append" is partially unknown
  Type of "append" is "(object: Unknown, /) -> None" (reportUnknownMemberType)
::warning file=d%3A\a\hol-guard\hol-guard\candidate\tests\test_windows_replaceable_file.py,line=36,col=9::Type of "append" is partially unknown%0A  Type of "append" is "(object: Unknown, /) -> None" (reportUnknownMemberType)
d:\a\hol-guard\hol-guard\candidate\tests\test_windows_replaceable_file.py:39:42 - warning: Type of parameter "handle" is unknown (reportUnknownParameterType)
::warning file=d%3A\a\hol-guard\hol-guard\candidate\tests\test_windows_replaceable_file.py,line=39,col=42::Type of parameter "handle" is unknown (reportUnknownParameterType)
d:\a\hol-guard\hol-guard\candidate\tests\test_windows_replaceable_file.py:39:42 - warning: Type annotation is missing for parameter "handle" (reportMissingParameterType)
::warning file=d%3A\a\hol-guard\hol-guard\candidate\tests\test_windows_replaceable_file.py,line=39,col=42::Type annotation is missing for parameter "handle" (reportMissingParameterType)
d:\a\hol-guard\hol-guard\candidate\tests\test_windows_replaceable_file.py:39:50 - warning: Type of parameter "pointer" is unknown (reportUnknownParameterType)
::warning file=d%3A\a\hol-guard\hol-guard\candidate\tests\test_windows_replaceable_file.py,line=39,col=50::Type of parameter "pointer" is unknown (reportUnknownParameterType)
d:\a\hol-guard\hol-guard\candidate\tests\test_windows_replaceable_file.py:39:50 - warning: Type annotation is missing for parameter "pointer" (reportMissingParameterType)
::warning file=d%3A\a\hol-guard\hol-guard\candidate\tests\test_windows_replaceable_file.py,line=39,col=50::Type annotation is missing for parameter "pointer" (reportMissingParameterType)
d:\a\hol-guard\hol-guard\candidate\tests\test_windows_replaceable_file.py:40:9 - warning: Type of "operations" is partially unknown
  Type of "operations" is "list[Unknown]" (reportUnknownMemberType)
::warning file=d%3A\a\hol-guard\hol-guard\candidate\tests\test_windows_replaceable_file.py,line=40,col=9::Type of "operations" is partially unknown%0A  Type of "operations" is "list[Unknown]" (reportUnknownMemberType)
d:\a\hol-guard\hol-guard\candidate\tests\test_windows_replaceable_file.py:40:9 - warning: Type of "append" is partially unknown
  Type of "append" is "(object: Unknown, /) -> None" (reportUnknownMemberType)
::warning file=d%3A\a\hol-guard\hol-guard\candidate\tests\test_windows_replaceable_file.py,line=40,col=9::Type of "append" is partially unknown%0A  Type of "append" is "(object: Unknown, /) -> None" (reportUnknownMemberType)
d:\a\hol-guard\hol-guard\candidate\tests\test_windows_replaceable_file.py:42:13 - warning: Argument type is unknown
  Argument corresponds to parameter "obj" in function "cast" (reportUnknownArgumentType)
::warning file=d%3A\a\hol-guard\hol-guard\candidate\tests\test_windows_replaceable_file.py,line=42,col=13::Argument type is unknown%0A  Argument corresponds to parameter "obj" in function "cast" (reportUnknownArgumentType)
d:\a\hol-guard\hol-guard\candidate\tests\test_windows_replaceable_file.py:43:35 - warning: "_WindowsByHandleFileInformation" is private and used outside of the module in which it is declared (reportPrivateUsage)
::warning file=d%3A\a\hol-guard\hol-guard\candidate\tests\test_windows_replaceable_file.py,line=43,col=35::"_WindowsByHandleFileInformation" is private and used outside of the module in which it is declared (reportPrivateUsage)
d:\a\hol-guard\hol-guard\candidate\tests\test_windows_replaceable_file.py:43:35 - warning: "_WindowsByHandleFileInformation" is not exported from module "codex_plugin_scanner.guard.windows_replaceable_file" (reportPrivateLocalImportUsage)
::warning file=d%3A\a\hol-guard\hol-guard\candidate\tests\test_windows_replaceable_file.py,line=43,col=35::"_WindowsByHandleFileInformation" is not exported from module "codex_plugin_scanner.guard.windows_replaceable_file" (reportPrivateLocalImportUsage)
d:\a\hol-guard\hol-guard\candidate\tests\test_windows_replaceable_file.py:48:27 - warning: Type of parameter "handle" is unknown (reportUnknownParameterType)
::warning file=d%3A\a\hol-guard\hol-guard\candidate\tests\test_windows_replaceable_file.py,line=48,col=27::Type of parameter "handle" is unknown (reportUnknownParameterType)
d:\a\hol-guard\hol-guard\candidate\tests\test_windows_replaceable_file.py:48:27 - warning: Type annotation is missing for parameter "handle" (reportMissingParameterType)
::warning file=d%3A\a\hol-guard\hol-guard\candidate\tests\test_windows_replaceable_file.py,line=48,col=27::Type annotation is missing for parameter "handle" (reportMissingParameterType)
d:\a\hol-guard\hol-guard\candidate\tests\test_windows_replaceable_file.py:49:9 - warning: Type of "operations" is partially unknown
  Type of "operations" is "list[Unknown]" (reportUnknownMemberType)
::warning file=d%3A\a\hol-guard\hol-guard\candidate\tests\test_windows_replaceable_file.py,line=49,col=9::Type of "operations" is partially unknown%0A  Type of "operations" is "list[Unknown]" (reportUnknownMemberType)
d:\a\hol-guard\hol-guard\candidate\tests\test_windows_replaceable_file.py:49:9 - warning: Type of "append" is partially unknown
  Type of "append" is "(object: Unknown, /) -> None" (reportUnknownMemberType)
::warning file=d%3A\a\hol-guard\hol-guard\candidate\tests\test_windows_replaceable_file.py,line=49,col=9::Type of "append" is partially unknown%0A  Type of "append" is "(object: Unknown, /) -> None" (reportUnknownMemberType)
d:\a\hol-guard\hol-guard\candidate\tests\test_windows_replaceable_file.py:52:27 - warning: Type of parameter "handle" is unknown (reportUnknownParameterType)
::warning file=d%3A\a\hol-guard\hol-guard\candidate\tests\test_windows_replaceable_file.py,line=52,col=27::Type of parameter "handle" is unknown (reportUnknownParameterType)
d:\a\hol-guard\hol-guard\candidate\tests\test_windows_replaceable_file.py:52:27 - warning: Type annotation is missing for parameter "handle" (reportMissingParameterType)
::warning file=d%3A\a\hol-guard\hol-guard\candidate\tests\test_windows_replaceable_file.py,line=52,col=27::Type annotation is missing for parameter "handle" (reportMissingParameterType)
d:\a\hol-guard\hol-guard\candidate\tests\test_windows_replaceable_file.py:53:9 - warning: Type of "operations" is partially unknown
  Type of "operations" is "list[Unknown]" (reportUnknownMemberType)
::warning file=d%3A\a\hol-guard\hol-guard\candidate\tests\test_windows_replaceable_file.py,line=53,col=9::Type of "operations" is partially unknown%0A  Type of "operations" is "list[Unknown]" (reportUnknownMemberType)
d:\a\hol-guard\hol-guard\candidate\tests\test_windows_replaceable_file.py:53:9 - warning: Type of "append" is partially unknown
  Type of "append" is "(object: Unknown, /) -> None" (reportUnknownMemberType)
::warning file=d%3A\a\hol-guard\hol-guard\candidate\tests\test_windows_replaceable_file.py,line=53,col=9::Type of "append" is partially unknown%0A  Type of "append" is "(object: Unknown, /) -> None" (reportUnknownMemberType)
d:\a\hol-guard\hol-guard\candidate\tests\test_windows_replaceable_file.py:58:5 - warning: Return type, "tuple[_Api, list[Unknown], list[Unknown], PermissionError]", is partially unknown (reportUnknownParameterType)
::warning file=d%3A\a\hol-guard\hol-guard\candidate\tests\test_windows_replaceable_file.py,line=58,col=5::Return type, "tuple[_Api, list[Unknown], list[Unknown], PermissionError]", is partially unknown (reportUnknownParameterType)
d:\a\hol-guard\hol-guard\candidate\tests\test_windows_replaceable_file.py:58:17 - warning: Type of parameter "monkeypatch" is unknown (reportUnknownParameterType)
::warning file=d%3A\a\hol-guard\hol-guard\candidate\tests\test_windows_replaceable_file.py,line=58,col=17::Type of parameter "monkeypatch" is unknown (reportUnknownParameterType)
d:\a\hol-guard\hol-guard\candidate\tests\test_windows_replaceable_file.py:58:17 - warning: Type annotation is missing for parameter "monkeypatch" (reportMissingParameterType)
::warning file=d%3A\a\hol-guard\hol-guard\candidate\tests\test_windows_replaceable_file.py,line=58,col=17::Type annotation is missing for parameter "monkeypatch" (reportMissingParameterType)
d:\a\hol-guard\hol-guard\candidate\tests\test_windows_replaceable_file.py:64:5 - warning: Type of "setattr" is unknown (reportUnknownMemberType)
::warning file=d%3A\a\hol-guard\hol-guard\candidate\tests\test_windows_replaceable_file.py,line=64,col=5::Type of "setattr" is unknown (reportUnknownMemberType)
d:\a\hol-guard\hol-guard\candidate\tests\test_windows_replaceable_file.py:65:5 - warning: Type of "setattr" is unknown (reportUnknownMemberType)
::warning file=d%3A\a\hol-guard\hol-guard\candidate\tests\test_windows_replaceable_file.py,line=65,col=5::Type of "setattr" is unknown (reportUnknownMemberType)
d:\a\hol-guard\hol-guard\candidate\tests\test_windows_replaceable_file.py:65:70 - warning: Type of parameter "args" is partially unknown (reportUnknownLambdaType)
::warning file=d%3A\a\hol-guard\hol-guard\candidate\tests\test_windows_replaceable_file.py,line=65,col=70::Type of parameter "args" is partially unknown (reportUnknownLambdaType)
d:\a\hol-guard\hol-guard\candidate\tests\test_windows_replaceable_file.py:65:76 - warning: Type of "append" is partially unknown
  Type of "append" is "(object: Unknown, /) -> None" (reportUnknownMemberType)
::warning file=d%3A\a\hol-guard\hol-guard\candidate\tests\test_windows_replaceable_file.py,line=65,col=76::Type of "append" is partially unknown%0A  Type of "append" is "(object: Unknown, /) -> None" (reportUnknownMemberType)
d:\a\hol-guard\hol-guard\candidate\tests\test_windows_replaceable_file.py:66:5 - warning: Type of "setattr" is unknown (reportUnknownMemberType)
::warning file=d%3A\a\hol-guard\hol-guard\candidate\tests\test_windows_replaceable_file.py,line=66,col=5::Type of "setattr" is unknown (reportUnknownMemberType)
d:\a\hol-guard\hol-guard\candidate\tests\test_windows_replaceable_file.py:67:5 - warning: Type of "setattr" is unknown (reportUnknownMemberType)
::warning file=d%3A\a\hol-guard\hol-guard\candidate\tests\test_windows_replaceable_file.py,line=67,col=5::Type of "setattr" is unknown (reportUnknownMemberType)
d:\a\hol-guard\hol-guard\candidate\tests\test_windows_replaceable_file.py:68:5 - warning: Type of "setattr" is unknown (reportUnknownMemberType)
::warning file=d%3A\a\hol-guard\hol-guard\candidate\tests\test_windows_replaceable_file.py,line=68,col=5::Type of "setattr" is unknown (reportUnknownMemberType)
d:\a\hol-guard\hol-guard\candidate\tests\test_windows_replaceable_file.py:69:5 - warning: Type of "setattr" is unknown (reportUnknownMemberType)
::warning file=d%3A\a\hol-guard\hol-guard\candidate\tests\test_windows_replaceable_file.py,line=69,col=5::Type of "setattr" is unknown (reportUnknownMemberType)
d:\a\hol-guard\hol-guard\candidate\tests\test_windows_replaceable_file.py:69:32 - warning: "ctypes" is not exported from module "codex_plugin_scanner.guard.windows_replaceable_file" (reportPrivateLocalImportUsage)
::warning file=d%3A\a\hol-guard\hol-guard\candidate\tests\test_windows_replaceable_file.py,line=69,col=32::"ctypes" is not exported from module "codex_plugin_scanner.guard.windows_replaceable_file" (reportPrivateLocalImportUsage)
d:\a\hol-guard\hol-guard\candidate\tests\test_windows_replaceable_file.py:69:65 - warning: Type of parameter "code" is unknown (reportUnknownLambdaType)
::warning file=d%3A\a\hol-guard\hol-guard\candidate\tests\test_windows_replaceable_file.py,line=69,col=65::Type of parameter "code" is unknown (reportUnknownLambdaType)
d:\a\hol-guard\hol-guard\candidate\tests\test_windows_replaceable_file.py:71:18 - warning: Type of parameter "handle" is unknown (reportUnknownParameterType)
::warning file=d%3A\a\hol-guard\hol-guard\candidate\tests\test_windows_replaceable_file.py,line=71,col=18::Type of parameter "handle" is unknown (reportUnknownParameterType)
d:\a\hol-guard\hol-guard\candidate\tests\test_windows_replaceable_file.py:71:18 - warning: Type annotation is missing for parameter "handle" (reportMissingParameterType)
::warning file=d%3A\a\hol-guard\hol-guard\candidate\tests\test_windows_replaceable_file.py,line=71,col=18::Type annotation is missing for parameter "handle" (reportMissingParameterType)
d:\a\hol-guard\hol-guard\candidate\tests\test_windows_replaceable_file.py:71:26 - warning: Type of parameter "flags" is unknown (reportUnknownParameterType)
::warning file=d%3A\a\hol-guard\hol-guard\candidate\tests\test_windows_replaceable_file.py,line=71,col=26::Type of parameter "flags" is unknown (reportUnknownParameterType)
d:\a\hol-guard\hol-guard\candidate\tests\test_windows_replaceable_file.py:71:26 - warning: Type annotation is missing for parameter "flags" (reportMissingParameterType)
::warning file=d%3A\a\hol-guard\hol-guard\candidate\tests\test_windows_replaceable_file.py,line=71,col=26::Type annotation is missing for parameter "flags" (reportMissingParameterType)
d:\a\hol-guard\hol-guard\candidate\tests\test_windows_replaceable_file.py:72:9 - warning: Type of "append" is partially unknown
  Type of "append" is "(object: Unknown, /) -> None" (reportUnknownMemberType)
::warning file=d%3A\a\hol-guard\hol-guard\candidate\tests\test_windows_replaceable_file.py,line=72,col=9::Type of "append" is partially unknown%0A  Type of "append" is "(object: Unknown, /) -> None" (reportUnknownMemberType)
d:\a\hol-guard\hol-guard\candidate\tests\test_windows_replaceable_file.py:75:5 - warning: Type of "setattr" is unknown (reportUnknownMemberType)
::warning file=d%3A\a\hol-guard\hol-guard\candidate\tests\test_windows_replaceable_file.py,line=75,col=5::Type of "setattr" is unknown (reportUnknownMemberType)
d:\a\hol-guard\hol-guard\candidate\tests\test_windows_replaceable_file.py:76:12 - warning: Return type, "tuple[_Api, list[Unknown], list[Unknown], PermissionError]", is partially unknown (reportUnknownVariableType)
::warning file=d%3A\a\hol-guard\hol-guard\candidate\tests\test_windows_replaceable_file.py,line=76,col=12::Return type, "tuple[_Api, list[Unknown], list[Unknown], PermissionError]", is partially unknown (reportUnknownVariableType)
d:\a\hol-guard\hol-guard\candidate\tests\test_windows_replaceable_file.py:79:64 - warning: Type of parameter "native_open" is unknown (reportUnknownParameterType)
::warning file=d%3A\a\hol-guard\hol-guard\candidate\tests\test_windows_replaceable_file.py,line=79,col=64::Type of parameter "native_open" is unknown (reportUnknownParameterType)
d:\a\hol-guard\hol-guard\candidate\tests\test_windows_replaceable_file.py:79:64 - warning: Type annotation is missing for parameter "native_open" (reportMissingParameterType)
::warning file=d%3A\a\hol-guard\hol-guard\candidate\tests\test_windows_replaceable_file.py,line=79,col=64::Type annotation is missing for parameter "native_open" (reportMissingParameterType)
d:\a\hol-guard\hol-guard\candidate\tests\test_windows_replaceable_file.py:80:5 - warning: Type of "api" is unknown (reportUnknownVariableType)
::warning file=d%3A\a\hol-guard\hol-guard\candidate\tests\test_windows_replaceable_file.py,line=80,col=5::Type of "api" is unknown (reportUnknownVariableType)
d:\a\hol-guard\hol-guard\candidate\tests\test_windows_replaceable_file.py:80:10 - warning: Type of "events" is unknown (reportUnknownVariableType)
::warning file=d%3A\a\hol-guard\hol-guard\candidate\tests\test_windows_replaceable_file.py,line=80,col=10::Type of "events" is unknown (reportUnknownVariableType)
d:\a\hol-guard\hol-guard\candidate\tests\test_windows_replaceable_file.py:80:18 - warning: Type of "transfers" is unknown (reportUnknownVariableType)
::warning file=d%3A\a\hol-guard\hol-guard\candidate\tests\test_windows_replaceable_file.py,line=80,col=18::Type of "transfers" is unknown (reportUnknownVariableType)
d:\a\hol-guard\hol-guard\candidate\tests\test_windows_replaceable_file.py:80:29 - warning: Type of "_error" is unknown (reportUnknownVariableType)
::warning file=d%3A\a\hol-guard\hol-guard\candidate\tests\test_windows_replaceable_file.py,line=80,col=29::Type of "_error" is unknown (reportUnknownVariableType)
d:\a\hol-guard\hol-guard\candidate\tests\test_windows_replaceable_file.py:85:12 - warning: Type of "operations" is unknown (reportUnknownMemberType)
::warning file=d%3A\a\hol-guard\hol-guard\candidate\tests\test_windows_replaceable_file.py,line=85,col=12::Type of "operations" is unknown (reportUnknownMemberType)
d:\a\hol-guard\hol-guard\candidate\tests\test_windows_replaceable_file.py:93:54 - warning: Type of parameter "native_open" is unknown (reportUnknownParameterType)
::warning file=d%3A\a\hol-guard\hol-guard\candidate\tests\test_windows_replaceable_file.py,line=93,col=54::Type of parameter "native_open" is unknown (reportUnknownParameterType)
d:\a\hol-guard\hol-guard\candidate\tests\test_windows_replaceable_file.py:93:54 - warning: Type annotation is missing for parameter "native_open" (reportMissingParameterType)
::warning file=d%3A\a\hol-guard\hol-guard\candidate\tests\test_windows_replaceable_file.py,line=93,col=54::Type annotation is missing for parameter "native_open" (reportMissingParameterType)
d:\a\hol-guard\hol-guard\candidate\tests\test_windows_replaceable_file.py:94:5 - warning: Type of "api" is unknown (reportUnknownVariableType)
::warning file=d%3A\a\hol-guard\hol-guard\candidate\tests\test_windows_replaceable_file.py,line=94,col=5::Type of "api" is unknown (reportUnknownVariableType)
d:\a\hol-guard\hol-guard\candidate\tests\test_windows_replaceable_file.py:94:10 - warning: Type of "events" is unknown (reportUnknownVariableType)
::warning file=d%3A\a\hol-guard\hol-guard\candidate\tests\test_windows_replaceable_file.py,line=94,col=10::Type of "events" is unknown (reportUnknownVariableType)
d:\a\hol-guard\hol-guard\candidate\tests\test_windows_replaceable_file.py:94:18 - warning: Type of "transfers" is unknown (reportUnknownVariableType)
::warning file=d%3A\a\hol-guard\hol-guard\candidate\tests\test_windows_replaceable_file.py,line=94,col=18::Type of "transfers" is unknown (reportUnknownVariableType)
d:\a\hol-guard\hol-guard\candidate\tests\test_windows_replaceable_file.py:94:29 - warning: Type of "_error" is unknown (reportUnknownVariableType)
::warning file=d%3A\a\hol-guard\hol-guard\candidate\tests\test_windows_replaceable_file.py,line=94,col=29::Type of "_error" is unknown (reportUnknownVariableType)
d:\a\hol-guard\hol-guard\candidate\tests\test_windows_replaceable_file.py:95:19 - warning: "_text_opener" is private and used outside of the module in which it is declared (reportPrivateUsage)
::warning file=d%3A\a\hol-guard\hol-guard\candidate\tests\test_windows_replaceable_file.py,line=95,col=19::"_text_opener" is private and used outside of the module in which it is declared (reportPrivateUsage)
d:\a\hol-guard\hol-guard\candidate\tests\test_windows_replaceable_file.py:98:33 - warning: Type of "operations" is unknown (reportUnknownMemberType)
::warning file=d%3A\a\hol-guard\hol-guard\candidate\tests\test_windows_replaceable_file.py,line=98,col=33::Type of "operations" is unknown (reportUnknownMemberType)
d:\a\hol-guard\hol-guard\candidate\tests\test_windows_replaceable_file.py:106:49 - warning: Type of parameter "native_open" is unknown (reportUnknownParameterType)
::warning file=d%3A\a\hol-guard\hol-guard\candidate\tests\test_windows_replaceable_file.py,line=106,col=49::Type of parameter "native_open" is unknown (reportUnknownParameterType)
d:\a\hol-guard\hol-guard\candidate\tests\test_windows_replaceable_file.py:106:49 - warning: Type annotation is missing for parameter "native_open" (reportMissingParameterType)
::warning file=d%3A\a\hol-guard\hol-guard\candidate\tests\test_windows_replaceable_file.py,line=106,col=49::Type annotation is missing for parameter "native_open" (reportMissingParameterType)
d:\a\hol-guard\hol-guard\candidate\tests\test_windows_replaceable_file.py:106:62 - warning: Type of parameter "flags" is unknown (reportUnknownParameterType)
::warning file=d%3A\a\hol-guard\hol-guard\candidate\tests\test_windows_replaceable_file.py,line=106,col=62::Type of parameter "flags" is unknown (reportUnknownParameterType)
d:\a\hol-guard\hol-guard\candidate\tests\test_windows_replaceable_file.py:106:62 - warning: Type annotation is missing for parameter "flags" (reportMissingParameterType)
::warning file=d%3A\a\hol-guard\hol-guard\candidate\tests\test_windows_replaceable_file.py,line=106,col=62::Type annotation is missing for parameter "flags" (reportMissingParameterType)
d:\a\hol-guard\hol-guard\candidate\tests\test_windows_replaceable_file.py:107:5 - warning: Type of "api" is unknown (reportUnknownVariableType)
::warning file=d%3A\a\hol-guard\hol-guard\candidate\tests\test_windows_replaceable_file.py,line=107,col=5::Type of "api" is unknown (reportUnknownVariableType)
d:\a\hol-guard\hol-guard\candidate\tests\test_windows_replaceable_file.py:107:10 - warning: Type of "events" is unknown (reportUnknownVariableType)
::warning file=d%3A\a\hol-guard\hol-guard\candidate\tests\test_windows_replaceable_file.py,line=107,col=10::Type of "events" is unknown (reportUnknownVariableType)
d:\a\hol-guard\hol-guard\candidate\tests\test_windows_replaceable_file.py:107:18 - warning: Type of "transfers" is unknown (reportUnknownVariableType)
::warning file=d%3A\a\hol-guard\hol-guard\candidate\tests\test_windows_replaceable_file.py,line=107,col=18::Type of "transfers" is unknown (reportUnknownVariableType)
d:\a\hol-guard\hol-guard\candidate\tests\test_windows_replaceable_file.py:107:29 - warning: Type of "_error" is unknown (reportUnknownVariableType)
::warning file=d%3A\a\hol-guard\hol-guard\candidate\tests\test_windows_replaceable_file.py,line=107,col=29::Type of "_error" is unknown (reportUnknownVariableType)
d:\a\hol-guard\hol-guard\candidate\tests\test_windows_replaceable_file.py:109:9 - warning: Result of call expression is of type "int" and is not used; assign to variable "_" if this is intentional (reportUnusedCallResult)
::warning file=d%3A\a\hol-guard\hol-guard\candidate\tests\test_windows_replaceable_file.py,line=109,col=9::Result of call expression is of type "int" and is not used; assign to variable "_" if this is intentional (reportUnusedCallResult)
d:\a\hol-guard\hol-guard\candidate\tests\test_windows_replaceable_file.py:109:72 - warning: Argument type is unknown
  Argument corresponds to parameter "flags" in function "open_replaceable_read_descriptor" (reportUnknownArgumentType)
::warning file=d%3A\a\hol-guard\hol-guard\candidate\tests\test_windows_replaceable_file.py,line=109,col=72::Argument type is unknown%0A  Argument corresponds to parameter "flags" in function "open_replaceable_read_descriptor" (reportUnknownArgumentType)
d:\a\hol-guard\hol-guard\candidate\tests\test_windows_replaceable_file.py:110:12 - warning: Type of "operations" is unknown (reportUnknownMemberType)
::warning file=d%3A\a\hol-guard\hol-guard\candidate\tests\test_windows_replaceable_file.py,line=110,col=12::Type of "operations" is unknown (reportUnknownMemberType)
d:\a\hol-guard\hol-guard\candidate\tests\test_windows_replaceable_file.py:114:49 - warning: Type of parameter "native_open" is unknown (reportUnknownParameterType)
::warning file=d%3A\a\hol-guard\hol-guard\candidate\tests\test_windows_replaceable_file.py,line=114,col=49::Type of parameter "native_open" is unknown (reportUnknownParameterType)
d:\a\hol-guard\hol-guard\candidate\tests\test_windows_replaceable_file.py:114:49 - warning: Type annotation is missing for parameter "native_open" (reportMissingParameterType)
::warning file=d%3A\a\hol-guard\hol-guard\candidate\tests\test_windows_replaceable_file.py,line=114,col=49::Type annotation is missing for parameter "native_open" (reportMissingParameterType)
d:\a\hol-guard\hol-guard\candidate\tests\test_windows_replaceable_file.py:114:62 - warning: Type of parameter "name" is unknown (reportUnknownParameterType)
::warning file=d%3A\a\hol-guard\hol-guard\candidate\tests\test_windows_replaceable_file.py,line=114,col=62::Type of parameter "name" is unknown (reportUnknownParameterType)
d:\a\hol-guard\hol-guard\candidate\tests\test_windows_replaceable_file.py:114:62 - warning: Type annotation is missing for parameter "name" (reportMissingParameterType)
::warning file=d%3A\a\hol-guard\hol-guard\candidate\tests\test_windows_replaceable_file.py,line=114,col=62::Type annotation is missing for parameter "name" (reportMissingParameterType)
d:\a\hol-guard\hol-guard\candidate\tests\test_windows_replaceable_file.py:115:5 - warning: Type of "api" is unknown (reportUnknownVariableType)
::warning file=d%3A\a\hol-guard\hol-guard\candidate\tests\test_windows_replaceable_file.py,line=115,col=5::Type of "api" is unknown (reportUnknownVariableType)
d:\a\hol-guard\hol-guard\candidate\tests\test_windows_replaceable_file.py:115:10 - warning: Type of "events" is unknown (reportUnknownVariableType)
::warning file=d%3A\a\hol-guard\hol-guard\candidate\tests\test_windows_replaceable_file.py,line=115,col=10::Type of "events" is unknown (reportUnknownVariableType)
d:\a\hol-guard\hol-guard\candidate\tests\test_windows_replaceable_file.py:115:18 - warning: Type of "transfers" is unknown (reportUnknownVariableType)
::warning file=d%3A\a\hol-guard\hol-guard\candidate\tests\test_windows_replaceable_file.py,line=115,col=18::Type of "transfers" is unknown (reportUnknownVariableType)
d:\a\hol-guard\hol-guard\candidate\tests\test_windows_replaceable_file.py:115:29 - warning: Type of "_error" is unknown (reportUnknownVariableType)
::warning file=d%3A\a\hol-guard\hol-guard\candidate\tests\test_windows_replaceable_file.py,line=115,col=29::Type of "_error" is unknown (reportUnknownVariableType)
d:\a\hol-guard\hol-guard\candidate\tests\test_windows_replaceable_file.py:117:9 - warning: Result of call expression is of type "int" and is not used; assign to variable "_" if this is intentional (reportUnusedCallResult)
::warning file=d%3A\a\hol-guard\hol-guard\candidate\tests\test_windows_replaceable_file.py,line=117,col=9::Result of call expression is of type "int" and is not used; assign to variable "_" if this is intentional (reportUnusedCallResult)
d:\a\hol-guard\hol-guard\candidate\tests\test_windows_replaceable_file.py:117:49 - warning: Argument type is unknown
  Argument corresponds to parameter "path" in function "open_replaceable_read_descriptor" (reportUnknownArgumentType)
::warning file=d%3A\a\hol-guard\hol-guard\candidate\tests\test_windows_replaceable_file.py,line=117,col=49::Argument type is unknown%0A  Argument corresponds to parameter "path" in function "open_replaceable_read_descriptor" (reportUnknownArgumentType)
d:\a\hol-guard\hol-guard\candidate\tests\test_windows_replaceable_file.py:118:12 - warning: Type of "operations" is unknown (reportUnknownMemberType)
::warning file=d%3A\a\hol-guard\hol-guard\candidate\tests\test_windows_replaceable_file.py,line=118,col=12::Type of "operations" is unknown (reportUnknownMemberType)
d:\a\hol-guard\hol-guard\candidate\tests\test_windows_replaceable_file.py:121:60 - warning: Type of parameter "native_open" is unknown (reportUnknownParameterType)
::warning file=d%3A\a\hol-guard\hol-guard\candidate\tests\test_windows_replaceable_file.py,line=121,col=60::Type of parameter "native_open" is unknown (reportUnknownParameterType)
d:\a\hol-guard\hol-guard\candidate\tests\test_windows_replaceable_file.py:121:60 - warning: Type annotation is missing for parameter "native_open" (reportMissingParameterType)
::warning file=d%3A\a\hol-guard\hol-guard\candidate\tests\test_windows_replaceable_file.py,line=121,col=60::Type annotation is missing for parameter "native_open" (reportMissingParameterType)
d:\a\hol-guard\hol-guard\candidate\tests\test_windows_replaceable_file.py:121:73 - warning: Type of parameter "monkeypatch" is unknown (reportUnknownParameterType)
::warning file=d%3A\a\hol-guard\hol-guard\candidate\tests\test_windows_replaceable_file.py,line=121,col=73::Type of parameter "monkeypatch" is unknown (reportUnknownParameterType)
d:\a\hol-guard\hol-guard\candidate\tests\test_windows_replaceable_file.py:121:73 - warning: Type annotation is missing for parameter "monkeypatch" (reportMissingParameterType)
::warning file=d%3A\a\hol-guard\hol-guard\candidate\tests\test_windows_replaceable_file.py,line=121,col=73::Type annotation is missing for parameter "monkeypatch" (reportMissingParameterType)
d:\a\hol-guard\hol-guard\candidate\tests\test_windows_replaceable_file.py:122:5 - warning: Type of "api" is unknown (reportUnknownVariableType)
::warning file=d%3A\a\hol-guard\hol-guard\candidate\tests\test_windows_replaceable_file.py,line=122,col=5::Type of "api" is unknown (reportUnknownVariableType)
d:\a\hol-guard\hol-guard\candidate\tests\test_windows_replaceable_file.py:122:10 - warning: Type of "_events" is unknown (reportUnknownVariableType)
::warning file=d%3A\a\hol-guard\hol-guard\candidate\tests\test_windows_replaceable_file.py,line=122,col=10::Type of "_events" is unknown (reportUnknownVariableType)
d:\a\hol-guard\hol-guard\candidate\tests\test_windows_replaceable_file.py:122:19 - warning: Type of "transfers" is unknown (reportUnknownVariableType)
::warning file=d%3A\a\hol-guard\hol-guard\candidate\tests\test_windows_replaceable_file.py,line=122,col=19::Type of "transfers" is unknown (reportUnknownVariableType)
d:\a\hol-guard\hol-guard\candidate\tests\test_windows_replaceable_file.py:122:30 - warning: Type of "_error" is unknown (reportUnknownVariableType)
::warning file=d%3A\a\hol-guard\hol-guard\candidate\tests\test_windows_replaceable_file.py,line=122,col=30::Type of "_error" is unknown (reportUnknownVariableType)
d:\a\hol-guard\hol-guard\candidate\tests\test_windows_replaceable_file.py:125:17 - warning: Type of parameter "_arguments" is unknown (reportUnknownParameterType)
::warning file=d%3A\a\hol-guard\hol-guard\candidate\tests\test_windows_replaceable_file.py,line=125,col=17::Type of parameter "_arguments" is unknown (reportUnknownParameterType)
d:\a\hol-guard\hol-guard\candidate\tests\test_windows_replaceable_file.py:125:17 - warning: Type annotation is missing for parameter "_arguments" (reportMissingParameterType)
::warning file=d%3A\a\hol-guard\hol-guard\candidate\tests\test_windows_replaceable_file.py,line=125,col=17::Type annotation is missing for parameter "_arguments" (reportMissingParameterType)
d:\a\hol-guard\hol-guard\candidate\tests\test_windows_replaceable_file.py:128:5 - warning: Type of "setattr" is unknown (reportUnknownMemberType)
::warning file=d%3A\a\hol-guard\hol-guard\candidate\tests\test_windows_replaceable_file.py,line=128,col=5::Type of "setattr" is unknown (reportUnknownMemberType)
d:\a\hol-guard\hol-guard\candidate\tests\test_windows_replaceable_file.py:130:9 - warning: Result of call expression is of type "int" and is not used; assign to variable "_" if this is intentional (reportUnusedCallResult)
::warning file=d%3A\a\hol-guard\hol-guard\candidate\tests\test_windows_replaceable_file.py,line=130,col=9::Result of call expression is of type "int" and is not used; assign to variable "_" if this is intentional (reportUnusedCallResult)
d:\a\hol-guard\hol-guard\candidate\tests\test_windows_replaceable_file.py:132:12 - warning: Type of "operations" is unknown (reportUnknownMemberType)
::warning file=d%3A\a\hol-guard\hol-guard\candidate\tests\test_windows_replaceable_file.py,line=132,col=12::Type of "operations" is unknown (reportUnknownMemberType)
d:\a\hol-guard\hol-guard\candidate\tests\test_windows_replaceable_file.py:136:55 - warning: Type of parameter "native_open" is unknown (reportUnknownParameterType)
::warning file=d%3A\a\hol-guard\hol-guard\candidate\tests\test_windows_replaceable_file.py,line=136,col=55::Type of parameter "native_open" is unknown (reportUnknownParameterType)
d:\a\hol-guard\hol-guard\candidate\tests\test_windows_replaceable_file.py:136:55 - warning: Type annotation is missing for parameter "native_open" (reportMissingParameterType)
::warning file=d%3A\a\hol-guard\hol-guard\candidate\tests\test_windows_replaceable_file.py,line=136,col=55::Type annotation is missing for parameter "native_open" (reportMissingParameterType)
d:\a\hol-guard\hol-guard\candidate\tests\test_windows_replaceable_file.py:136:68 - warning: Type of parameter "handle" is unknown (reportUnknownParameterType)
::warning file=d%3A\a\hol-guard\hol-guard\candidate\tests\test_windows_replaceable_file.py,line=136,col=68::Type of parameter "handle" is unknown (reportUnknownParameterType)
d:\a\hol-guard\hol-guard\candidate\tests\test_windows_replaceable_file.py:136:68 - warning: Type annotation is missing for parameter "handle" (reportMissingParameterType)
::warning file=d%3A\a\hol-guard\hol-guard\candidate\tests\test_windows_replaceable_file.py,line=136,col=68::Type annotation is missing for parameter "handle" (reportMissingParameterType)
d:\a\hol-guard\hol-guard\candidate\tests\test_windows_replaceable_file.py:137:5 - warning: Type of "api" is unknown (reportUnknownVariableType)
::warning file=d%3A\a\hol-guard\hol-guard\candidate\tests\test_windows_replaceable_file.py,line=137,col=5::Type of "api" is unknown (reportUnknownVariableType)
d:\a\hol-guard\hol-guard\candidate\tests\test_windows_replaceable_file.py:137:10 - warning: Type of "_events" is unknown (reportUnknownVariableType)
::warning file=d%3A\a\hol-guard\hol-guard\candidate\tests\test_windows_replaceable_file.py,line=137,col=10::Type of "_events" is unknown (reportUnknownVariableType)
d:\a\hol-guard\hol-guard\candidate\tests\test_windows_replaceable_file.py:137:19 - warning: Type of "transfers" is unknown (reportUnknownVariableType)
::warning file=d%3A\a\hol-guard\hol-guard\candidate\tests\test_windows_replaceable_file.py,line=137,col=19::Type of "transfers" is unknown (reportUnknownVariableType)
d:\a\hol-guard\hol-guard\candidate\tests\test_windows_replaceable_file.py:137:30 - warning: Type of "error" is unknown (reportUnknownVariableType)
::warning file=d%3A\a\hol-guard\hol-guard\candidate\tests\test_windows_replaceable_file.py,line=137,col=30::Type of "error" is unknown (reportUnknownVariableType)
d:\a\hol-guard\hol-guard\candidate\tests\test_windows_replaceable_file.py:140:9 - warning: Result of call expression is of type "int" and is not used; assign to variable "_" if this is intentional (reportUnusedCallResult)
::warning file=d%3A\a\hol-guard\hol-guard\candidate\tests\test_windows_replaceable_file.py,line=140,col=9::Result of call expression is of type "int" and is not used; assign to variable "_" if this is intentional (reportUnusedCallResult)
d:\a\hol-guard\hol-guard\candidate\tests\test_windows_replaceable_file.py:142:12 - warning: Type of "winerror" is unknown (reportUnknownMemberType)
::warning file=d%3A\a\hol-guard\hol-guard\candidate\tests\test_windows_replaceable_file.py,line=142,col=12::Type of "winerror" is unknown (reportUnknownMemberType)
d:\a\hol-guard\hol-guard\candidate\tests\test_windows_replaceable_file.py:143:16 - warning: Type of "operations" is unknown (reportUnknownMemberType)
::warning file=d%3A\a\hol-guard\hol-guard\candidate\tests\test_windows_replaceable_file.py,line=143,col=16::Type of "operations" is unknown (reportUnknownMemberType)
d:\a\hol-guard\hol-guard\candidate\tests\test_windows_replaceable_file.py:143:16 - warning: Argument type is unknown
  Argument corresponds to parameter "obj" in function "len" (reportUnknownArgumentType)
::warning file=d%3A\a\hol-guard\hol-guard\candidate\tests\test_windows_replaceable_file.py,line=143,col=16::Argument type is unknown%0A  Argument corresponds to parameter "obj" in function "len" (reportUnknownArgumentType)
d:\a\hol-guard\hol-guard\candidate\tests\test_windows_replaceable_file.py:147:65 - warning: Type of parameter "native_open" is unknown (reportUnknownParameterType)
::warning file=d%3A\a\hol-guard\hol-guard\candidate\tests\test_windows_replaceable_file.py,line=147,col=65::Type of parameter "native_open" is unknown (reportUnknownParameterType)
d:\a\hol-guard\hol-guard\candidate\tests\test_windows_replaceable_file.py:147:65 - warning: Type annotation is missing for parameter "native_open" (reportMissingParameterType)
::warning file=d%3A\a\hol-guard\hol-guard\candidate\tests\test_windows_replaceable_file.py,line=147,col=65::Type annotation is missing for parameter "native_open" (reportMissingParameterType)
d:\a\hol-guard\hol-guard\candidate\tests\test_windows_replaceable_file.py:148:5 - warning: Type of "api" is unknown (reportUnknownVariableType)
::warning file=d%3A\a\hol-guard\hol-guard\candidate\tests\test_windows_replaceable_file.py,line=148,col=5::Type of "api" is unknown (reportUnknownVariableType)
d:\a\hol-guard\hol-guard\candidate\tests\test_windows_replaceable_file.py:148:10 - warning: Type of "_events" is unknown (reportUnknownVariableType)
::warning file=d%3A\a\hol-guard\hol-guard\candidate\tests\test_windows_replaceable_file.py,line=148,col=10::Type of "_events" is unknown (reportUnknownVariableType)
d:\a\hol-guard\hol-guard\candidate\tests\test_windows_replaceable_file.py:148:19 - warning: Type of "transfers" is unknown (reportUnknownVariableType)
::warning file=d%3A\a\hol-guard\hol-guard\candidate\tests\test_windows_replaceable_file.py,line=148,col=19::Type of "transfers" is unknown (reportUnknownVariableType)
d:\a\hol-guard\hol-guard\candidate\tests\test_windows_replaceable_file.py:148:30 - warning: Type of "error" is unknown (reportUnknownVariableType)
::warning file=d%3A\a\hol-guard\hol-guard\candidate\tests\test_windows_replaceable_file.py,line=148,col=30::Type of "error" is unknown (reportUnknownVariableType)
d:\a\hol-guard\hol-guard\candidate\tests\test_windows_replaceable_file.py:151:9 - warning: Result of call expression is of type "int" and is not used; assign to variable "_" if this is intentional (reportUnusedCallResult)
::warning file=d%3A\a\hol-guard\hol-guard\candidate\tests\test_windows_replaceable_file.py,line=151,col=9::Result of call expression is of type "int" and is not used; assign to variable "_" if this is intentional (reportUnusedCallResult)
d:\a\hol-guard\hol-guard\candidate\tests\test_windows_replaceable_file.py:153:12 - warning: Type of "operations" is unknown (reportUnknownMemberType)
::warning file=d%3A\a\hol-guard\hol-guard\candidate\tests\test_windows_replaceable_file.py,line=153,col=12::Type of "operations" is unknown (reportUnknownMemberType)
d:\a\hol-guard\hol-guard\candidate\tests\test_windows_replaceable_file.py:158:52 - warning: Type of parameter "native_open" is unknown (reportUnknownParameterType)
::warning file=d%3A\a\hol-guard\hol-guard\candidate\tests\test_windows_replaceable_file.py,line=158,col=52::Type of parameter "native_open" is unknown (reportUnknownParameterType)
d:\a\hol-guard\hol-guard\candidate\tests\test_windows_replaceable_file.py:158:52 - warning: Type annotation is missing for parameter "native_open" (reportMissingParameterType)
::warning file=d%3A\a\hol-guard\hol-guard\candidate\tests\test_windows_replaceable_file.py,line=158,col=52::Type annotation is missing for parameter "native_open" (reportMissingParameterType)
d:\a\hol-guard\hol-guard\candidate\tests\test_windows_replaceable_file.py:158:65 - warning: Type of parameter "attributes" is unknown (reportUnknownParameterType)
::warning file=d%3A\a\hol-guard\hol-guard\candidate\tests\test_windows_replaceable_file.py,line=158,col=65::Type of parameter "attributes" is unknown (reportUnknownParameterType)
d:\a\hol-guard\hol-guard\candidate\tests\test_windows_replaceable_file.py:158:65 - warning: Type annotation is missing for parameter "attributes" (reportMissingParameterType)
::warning file=d%3A\a\hol-guard\hol-guard\candidate\tests\test_windows_replaceable_file.py,line=158,col=65::Type annotation is missing for parameter "attributes" (reportMissingParameterType)
d:\a\hol-guard\hol-guard\candidate\tests\test_windows_replaceable_file.py:159:5 - warning: Type of "api" is unknown (reportUnknownVariableType)
::warning file=d%3A\a\hol-guard\hol-guard\candidate\tests\test_windows_replaceable_file.py,line=159,col=5::Type of "api" is unknown (reportUnknownVariableType)
d:\a\hol-guard\hol-guard\candidate\tests\test_windows_replaceable_file.py:159:10 - warning: Type of "_events" is unknown (reportUnknownVariableType)
::warning file=d%3A\a\hol-guard\hol-guard\candidate\tests\test_windows_replaceable_file.py,line=159,col=10::Type of "_events" is unknown (reportUnknownVariableType)
d:\a\hol-guard\hol-guard\candidate\tests\test_windows_replaceable_file.py:159:19 - warning: Type of "transfers" is unknown (reportUnknownVariableType)
::warning file=d%3A\a\hol-guard\hol-guard\candidate\tests\test_windows_replaceable_file.py,line=159,col=19::Type of "transfers" is unknown (reportUnknownVariableType)
d:\a\hol-guard\hol-guard\candidate\tests\test_windows_replaceable_file.py:159:30 - warning: Type of "_error" is unknown (reportUnknownVariableType)
::warning file=d%3A\a\hol-guard\hol-guard\candidate\tests\test_windows_replaceable_file.py,line=159,col=30::Type of "_error" is unknown (reportUnknownVariableType)
d:\a\hol-guard\hol-guard\candidate\tests\test_windows_replaceable_file.py:162:9 - warning: Result of call expression is of type "int" and is not used; assign to variable "_" if this is intentional (reportUnusedCallResult)
::warning file=d%3A\a\hol-guard\hol-guard\candidate\tests\test_windows_replaceable_file.py,line=162,col=9::Result of call expression is of type "int" and is not used; assign to variable "_" if this is intentional (reportUnusedCallResult)
d:\a\hol-guard\hol-guard\candidate\tests\test_windows_replaceable_file.py:163:12 - warning: Type of "operations" is unknown (reportUnknownMemberType)
::warning file=d%3A\a\hol-guard\hol-guard\candidate\tests\test_windows_replaceable_file.py,line=163,col=12::Type of "operations" is unknown (reportUnknownMemberType)
d:\a\hol-guard\hol-guard\candidate\tests\test_windows_replaceable_file.py:168:44 - warning: Type of parameter "native_open" is unknown (reportUnknownParameterType)
::warning file=d%3A\a\hol-guard\hol-guard\candidate\tests\test_windows_replaceable_file.py,line=168,col=44::Type of parameter "native_open" is unknown (reportUnknownParameterType)
d:\a\hol-guard\hol-guard\candidate\tests\test_windows_replaceable_file.py:168:44 - warning: Type annotation is missing for parameter "native_open" (reportMissingParameterType)
::warning file=d%3A\a\hol-guard\hol-guard\candidate\tests\test_windows_replaceable_file.py,line=168,col=44::Type annotation is missing for parameter "native_open" (reportMissingParameterType)
d:\a\hol-guard\hol-guard\candidate\tests\test_windows_replaceable_file.py:168:57 - warning: Type of parameter "file_type" is unknown (reportUnknownParameterType)
::warning file=d%3A\a\hol-guard\hol-guard\candidate\tests\test_windows_replaceable_file.py,line=168,col=57::Type of parameter "file_type" is unknown (reportUnknownParameterType)
d:\a\hol-guard\hol-guard\candidate\tests\test_windows_replaceable_file.py:168:57 - warning: Type annotation is missing for parameter "file_type" (reportMissingParameterType)
::warning file=d%3A\a\hol-guard\hol-guard\candidate\tests\test_windows_replaceable_file.py,line=168,col=57::Type annotation is missing for parameter "file_type" (reportMissingParameterType)
d:\a\hol-guard\hol-guard\candidate\tests\test_windows_replaceable_file.py:169:5 - warning: Type of "api" is unknown (reportUnknownVariableType)
::warning file=d%3A\a\hol-guard\hol-guard\candidate\tests\test_windows_replaceable_file.py,line=169,col=5::Type of "api" is unknown (reportUnknownVariableType)
d:\a\hol-guard\hol-guard\candidate\tests\test_windows_replaceable_file.py:169:10 - warning: Type of "_events" is unknown (reportUnknownVariableType)
::warning file=d%3A\a\hol-guard\hol-guard\candidate\tests\test_windows_replaceable_file.py,line=169,col=10::Type of "_events" is unknown (reportUnknownVariableType)
d:\a\hol-guard\hol-guard\candidate\tests\test_windows_replaceable_file.py:169:19 - warning: Type of "transfers" is unknown (reportUnknownVariableType)
::warning file=d%3A\a\hol-guard\hol-guard\candidate\tests\test_windows_replaceable_file.py,line=169,col=19::Type of "transfers" is unknown (reportUnknownVariableType)
d:\a\hol-guard\hol-guard\candidate\tests\test_windows_replaceable_file.py:169:30 - warning: Type of "_error" is unknown (reportUnknownVariableType)
::warning file=d%3A\a\hol-guard\hol-guard\candidate\tests\test_windows_replaceable_file.py,line=169,col=30::Type of "_error" is unknown (reportUnknownVariableType)
d:\a\hol-guard\hol-guard\candidate\tests\test_windows_replaceable_file.py:172:9 - warning: Result of call expression is of type "int" and is not used; assign to variable "_" if this is intentional (reportUnusedCallResult)
::warning file=d%3A\a\hol-guard\hol-guard\candidate\tests\test_windows_replaceable_file.py,line=172,col=9::Result of call expression is of type "int" and is not used; assign to variable "_" if this is intentional (reportUnusedCallResult)
d:\a\hol-guard\hol-guard\candidate\tests\test_windows_replaceable_file.py:173:12 - warning: Type of "operations" is unknown (reportUnknownMemberType)
::warning file=d%3A\a\hol-guard\hol-guard\candidate\tests\test_windows_replaceable_file.py,line=173,col=12::Type of "operations" is unknown (reportUnknownMemberType)
d:\a\hol-guard\hol-guard\candidate\tests\test_windows_replaceable_file.py:177:69 - warning: Type of parameter "native_open" is unknown (reportUnknownParameterType)
::warning file=d%3A\a\hol-guard\hol-guard\candidate\tests\test_windows_replaceable_file.py,line=177,col=69::Type of parameter "native_open" is unknown (reportUnknownParameterType)
d:\a\hol-guard\hol-guard\candidate\tests\test_windows_replaceable_file.py:177:69 - warning: Type annotation is missing for parameter "native_open" (reportMissingParameterType)
::warning file=d%3A\a\hol-guard\hol-guard\candidate\tests\test_windows_replaceable_file.py,line=177,col=69::Type annotation is missing for parameter "native_open" (reportMissingParameterType)
d:\a\hol-guard\hol-guard\candidate\tests\test_windows_replaceable_file.py:177:82 - warning: Type of parameter "monkeypatch" is unknown (reportUnknownParameterType)
::warning file=d%3A\a\hol-guard\hol-guard\candidate\tests\test_windows_replaceable_file.py,line=177,col=82::Type of parameter "monkeypatch" is unknown (reportUnknownParameterType)
d:\a\hol-guard\hol-guard\candidate\tests\test_windows_replaceable_file.py:177:82 - warning: Type annotation is missing for parameter "monkeypatch" (reportMissingParameterType)
::warning file=d%3A\a\hol-guard\hol-guard\candidate\tests\test_windows_replaceable_file.py,line=177,col=82::Type annotation is missing for parameter "monkeypatch" (reportMissingParameterType)
d:\a\hol-guard\hol-guard\candidate\tests\test_windows_replaceable_file.py:178:5 - warning: Type of "api" is unknown (reportUnknownVariableType)
::warning file=d%3A\a\hol-guard\hol-guard\candidate\tests\test_windows_replaceable_file.py,line=178,col=5::Type of "api" is unknown (reportUnknownVariableType)
d:\a\hol-guard\hol-guard\candidate\tests\test_windows_replaceable_file.py:178:10 - warning: Type of "_events" is unknown (reportUnknownVariableType)
::warning file=d%3A\a\hol-guard\hol-guard\candidate\tests\test_windows_replaceable_file.py,line=178,col=10::Type of "_events" is unknown (reportUnknownVariableType)
d:\a\hol-guard\hol-guard\candidate\tests\test_windows_replaceable_file.py:178:19 - warning: Type of "transfers" is unknown (reportUnknownVariableType)
::warning file=d%3A\a\hol-guard\hol-guard\candidate\tests\test_windows_replaceable_file.py,line=178,col=19::Type of "transfers" is unknown (reportUnknownVariableType)
d:\a\hol-guard\hol-guard\candidate\tests\test_windows_replaceable_file.py:178:30 - warning: Type of "error" is unknown (reportUnknownVariableType)
::warning file=d%3A\a\hol-guard\hol-guard\candidate\tests\test_windows_replaceable_file.py,line=178,col=30::Type of "error" is unknown (reportUnknownVariableType)
d:\a\hol-guard\hol-guard\candidate\tests\test_windows_replaceable_file.py:180:5 - warning: Type of "setattr" is unknown (reportUnknownMemberType)
::warning file=d%3A\a\hol-guard\hol-guard\candidate\tests\test_windows_replaceable_file.py,line=180,col=5::Type of "setattr" is unknown (reportUnknownMemberType)
d:\a\hol-guard\hol-guard\candidate\tests\test_windows_replaceable_file.py:180:32 - warning: "ctypes" is not exported from module "codex_plugin_scanner.guard.windows_replaceable_file" (reportPrivateLocalImportUsage)
::warning file=d%3A\a\hol-guard\hol-guard\candidate\tests\test_windows_replaceable_file.py,line=180,col=32::"ctypes" is not exported from module "codex_plugin_scanner.guard.windows_replaceable_file" (reportPrivateLocalImportUsage)
d:\a\hol-guard\hol-guard\candidate\tests\test_windows_replaceable_file.py:180:58 - warning: Type of "append" is partially unknown
  Type of "append" is "(object: Unknown, /) -> None" (reportUnknownMemberType)
::warning file=d%3A\a\hol-guard\hol-guard\candidate\tests\test_windows_replaceable_file.py,line=180,col=58::Type of "append" is partially unknown%0A  Type of "append" is "(object: Unknown, /) -> None" (reportUnknownMemberType)
d:\a\hol-guard\hol-guard\candidate\tests\test_windows_replaceable_file.py:183:9 - warning: Result of call expression is of type "int" and is not used; assign to variable "_" if this is intentional (reportUnusedCallResult)
::warning file=d%3A\a\hol-guard\hol-guard\candidate\tests\test_windows_replaceable_file.py,line=183,col=9::Result of call expression is of type "int" and is not used; assign to variable "_" if this is intentional (reportUnusedCallResult)
d:\a\hol-guard\hol-guard\candidate\tests\test_windows_replaceable_file.py:186:12 - warning: Type of "operations" is unknown (reportUnknownMemberType)
::warning file=d%3A\a\hol-guard\hol-guard\candidate\tests\test_windows_replaceable_file.py,line=186,col=12::Type of "operations" is unknown (reportUnknownMemberType)
d:\a\hol-guard\hol-guard\candidate\tests\test_windows_replaceable_file.py:190:62 - warning: Type of parameter "native_open" is unknown (reportUnknownParameterType)
::warning file=d%3A\a\hol-guard\hol-guard\candidate\tests\test_windows_replaceable_file.py,line=190,col=62::Type of parameter "native_open" is unknown (reportUnknownParameterType)
d:\a\hol-guard\hol-guard\candidate\tests\test_windows_replaceable_file.py:190:62 - warning: Type annotation is missing for parameter "native_open" (reportMissingParameterType)
::warning file=d%3A\a\hol-guard\hol-guard\candidate\tests\test_windows_replaceable_file.py,line=190,col=62::Type annotation is missing for parameter "native_open" (reportMissingParameterType)
d:\a\hol-guard\hol-guard\candidate\tests\test_windows_replaceable_file.py:191:5 - warning: Type of "api" is unknown (reportUnknownVariableType)
::warning file=d%3A\a\hol-guard\hol-guard\candidate\tests\test_windows_replaceable_file.py,line=191,col=5::Type of "api" is unknown (reportUnknownVariableType)
d:\a\hol-guard\hol-guard\candidate\tests\test_windows_replaceable_file.py:191:10 - warning: Type of "_events" is unknown (reportUnknownVariableType)
::warning file=d%3A\a\hol-guard\hol-guard\candidate\tests\test_windows_replaceable_file.py,line=191,col=10::Type of "_events" is unknown (reportUnknownVariableType)
d:\a\hol-guard\hol-guard\candidate\tests\test_windows_replaceable_file.py:191:19 - warning: Type of "transfers" is unknown (reportUnknownVariableType)
::warning file=d%3A\a\hol-guard\hol-guard\candidate\tests\test_windows_replaceable_file.py,line=191,col=19::Type of "transfers" is unknown (reportUnknownVariableType)
d:\a\hol-guard\hol-guard\candidate\tests\test_windows_replaceable_file.py:191:30 - warning: Type of "error" is unknown (reportUnknownVariableType)
::warning file=d%3A\a\hol-guard\hol-guard\candidate\tests\test_windows_replaceable_file.py,line=191,col=30::Type of "error" is unknown (reportUnknownVariableType)
d:\a\hol-guard\hol-guard\candidate\tests\test_windows_replaceable_file.py:195:9 - warning: Result of call expression is of type "int" and is not used; assign to variable "_" if this is intentional (reportUnusedCallResult)
::warning file=d%3A\a\hol-guard\hol-guard\candidate\tests\test_windows_replaceable_file.py,line=195,col=9::Result of call expression is of type "int" and is not used; assign to variable "_" if this is intentional (reportUnusedCallResult)
d:\a\hol-guard\hol-guard\candidate\tests\test_windows_replaceable_file.py:196:12 - warning: Type of "operations" is unknown (reportUnknownMemberType)
::warning file=d%3A\a\hol-guard\hol-guard\candidate\tests\test_windows_replaceable_file.py,line=196,col=12::Type of "operations" is unknown (reportUnknownMemberType)
d:\a\hol-guard\hol-guard\candidate\tests\test_windows_replaceable_file.py:200:70 - warning: Type of parameter "native_open" is unknown (reportUnknownParameterType)
::warning file=d%3A\a\hol-guard\hol-guard\candidate\tests\test_windows_replaceable_file.py,line=200,col=70::Type of parameter "native_open" is unknown (reportUnknownParameterType)
d:\a\hol-guard\hol-guard\candidate\tests\test_windows_replaceable_file.py:200:70 - warning: Type annotation is missing for parameter "native_open" (reportMissingParameterType)
::warning file=d%3A\a\hol-guard\hol-guard\candidate\tests\test_windows_replaceable_file.py,line=200,col=70::Type annotation is missing for parameter "native_open" (reportMissingParameterType)
d:\a\hol-guard\hol-guard\candidate\tests\test_windows_replaceable_file.py:200:83 - warning: Type of parameter "monkeypatch" is unknown (reportUnknownParameterType)
::warning file=d%3A\a\hol-guard\hol-guard\candidate\tests\test_windows_replaceable_file.py,line=200,col=83::Type of parameter "monkeypatch" is unknown (reportUnknownParameterType)
d:\a\hol-guard\hol-guard\candidate\tests\test_windows_replaceable_file.py:200:83 - warning: Type annotation is missing for parameter "monkeypatch" (reportMissingParameterType)
::warning file=d%3A\a\hol-guard\hol-guard\candidate\tests\test_windows_replaceable_file.py,line=200,col=83::Type annotation is missing for parameter "monkeypatch" (reportMissingParameterType)
d:\a\hol-guard\hol-guard\candidate\tests\test_windows_replaceable_file.py:201:5 - warning: Type of "api" is unknown (reportUnknownVariableType)
::warning file=d%3A\a\hol-guard\hol-guard\candidate\tests\test_windows_replaceable_file.py,line=201,col=5::Type of "api" is unknown (reportUnknownVariableType)
d:\a\hol-guard\hol-guard\candidate\tests\test_windows_replaceable_file.py:201:10 - warning: Type of "_events" is unknown (reportUnknownVariableType)
::warning file=d%3A\a\hol-guard\hol-guard\candidate\tests\test_windows_replaceable_file.py,line=201,col=10::Type of "_events" is unknown (reportUnknownVariableType)
d:\a\hol-guard\hol-guard\candidate\tests\test_windows_replaceable_file.py:201:19 - warning: Type of "_transfers" is unknown (reportUnknownVariableType)
::warning file=d%3A\a\hol-guard\hol-guard\candidate\tests\test_windows_replaceable_file.py,line=201,col=19::Type of "_transfers" is unknown (reportUnknownVariableType)
d:\a\hol-guard\hol-guard\candidate\tests\test_windows_replaceable_file.py:201:31 - warning: Type of "_error" is unknown (reportUnknownVariableType)
::warning file=d%3A\a\hol-guard\hol-guard\candidate\tests\test_windows_replaceable_file.py,line=201,col=31::Type of "_error" is unknown (reportUnknownVariableType)
d:\a\hol-guard\hol-guard\candidate\tests\test_windows_replaceable_file.py:204:18 - warning: Type of parameter "_handle" is unknown (reportUnknownParameterType)
::warning file=d%3A\a\hol-guard\hol-guard\candidate\tests\test_windows_replaceable_file.py,line=204,col=18::Type of parameter "_handle" is unknown (reportUnknownParameterType)
d:\a\hol-guard\hol-guard\candidate\tests\test_windows_replaceable_file.py:204:18 - warning: Type annotation is missing for parameter "_handle" (reportMissingParameterType)
::warning file=d%3A\a\hol-guard\hol-guard\candidate\tests\test_windows_replaceable_file.py,line=204,col=18::Type annotation is missing for parameter "_handle" (reportMissingParameterType)
d:\a\hol-guard\hol-guard\candidate\tests\test_windows_replaceable_file.py:204:27 - warning: Type of parameter "_flags" is unknown (reportUnknownParameterType)
::warning file=d%3A\a\hol-guard\hol-guard\candidate\tests\test_windows_replaceable_file.py,line=204,col=27::Type of parameter "_flags" is unknown (reportUnknownParameterType)
d:\a\hol-guard\hol-guard\candidate\tests\test_windows_replaceable_file.py:204:27 - warning: Type annotation is missing for parameter "_flags" (reportMissingParameterType)
::warning file=d%3A\a\hol-guard\hol-guard\candidate\tests\test_windows_replaceable_file.py,line=204,col=27::Type annotation is missing for parameter "_flags" (reportMissingParameterType)
d:\a\hol-guard\hol-guard\candidate\tests\test_windows_replaceable_file.py:207:5 - warning: Type of "setattr" is unknown (reportUnknownMemberType)
::warning file=d%3A\a\hol-guard\hol-guard\candidate\tests\test_windows_replaceable_file.py,line=207,col=5::Type of "setattr" is unknown (reportUnknownMemberType)
d:\a\hol-guard\hol-guard\candidate\tests\test_windows_replaceable_file.py:209:9 - warning: Result of call expression is of type "int" and is not used; assign to variable "_" if this is intentional (reportUnusedCallResult)
::warning file=d%3A\a\hol-guard\hol-guard\candidate\tests\test_windows_replaceable_file.py,line=209,col=9::Result of call expression is of type "int" and is not used; assign to variable "_" if this is intentional (reportUnusedCallResult)
d:\a\hol-guard\hol-guard\candidate\tests\test_windows_replaceable_file.py:211:12 - warning: Type of "operations" is unknown (reportUnknownMemberType)
::warning file=d%3A\a\hol-guard\hol-guard\candidate\tests\test_windows_replaceable_file.py,line=211,col=12::Type of "operations" is unknown (reportUnknownMemberType)
d:\a\hol-guard\hol-guard\candidate\tests\test_windows_replaceable_file.py:211:12 - warning: Type of "count" is unknown (reportUnknownMemberType)
::warning file=d%3A\a\hol-guard\hol-guard\candidate\tests\test_windows_replaceable_file.py,line=211,col=12::Type of "count" is unknown (reportUnknownMemberType)
d:\a\hol-guard\hol-guard\candidate\tests\test_windows_replaceable_file.py:214:66 - warning: Type of parameter "native_open" is unknown (reportUnknownParameterType)
::warning file=d%3A\a\hol-guard\hol-guard\candidate\tests\test_windows_replaceable_file.py,line=214,col=66::Type of parameter "native_open" is unknown (reportUnknownParameterType)
d:\a\hol-guard\hol-guard\candidate\tests\test_windows_replaceable_file.py:214:66 - warning: Type annotation is missing for parameter "native_open" (reportMissingParameterType)
::warning file=d%3A\a\hol-guard\hol-guard\candidate\tests\test_windows_replaceable_file.py,line=214,col=66::Type annotation is missing for parameter "native_open" (reportMissingParameterType)
d:\a\hol-guard\hol-guard\candidate\tests\test_windows_replaceable_file.py:215:5 - warning: Type of "api" is unknown (reportUnknownVariableType)
::warning file=d%3A\a\hol-guard\hol-guard\candidate\tests\test_windows_replaceable_file.py,line=215,col=5::Type of "api" is unknown (reportUnknownVariableType)
d:\a\hol-guard\hol-guard\candidate\tests\test_windows_replaceable_file.py:215:10 - warning: Type of "_events" is unknown (reportUnknownVariableType)
::warning file=d%3A\a\hol-guard\hol-guard\candidate\tests\test_windows_replaceable_file.py,line=215,col=10::Type of "_events" is unknown (reportUnknownVariableType)
d:\a\hol-guard\hol-guard\candidate\tests\test_windows_replaceable_file.py:215:19 - warning: Type of "transfers" is unknown (reportUnknownVariableType)
::warning file=d%3A\a\hol-guard\hol-guard\candidate\tests\test_windows_replaceable_file.py,line=215,col=19::Type of "transfers" is unknown (reportUnknownVariableType)
d:\a\hol-guard\hol-guard\candidate\tests\test_windows_replaceable_file.py:215:30 - warning: Type of "error" is unknown (reportUnknownVariableType)
::warning file=d%3A\a\hol-guard\hol-guard\candidate\tests\test_windows_replaceable_file.py,line=215,col=30::Type of "error" is unknown (reportUnknownVariableType)
d:\a\hol-guard\hol-guard\candidate\tests\test_windows_replaceable_file.py:219:9 - warning: Result of call expression is of type "int" and is not used; assign to variable "_" if this is intentional (reportUnusedCallResult)
::warning file=d%3A\a\hol-guard\hol-guard\candidate\tests\test_windows_replaceable_file.py,line=219,col=9::Result of call expression is of type "int" and is not used; assign to variable "_" if this is intentional (reportUnusedCallResult)
d:\a\hol-guard\hol-guard\candidate\tests\test_windows_replaceable_file.py:221:84 - warning: Argument type is unknown
  Argument corresponds to parameter "o" in function "getattr" (reportUnknownArgumentType)
::warning file=d%3A\a\hol-guard\hol-guard\candidate\tests\test_windows_replaceable_file.py,line=221,col=84::Argument type is unknown%0A  Argument corresponds to parameter "o" in function "getattr" (reportUnknownArgumentType)
d:\a\hol-guard\hol-guard\candidate\tests\test_windows_replaceable_file.py:222:20 - warning: Argument type is unknown
  Argument corresponds to parameter "o" in function "getattr" (reportUnknownArgumentType)
::warning file=d%3A\a\hol-guard\hol-guard\candidate\tests\test_windows_replaceable_file.py,line=222,col=20::Argument type is unknown%0A  Argument corresponds to parameter "o" in function "getattr" (reportUnknownArgumentType)
d:\a\hol-guard\hol-guard\candidate\tests\test_windows_replaceable_file.py:223:12 - warning: Type of "operations" is unknown (reportUnknownMemberType)
::warning file=d%3A\a\hol-guard\hol-guard\candidate\tests\test_windows_replaceable_file.py,line=223,col=12::Type of "operations" is unknown (reportUnknownMemberType)
d:\a\hol-guard\hol-guard\candidate\tests\test_windows_replaceable_file.py:223:12 - warning: Type of "count" is unknown (reportUnknownMemberType)
::warning file=d%3A\a\hol-guard\hol-guard\candidate\tests\test_windows_replaceable_file.py,line=223,col=12::Type of "count" is unknown (reportUnknownMemberType)
d:\a\hol-guard\hol-guard\candidate\tests\test_windows_replaceable_file.py:227:58 - warning: Type of parameter "tmp_path" is unknown (reportUnknownParameterType)
::warning file=d%3A\a\hol-guard\hol-guard\candidate\tests\test_windows_replaceable_file.py,line=227,col=58::Type of parameter "tmp_path" is unknown (reportUnknownParameterType)
d:\a\hol-guard\hol-guard\candidate\tests\test_windows_replaceable_file.py:227:58 - warning: Type annotation is missing for parameter "tmp_path" (reportMissingParameterType)
::warning file=d%3A\a\hol-guard\hol-guard\candidate\tests\test_windows_replaceable_file.py,line=227,col=58::Type annotation is missing for parameter "tmp_path" (reportMissingParameterType)
d:\a\hol-guard\hol-guard\candidate\tests\test_windows_replaceable_file.py:227:68 - warning: Type of parameter "monkeypatch" is unknown (reportUnknownParameterType)
::warning file=d%3A\a\hol-guard\hol-guard\candidate\tests\test_windows_replaceable_file.py,line=227,col=68::Type of parameter "monkeypatch" is unknown (reportUnknownParameterType)
d:\a\hol-guard\hol-guard\candidate\tests\test_windows_replaceable_file.py:227:68 - warning: Type annotation is missing for parameter "monkeypatch" (reportMissingParameterType)
::warning file=d%3A\a\hol-guard\hol-guard\candidate\tests\test_windows_replaceable_file.py,line=227,col=68::Type annotation is missing for parameter "monkeypatch" (reportMissingParameterType)
d:\a\hol-guard\hol-guard\candidate\tests\test_windows_replaceable_file.py:228:5 - warning: Type of "target" is unknown (reportUnknownVariableType)
::warning file=d%3A\a\hol-guard\hol-guard\candidate\tests\test_windows_replaceable_file.py,line=228,col=5::Type of "target" is unknown (reportUnknownVariableType)
d:\a\hol-guard\hol-guard\candidate\tests\test_windows_replaceable_file.py:229:5 - warning: Type of "write_bytes" is unknown (reportUnknownMemberType)
::warning file=d%3A\a\hol-guard\hol-guard\candidate\tests\test_windows_replaceable_file.py,line=229,col=5::Type of "write_bytes" is unknown (reportUnknownMemberType)
d:\a\hol-guard\hol-guard\candidate\tests\test_windows_replaceable_file.py:232:16 - warning: Type of parameter "path" is unknown (reportUnknownParameterType)
::warning file=d%3A\a\hol-guard\hol-guard\candidate\tests\test_windows_replaceable_file.py,line=232,col=16::Type of parameter "path" is unknown (reportUnknownParameterType)
d:\a\hol-guard\hol-guard\candidate\tests\test_windows_replaceable_file.py:232:16 - warning: Type annotation is missing for parameter "path" (reportMissingParameterType)
::warning file=d%3A\a\hol-guard\hol-guard\candidate\tests\test_windows_replaceable_file.py,line=232,col=16::Type annotation is missing for parameter "path" (reportMissingParameterType)
d:\a\hol-guard\hol-guard\candidate\tests\test_windows_replaceable_file.py:232:22 - warning: Type of parameter "flags" is unknown (reportUnknownParameterType)
::warning file=d%3A\a\hol-guard\hol-guard\candidate\tests\test_windows_replaceable_file.py,line=232,col=22::Type of parameter "flags" is unknown (reportUnknownParameterType)
d:\a\hol-guard\hol-guard\candidate\tests\test_windows_replaceable_file.py:232:22 - warning: Type annotation is missing for parameter "flags" (reportMissingParameterType)
::warning file=d%3A\a\hol-guard\hol-guard\candidate\tests\test_windows_replaceable_file.py,line=232,col=22::Type annotation is missing for parameter "flags" (reportMissingParameterType)
d:\a\hol-guard\hol-guard\candidate\tests\test_windows_replaceable_file.py:233:30 - warning: Argument type is unknown
  Argument corresponds to parameter "path" in function "open" (reportUnknownArgumentType)
::warning file=d%3A\a\hol-guard\hol-guard\candidate\tests\test_windows_replaceable_file.py,line=233,col=30::Argument type is unknown%0A  Argument corresponds to parameter "path" in function "open" (reportUnknownArgumentType)
d:\a\hol-guard\hol-guard\candidate\tests\test_windows_replaceable_file.py:233:36 - warning: Argument type is unknown
  Argument corresponds to parameter "flags" in function "open" (reportUnknownArgumentType)
::warning file=d%3A\a\hol-guard\hol-guard\candidate\tests\test_windows_replaceable_file.py,line=233,col=36::Argument type is unknown%0A  Argument corresponds to parameter "flags" in function "open" (reportUnknownArgumentType)
d:\a\hol-guard\hol-guard\candidate\tests\test_windows_replaceable_file.py:234:9 - warning: Type of "append" is partially unknown
  Type of "append" is "(object: Unknown, /) -> None" (reportUnknownMemberType)
::warning file=d%3A\a\hol-guard\hol-guard\candidate\tests\test_windows_replaceable_file.py,line=234,col=9::Type of "append" is partially unknown%0A  Type of "append" is "(object: Unknown, /) -> None" (reportUnknownMemberType)
d:\a\hol-guard\hol-guard\candidate\tests\test_windows_replaceable_file.py:237:5 - warning: Type of "setattr" is unknown (reportUnknownMemberType)
::warning file=d%3A\a\hol-guard\hol-guard\candidate\tests\test_windows_replaceable_file.py,line=237,col=5::Type of "setattr" is unknown (reportUnknownMemberType)
d:\a\hol-guard\hol-guard\candidate\tests\test_windows_replaceable_file.py:238:41 - warning: Argument type is unknown
  Argument corresponds to parameter "path" in function "read_replaceable_text" (reportUnknownArgumentType)
::warning file=d%3A\a\hol-guard\hol-guard\candidate\tests\test_windows_replaceable_file.py,line=238,col=41::Argument type is unknown%0A  Argument corresponds to parameter "path" in function "read_replaceable_text" (reportUnknownArgumentType)
d:\a\hol-guard\hol-guard\candidate\tests\test_windows_replaceable_file.py:239:16 - warning: Argument type is partially unknown
  Argument corresponds to parameter "obj" in function "len"
  Argument type is "list[Unknown]" (reportUnknownArgumentType)
::warning file=d%3A\a\hol-guard\hol-guard\candidate\tests\test_windows_replaceable_file.py,line=239,col=16::Argument type is partially unknown%0A  Argument corresponds to parameter "obj" in function "len"%0A  Argument type is "list[Unknown]" (reportUnknownArgumentType)
d:\a\hol-guard\hol-guard\candidate\tests\test_windows_replaceable_file.py:241:9 - warning: Result of call expression is of type "stat_result" and is not used; assign to variable "_" if this is intentional (reportUnusedCallResult)
::warning file=d%3A\a\hol-guard\hol-guard\candidate\tests\test_windows_replaceable_file.py,line=241,col=9::Result of call expression is of type "stat_result" and is not used; assign to variable "_" if this is intentional (reportUnusedCallResult)
d:\a\hol-guard\hol-guard\candidate\tests\test_windows_replaceable_file.py:241:18 - warning: Argument type is unknown
  Argument corresponds to parameter "fd" in function "fstat" (reportUnknownArgumentType)
::warning file=d%3A\a\hol-guard\hol-guard\candidate\tests\test_windows_replaceable_file.py,line=241,col=18::Argument type is unknown%0A  Argument corresponds to parameter "fd" in function "fstat" (reportUnknownArgumentType)
d:\a\hol-guard\hol-guard\candidate\tests\test_windows_replaceable_file.py:244:54 - warning: Type of parameter "tmp_path" is unknown (reportUnknownParameterType)
::warning file=d%3A\a\hol-guard\hol-guard\candidate\tests\test_windows_replaceable_file.py,line=244,col=54::Type of parameter "tmp_path" is unknown (reportUnknownParameterType)
d:\a\hol-guard\hol-guard\candidate\tests\test_windows_replaceable_file.py:244:54 - warning: Type annotation is missing for parameter "tmp_path" (reportMissingParameterType)
::warning file=d%3A\a\hol-guard\hol-guard\candidate\tests\test_windows_replaceable_file.py,line=244,col=54::Type annotation is missing for parameter "tmp_path" (reportMissingParameterType)
d:\a\hol-guard\hol-guard\candidate\tests\test_windows_replaceable_file.py:244:64 - warning: Type of parameter "monkeypatch" is unknown (reportUnknownParameterType)
::warning file=d%3A\a\hol-guard\hol-guard\candidate\tests\test_windows_replaceable_file.py,line=244,col=64::Type of parameter "monkeypatch" is unknown (reportUnknownParameterType)
d:\a\hol-guard\hol-guard\candidate\tests\test_windows_replaceable_file.py:244:64 - warning: Type annotation is missing for parameter "monkeypatch" (reportMissingParameterType)
::warning file=d%3A\a\hol-guard\hol-guard\candidate\tests\test_windows_replaceable_file.py,line=244,col=64::Type annotation is missing for parameter "monkeypatch" (reportMissingParameterType)
d:\a\hol-guard\hol-guard\candidate\tests\test_windows_replaceable_file.py:245:5 - warning: Type of "target" is unknown (reportUnknownVariableType)
::warning file=d%3A\a\hol-guard\hol-guard\candidate\tests\test_windows_replaceable_file.py,line=245,col=5::Type of "target" is unknown (reportUnknownVariableType)
d:\a\hol-guard\hol-guard\candidate\tests\test_windows_replaceable_file.py:246:5 - warning: Type of "write_bytes" is unknown (reportUnknownMemberType)
::warning file=d%3A\a\hol-guard\hol-guard\candidate\tests\test_windows_replaceable_file.py,line=246,col=5::Type of "write_bytes" is unknown (reportUnknownMemberType)
d:\a\hol-guard\hol-guard\candidate\tests\test_windows_replaceable_file.py:249:16 - warning: Type of parameter "path" is unknown (reportUnknownParameterType)
::warning file=d%3A\a\hol-guard\hol-guard\candidate\tests\test_windows_replaceable_file.py,line=249,col=16::Type of parameter "path" is unknown (reportUnknownParameterType)
d:\a\hol-guard\hol-guard\candidate\tests\test_windows_replaceable_file.py:249:16 - warning: Type annotation is missing for parameter "path" (reportMissingParameterType)
::warning file=d%3A\a\hol-guard\hol-guard\candidate\tests\test_windows_replaceable_file.py,line=249,col=16::Type annotation is missing for parameter "path" (reportMissingParameterType)
d:\a\hol-guard\hol-guard\candidate\tests\test_windows_replaceable_file.py:249:22 - warning: Type of parameter "flags" is unknown (reportUnknownParameterType)
::warning file=d%3A\a\hol-guard\hol-guard\candidate\tests\test_windows_replaceable_file.py,line=249,col=22::Type of parameter "flags" is unknown (reportUnknownParameterType)
d:\a\hol-guard\hol-guard\candidate\tests\test_windows_replaceable_file.py:249:22 - warning: Type annotation is missing for parameter "flags" (reportMissingParameterType)
::warning file=d%3A\a\hol-guard\hol-guard\candidate\tests\test_windows_replaceable_file.py,line=249,col=22::Type annotation is missing for parameter "flags" (reportMissingParameterType)
d:\a\hol-guard\hol-guard\candidate\tests\test_windows_replaceable_file.py:250:30 - warning: Argument type is unknown
  Argument corresponds to parameter "path" in function "open" (reportUnknownArgumentType)
::warning file=d%3A\a\hol-guard\hol-guard\candidate\tests\test_windows_replaceable_file.py,line=250,col=30::Argument type is unknown%0A  Argument corresponds to parameter "path" in function "open" (reportUnknownArgumentType)
d:\a\hol-guard\hol-guard\candidate\tests\test_windows_replaceable_file.py:250:36 - warning: Argument type is unknown
  Argument corresponds to parameter "flags" in function "open" (reportUnknownArgumentType)
::warning file=d%3A\a\hol-guard\hol-guard\candidate\tests\test_windows_replaceable_file.py,line=250,col=36::Argument type is unknown%0A  Argument corresponds to parameter "flags" in function "open" (reportUnknownArgumentType)
d:\a\hol-guard\hol-guard\candidate\tests\test_windows_replaceable_file.py:251:9 - warning: Type of "append" is partially unknown
  Type of "append" is "(object: Unknown, /) -> None" (reportUnknownMemberType)
::warning file=d%3A\a\hol-guard\hol-guard\candidate\tests\test_windows_replaceable_file.py,line=251,col=9::Type of "append" is partially unknown%0A  Type of "append" is "(object: Unknown, /) -> None" (reportUnknownMemberType)
d:\a\hol-guard\hol-guard\candidate\tests\test_windows_replaceable_file.py:254:5 - warning: Type of "setattr" is unknown (reportUnknownMemberType)
::warning file=d%3A\a\hol-guard\hol-guard\candidate\tests\test_windows_replaceable_file.py,line=254,col=5::Type of "setattr" is unknown (reportUnknownMemberType)
d:\a\hol-guard\hol-guard\candidate\tests\test_windows_replaceable_file.py:256:9 - warning: Result of call expression is of type "str" and is not used; assign to variable "_" if this is intentional (reportUnusedCallResult)
::warning file=d%3A\a\hol-guard\hol-guard\candidate\tests\test_windows_replaceable_file.py,line=256,col=9::Result of call expression is of type "str" and is not used; assign to variable "_" if this is intentional (reportUnusedCallResult)
d:\a\hol-guard\hol-guard\candidate\tests\test_windows_replaceable_file.py:256:38 - warning: Argument type is unknown
  Argument corresponds to parameter "path" in function "read_replaceable_text" (reportUnknownArgumentType)
::warning file=d%3A\a\hol-guard\hol-guard\candidate\tests\test_windows_replaceable_file.py,line=256,col=38::Argument type is unknown%0A  Argument corresponds to parameter "path" in function "read_replaceable_text" (reportUnknownArgumentType)
d:\a\hol-guard\hol-guard\candidate\tests\test_windows_replaceable_file.py:257:16 - warning: Argument type is partially unknown
  Argument corresponds to parameter "obj" in function "len"
  Argument type is "list[Unknown]" (reportUnknownArgumentType)
::warning file=d%3A\a\hol-guard\hol-guard\candidate\tests\test_windows_replaceable_file.py,line=257,col=16::Argument type is partially unknown%0A  Argument corresponds to parameter "obj" in function "len"%0A  Argument type is "list[Unknown]" (reportUnknownArgumentType)
d:\a\hol-guard\hol-guard\candidate\tests\test_windows_replaceable_file.py:259:9 - warning: Result of call expression is of type "stat_result" and is not used; assign to variable "_" if this is intentional (reportUnusedCallResult)
::warning file=d%3A\a\hol-guard\hol-guard\candidate\tests\test_windows_replaceable_file.py,line=259,col=9::Result of call expression is of type "stat_result" and is not used; assign to variable "_" if this is intentional (reportUnusedCallResult)
d:\a\hol-guard\hol-guard\candidate\tests\test_windows_replaceable_file.py:259:18 - warning: Argument type is unknown
  Argument corresponds to parameter "fd" in function "fstat" (reportUnknownArgumentType)
::warning file=d%3A\a\hol-guard\hol-guard\candidate\tests\test_windows_replaceable_file.py,line=259,col=18::Argument type is unknown%0A  Argument corresponds to parameter "fd" in function "fstat" (reportUnknownArgumentType)
d:\a\hol-guard\hol-guard\candidate\tests\test_windows_replaceable_file.py:263:24 - warning: Type annotation is missing for parameter "mode" (reportMissingParameterType)
::warning file=d%3A\a\hol-guard\hol-guard\candidate\tests\test_windows_replaceable_file.py,line=263,col=24::Type annotation is missing for parameter "mode" (reportMissingParameterType)
d:\a\hol-guard\hol-guard\candidate\tests\test_windows_replaceable_file.py:263:37 - warning: Type annotation is missing for parameter "result" (reportMissingParameterType)
::warning file=d%3A\a\hol-guard\hol-guard\candidate\tests\test_windows_replaceable_file.py,line=263,col=37::Type annotation is missing for parameter "result" (reportMissingParameterType)
d:\a\hol-guard\hol-guard\candidate\tests\test_windows_replaceable_file.py:264:14 - warning: Type annotation for attribute `mode` is required because this class is not decorated with `@final` (reportUnannotatedClassAttribute)
::warning file=d%3A\a\hol-guard\hol-guard\candidate\tests\test_windows_replaceable_file.py,line=264,col=14::Type annotation for attribute `mode` is required because this class is not decorated with `@final` (reportUnannotatedClassAttribute)
d:\a\hol-guard\hol-guard\candidate\tests\test_windows_replaceable_file.py:265:14 - warning: Type annotation for attribute `result` is required because this class is not decorated with `@final` (reportUnannotatedClassAttribute)
::warning file=d%3A\a\hol-guard\hol-guard\candidate\tests\test_windows_replaceable_file.py,line=265,col=14::Type annotation for attribute `result` is required because this class is not decorated with `@final` (reportUnannotatedClassAttribute)
d:\a\hol-guard\hol-guard\candidate\tests\test_windows_replaceable_file.py:266:14 - warning: Type annotation for attribute `calls` is required because this class is not decorated with `@final` (reportUnannotatedClassAttribute)
::warning file=d%3A\a\hol-guard\hol-guard\candidate\tests\test_windows_replaceable_file.py,line=266,col=14::Type annotation for attribute `calls` is required because this class is not decorated with `@final` (reportUnannotatedClassAttribute)
d:\a\hol-guard\hol-guard\candidate\tests\test_windows_replaceable_file.py:268:26 - warning: Type of parameter "pointer" is unknown (reportUnknownParameterType)
::warning file=d%3A\a\hol-guard\hol-guard\candidate\tests\test_windows_replaceable_file.py,line=268,col=26::Type of parameter "pointer" is unknown (reportUnknownParameterType)
d:\a\hol-guard\hol-guard\candidate\tests\test_windows_replaceable_file.py:268:26 - warning: Type annotation is missing for parameter "pointer" (reportMissingParameterType)
::warning file=d%3A\a\hol-guard\hol-guard\candidate\tests\test_windows_replaceable_file.py,line=268,col=26::Type annotation is missing for parameter "pointer" (reportMissingParameterType)
d:\a\hol-guard\hol-guard\candidate\tests\test_windows_replaceable_file.py:270:21 - warning: Argument type is unknown
  Argument corresponds to parameter "obj" in function "cast" (reportUnknownArgumentType)
::warning file=d%3A\a\hol-guard\hol-guard\candidate\tests\test_windows_replaceable_file.py,line=270,col=21::Argument type is unknown%0A  Argument corresponds to parameter "obj" in function "cast" (reportUnknownArgumentType)
d:\a\hol-guard\hol-guard\candidate\tests\test_windows_replaceable_file.py:274:50 - warning: Type of parameter "monkeypatch" is unknown (reportUnknownParameterType)
::warning file=d%3A\a\hol-guard\hol-guard\candidate\tests\test_windows_replaceable_file.py,line=274,col=50::Type of parameter "monkeypatch" is unknown (reportUnknownParameterType)
d:\a\hol-guard\hol-guard\candidate\tests\test_windows_replaceable_file.py:274:50 - warning: Type annotation is missing for parameter "monkeypatch" (reportMissingParameterType)
::warning file=d%3A\a\hol-guard\hol-guard\candidate\tests\test_windows_replaceable_file.py,line=274,col=50::Type annotation is missing for parameter "monkeypatch" (reportMissingParameterType)
d:\a\hol-guard\hol-guard\candidate\tests\test_windows_replaceable_file.py:276:5 - warning: Type of "setattr" is unknown (reportUnknownMemberType)
::warning file=d%3A\a\hol-guard\hol-guard\candidate\tests\test_windows_replaceable_file.py,line=276,col=5::Type of "setattr" is unknown (reportUnknownMemberType)
d:\a\hol-guard\hol-guard\candidate\tests\test_windows_replaceable_file.py:277:5 - warning: Type of "setattr" is unknown (reportUnknownMemberType)
::warning file=d%3A\a\hol-guard\hol-guard\candidate\tests\test_windows_replaceable_file.py,line=277,col=5::Type of "setattr" is unknown (reportUnknownMemberType)
d:\a\hol-guard\hol-guard\candidate\tests\test_windows_replaceable_file.py:278:19 - warning: "_descriptor_flags" is private and used outside of the module in which it is declared (reportPrivateUsage)
::warning file=d%3A\a\hol-guard\hol-guard\candidate\tests\test_windows_replaceable_file.py,line=278,col=19::"_descriptor_flags" is private and used outside of the module in which it is declared (reportPrivateUsage)
d:\a\hol-guard\hol-guard\candidate\tests\test_windows_replaceable_file.py:280:19 - warning: "_descriptor_flags" is private and used outside of the module in which it is declared (reportPrivateUsage)
::warning file=d%3A\a\hol-guard\hol-guard\candidate\tests\test_windows_replaceable_file.py,line=280,col=19::"_descriptor_flags" is private and used outside of the module in which it is declared (reportPrivateUsage)
d:\a\hol-guard\hol-guard\candidate\tests\test_windows_replaceable_file.py:284:58 - warning: Type of parameter "monkeypatch" is unknown (reportUnknownParameterType)
::warning file=d%3A\a\hol-guard\hol-guard\candidate\tests\test_windows_replaceable_file.py,line=284,col=58::Type of parameter "monkeypatch" is unknown (reportUnknownParameterType)
d:\a\hol-guard\hol-guard\candidate\tests\test_windows_replaceable_file.py:284:58 - warning: Type annotation is missing for parameter "monkeypatch" (reportMissingParameterType)
::warning file=d%3A\a\hol-guard\hol-guard\candidate\tests\test_windows_replaceable_file.py,line=284,col=58::Type annotation is missing for parameter "monkeypatch" (reportMissingParameterType)
d:\a\hol-guard\hol-guard\candidate\tests\test_windows_replaceable_file.py:288:5 - warning: Type of "setattr" is unknown (reportUnknownMemberType)
::warning file=d%3A\a\hol-guard\hol-guard\candidate\tests\test_windows_replaceable_file.py,line=288,col=5::Type of "setattr" is unknown (reportUnknownMemberType)
d:\a\hol-guard\hol-guard\candidate\tests\test_windows_replaceable_file.py:289:5 - warning: Type of "setattr" is unknown (reportUnknownMemberType)
::warning file=d%3A\a\hol-guard\hol-guard\candidate\tests\test_windows_replaceable_file.py,line=289,col=5::Type of "setattr" is unknown (reportUnknownMemberType)
d:\a\hol-guard\hol-guard\candidate\tests\test_windows_replaceable_file.py:290:19 - warning: "_descriptor_flags" is private and used outside of the module in which it is declared (reportPrivateUsage)
::warning file=d%3A\a\hol-guard\hol-guard\candidate\tests\test_windows_replaceable_file.py,line=290,col=19::"_descriptor_flags" is private and used outside of the module in which it is declared (reportPrivateUsage)
d:\a\hol-guard\hol-guard\candidate\tests\test_windows_replaceable_file.py:294:67 - warning: Type of parameter "monkeypatch" is unknown (reportUnknownParameterType)
::warning file=d%3A\a\hol-guard\hol-guard\candidate\tests\test_windows_replaceable_file.py,line=294,col=67::Type of parameter "monkeypatch" is unknown (reportUnknownParameterType)
d:\a\hol-guard\hol-guard\candidate\tests\test_windows_replaceable_file.py:294:67 - warning: Type annotation is missing for parameter "monkeypatch" (reportMissingParameterType)
::warning file=d%3A\a\hol-guard\hol-guard\candidate\tests\test_windows_replaceable_file.py,line=294,col=67::Type annotation is missing for parameter "monkeypatch" (reportMissingParameterType)
d:\a\hol-guard\hol-guard\candidate\tests\test_windows_replaceable_file.py:294:80 - warning: Type of parameter "mode" is unknown (reportUnknownParameterType)
::warning file=d%3A\a\hol-guard\hol-guard\candidate\tests\test_windows_replaceable_file.py,line=294,col=80::Type of parameter "mode" is unknown (reportUnknownParameterType)
d:\a\hol-guard\hol-guard\candidate\tests\test_windows_replaceable_file.py:294:80 - warning: Type annotation is missing for parameter "mode" (reportMissingParameterType)
::warning file=d%3A\a\hol-guard\hol-guard\candidate\tests\test_windows_replaceable_file.py,line=294,col=80::Type annotation is missing for parameter "mode" (reportMissingParameterType)
d:\a\hol-guard\hol-guard\candidate\tests\test_windows_replaceable_file.py:295:21 - warning: Argument type is unknown
  Argument corresponds to parameter "mode" in function "__init__" (reportUnknownArgumentType)
::warning file=d%3A\a\hol-guard\hol-guard\candidate\tests\test_windows_replaceable_file.py,line=295,col=21::Argument type is unknown%0A  Argument corresponds to parameter "mode" in function "__init__" (reportUnknownArgumentType)
d:\a\hol-guard\hol-guard\candidate\tests\test_windows_replaceable_file.py:296:5 - warning: Type of "setattr" is unknown (reportUnknownMemberType)
::warning file=d%3A\a\hol-guard\hol-guard\candidate\tests\test_windows_replaceable_file.py,line=296,col=5::Type of "setattr" is unknown (reportUnknownMemberType)
d:\a\hol-guard\hol-guard\candidate\tests\test_windows_replaceable_file.py:297:5 - warning: Type of "setattr" is unknown (reportUnknownMemberType)
::warning file=d%3A\a\hol-guard\hol-guard\candidate\tests\test_windows_replaceable_file.py,line=297,col=5::Type of "setattr" is unknown (reportUnknownMemberType)
d:\a\hol-guard\hol-guard\candidate\tests\test_windows_replaceable_file.py:302:5 - warning: Type of "setattr" is unknown (reportUnknownMemberType)
::warning file=d%3A\a\hol-guard\hol-guard\candidate\tests\test_windows_replaceable_file.py,line=302,col=5::Type of "setattr" is unknown (reportUnknownMemberType)
d:\a\hol-guard\hol-guard\candidate\tests\test_windows_replaceable_file.py:304:9 - warning: Result of call expression is of type "int" and is not used; assign to variable "_" if this is intentional (reportUnusedCallResult)
::warning file=d%3A\a\hol-guard\hol-guard\candidate\tests\test_windows_replaceable_file.py,line=304,col=9::Result of call expression is of type "int" and is not used; assign to variable "_" if this is intentional (reportUnusedCallResult)
d:\a\hol-guard\hol-guard\candidate\tests\test_windows_replaceable_file.py:304:16 - warning: "_open_descriptor" is private and used outside of the module in which it is declared (reportPrivateUsage)
::warning file=d%3A\a\hol-guard\hol-guard\candidate\tests\test_windows_replaceable_file.py,line=304,col=16::"_open_descriptor" is private and used outside of the module in which it is declared (reportPrivateUsage)
d:\a\hol-guard\hol-guard\candidate\tests\test_windows_replaceable_file.py:308:57 - warning: Type of parameter "monkeypatch" is unknown (reportUnknownParameterType)
::warning file=d%3A\a\hol-guard\hol-guard\candidate\tests\test_windows_replaceable_file.py,line=308,col=57::Type of parameter "monkeypatch" is unknown (reportUnknownParameterType)
d:\a\hol-guard\hol-guard\candidate\tests\test_windows_replaceable_file.py:308:57 - warning: Type annotation is missing for parameter "monkeypatch" (reportMissingParameterType)
::warning file=d%3A\a\hol-guard\hol-guard\candidate\tests\test_windows_replaceable_file.py,line=308,col=57::Type annotation is missing for parameter "monkeypatch" (reportMissingParameterType)
d:\a\hol-guard\hol-guard\candidate\tests\test_windows_replaceable_file.py:310:5 - warning: Type of "setattr" is unknown (reportUnknownMemberType)
::warning file=d%3A\a\hol-guard\hol-guard\candidate\tests\test_windows_replaceable_file.py,line=310,col=5::Type of "setattr" is unknown (reportUnknownMemberType)
d:\a\hol-guard\hol-guard\candidate\tests\test_windows_replaceable_file.py:311:5 - warning: Type of "setattr" is unknown (reportUnknownMemberType)
::warning file=d%3A\a\hol-guard\hol-guard\candidate\tests\test_windows_replaceable_file.py,line=311,col=5::Type of "setattr" is unknown (reportUnknownMemberType)
d:\a\hol-guard\hol-guard\candidate\tests\test_windows_replaceable_file.py:313:9 - warning: Result of call expression is of type "int" and is not used; assign to variable "_" if this is intentional (reportUnusedCallResult)
::warning file=d%3A\a\hol-guard\hol-guard\candidate\tests\test_windows_replaceable_file.py,line=313,col=9::Result of call expression is of type "int" and is not used; assign to variable "_" if this is intentional (reportUnusedCallResult)
d:\a\hol-guard\hol-guard\candidate\tests\test_windows_replaceable_file.py:313:16 - warning: "_descriptor_flags" is private and used outside of the module in which it is declared (reportPrivateUsage)
::warning file=d%3A\a\hol-guard\hol-guard\candidate\tests\test_windows_replaceable_file.py,line=313,col=16::"_descriptor_flags" is private and used outside of the module in which it is declared (reportPrivateUsage)
d:\a\hol-guard\hol-guard\candidate\tests\test_windows_replaceable_file.py:319:65 - warning: Type of parameter "native_open" is unknown (reportUnknownParameterType)
::warning file=d%3A\a\hol-guard\hol-guard\candidate\tests\test_windows_replaceable_file.py,line=319,col=65::Type of parameter "native_open" is unknown (reportUnknownParameterType)
d:\a\hol-guard\hol-guard\candidate\tests\test_windows_replaceable_file.py:319:65 - warning: Type annotation is missing for parameter "native_open" (reportMissingParameterType)
::warning file=d%3A\a\hol-guard\hol-guard\candidate\tests\test_windows_replaceable_file.py,line=319,col=65::Type annotation is missing for parameter "native_open" (reportMissingParameterType)
d:\a\hol-guard\hol-guard\candidate\tests\test_windows_replaceable_file.py:319:78 - warning: Type of parameter "monkeypatch" is unknown (reportUnknownParameterType)
::warning file=d%3A\a\hol-guard\hol-guard\candidate\tests\test_windows_replaceable_file.py,line=319,col=78::Type of parameter "monkeypatch" is unknown (reportUnknownParameterType)
d:\a\hol-guard\hol-guard\candidate\tests\test_windows_replaceable_file.py:319:78 - warning: Type annotation is missing for parameter "monkeypatch" (reportMissingParameterType)
::warning file=d%3A\a\hol-guard\hol-guard\candidate\tests\test_windows_replaceable_file.py,line=319,col=78::Type annotation is missing for parameter "monkeypatch" (reportMissingParameterType)
d:\a\hol-guard\hol-guard\candidate\tests\test_windows_replaceable_file.py:319:91 - warning: Type of parameter "initial" is unknown (reportUnknownParameterType)
::warning file=d%3A\a\hol-guard\hol-guard\candidate\tests\test_windows_replaceable_file.py,line=319,col=91::Type of parameter "initial" is unknown (reportUnknownParameterType)
d:\a\hol-guard\hol-guard\candidate\tests\test_windows_replaceable_file.py:319:91 - warning: Type annotation is missing for parameter "initial" (reportMissingParameterType)
::warning file=d%3A\a\hol-guard\hol-guard\candidate\tests\test_windows_replaceable_file.py,line=319,col=91::Type annotation is missing for parameter "initial" (reportMissingParameterType)
d:\a\hol-guard\hol-guard\candidate\tests\test_windows_replaceable_file.py:320:5 - warning: Type of "_api" is unknown (reportUnknownVariableType)
::warning file=d%3A\a\hol-guard\hol-guard\candidate\tests\test_windows_replaceable_file.py,line=320,col=5::Type of "_api" is unknown (reportUnknownVariableType)
d:\a\hol-guard\hol-guard\candidate\tests\test_windows_replaceable_file.py:320:11 - warning: Type of "events" is unknown (reportUnknownVariableType)
::warning file=d%3A\a\hol-guard\hol-guard\candidate\tests\test_windows_replaceable_file.py,line=320,col=11::Type of "events" is unknown (reportUnknownVariableType)
d:\a\hol-guard\hol-guard\candidate\tests\test_windows_replaceable_file.py:320:19 - warning: Type of "transfers" is unknown (reportUnknownVariableType)
::warning file=d%3A\a\hol-guard\hol-guard\candidate\tests\test_windows_replaceable_file.py,line=320,col=19::Type of "transfers" is unknown (reportUnknownVariableType)
d:\a\hol-guard\hol-guard\candidate\tests\test_windows_replaceable_file.py:320:30 - warning: Type of "_error" is unknown (reportUnknownVariableType)
::warning file=d%3A\a\hol-guard\hol-guard\candidate\tests\test_windows_replaceable_file.py,line=320,col=30::Type of "_error" is unknown (reportUnknownVariableType)
d:\a\hol-guard\hol-guard\candidate\tests\test_windows_replaceable_file.py:321:5 - warning: Type of "mode" is partially unknown
  Type of "mode" is "list[Unknown]" (reportUnknownVariableType)
::warning file=d%3A\a\hol-guard\hol-guard\candidate\tests\test_windows_replaceable_file.py,line=321,col=5::Type of "mode" is partially unknown%0A  Type of "mode" is "list[Unknown]" (reportUnknownVariableType)
d:\a\hol-guard\hol-guard\candidate\tests\test_windows_replaceable_file.py:324:16 - warning: Type of parameter "arguments" is unknown (reportUnknownParameterType)
::warning file=d%3A\a\hol-guard\hol-guard\candidate\tests\test_windows_replaceable_file.py,line=324,col=16::Type of parameter "arguments" is unknown (reportUnknownParameterType)
d:\a\hol-guard\hol-guard\candidate\tests\test_windows_replaceable_file.py:324:16 - warning: Type annotation is missing for parameter "arguments" (reportMissingParameterType)
::warning file=d%3A\a\hol-guard\hol-guard\candidate\tests\test_windows_replaceable_file.py,line=324,col=16::Type annotation is missing for parameter "arguments" (reportMissingParameterType)
d:\a\hol-guard\hol-guard\candidate\tests\test_windows_replaceable_file.py:325:9 - warning: Type of "append" is unknown (reportUnknownMemberType)
::warning file=d%3A\a\hol-guard\hol-guard\candidate\tests\test_windows_replaceable_file.py,line=325,col=9::Type of "append" is unknown (reportUnknownMemberType)
d:\a\hol-guard\hol-guard\candidate\tests\test_windows_replaceable_file.py:328:5 - warning: Type of "setattr" is unknown (reportUnknownMemberType)
::warning file=d%3A\a\hol-guard\hol-guard\candidate\tests\test_windows_replaceable_file.py,line=328,col=5::Type of "setattr" is unknown (reportUnknownMemberType)
d:\a\hol-guard\hol-guard\candidate\tests\test_windows_replaceable_file.py:329:5 - warning: Type of "setattr" is unknown (reportUnknownMemberType)
::warning file=d%3A\a\hol-guard\hol-guard\candidate\tests\test_windows_replaceable_file.py,line=329,col=5::Type of "setattr" is unknown (reportUnknownMemberType)
d:\a\hol-guard\hol-guard\candidate\tests\test_windows_replaceable_file.py:329:70 - warning: Return type of lambda is unknown (reportUnknownLambdaType)
::warning file=d%3A\a\hol-guard\hol-guard\candidate\tests\test_windows_replaceable_file.py,line=329,col=70::Return type of lambda is unknown (reportUnknownLambdaType)
d:\a\hol-guard\hol-guard\candidate\tests\test_windows_replaceable_file.py:332:16 - warning: Argument type is unknown
  Argument corresponds to parameter "obj" in function "len" (reportUnknownArgumentType)
::warning file=d%3A\a\hol-guard\hol-guard\candidate\tests\test_windows_replaceable_file.py,line=332,col=16::Argument type is unknown%0A  Argument corresponds to parameter "obj" in function "len" (reportUnknownArgumentType)
d:\a\hol-guard\hol-guard\candidate\tests\test_windows_replaceable_file.py:336:5 - warning: Return type, "tuple[type[Process], (process: Unknown) -> Any, dict[Unknown, Unknown]]", is partially unknown (reportUnknownParameterType)
::warning file=d%3A\a\hol-guard\hol-guard\candidate\tests\test_windows_replaceable_file.py,line=336,col=5::Return type, "tuple[type[Process], (process: Unknown) -> Any, dict[Unknown, Unknown]]", is partially unknown (reportUnknownParameterType)
d:\a\hol-guard\hol-guard\candidate\tests\test_windows_replaceable_file.py:336:26 - warning: Type of parameter "monkeypatch" is unknown (reportUnknownParameterType)
::warning file=d%3A\a\hol-guard\hol-guard\candidate\tests\test_windows_replaceable_file.py,line=336,col=26::Type of parameter "monkeypatch" is unknown (reportUnknownParameterType)
d:\a\hol-guard\hol-guard\candidate\tests\test_windows_replaceable_file.py:336:26 - warning: Type annotation is missing for parameter "monkeypatch" (reportMissingParameterType)
::warning file=d%3A\a\hol-guard\hol-guard\candidate\tests\test_windows_replaceable_file.py,line=336,col=26::Type annotation is missing for parameter "monkeypatch" (reportMissingParameterType)
d:\a\hol-guard\hol-guard\candidate\tests\test_windows_replaceable_file.py:345:28 - warning: Type annotation is missing for parameter "stdout" (reportMissingParameterType)
::warning file=d%3A\a\hol-guard\hol-guard\candidate\tests\test_windows_replaceable_file.py,line=345,col=28::Type annotation is missing for parameter "stdout" (reportMissingParameterType)
d:\a\hol-guard\hol-guard\candidate\tests\test_windows_replaceable_file.py:345:40 - warning: Type annotation is missing for parameter "stderr" (reportMissingParameterType)
::warning file=d%3A\a\hol-guard\hol-guard\candidate\tests\test_windows_replaceable_file.py,line=345,col=40::Type annotation is missing for parameter "stderr" (reportMissingParameterType)
d:\a\hol-guard\hol-guard\candidate\tests\test_windows_replaceable_file.py:345:52 - warning: Type annotation is missing for parameter "code" (reportMissingParameterType)
::warning file=d%3A\a\hol-guard\hol-guard\candidate\tests\test_windows_replaceable_file.py,line=345,col=52::Type annotation is missing for parameter "code" (reportMissingParameterType)
d:\a\hol-guard\hol-guard\candidate\tests\test_windows_replaceable_file.py:345:60 - warning: Type of parameter "failure" is partially unknown
  Parameter type is "Unknown | None" (reportUnknownParameterType)
::warning file=d%3A\a\hol-guard\hol-guard\candidate\tests\test_windows_replaceable_file.py,line=345,col=60::Type of parameter "failure" is partially unknown%0A  Parameter type is "Unknown | None" (reportUnknownParameterType)
d:\a\hol-guard\hol-guard\candidate\tests\test_windows_replaceable_file.py:345:60 - warning: Type annotation is missing for parameter "failure" (reportMissingParameterType)
::warning file=d%3A\a\hol-guard\hol-guard\candidate\tests\test_windows_replaceable_file.py,line=345,col=60::Type annotation is missing for parameter "failure" (reportMissingParameterType)
d:\a\hol-guard\hol-guard\candidate\tests\test_windows_replaceable_file.py:346:18 - warning: Type annotation for attribute `stdout_bytes` is required because this class is not decorated with `@final` (reportUnannotatedClassAttribute)
::warning file=d%3A\a\hol-guard\hol-guard\candidate\tests\test_windows_replaceable_file.py,line=346,col=18::Type annotation for attribute `stdout_bytes` is required because this class is not decorated with `@final` (reportUnannotatedClassAttribute)
d:\a\hol-guard\hol-guard\candidate\tests\test_windows_replaceable_file.py:346:37 - warning: Type annotation for attribute `stderr_bytes` is required because this class is not decorated with `@final` (reportUnannotatedClassAttribute)
::warning file=d%3A\a\hol-guard\hol-guard\candidate\tests\test_windows_replaceable_file.py,line=346,col=37::Type annotation for attribute `stderr_bytes` is required because this class is not decorated with `@final` (reportUnannotatedClassAttribute)
d:\a\hol-guard\hol-guard\candidate\tests\test_windows_replaceable_file.py:347:18 - warning: Type annotation for attribute `code` is required because this class is not decorated with `@final` (reportUnannotatedClassAttribute)
::warning file=d%3A\a\hol-guard\hol-guard\candidate\tests\test_windows_replaceable_file.py,line=347,col=18::Type annotation for attribute `code` is required because this class is not decorated with `@final` (reportUnannotatedClassAttribute)
d:\a\hol-guard\hol-guard\candidate\tests\test_windows_replaceable_file.py:347:24 - warning: Type of "failure" is partially unknown
  Type of "failure" is "Unknown | None" (reportUnknownMemberType)
::warning file=d%3A\a\hol-guard\hol-guard\candidate\tests\test_windows_replaceable_file.py,line=347,col=24::Type of "failure" is partially unknown%0A  Type of "failure" is "Unknown | None" (reportUnknownMemberType)
d:\a\hol-guard\hol-guard\candidate\tests\test_windows_replaceable_file.py:347:29 - warning: Type annotation for attribute `failure` is required because this class is not decorated with `@final` (reportUnannotatedClassAttribute)
::warning file=d%3A\a\hol-guard\hol-guard\candidate\tests\test_windows_replaceable_file.py,line=347,col=29::Type annotation for attribute `failure` is required because this class is not decorated with `@final` (reportUnannotatedClassAttribute)
d:\a\hol-guard\hol-guard\candidate\tests\test_windows_replaceable_file.py:348:18 - warning: Type annotation for attribute `returncode` is required because this class is not decorated with `@final` (reportUnannotatedClassAttribute)
::warning file=d%3A\a\hol-guard\hol-guard\candidate\tests\test_windows_replaceable_file.py,line=348,col=18::Type annotation for attribute `returncode` is required because this class is not decorated with `@final` (reportUnannotatedClassAttribute)
d:\a\hol-guard\hol-guard\candidate\tests\test_windows_replaceable_file.py:349:18 - warning: Type annotation for attribute `calls` is required because this class is not decorated with `@final` (reportUnannotatedClassAttribute)
::warning file=d%3A\a\hol-guard\hol-guard\candidate\tests\test_windows_replaceable_file.py,line=349,col=18::Type annotation for attribute `calls` is required because this class is not decorated with `@final` (reportUnannotatedClassAttribute)
d:\a\hol-guard\hol-guard\candidate\tests\test_windows_replaceable_file.py:351:31 - warning: Type of parameter "timeout" is unknown (reportUnknownParameterType)
::warning file=d%3A\a\hol-guard\hol-guard\candidate\tests\test_windows_replaceable_file.py,line=351,col=31::Type of parameter "timeout" is unknown (reportUnknownParameterType)
d:\a\hol-guard\hol-guard\candidate\tests\test_windows_replaceable_file.py:351:31 - warning: Type annotation is missing for parameter "timeout" (reportMissingParameterType)
::warning file=d%3A\a\hol-guard\hol-guard\candidate\tests\test_windows_replaceable_file.py,line=351,col=31::Type annotation is missing for parameter "timeout" (reportMissingParameterType)
d:\a\hol-guard\hol-guard\candidate\tests\test_windows_replaceable_file.py:354:36 - warning: Type of "failure" is partially unknown
  Type of "failure" is "Unknown | None" (reportUnknownMemberType)
::warning file=d%3A\a\hol-guard\hol-guard\candidate\tests\test_windows_replaceable_file.py,line=354,col=36::Type of "failure" is partially unknown%0A  Type of "failure" is "Unknown | None" (reportUnknownMemberType)
d:\a\hol-guard\hol-guard\candidate\tests\test_windows_replaceable_file.py:355:23 - warning: Type of "failure" is unknown (reportUnknownMemberType)
::warning file=d%3A\a\hol-guard\hol-guard\candidate\tests\test_windows_replaceable_file.py,line=355,col=23::Type of "failure" is unknown (reportUnknownMemberType)
d:\a\hol-guard\hol-guard\candidate\tests\test_windows_replaceable_file.py:366:9 - warning: Return type is Any (reportAny)
::warning file=d%3A\a\hol-guard\hol-guard\candidate\tests\test_windows_replaceable_file.py,line=366,col=9::Return type is Any (reportAny)
d:\a\hol-guard\hol-guard\candidate\tests\test_windows_replaceable_file.py:366:14 - warning: Type of parameter "process" is unknown (reportUnknownParameterType)
::warning file=d%3A\a\hol-guard\hol-guard\candidate\tests\test_windows_replaceable_file.py,line=366,col=14::Type of parameter "process" is unknown (reportUnknownParameterType)
d:\a\hol-guard\hol-guard\candidate\tests\test_windows_replaceable_file.py:366:14 - warning: Type annotation is missing for parameter "process" (reportMissingParameterType)
::warning file=d%3A\a\hol-guard\hol-guard\candidate\tests\test_windows_replaceable_file.py,line=366,col=14::Type annotation is missing for parameter "process" (reportMissingParameterType)
d:\a\hol-guard\hol-guard\candidate\tests\test_windows_replaceable_file.py:367:9 - warning: Type of "setattr" is unknown (reportUnknownMemberType)
::warning file=d%3A\a\hol-guard\hol-guard\candidate\tests\test_windows_replaceable_file.py,line=367,col=9::Type of "setattr" is unknown (reportUnknownMemberType)
d:\a\hol-guard\hol-guard\candidate\tests\test_windows_replaceable_file.py:367:29 - warning: Type of "subprocess" is Any (reportAny)
::warning file=d%3A\a\hol-guard\hol-guard\candidate\tests\test_windows_replaceable_file.py,line=367,col=29::Type of "subprocess" is Any (reportAny)
d:\a\hol-guard\hol-guard\candidate\tests\test_windows_replaceable_file.py:367:65 - warning: Type of parameter "args" is partially unknown (reportUnknownLambdaType)
::warning file=d%3A\a\hol-guard\hol-guard\candidate\tests\test_windows_replaceable_file.py,line=367,col=65::Type of parameter "args" is partially unknown (reportUnknownLambdaType)
d:\a\hol-guard\hol-guard\candidate\tests\test_windows_replaceable_file.py:367:73 - warning: Type of parameter "kwargs" is partially unknown (reportUnknownLambdaType)
::warning file=d%3A\a\hol-guard\hol-guard\candidate\tests\test_windows_replaceable_file.py,line=367,col=73::Type of parameter "kwargs" is partially unknown (reportUnknownLambdaType)
d:\a\hol-guard\hol-guard\candidate\tests\test_windows_replaceable_file.py:367:81 - warning: Return type of lambda is unknown (reportUnknownLambdaType)
::warning file=d%3A\a\hol-guard\hol-guard\candidate\tests\test_windows_replaceable_file.py,line=367,col=81::Return type of lambda is unknown (reportUnknownLambdaType)
d:\a\hol-guard\hol-guard\candidate\tests\test_windows_replaceable_file.py:368:16 - warning: Type of "_run_child" is Any (reportAny)
::warning file=d%3A\a\hol-guard\hol-guard\candidate\tests\test_windows_replaceable_file.py,line=368,col=16::Type of "_run_child" is Any (reportAny)
d:\a\hol-guard\hol-guard\candidate\tests\test_windows_replaceable_file.py:368:16 - warning: Return type is Any (reportAny)
::warning file=d%3A\a\hol-guard\hol-guard\candidate\tests\test_windows_replaceable_file.py,line=368,col=16::Return type is Any (reportAny)
d:\a\hol-guard\hol-guard\candidate\tests\test_windows_replaceable_file.py:372:29 - warning: Type of "__setitem__" is partially unknown
  Type of "__setitem__" is "(key: Unknown, value: Unknown, /) -> None" (reportUnknownMemberType)
::warning file=d%3A\a\hol-guard\hol-guard\candidate\tests\test_windows_replaceable_file.py,line=372,col=29::Type of "__setitem__" is partially unknown%0A  Type of "__setitem__" is "(key: Unknown, value: Unknown, /) -> None" (reportUnknownMemberType)
d:\a\hol-guard\hol-guard\candidate\tests\test_windows_replaceable_file.py:376:12 - warning: Return type, "tuple[type[Process], (process: Unknown) -> Any, dict[Unknown, Unknown]]", is partially unknown (reportUnknownVariableType)
::warning file=d%3A\a\hol-guard\hol-guard\candidate\tests\test_windows_replaceable_file.py,line=376,col=12::Return type, "tuple[type[Process], (process: Unknown) -> Any, dict[Unknown, Unknown]]", is partially unknown (reportUnknownVariableType)
d:\a\hol-guard\hol-guard\candidate\tests\test_windows_replaceable_file.py:379:70 - warning: Type of parameter "child_capture_driver" is unknown (reportUnknownParameterType)
::warning file=d%3A\a\hol-guard\hol-guard\candidate\tests\test_windows_replaceable_file.py,line=379,col=70::Type of parameter "child_capture_driver" is unknown (reportUnknownParameterType)
d:\a\hol-guard\hol-guard\candidate\tests\test_windows_replaceable_file.py:379:70 - warning: Type annotation is missing for parameter "child_capture_driver" (reportMissingParameterType)
::warning file=d%3A\a\hol-guard\hol-guard\candidate\tests\test_windows_replaceable_file.py,line=379,col=70::Type annotation is missing for parameter "child_capture_driver" (reportMissingParameterType)
d:\a\hol-guard\hol-guard\candidate\tests\test_windows_replaceable_file.py:380:5 - warning: Type of "process" is unknown (reportUnknownVariableType)
::warning file=d%3A\a\hol-guard\hol-guard\candidate\tests\test_windows_replaceable_file.py,line=380,col=5::Type of "process" is unknown (reportUnknownVariableType)
d:\a\hol-guard\hol-guard\candidate\tests\test_windows_replaceable_file.py:380:14 - warning: Type of "call" is unknown (reportUnknownVariableType)
::warning file=d%3A\a\hol-guard\hol-guard\candidate\tests\test_windows_replaceable_file.py,line=380,col=14::Type of "call" is unknown (reportUnknownVariableType)
d:\a\hol-guard\hol-guard\candidate\tests\test_windows_replaceable_file.py:380:20 - warning: Type of "properties" is unknown (reportUnknownVariableType)
::warning file=d%3A\a\hol-guard\hol-guard\candidate\tests\test_windows_replaceable_file.py,line=380,col=20::Type of "properties" is unknown (reportUnknownVariableType)
d:\a\hol-guard\hol-guard\candidate\tests\test_windows_replaceable_file.py:389:5 - warning: Type of "code" is unknown (reportUnknownVariableType)
::warning file=d%3A\a\hol-guard\hol-guard\candidate\tests\test_windows_replaceable_file.py,line=389,col=5::Type of "code" is unknown (reportUnknownVariableType)
d:\a\hol-guard\hol-guard\candidate\tests\test_windows_replaceable_file.py:389:11 - warning: Type of "actual" is unknown (reportUnknownVariableType)
::warning file=d%3A\a\hol-guard\hol-guard\candidate\tests\test_windows_replaceable_file.py,line=389,col=11::Type of "actual" is unknown (reportUnknownVariableType)
d:\a\hol-guard\hol-guard\candidate\tests\test_windows_replaceable_file.py:391:5 - warning: Type of "captured" is Any (reportAny)
::warning file=d%3A\a\hol-guard\hol-guard\candidate\tests\test_windows_replaceable_file.py,line=391,col=5::Type of "captured" is Any (reportAny)
d:\a\hol-guard\hol-guard\candidate\tests\test_windows_replaceable_file.py:391:27 - warning: Argument type is unknown
  Argument corresponds to parameter "s" in function "loads" (reportUnknownArgumentType)
::warning file=d%3A\a\hol-guard\hol-guard\candidate\tests\test_windows_replaceable_file.py,line=391,col=27::Argument type is unknown%0A  Argument corresponds to parameter "s" in function "loads" (reportUnknownArgumentType)
d:\a\hol-guard\hol-guard\candidate\tests\test_windows_replaceable_file.py:392:12 - warning: Type of "encode" is Any (reportAny)
::warning file=d%3A\a\hol-guard\hol-guard\candidate\tests\test_windows_replaceable_file.py,line=392,col=12::Type of "encode" is Any (reportAny)
d:\a\hol-guard\hol-guard\candidate\tests\test_windows_replaceable_file.py:396:70 - warning: Type of parameter "child_capture_driver" is unknown (reportUnknownParameterType)
::warning file=d%3A\a\hol-guard\hol-guard\candidate\tests\test_windows_replaceable_file.py,line=396,col=70::Type of parameter "child_capture_driver" is unknown (reportUnknownParameterType)
d:\a\hol-guard\hol-guard\candidate\tests\test_windows_replaceable_file.py:396:70 - warning: Type annotation is missing for parameter "child_capture_driver" (reportMissingParameterType)
::warning file=d%3A\a\hol-guard\hol-guard\candidate\tests\test_windows_replaceable_file.py,line=396,col=70::Type annotation is missing for parameter "child_capture_driver" (reportMissingParameterType)
d:\a\hol-guard\hol-guard\candidate\tests\test_windows_replaceable_file.py:397:5 - warning: Type of "process" is unknown (reportUnknownVariableType)
::warning file=d%3A\a\hol-guard\hol-guard\candidate\tests\test_windows_replaceable_file.py,line=397,col=5::Type of "process" is unknown (reportUnknownVariableType)
d:\a\hol-guard\hol-guard\candidate\tests\test_windows_replaceable_file.py:397:14 - warning: Type of "call" is unknown (reportUnknownVariableType)
::warning file=d%3A\a\hol-guard\hol-guard\candidate\tests\test_windows_replaceable_file.py,line=397,col=14::Type of "call" is unknown (reportUnknownVariableType)
d:\a\hol-guard\hol-guard\candidate\tests\test_windows_replaceable_file.py:397:20 - warning: Type of "properties" is unknown (reportUnknownVariableType)
::warning file=d%3A\a\hol-guard\hol-guard\candidate\tests\test_windows_replaceable_file.py,line=397,col=20::Type of "properties" is unknown (reportUnknownVariableType)
d:\a\hol-guard\hol-guard\candidate\tests\test_windows_replaceable_file.py:401:5 - warning: Type of "captured" is Any (reportAny)
::warning file=d%3A\a\hol-guard\hol-guard\candidate\tests\test_windows_replaceable_file.py,line=401,col=5::Type of "captured" is Any (reportAny)
d:\a\hol-guard\hol-guard\candidate\tests\test_windows_replaceable_file.py:401:27 - warning: Argument type is unknown
  Argument corresponds to parameter "s" in function "loads" (reportUnknownArgumentType)
::warning file=d%3A\a\hol-guard\hol-guard\candidate\tests\test_windows_replaceable_file.py,line=401,col=27::Argument type is unknown%0A  Argument corresponds to parameter "s" in function "loads" (reportUnknownArgumentType)
d:\a\hol-guard\hol-guard\candidate\tests\test_windows_replaceable_file.py:403:16 - warning: Argument type is Any
  Argument corresponds to parameter "obj" in function "len" (reportAny)
::warning file=d%3A\a\hol-guard\hol-guard\candidate\tests\test_windows_replaceable_file.py,line=403,col=16::Argument type is Any%0A  Argument corresponds to parameter "obj" in function "len" (reportAny)
d:\a\hol-guard\hol-guard\candidate\tests\test_windows_replaceable_file.py:409:78 - warning: Type of parameter "child_capture_driver" is unknown (reportUnknownParameterType)
::warning file=d%3A\a\hol-guard\hol-guard\candidate\tests\test_windows_replaceable_file.py,line=409,col=78::Type of parameter "child_capture_driver" is unknown (reportUnknownParameterType)
d:\a\hol-guard\hol-guard\candidate\tests\test_windows_replaceable_file.py:409:78 - warning: Type annotation is missing for parameter "child_capture_driver" (reportMissingParameterType)
::warning file=d%3A\a\hol-guard\hol-guard\candidate\tests\test_windows_replaceable_file.py,line=409,col=78::Type annotation is missing for parameter "child_capture_driver" (reportMissingParameterType)
d:\a\hol-guard\hol-guard\candidate\tests\test_windows_replaceable_file.py:410:5 - warning: Type of "process" is unknown (reportUnknownVariableType)
::warning file=d%3A\a\hol-guard\hol-guard\candidate\tests\test_windows_replaceable_file.py,line=410,col=5::Type of "process" is unknown (reportUnknownVariableType)
d:\a\hol-guard\hol-guard\candidate\tests\test_windows_replaceable_file.py:410:14 - warning: Type of "call" is unknown (reportUnknownVariableType)
::warning file=d%3A\a\hol-guard\hol-guard\candidate\tests\test_windows_replaceable_file.py,line=410,col=14::Type of "call" is unknown (reportUnknownVariableType)
d:\a\hol-guard\hol-guard\candidate\tests\test_windows_replaceable_file.py:410:20 - warning: Type of "properties" is unknown (reportUnknownVariableType)
::warning file=d%3A\a\hol-guard\hol-guard\candidate\tests\test_windows_replaceable_file.py,line=410,col=20::Type of "properties" is unknown (reportUnknownVariableType)
d:\a\hol-guard\hol-guard\candidate\tests\test_windows_replaceable_file.py:414:5 - warning: Type of "captured" is Any (reportAny)
::warning file=d%3A\a\hol-guard\hol-guard\candidate\tests\test_windows_replaceable_file.py,line=414,col=5::Type of "captured" is Any (reportAny)
d:\a\hol-guard\hol-guard\candidate\tests\test_windows_replaceable_file.py:414:27 - warning: Argument type is unknown
  Argument corresponds to parameter "s" in function "loads" (reportUnknownArgumentType)
::warning file=d%3A\a\hol-guard\hol-guard\candidate\tests\test_windows_replaceable_file.py,line=414,col=27::Argument type is unknown%0A  Argument corresponds to parameter "s" in function "loads" (reportUnknownArgumentType)
d:\a\hol-guard\hol-guard\candidate\tests\test_windows_replaceable_file.py:415:45 - warning: Type of "encode" is Any (reportAny)
::warning file=d%3A\a\hol-guard\hol-guard\candidate\tests\test_windows_replaceable_file.py,line=415,col=45::Type of "encode" is Any (reportAny)
d:\a\hol-guard\hol-guard\candidate\tests\test_windows_replaceable_file.py:420:73 - warning: Type of parameter "child_capture_driver" is unknown (reportUnknownParameterType)
::warning file=d%3A\a\hol-guard\hol-guard\candidate\tests\test_windows_replaceable_file.py,line=420,col=73::Type of parameter "child_capture_driver" is unknown (reportUnknownParameterType)
d:\a\hol-guard\hol-guard\candidate\tests\test_windows_replaceable_file.py:420:73 - warning: Type annotation is missing for parameter "child_capture_driver" (reportMissingParameterType)
::warning file=d%3A\a\hol-guard\hol-guard\candidate\tests\test_windows_replaceable_file.py,line=420,col=73::Type annotation is missing for parameter "child_capture_driver" (reportMissingParameterType)
d:\a\hol-guard\hol-guard\candidate\tests\test_windows_replaceable_file.py:421:5 - warning: Type of "process" is unknown (reportUnknownVariableType)
::warning file=d%3A\a\hol-guard\hol-guard\candidate\tests\test_windows_replaceable_file.py,line=421,col=5::Type of "process" is unknown (reportUnknownVariableType)
d:\a\hol-guard\hol-guard\candidate\tests\test_windows_replaceable_file.py:421:14 - warning: Type of "call" is unknown (reportUnknownVariableType)
::warning file=d%3A\a\hol-guard\hol-guard\candidate\tests\test_windows_replaceable_file.py,line=421,col=14::Type of "call" is unknown (reportUnknownVariableType)
d:\a\hol-guard\hol-guard\candidate\tests\test_windows_replaceable_file.py:421:20 - warning: Type of "properties" is unknown (reportUnknownVariableType)
::warning file=d%3A\a\hol-guard\hol-guard\candidate\tests\test_windows_replaceable_file.py,line=421,col=20::Type of "properties" is unknown (reportUnknownVariableType)
d:\a\hol-guard\hol-guard\candidate\tests\test_windows_replaceable_file.py:423:5 - warning: Type of "owned" is unknown (reportUnknownVariableType)
::warning file=d%3A\a\hol-guard\hol-guard\candidate\tests\test_windows_replaceable_file.py,line=423,col=5::Type of "owned" is unknown (reportUnknownVariableType)
d:\a\hol-guard\hol-guard\candidate\tests\test_windows_replaceable_file.py:427:5 - warning: Type of "captured" is Any (reportAny)
::warning file=d%3A\a\hol-guard\hol-guard\candidate\tests\test_windows_replaceable_file.py,line=427,col=5::Type of "captured" is Any (reportAny)
d:\a\hol-guard\hol-guard\candidate\tests\test_windows_replaceable_file.py:427:27 - warning: Argument type is unknown
  Argument corresponds to parameter "s" in function "loads" (reportUnknownArgumentType)
::warning file=d%3A\a\hol-guard\hol-guard\candidate\tests\test_windows_replaceable_file.py,line=427,col=27::Argument type is unknown%0A  Argument corresponds to parameter "s" in function "loads" (reportUnknownArgumentType)
d:\a\hol-guard\hol-guard\candidate\tests\test_windows_replaceable_file.py:431:12 - warning: Type of "calls" is unknown (reportUnknownMemberType)
::warning file=d%3A\a\hol-guard\hol-guard\candidate\tests\test_windows_replaceable_file.py,line=431,col=12::Type of "calls" is unknown (reportUnknownMemberType)
d:\a\hol-guard\hol-guard\candidate\tests\test_windows_replaceable_file.py:434:67 - warning: Type of parameter "child_capture_driver" is unknown (reportUnknownParameterType)
::warning file=d%3A\a\hol-guard\hol-guard\candidate\tests\test_windows_replaceable_file.py,line=434,col=67::Type of parameter "child_capture_driver" is unknown (reportUnknownParameterType)
d:\a\hol-guard\hol-guard\candidate\tests\test_windows_replaceable_file.py:434:67 - warning: Type annotation is missing for parameter "child_capture_driver" (reportMissingParameterType)
::warning file=d%3A\a\hol-guard\hol-guard\candidate\tests\test_windows_replaceable_file.py,line=434,col=67::Type annotation is missing for parameter "child_capture_driver" (reportMissingParameterType)
d:\a\hol-guard\hol-guard\candidate\tests\test_windows_replaceable_file.py:435:5 - warning: Type of "process" is unknown (reportUnknownVariableType)
::warning file=d%3A\a\hol-guard\hol-guard\candidate\tests\test_windows_replaceable_file.py,line=435,col=5::Type of "process" is unknown (reportUnknownVariableType)
d:\a\hol-guard\hol-guard\candidate\tests\test_windows_replaceable_file.py:435:14 - warning: Type of "call" is unknown (reportUnknownVariableType)
::warning file=d%3A\a\hol-guard\hol-guard\candidate\tests\test_windows_replaceable_file.py,line=435,col=14::Type of "call" is unknown (reportUnknownVariableType)
d:\a\hol-guard\hol-guard\candidate\tests\test_windows_replaceable_file.py:435:20 - warning: Type of "properties" is unknown (reportUnknownVariableType)
::warning file=d%3A\a\hol-guard\hol-guard\candidate\tests\test_windows_replaceable_file.py,line=435,col=20::Type of "properties" is unknown (reportUnknownVariableType)
d:\a\hol-guard\hol-guard\candidate\tests\test_windows_replaceable_file.py:439:5 - warning: Type of "captured" is Any (reportAny)
::warning file=d%3A\a\hol-guard\hol-guard\candidate\tests\test_windows_replaceable_file.py,line=439,col=5::Type of "captured" is Any (reportAny)
d:\a\hol-guard\hol-guard\candidate\tests\test_windows_replaceable_file.py:439:27 - warning: Argument type is unknown
  Argument corresponds to parameter "s" in function "loads" (reportUnknownArgumentType)
::warning file=d%3A\a\hol-guard\hol-guard\candidate\tests\test_windows_replaceable_file.py,line=439,col=27::Argument type is unknown%0A  Argument corresponds to parameter "s" in function "loads" (reportUnknownArgumentType)
d:\a\hol-guard\hol-guard\candidate\tests\test_windows_replaceable_reader_process.py:28:5 - warning: Return type, "dict[Unknown, Unknown]", is partially unknown (reportUnknownParameterType)
::warning file=d%3A\a\hol-guard\hol-guard\candidate\tests\test_windows_replaceable_reader_process.py,line=28,col=5::Return type, "dict[Unknown, Unknown]", is partially unknown (reportUnknownParameterType)
d:\a\hol-guard\hol-guard\candidate\tests\test_windows_replaceable_reader_process.py:28:26 - warning: Type of parameter "pairs" is unknown (reportUnknownParameterType)
::warning file=d%3A\a\hol-guard\hol-guard\candidate\tests\test_windows_replaceable_reader_process.py,line=28,col=26::Type of parameter "pairs" is unknown (reportUnknownParameterType)
d:\a\hol-guard\hol-guard\candidate\tests\test_windows_replaceable_reader_process.py:28:26 - warning: Type annotation is missing for parameter "pairs" (reportMissingParameterType)
::warning file=d%3A\a\hol-guard\hol-guard\candidate\tests\test_windows_replaceable_reader_process.py,line=28,col=26::Type annotation is missing for parameter "pairs" (reportMissingParameterType)
d:\a\hol-guard\hol-guard\candidate\tests\test_windows_replaceable_reader_process.py:30:9 - warning: Type of "key" is unknown (reportUnknownVariableType)
::warning file=d%3A\a\hol-guard\hol-guard\candidate\tests\test_windows_replaceable_reader_process.py,line=30,col=9::Type of "key" is unknown (reportUnknownVariableType)
d:\a\hol-guard\hol-guard\candidate\tests\test_windows_replaceable_reader_process.py:30:14 - warning: Type of "value" is unknown (reportUnknownVariableType)
::warning file=d%3A\a\hol-guard\hol-guard\candidate\tests\test_windows_replaceable_reader_process.py,line=30,col=14::Type of "value" is unknown (reportUnknownVariableType)
d:\a\hol-guard\hol-guard\candidate\tests\test_windows_replaceable_reader_process.py:34:12 - warning: Return type, "dict[Unknown, Unknown]", is partially unknown (reportUnknownVariableType)
::warning file=d%3A\a\hol-guard\hol-guard\candidate\tests\test_windows_replaceable_reader_process.py,line=34,col=12::Return type, "dict[Unknown, Unknown]", is partially unknown (reportUnknownVariableType)
d:\a\hol-guard\hol-guard\candidate\tests\test_windows_replaceable_reader_process.py:37:23 - warning: Type of parameter "value" is unknown (reportUnknownParameterType)
::warning file=d%3A\a\hol-guard\hol-guard\candidate\tests\test_windows_replaceable_reader_process.py,line=37,col=23::Type of parameter "value" is unknown (reportUnknownParameterType)
d:\a\hol-guard\hol-guard\candidate\tests\test_windows_replaceable_reader_process.py:37:23 - warning: Type annotation is missing for parameter "value" (reportMissingParameterType)
::warning file=d%3A\a\hol-guard\hol-guard\candidate\tests\test_windows_replaceable_reader_process.py,line=37,col=23::Type annotation is missing for parameter "value" (reportMissingParameterType)
d:\a\hol-guard\hol-guard\candidate\tests\test_windows_replaceable_reader_process.py:37:30 - warning: Type annotation is missing for parameter "depth" (reportMissingParameterType)
::warning file=d%3A\a\hol-guard\hol-guard\candidate\tests\test_windows_replaceable_reader_process.py,line=37,col=30::Type annotation is missing for parameter "depth" (reportMissingParameterType)
d:\a\hol-guard\hol-guard\candidate\tests\test_windows_replaceable_reader_process.py:40:30 - warning: Argument type is unknown
  Argument corresponds to parameter "o" in function "__init__" (reportUnknownArgumentType)
::warning file=d%3A\a\hol-guard\hol-guard\candidate\tests\test_windows_replaceable_reader_process.py,line=40,col=30::Argument type is unknown%0A  Argument corresponds to parameter "o" in function "__init__" (reportUnknownArgumentType)
d:\a\hol-guard\hol-guard\candidate\tests\test_windows_replaceable_reader_process.py:64:20 - warning: Argument type is partially unknown
  Argument corresponds to parameter "obj" in function "len"
  Argument type is "list[Unknown]" (reportUnknownArgumentType)
::warning file=d%3A\a\hol-guard\hol-guard\candidate\tests\test_windows_replaceable_reader_process.py,line=64,col=20::Argument type is partially unknown%0A  Argument corresponds to parameter "obj" in function "len"%0A  Argument type is "list[Unknown]" (reportUnknownArgumentType)
d:\a\hol-guard\hol-guard\candidate\tests\test_windows_replaceable_reader_process.py:64:41 - warning: Argument type is partially unknown
  Argument corresponds to parameter "iterable" in function "all"
  Argument type is "Generator[Unknown, None, None]" (reportUnknownArgumentType)
::warning file=d%3A\a\hol-guard\hol-guard\candidate\tests\test_windows_replaceable_reader_process.py,line=64,col=41::Argument type is partially unknown%0A  Argument corresponds to parameter "iterable" in function "all"%0A  Argument type is "Generator[Unknown, None, None]" (reportUnknownArgumentType)
d:\a\hol-guard\hol-guard\candidate\tests\test_windows_replaceable_reader_process.py:64:59 - warning: Argument type is unknown
  Argument corresponds to parameter "value" in function "_safe_child_value" (reportUnknownArgumentType)
::warning file=d%3A\a\hol-guard\hol-guard\candidate\tests\test_windows_replaceable_reader_process.py,line=64,col=59::Argument type is unknown%0A  Argument corresponds to parameter "value" in function "_safe_child_value" (reportUnknownArgumentType)
d:\a\hol-guard\hol-guard\candidate\tests\test_windows_replaceable_reader_process.py:64:80 - warning: Type of "item" is unknown (reportUnknownVariableType)
::warning file=d%3A\a\hol-guard\hol-guard\candidate\tests\test_windows_replaceable_reader_process.py,line=64,col=80::Type of "item" is unknown (reportUnknownVariableType)
d:\a\hol-guard\hol-guard\candidate\tests\test_windows_replaceable_reader_process.py:115:17 - warning: Argument type is partially unknown
  Argument corresponds to parameter "iterable" in function "__init__"
  Argument type is "dict[Unknown, Unknown]" (reportUnknownArgumentType)
::warning file=d%3A\a\hol-guard\hol-guard\candidate\tests\test_windows_replaceable_reader_process.py,line=115,col=17::Argument type is partially unknown%0A  Argument corresponds to parameter "iterable" in function "__init__"%0A  Argument type is "dict[Unknown, Unknown]" (reportUnknownArgumentType)
d:\a\hol-guard\hol-guard\candidate\tests\test_windows_replaceable_reader_process.py:116:17 - warning: Argument type is partially unknown
  Argument corresponds to parameter "iterable" in function "all"
  Argument type is "Generator[Unknown, None, None]" (reportUnknownArgumentType)
::warning file=d%3A\a\hol-guard\hol-guard\candidate\tests\test_windows_replaceable_reader_process.py,line=116,col=17::Argument type is partially unknown%0A  Argument corresponds to parameter "iterable" in function "all"%0A  Argument type is "Generator[Unknown, None, None]" (reportUnknownArgumentType)
d:\a\hol-guard\hol-guard\candidate\tests\test_windows_replaceable_reader_process.py:116:35 - warning: Argument type is unknown
  Argument corresponds to parameter "value" in function "_safe_child_value" (reportUnknownArgumentType)
::warning file=d%3A\a\hol-guard\hol-guard\candidate\tests\test_windows_replaceable_reader_process.py,line=116,col=35::Argument type is unknown%0A  Argument corresponds to parameter "value" in function "_safe_child_value" (reportUnknownArgumentType)
d:\a\hol-guard\hol-guard\candidate\tests\test_windows_replaceable_reader_process.py:116:56 - warning: Type of "item" is unknown (reportUnknownVariableType)
::warning file=d%3A\a\hol-guard\hol-guard\candidate\tests\test_windows_replaceable_reader_process.py,line=116,col=56::Type of "item" is unknown (reportUnknownVariableType)
d:\a\hol-guard\hol-guard\candidate\tests\test_windows_replaceable_reader_process.py:120:21 - warning: Type of parameter "error" is unknown (reportUnknownParameterType)
::warning file=d%3A\a\hol-guard\hol-guard\candidate\tests\test_windows_replaceable_reader_process.py,line=120,col=21::Type of parameter "error" is unknown (reportUnknownParameterType)
d:\a\hol-guard\hol-guard\candidate\tests\test_windows_replaceable_reader_process.py:120:21 - warning: Type annotation is missing for parameter "error" (reportMissingParameterType)
::warning file=d%3A\a\hol-guard\hol-guard\candidate\tests\test_windows_replaceable_reader_process.py,line=120,col=21::Type annotation is missing for parameter "error" (reportMissingParameterType)
d:\a\hol-guard\hol-guard\candidate\tests\test_windows_replaceable_reader_process.py:126:44 - warning: Argument type is partially unknown
  Argument corresponds to parameter "o" in function "getattr"
  Argument type is "OSError | TimeoutExpired | Unknown" (reportUnknownArgumentType)
::warning file=d%3A\a\hol-guard\hol-guard\candidate\tests\test_windows_replaceable_reader_process.py,line=126,col=44::Argument type is partially unknown%0A  Argument corresponds to parameter "o" in function "getattr"%0A  Argument type is "OSError | TimeoutExpired | Unknown" (reportUnknownArgumentType)
d:\a\hol-guard\hol-guard\candidate\tests\test_windows_replaceable_reader_process.py:126:87 - warning: Argument type is partially unknown
  Argument corresponds to parameter "o" in function "getattr"
  Argument type is "OSError | TimeoutExpired | Unknown" (reportUnknownArgumentType)
::warning file=d%3A\a\hol-guard\hol-guard\candidate\tests\test_windows_replaceable_reader_process.py,line=126,col=87::Argument type is partially unknown%0A  Argument corresponds to parameter "o" in function "getattr"%0A  Argument type is "OSError | TimeoutExpired | Unknown" (reportUnknownArgumentType)
d:\a\hol-guard\hol-guard\candidate\tests\test_windows_replaceable_reader_process.py:129:5 - warning: Return type, "dict[str, Unknown | bool | dict[str, str | Any | None] | int | str | None]", is partially unknown (reportUnknownParameterType)
::warning file=d%3A\a\hol-guard\hol-guard\candidate\tests\test_windows_replaceable_reader_process.py,line=129,col=5::Return type, "dict[str, Unknown | bool | dict[str, str | Any | None] | int | str | None]", is partially unknown (reportUnknownParameterType)
d:\a\hol-guard\hol-guard\candidate\tests\test_windows_replaceable_reader_process.py:129:20 - warning: Type of parameter "stdout" is unknown (reportUnknownParameterType)
::warning file=d%3A\a\hol-guard\hol-guard\candidate\tests\test_windows_replaceable_reader_process.py,line=129,col=20::Type of parameter "stdout" is unknown (reportUnknownParameterType)
d:\a\hol-guard\hol-guard\candidate\tests\test_windows_replaceable_reader_process.py:129:20 - warning: Type annotation is missing for parameter "stdout" (reportMissingParameterType)
::warning file=d%3A\a\hol-guard\hol-guard\candidate\tests\test_windows_replaceable_reader_process.py,line=129,col=20::Type annotation is missing for parameter "stdout" (reportMissingParameterType)
d:\a\hol-guard\hol-guard\candidate\tests\test_windows_replaceable_reader_process.py:129:28 - warning: Type of parameter "stderr" is unknown (reportUnknownParameterType)
::warning file=d%3A\a\hol-guard\hol-guard\candidate\tests\test_windows_replaceable_reader_process.py,line=129,col=28::Type of parameter "stderr" is unknown (reportUnknownParameterType)
d:\a\hol-guard\hol-guard\candidate\tests\test_windows_replaceable_reader_process.py:129:28 - warning: Type annotation is missing for parameter "stderr" (reportMissingParameterType)
::warning file=d%3A\a\hol-guard\hol-guard\candidate\tests\test_windows_replaceable_reader_process.py,line=129,col=28::Type annotation is missing for parameter "stderr" (reportMissingParameterType)
d:\a\hol-guard\hol-guard\candidate\tests\test_windows_replaceable_reader_process.py:129:36 - warning: Type of parameter "code" is unknown (reportUnknownParameterType)
::warning file=d%3A\a\hol-guard\hol-guard\candidate\tests\test_windows_replaceable_reader_process.py,line=129,col=36::Type of parameter "code" is unknown (reportUnknownParameterType)
d:\a\hol-guard\hol-guard\candidate\tests\test_windows_replaceable_reader_process.py:129:36 - warning: Type annotation is missing for parameter "code" (reportMissingParameterType)
::warning file=d%3A\a\hol-guard\hol-guard\candidate\tests\test_windows_replaceable_reader_process.py,line=129,col=36::Type annotation is missing for parameter "code" (reportMissingParameterType)
d:\a\hol-guard\hol-guard\candidate\tests\test_windows_replaceable_reader_process.py:129:42 - warning: Type of parameter "failure" is unknown (reportUnknownParameterType)
::warning file=d%3A\a\hol-guard\hol-guard\candidate\tests\test_windows_replaceable_reader_process.py,line=129,col=42::Type of parameter "failure" is unknown (reportUnknownParameterType)
d:\a\hol-guard\hol-guard\candidate\tests\test_windows_replaceable_reader_process.py:129:42 - warning: Type annotation is missing for parameter "failure" (reportMissingParameterType)
::warning file=d%3A\a\hol-guard\hol-guard\candidate\tests\test_windows_replaceable_reader_process.py,line=129,col=42::Type annotation is missing for parameter "failure" (reportMissingParameterType)
d:\a\hol-guard\hol-guard\candidate\tests\test_windows_replaceable_reader_process.py:129:51 - warning: Type of parameter "killed" is unknown (reportUnknownParameterType)
::warning file=d%3A\a\hol-guard\hol-guard\candidate\tests\test_windows_replaceable_reader_process.py,line=129,col=51::Type of parameter "killed" is unknown (reportUnknownParameterType)
d:\a\hol-guard\hol-guard\candidate\tests\test_windows_replaceable_reader_process.py:129:51 - warning: Type annotation is missing for parameter "killed" (reportMissingParameterType)
::warning file=d%3A\a\hol-guard\hol-guard\candidate\tests\test_windows_replaceable_reader_process.py,line=129,col=51::Type annotation is missing for parameter "killed" (reportMissingParameterType)
d:\a\hol-guard\hol-guard\candidate\tests\test_windows_replaceable_reader_process.py:129:59 - warning: Type of parameter "retired" is unknown (reportUnknownParameterType)
::warning file=d%3A\a\hol-guard\hol-guard\candidate\tests\test_windows_replaceable_reader_process.py,line=129,col=59::Type of parameter "retired" is unknown (reportUnknownParameterType)
d:\a\hol-guard\hol-guard\candidate\tests\test_windows_replaceable_reader_process.py:129:59 - warning: Type annotation is missing for parameter "retired" (reportMissingParameterType)
::warning file=d%3A\a\hol-guard\hol-guard\candidate\tests\test_windows_replaceable_reader_process.py,line=129,col=59::Type annotation is missing for parameter "retired" (reportMissingParameterType)
d:\a\hol-guard\hol-guard\candidate\tests\test_windows_replaceable_reader_process.py:130:12 - warning: Return type, "dict[str, Unknown | bool | dict[str, str | Any | None] | int | str | None]", is partially unknown (reportUnknownVariableType)
::warning file=d%3A\a\hol-guard\hol-guard\candidate\tests\test_windows_replaceable_reader_process.py,line=130,col=12::Return type, "dict[str, Unknown | bool | dict[str, str | Any | None] | int | str | None]", is partially unknown (reportUnknownVariableType)
d:\a\hol-guard\hol-guard\candidate\tests\test_windows_replaceable_reader_process.py:133:44 - warning: Argument type is unknown
  Argument corresponds to parameter "error" in function "_error_metadata" (reportUnknownArgumentType)
::warning file=d%3A\a\hol-guard\hol-guard\candidate\tests\test_windows_replaceable_reader_process.py,line=133,col=44::Argument type is unknown%0A  Argument corresponds to parameter "error" in function "_error_metadata" (reportUnknownArgumentType)
d:\a\hol-guard\hol-guard\candidate\tests\test_windows_replaceable_reader_process.py:136:29 - warning: Argument type is unknown
  Argument corresponds to parameter "obj" in function "len" (reportUnknownArgumentType)
::warning file=d%3A\a\hol-guard\hol-guard\candidate\tests\test_windows_replaceable_reader_process.py,line=136,col=29::Argument type is unknown%0A  Argument corresponds to parameter "obj" in function "len" (reportUnknownArgumentType)
d:\a\hol-guard\hol-guard\candidate\tests\test_windows_replaceable_reader_process.py:137:41 - warning: Argument type is unknown
  Argument corresponds to parameter "string" in function "openssl_sha256" (reportUnknownArgumentType)
::warning file=d%3A\a\hol-guard\hol-guard\candidate\tests\test_windows_replaceable_reader_process.py,line=137,col=41::Argument type is unknown%0A  Argument corresponds to parameter "string" in function "openssl_sha256" (reportUnknownArgumentType)
d:\a\hol-guard\hol-guard\candidate\tests\test_windows_replaceable_reader_process.py:138:29 - warning: Argument type is unknown
  Argument corresponds to parameter "obj" in function "len" (reportUnknownArgumentType)
::warning file=d%3A\a\hol-guard\hol-guard\candidate\tests\test_windows_replaceable_reader_process.py,line=138,col=29::Argument type is unknown%0A  Argument corresponds to parameter "obj" in function "len" (reportUnknownArgumentType)
d:\a\hol-guard\hol-guard\candidate\tests\test_windows_replaceable_reader_process.py:139:41 - warning: Argument type is unknown
  Argument corresponds to parameter "string" in function "openssl_sha256" (reportUnknownArgumentType)
::warning file=d%3A\a\hol-guard\hol-guard\candidate\tests\test_windows_replaceable_reader_process.py,line=139,col=41::Argument type is unknown%0A  Argument corresponds to parameter "string" in function "openssl_sha256" (reportUnknownArgumentType)
d:\a\hol-guard\hol-guard\candidate\tests\test_windows_replaceable_reader_process.py:145:5 - warning: Return type, "tuple[int | Any, dict[Unknown, Unknown] | Any | None]", is partially unknown (reportUnknownParameterType)
::warning file=d%3A\a\hol-guard\hol-guard\candidate\tests\test_windows_replaceable_reader_process.py,line=145,col=5::Return type, "tuple[int | Any, dict[Unknown, Unknown] | Any | None]", is partially unknown (reportUnknownParameterType)
d:\a\hol-guard\hol-guard\candidate\tests\test_windows_replaceable_reader_process.py:145:47 - warning: Type of parameter "record_property" is unknown (reportUnknownParameterType)
::warning file=d%3A\a\hol-guard\hol-guard\candidate\tests\test_windows_replaceable_reader_process.py,line=145,col=47::Type of parameter "record_property" is unknown (reportUnknownParameterType)
d:\a\hol-guard\hol-guard\candidate\tests\test_windows_replaceable_reader_process.py:145:47 - warning: Type annotation is missing for parameter "record_property" (reportMissingParameterType)
::warning file=d%3A\a\hol-guard\hol-guard\candidate\tests\test_windows_replaceable_reader_process.py,line=145,col=47::Type annotation is missing for parameter "record_property" (reportMissingParameterType)
d:\a\hol-guard\hol-guard\candidate\tests\test_windows_replaceable_reader_process.py:187:30 - warning: Type of "output" is Any (reportAny)
::warning file=d%3A\a\hol-guard\hol-guard\candidate\tests\test_windows_replaceable_reader_process.py,line=187,col=30::Type of "output" is Any (reportAny)
d:\a\hol-guard\hol-guard\candidate\tests\test_windows_replaceable_reader_process.py:200:33 - warning: "_note_cleanup_failure" is private and used outside of the module in which it is declared (reportPrivateUsage)
::warning file=d%3A\a\hol-guard\hol-guard\candidate\tests\test_windows_replaceable_reader_process.py,line=200,col=33::"_note_cleanup_failure" is private and used outside of the module in which it is declared (reportPrivateUsage)
d:\a\hol-guard\hol-guard\candidate\tests\test_windows_replaceable_reader_process.py:209:9 - warning: Type of "report" is Any (reportAny)
::warning file=d%3A\a\hol-guard\hol-guard\candidate\tests\test_windows_replaceable_reader_process.py,line=209,col=9::Type of "report" is Any (reportAny)
d:\a\hol-guard\hol-guard\candidate\tests\test_windows_replaceable_reader_process.py:209:55 - warning: Argument type is partially unknown
  Argument corresponds to parameter "object_pairs_hook" in function "loads"
  Argument type is "(pairs: Unknown) -> dict[Unknown, Unknown]" (reportUnknownArgumentType)
::warning file=d%3A\a\hol-guard\hol-guard\candidate\tests\test_windows_replaceable_reader_process.py,line=209,col=55::Argument type is partially unknown%0A  Argument corresponds to parameter "object_pairs_hook" in function "loads"%0A  Argument type is "(pairs: Unknown) -> dict[Unknown, Unknown]" (reportUnknownArgumentType)
d:\a\hol-guard\hol-guard\candidate\tests\test_windows_replaceable_reader_process.py:223:12 - warning: Return type, "tuple[int | Any, dict[Unknown, Unknown] | Any | None]", is partially unknown (reportUnknownVariableType)
::warning file=d%3A\a\hol-guard\hol-guard\candidate\tests\test_windows_replaceable_reader_process.py,line=223,col=12::Return type, "tuple[int | Any, dict[Unknown, Unknown] | Any | None]", is partially unknown (reportUnknownVariableType)
d:\a\hol-guard\hol-guard\candidate\tests\test_windows_replaceable_reader_process.py:228:14 - warning: Type annotation for attribute `entered` is required because this class is not decorated with `@final` (reportUnannotatedClassAttribute)
::warning file=d%3A\a\hol-guard\hol-guard\candidate\tests\test_windows_replaceable_reader_process.py,line=228,col=14::Type annotation for attribute `entered` is required because this class is not decorated with `@final` (reportUnannotatedClassAttribute)
d:\a\hol-guard\hol-guard\candidate\tests\test_windows_replaceable_reader_process.py:229:14 - warning: Type annotation for attribute `release` is required because this class is not decorated with `@final` (reportUnannotatedClassAttribute)
::warning file=d%3A\a\hol-guard\hol-guard\candidate\tests\test_windows_replaceable_reader_process.py,line=229,col=14::Type annotation for attribute `release` is required because this class is not decorated with `@final` (reportUnannotatedClassAttribute)
d:\a\hol-guard\hol-guard\candidate\tests\test_windows_replaceable_reader_process.py:230:14 - warning: Type annotation for attribute `closed` is required because this class is not decorated with `@final` (reportUnannotatedClassAttribute)
::warning file=d%3A\a\hol-guard\hol-guard\candidate\tests\test_windows_replaceable_reader_process.py,line=230,col=14::Type annotation for attribute `closed` is required because this class is not decorated with `@final` (reportUnannotatedClassAttribute)
d:\a\hol-guard\hol-guard\candidate\tests\test_windows_replaceable_reader_process.py:236:21 - warning: Type of parameter "descriptor" is unknown (reportUnknownParameterType)
::warning file=d%3A\a\hol-guard\hol-guard\candidate\tests\test_windows_replaceable_reader_process.py,line=236,col=21::Type of parameter "descriptor" is unknown (reportUnknownParameterType)
d:\a\hol-guard\hol-guard\candidate\tests\test_windows_replaceable_reader_process.py:236:21 - warning: Type annotation is missing for parameter "descriptor" (reportMissingParameterType)
::warning file=d%3A\a\hol-guard\hol-guard\candidate\tests\test_windows_replaceable_reader_process.py,line=236,col=21::Type annotation is missing for parameter "descriptor" (reportMissingParameterType)
d:\a\hol-guard\hol-guard\candidate\tests\test_windows_replaceable_reader_process.py:240:47 - warning: Argument type is unknown
  Argument corresponds to parameter "fd" in function "get_inheritable" (reportUnknownArgumentType)
::warning file=d%3A\a\hol-guard\hol-guard\candidate\tests\test_windows_replaceable_reader_process.py,line=240,col=47::Argument type is unknown%0A  Argument corresponds to parameter "fd" in function "get_inheritable" (reportUnknownArgumentType)
d:\a\hol-guard\hol-guard\candidate\tests\test_windows_replaceable_reader_process.py:241:29 - warning: Argument type is unknown
  Argument corresponds to parameter "fd" in function "fstat" (reportUnknownArgumentType)
::warning file=d%3A\a\hol-guard\hol-guard\candidate\tests\test_windows_replaceable_reader_process.py,line=241,col=29::Argument type is unknown%0A  Argument corresponds to parameter "fd" in function "fstat" (reportUnknownArgumentType)
d:\a\hol-guard\hol-guard\candidate\tests\test_windows_replaceable_reader_process.py:249:24 - warning: Type of parameter "held" is unknown (reportUnknownParameterType)
::warning file=d%3A\a\hol-guard\hol-guard\candidate\tests\test_windows_replaceable_reader_process.py,line=249,col=24::Type of parameter "held" is unknown (reportUnknownParameterType)
d:\a\hol-guard\hol-guard\candidate\tests\test_windows_replaceable_reader_process.py:249:24 - warning: Type annotation is missing for parameter "held" (reportMissingParameterType)
::warning file=d%3A\a\hol-guard\hol-guard\candidate\tests\test_windows_replaceable_reader_process.py,line=249,col=24::Type annotation is missing for parameter "held" (reportMissingParameterType)
d:\a\hol-guard\hol-guard\candidate\tests\test_windows_replaceable_reader_process.py:250:14 - warning: Type annotation for attribute `held` is required because this class is not decorated with `@final` (reportUnannotatedClassAttribute)
::warning file=d%3A\a\hol-guard\hol-guard\candidate\tests\test_windows_replaceable_reader_process.py,line=250,col=14::Type annotation for attribute `held` is required because this class is not decorated with `@final` (reportUnannotatedClassAttribute)
d:\a\hol-guard\hol-guard\candidate\tests\test_windows_replaceable_reader_process.py:252:9 - warning: Return type is Any (reportAny)
::warning file=d%3A\a\hol-guard\hol-guard\candidate\tests\test_windows_replaceable_reader_process.py,line=252,col=9::Return type is Any (reportAny)
d:\a\hol-guard\hol-guard\candidate\tests\test_windows_replaceable_reader_process.py:252:27 - warning: Type of parameter "name" is unknown (reportUnknownParameterType)
::warning file=d%3A\a\hol-guard\hol-guard\candidate\tests\test_windows_replaceable_reader_process.py,line=252,col=27::Type of parameter "name" is unknown (reportUnknownParameterType)
d:\a\hol-guard\hol-guard\candidate\tests\test_windows_replaceable_reader_process.py:252:27 - warning: Type annotation is missing for parameter "name" (reportMissingParameterType)
::warning file=d%3A\a\hol-guard\hol-guard\candidate\tests\test_windows_replaceable_reader_process.py,line=252,col=27::Type annotation is missing for parameter "name" (reportMissingParameterType)
d:\a\hol-guard\hol-guard\candidate\tests\test_windows_replaceable_reader_process.py:253:16 - warning: Return type is Any (reportAny)
::warning file=d%3A\a\hol-guard\hol-guard\candidate\tests\test_windows_replaceable_reader_process.py,line=253,col=16::Return type is Any (reportAny)
d:\a\hol-guard\hol-guard\candidate\tests\test_windows_replaceable_reader_process.py:253:28 - warning: Argument type is unknown
  Argument corresponds to parameter "name" in function "getattr" (reportUnknownArgumentType)
::warning file=d%3A\a\hol-guard\hol-guard\candidate\tests\test_windows_replaceable_reader_process.py,line=253,col=28::Argument type is unknown%0A  Argument corresponds to parameter "name" in function "getattr" (reportUnknownArgumentType)
d:\a\hol-guard\hol-guard\candidate\tests\test_windows_replaceable_reader_process.py:255:20 - warning: Type of parameter "descriptor" is unknown (reportUnknownParameterType)
::warning file=d%3A\a\hol-guard\hol-guard\candidate\tests\test_windows_replaceable_reader_process.py,line=255,col=20::Type of parameter "descriptor" is unknown (reportUnknownParameterType)
d:\a\hol-guard\hol-guard\candidate\tests\test_windows_replaceable_reader_process.py:255:20 - warning: Type annotation is missing for parameter "descriptor" (reportMissingParameterType)
::warning file=d%3A\a\hol-guard\hol-guard\candidate\tests\test_windows_replaceable_reader_process.py,line=255,col=20::Type annotation is missing for parameter "descriptor" (reportMissingParameterType)
d:\a\hol-guard\hol-guard\candidate\tests\test_windows_replaceable_reader_process.py:255:32 - warning: Type of parameter "maximum" is unknown (reportUnknownParameterType)
::warning file=d%3A\a\hol-guard\hol-guard\candidate\tests\test_windows_replaceable_reader_process.py,line=255,col=32::Type of parameter "maximum" is unknown (reportUnknownParameterType)
d:\a\hol-guard\hol-guard\candidate\tests\test_windows_replaceable_reader_process.py:255:32 - warning: Type annotation is missing for parameter "maximum" (reportMissingParameterType)
::warning file=d%3A\a\hol-guard\hol-guard\candidate\tests\test_windows_replaceable_reader_process.py,line=255,col=32::Type annotation is missing for parameter "maximum" (reportMissingParameterType)
d:\a\hol-guard\hol-guard\candidate\tests\test_windows_replaceable_reader_process.py:256:9 - warning: Type of "pause" is unknown (reportUnknownMemberType)
::warning file=d%3A\a\hol-guard\hol-guard\candidate\tests\test_windows_replaceable_reader_process.py,line=256,col=9::Type of "pause" is unknown (reportUnknownMemberType)
d:\a\hol-guard\hol-guard\candidate\tests\test_windows_replaceable_reader_process.py:257:24 - warning: Argument type is unknown
  Argument corresponds to parameter "fd" in function "read" (reportUnknownArgumentType)
::warning file=d%3A\a\hol-guard\hol-guard\candidate\tests\test_windows_replaceable_reader_process.py,line=257,col=24::Argument type is unknown%0A  Argument corresponds to parameter "fd" in function "read" (reportUnknownArgumentType)
d:\a\hol-guard\hol-guard\candidate\tests\test_windows_replaceable_reader_process.py:257:36 - warning: Argument type is unknown
  Argument corresponds to parameter "length" in function "read" (reportUnknownArgumentType)
::warning file=d%3A\a\hol-guard\hol-guard\candidate\tests\test_windows_replaceable_reader_process.py,line=257,col=36::Argument type is unknown%0A  Argument corresponds to parameter "length" in function "read" (reportUnknownArgumentType)
d:\a\hol-guard\hol-guard\candidate\tests\test_windows_replaceable_reader_process.py:259:21 - warning: Type of parameter "descriptor" is unknown (reportUnknownParameterType)
::warning file=d%3A\a\hol-guard\hol-guard\candidate\tests\test_windows_replaceable_reader_process.py,line=259,col=21::Type of parameter "descriptor" is unknown (reportUnknownParameterType)
d:\a\hol-guard\hol-guard\candidate\tests\test_windows_replaceable_reader_process.py:259:21 - warning: Type annotation is missing for parameter "descriptor" (reportMissingParameterType)
::warning file=d%3A\a\hol-guard\hol-guard\candidate\tests\test_windows_replaceable_reader_process.py,line=259,col=21::Type annotation is missing for parameter "descriptor" (reportMissingParameterType)
d:\a\hol-guard\hol-guard\candidate\tests\test_windows_replaceable_reader_process.py:260:18 - warning: Argument type is unknown
  Argument corresponds to parameter "fd" in function "close" (reportUnknownArgumentType)
::warning file=d%3A\a\hol-guard\hol-guard\candidate\tests\test_windows_replaceable_reader_process.py,line=260,col=18::Argument type is unknown%0A  Argument corresponds to parameter "fd" in function "close" (reportUnknownArgumentType)
d:\a\hol-guard\hol-guard\candidate\tests\test_windows_replaceable_reader_process.py:261:26 - warning: Type of "descriptor" is unknown (reportUnknownMemberType)
::warning file=d%3A\a\hol-guard\hol-guard\candidate\tests\test_windows_replaceable_reader_process.py,line=261,col=26::Type of "descriptor" is unknown (reportUnknownMemberType)
d:\a\hol-guard\hol-guard\candidate\tests\test_windows_replaceable_reader_process.py:261:76 - warning: Type of "owner" is unknown (reportUnknownMemberType)
::warning file=d%3A\a\hol-guard\hol-guard\candidate\tests\test_windows_replaceable_reader_process.py,line=261,col=76::Type of "owner" is unknown (reportUnknownMemberType)
d:\a\hol-guard\hol-guard\candidate\tests\test_windows_replaceable_reader_process.py:262:13 - warning: Type of "closed" is unknown (reportUnknownMemberType)
::warning file=d%3A\a\hol-guard\hol-guard\candidate\tests\test_windows_replaceable_reader_process.py,line=262,col=13::Type of "closed" is unknown (reportUnknownMemberType)
d:\a\hol-guard\hol-guard\candidate\tests\test_windows_replaceable_reader_process.py:262:13 - warning: Type of "set" is unknown (reportUnknownMemberType)
::warning file=d%3A\a\hol-guard\hol-guard\candidate\tests\test_windows_replaceable_reader_process.py,line=262,col=13::Type of "set" is unknown (reportUnknownMemberType)
d:\a\hol-guard\hol-guard\candidate\tests\test_windows_replaceable_reader_process.py:266:24 - warning: Type of parameter "handle" is unknown (reportUnknownParameterType)
::warning file=d%3A\a\hol-guard\hol-guard\candidate\tests\test_windows_replaceable_reader_process.py,line=266,col=24::Type of parameter "handle" is unknown (reportUnknownParameterType)
d:\a\hol-guard\hol-guard\candidate\tests\test_windows_replaceable_reader_process.py:266:24 - warning: Type annotation is missing for parameter "handle" (reportMissingParameterType)
::warning file=d%3A\a\hol-guard\hol-guard\candidate\tests\test_windows_replaceable_reader_process.py,line=266,col=24::Type annotation is missing for parameter "handle" (reportMissingParameterType)
d:\a\hol-guard\hol-guard\candidate\tests\test_windows_replaceable_reader_process.py:266:32 - warning: Type of parameter "held" is unknown (reportUnknownParameterType)
::warning file=d%3A\a\hol-guard\hol-guard\candidate\tests\test_windows_replaceable_reader_process.py,line=266,col=32::Type of parameter "held" is unknown (reportUnknownParameterType)
d:\a\hol-guard\hol-guard\candidate\tests\test_windows_replaceable_reader_process.py:266:32 - warning: Type annotation is missing for parameter "held" (reportMissingParameterType)
::warning file=d%3A\a\hol-guard\hol-guard\candidate\tests\test_windows_replaceable_reader_process.py,line=266,col=32::Type annotation is missing for parameter "held" (reportMissingParameterType)
d:\a\hol-guard\hol-guard\candidate\tests\test_windows_replaceable_reader_process.py:267:14 - warning: Type annotation for attribute `handle` is required because this class is not decorated with `@final` (reportUnannotatedClassAttribute)
::warning file=d%3A\a\hol-guard\hol-guard\candidate\tests\test_windows_replaceable_reader_process.py,line=267,col=14::Type annotation for attribute `handle` is required because this class is not decorated with `@final` (reportUnannotatedClassAttribute)
d:\a\hol-guard\hol-guard\candidate\tests\test_windows_replaceable_reader_process.py:268:14 - warning: Type annotation for attribute `held` is required because this class is not decorated with `@final` (reportUnannotatedClassAttribute)
::warning file=d%3A\a\hol-guard\hol-guard\candidate\tests\test_windows_replaceable_reader_process.py,line=268,col=14::Type annotation for attribute `held` is required because this class is not decorated with `@final` (reportUnannotatedClassAttribute)
d:\a\hol-guard\hol-guard\candidate\tests\test_windows_replaceable_reader_process.py:271:9 - warning: Type of "__enter__" is unknown (reportUnknownMemberType)
::warning file=d%3A\a\hol-guard\hol-guard\candidate\tests\test_windows_replaceable_reader_process.py,line=271,col=9::Type of "__enter__" is unknown (reportUnknownMemberType)
d:\a\hol-guard\hol-guard\candidate\tests\test_windows_replaceable_reader_process.py:274:9 - warning: Return type is unknown (reportUnknownParameterType)
::warning file=d%3A\a\hol-guard\hol-guard\candidate\tests\test_windows_replaceable_reader_process.py,line=274,col=9::Return type is unknown (reportUnknownParameterType)
d:\a\hol-guard\hol-guard\candidate\tests\test_windows_replaceable_reader_process.py:275:9 - warning: Type of "pause" is unknown (reportUnknownMemberType)
::warning file=d%3A\a\hol-guard\hol-guard\candidate\tests\test_windows_replaceable_reader_process.py,line=275,col=9::Type of "pause" is unknown (reportUnknownMemberType)
d:\a\hol-guard\hol-guard\candidate\tests\test_windows_replaceable_reader_process.py:275:25 - warning: Type of "fileno" is unknown (reportUnknownMemberType)
::warning file=d%3A\a\hol-guard\hol-guard\candidate\tests\test_windows_replaceable_reader_process.py,line=275,col=25::Type of "fileno" is unknown (reportUnknownMemberType)
d:\a\hol-guard\hol-guard\candidate\tests\test_windows_replaceable_reader_process.py:276:16 - warning: Type of "read" is unknown (reportUnknownMemberType)
::warning file=d%3A\a\hol-guard\hol-guard\candidate\tests\test_windows_replaceable_reader_process.py,line=276,col=16::Type of "read" is unknown (reportUnknownMemberType)
d:\a\hol-guard\hol-guard\candidate\tests\test_windows_replaceable_reader_process.py:276:16 - warning: Return type is unknown (reportUnknownVariableType)
::warning file=d%3A\a\hol-guard\hol-guard\candidate\tests\test_windows_replaceable_reader_process.py,line=276,col=16::Return type is unknown (reportUnknownVariableType)
d:\a\hol-guard\hol-guard\candidate\tests\test_windows_replaceable_reader_process.py:278:9 - warning: Return type is unknown (reportUnknownParameterType)
::warning file=d%3A\a\hol-guard\hol-guard\candidate\tests\test_windows_replaceable_reader_process.py,line=278,col=9::Return type is unknown (reportUnknownParameterType)
d:\a\hol-guard\hol-guard\candidate\tests\test_windows_replaceable_reader_process.py:278:25 - warning: Type of parameter "arguments" is unknown (reportUnknownParameterType)
::warning file=d%3A\a\hol-guard\hol-guard\candidate\tests\test_windows_replaceable_reader_process.py,line=278,col=25::Type of parameter "arguments" is unknown (reportUnknownParameterType)
d:\a\hol-guard\hol-guard\candidate\tests\test_windows_replaceable_reader_process.py:278:25 - warning: Type annotation is missing for parameter "arguments" (reportMissingParameterType)
::warning file=d%3A\a\hol-guard\hol-guard\candidate\tests\test_windows_replaceable_reader_process.py,line=278,col=25::Type annotation is missing for parameter "arguments" (reportMissingParameterType)
d:\a\hol-guard\hol-guard\candidate\tests\test_windows_replaceable_reader_process.py:280:20 - warning: Type of "__exit__" is unknown (reportUnknownMemberType)
::warning file=d%3A\a\hol-guard\hol-guard\candidate\tests\test_windows_replaceable_reader_process.py,line=280,col=20::Type of "__exit__" is unknown (reportUnknownMemberType)
d:\a\hol-guard\hol-guard\candidate\tests\test_windows_replaceable_reader_process.py:280:20 - warning: Return type is unknown (reportUnknownVariableType)
::warning file=d%3A\a\hol-guard\hol-guard\candidate\tests\test_windows_replaceable_reader_process.py,line=280,col=20::Return type is unknown (reportUnknownVariableType)
d:\a\hol-guard\hol-guard\candidate\tests\test_windows_replaceable_reader_process.py:282:16 - warning: Type of "closed" is unknown (reportUnknownMemberType)
::warning file=d%3A\a\hol-guard\hol-guard\candidate\tests\test_windows_replaceable_reader_process.py,line=282,col=16::Type of "closed" is unknown (reportUnknownMemberType)
d:\a\hol-guard\hol-guard\candidate\tests\test_windows_replaceable_reader_process.py:283:17 - warning: Type of "closed" is unknown (reportUnknownMemberType)
::warning file=d%3A\a\hol-guard\hol-guard\candidate\tests\test_windows_replaceable_reader_process.py,line=283,col=17::Type of "closed" is unknown (reportUnknownMemberType)
d:\a\hol-guard\hol-guard\candidate\tests\test_windows_replaceable_reader_process.py:283:17 - warning: Type of "set" is unknown (reportUnknownMemberType)
::warning file=d%3A\a\hol-guard\hol-guard\candidate\tests\test_windows_replaceable_reader_process.py,line=283,col=17::Type of "set" is unknown (reportUnknownMemberType)
d:\a\hol-guard\hol-guard\candidate\tests\test_windows_replaceable_reader_process.py:289:5 - warning: Type of parameter "tmp_path" is unknown (reportUnknownParameterType)
::warning file=d%3A\a\hol-guard\hol-guard\candidate\tests\test_windows_replaceable_reader_process.py,line=289,col=5::Type of parameter "tmp_path" is unknown (reportUnknownParameterType)
d:\a\hol-guard\hol-guard\candidate\tests\test_windows_replaceable_reader_process.py:289:5 - warning: Type annotation is missing for parameter "tmp_path" (reportMissingParameterType)
::warning file=d%3A\a\hol-guard\hol-guard\candidate\tests\test_windows_replaceable_reader_process.py,line=289,col=5::Type annotation is missing for parameter "tmp_path" (reportMissingParameterType)
d:\a\hol-guard\hol-guard\candidate\tests\test_windows_replaceable_reader_process.py:290:5 - warning: Type of parameter "monkeypatch" is unknown (reportUnknownParameterType)
::warning file=d%3A\a\hol-guard\hol-guard\candidate\tests\test_windows_replaceable_reader_process.py,line=290,col=5::Type of parameter "monkeypatch" is unknown (reportUnknownParameterType)
d:\a\hol-guard\hol-guard\candidate\tests\test_windows_replaceable_reader_process.py:290:5 - warning: Type annotation is missing for parameter "monkeypatch" (reportMissingParameterType)
::warning file=d%3A\a\hol-guard\hol-guard\candidate\tests\test_windows_replaceable_reader_process.py,line=290,col=5::Type annotation is missing for parameter "monkeypatch" (reportMissingParameterType)
d:\a\hol-guard\hol-guard\candidate\tests\test_windows_replaceable_reader_process.py:291:5 - warning: Type of parameter "record_property" is unknown (reportUnknownParameterType)
::warning file=d%3A\a\hol-guard\hol-guard\candidate\tests\test_windows_replaceable_reader_process.py,line=291,col=5::Type of parameter "record_property" is unknown (reportUnknownParameterType)
d:\a\hol-guard\hol-guard\candidate\tests\test_windows_replaceable_reader_process.py:291:5 - warning: Type annotation is missing for parameter "record_property" (reportMissingParameterType)
::warning file=d%3A\a\hol-guard\hol-guard\candidate\tests\test_windows_replaceable_reader_process.py,line=291,col=5::Type annotation is missing for parameter "record_property" (reportMissingParameterType)
d:\a\hol-guard\hol-guard\candidate\tests\test_windows_replaceable_reader_process.py:292:5 - warning: Type of parameter "route" is unknown (reportUnknownParameterType)
::warning file=d%3A\a\hol-guard\hol-guard\candidate\tests\test_windows_replaceable_reader_process.py,line=292,col=5::Type of parameter "route" is unknown (reportUnknownParameterType)
d:\a\hol-guard\hol-guard\candidate\tests\test_windows_replaceable_reader_process.py:292:5 - warning: Type annotation is missing for parameter "route" (reportMissingParameterType)
::warning file=d%3A\a\hol-guard\hol-guard\candidate\tests\test_windows_replaceable_reader_process.py,line=292,col=5::Type annotation is missing for parameter "route" (reportMissingParameterType)
d:\a\hol-guard\hol-guard\candidate\tests\test_windows_replaceable_reader_process.py:293:5 - warning: Type of parameter "hold_crt_source" is unknown (reportUnknownParameterType)
::warning file=d%3A\a\hol-guard\hol-guard\candidate\tests\test_windows_replaceable_reader_process.py,line=293,col=5::Type of parameter "hold_crt_source" is unknown (reportUnknownParameterType)
d:\a\hol-guard\hol-guard\candidate\tests\test_windows_replaceable_reader_process.py:293:5 - warning: Type annotation is missing for parameter "hold_crt_source" (reportMissingParameterType)
::warning file=d%3A\a\hol-guard\hol-guard\candidate\tests\test_windows_replaceable_reader_process.py,line=293,col=5::Type annotation is missing for parameter "hold_crt_source" (reportMissingParameterType)
d:\a\hol-guard\hol-guard\candidate\tests\test_windows_replaceable_reader_process.py:297:5 - warning: Type of "home" is unknown (reportUnknownVariableType)
::warning file=d%3A\a\hol-guard\hol-guard\candidate\tests\test_windows_replaceable_reader_process.py,line=297,col=5::Type of "home" is unknown (reportUnknownVariableType)
d:\a\hol-guard\hol-guard\candidate\tests\test_windows_replaceable_reader_process.py:298:13 - warning: "_ensure_private_directory" is private and used outside of the module in which it is declared (reportPrivateUsage)
::warning file=d%3A\a\hol-guard\hol-guard\candidate\tests\test_windows_replaceable_reader_process.py,line=298,col=13::"_ensure_private_directory" is private and used outside of the module in which it is declared (reportPrivateUsage)
d:\a\hol-guard\hol-guard\candidate\tests\test_windows_replaceable_reader_process.py:298:39 - warning: Argument type is unknown
  Argument corresponds to parameter "path" in function "_ensure_private_directory" (reportUnknownArgumentType)
::warning file=d%3A\a\hol-guard\hol-guard\candidate\tests\test_windows_replaceable_reader_process.py,line=298,col=39::Argument type is unknown%0A  Argument corresponds to parameter "path" in function "_ensure_private_directory" (reportUnknownArgumentType)
d:\a\hol-guard\hol-guard\candidate\tests\test_windows_replaceable_reader_process.py:299:5 - warning: Type of "target" is unknown (reportUnknownVariableType)
::warning file=d%3A\a\hol-guard\hol-guard\candidate\tests\test_windows_replaceable_reader_process.py,line=299,col=5::Type of "target" is unknown (reportUnknownVariableType)
d:\a\hol-guard\hol-guard\candidate\tests\test_windows_replaceable_reader_process.py:300:13 - warning: "_write_private_atomic_text" is private and used outside of the module in which it is declared (reportPrivateUsage)
::warning file=d%3A\a\hol-guard\hol-guard\candidate\tests\test_windows_replaceable_reader_process.py,line=300,col=13::"_write_private_atomic_text" is private and used outside of the module in which it is declared (reportPrivateUsage)
d:\a\hol-guard\hol-guard\candidate\tests\test_windows_replaceable_reader_process.py:300:40 - warning: Argument type is unknown
  Argument corresponds to parameter "path" in function "_write_private_atomic_text" (reportUnknownArgumentType)
::warning file=d%3A\a\hol-guard\hol-guard\candidate\tests\test_windows_replaceable_reader_process.py,line=300,col=40::Argument type is unknown%0A  Argument corresponds to parameter "path" in function "_write_private_atomic_text" (reportUnknownArgumentType)
d:\a\hol-guard\hol-guard\candidate\tests\test_windows_replaceable_reader_process.py:301:5 - warning: Type of "before" is unknown (reportUnknownVariableType)
::warning file=d%3A\a\hol-guard\hol-guard\candidate\tests\test_windows_replaceable_reader_process.py,line=301,col=5::Type of "before" is unknown (reportUnknownVariableType)
d:\a\hol-guard\hol-guard\candidate\tests\test_windows_replaceable_reader_process.py:301:14 - warning: Type of "stat" is unknown (reportUnknownMemberType)
::warning file=d%3A\a\hol-guard\hol-guard\candidate\tests\test_windows_replaceable_reader_process.py,line=301,col=14::Type of "stat" is unknown (reportUnknownMemberType)
d:\a\hol-guard\hol-guard\candidate\tests\test_windows_replaceable_reader_process.py:302:5 - warning: Type of "old_identity" is partially unknown
  Type of "old_identity" is "tuple[Unknown, Unknown]" (reportUnknownVariableType)
::warning file=d%3A\a\hol-guard\hol-guard\candidate\tests\test_windows_replaceable_reader_process.py,line=302,col=5::Type of "old_identity" is partially unknown%0A  Type of "old_identity" is "tuple[Unknown, Unknown]" (reportUnknownVariableType)
d:\a\hol-guard\hol-guard\candidate\tests\test_windows_replaceable_reader_process.py:302:20 - warning: Type of "st_dev" is unknown (reportUnknownMemberType)
::warning file=d%3A\a\hol-guard\hol-guard\candidate\tests\test_windows_replaceable_reader_process.py,line=302,col=20::Type of "st_dev" is unknown (reportUnknownMemberType)
d:\a\hol-guard\hol-guard\candidate\tests\test_windows_replaceable_reader_process.py:302:35 - warning: Type of "st_ino" is unknown (reportUnknownMemberType)
::warning file=d%3A\a\hol-guard\hol-guard\candidate\tests\test_windows_replaceable_reader_process.py,line=302,col=35::Type of "st_ino" is unknown (reportUnknownMemberType)
d:\a\hol-guard\hol-guard\candidate\tests\test_windows_replaceable_reader_process.py:304:5 - warning: Type of "values" is partially unknown
  Type of "values" is "Queue[Unknown]" (reportUnknownVariableType)
::warning file=d%3A\a\hol-guard\hol-guard\candidate\tests\test_windows_replaceable_reader_process.py,line=304,col=5::Type of "values" is partially unknown%0A  Type of "values" is "Queue[Unknown]" (reportUnknownVariableType)
d:\a\hol-guard\hol-guard\candidate\tests\test_windows_replaceable_reader_process.py:305:5 - warning: Type of "errors" is partially unknown
  Type of "errors" is "Queue[Unknown]" (reportUnknownVariableType)
::warning file=d%3A\a\hol-guard\hol-guard\candidate\tests\test_windows_replaceable_reader_process.py,line=305,col=5::Type of "errors" is partially unknown%0A  Type of "errors" is "Queue[Unknown]" (reportUnknownVariableType)
d:\a\hol-guard\hol-guard\candidate\tests\test_windows_replaceable_reader_process.py:311:62 - warning: Argument type is unknown
  Argument corresponds to parameter "guard_home" in function "load_guard_daemon_auth_token" (reportUnknownArgumentType)
::warning file=d%3A\a\hol-guard\hol-guard\candidate\tests\test_windows_replaceable_reader_process.py,line=311,col=62::Argument type is unknown%0A  Argument corresponds to parameter "guard_home" in function "load_guard_daemon_auth_token" (reportUnknownArgumentType)
d:\a\hol-guard\hol-guard\candidate\tests\test_windows_replaceable_reader_process.py:313:48 - warning: "_private_file_text" is private and used outside of the module in which it is declared (reportPrivateUsage)
::warning file=d%3A\a\hol-guard\hol-guard\candidate\tests\test_windows_replaceable_reader_process.py,line=313,col=48::"_private_file_text" is private and used outside of the module in which it is declared (reportPrivateUsage)
d:\a\hol-guard\hol-guard\candidate\tests\test_windows_replaceable_reader_process.py:313:67 - warning: Argument type is unknown
  Argument corresponds to parameter "path" in function "_private_file_text" (reportUnknownArgumentType)
::warning file=d%3A\a\hol-guard\hol-guard\candidate\tests\test_windows_replaceable_reader_process.py,line=313,col=67::Argument type is unknown%0A  Argument corresponds to parameter "path" in function "_private_file_text" (reportUnknownArgumentType)
d:\a\hol-guard\hol-guard\candidate\tests\test_windows_replaceable_reader_process.py:314:13 - warning: Type of "put_nowait" is partially unknown
  Type of "put_nowait" is "(item: Unknown) -> None" (reportUnknownMemberType)
::warning file=d%3A\a\hol-guard\hol-guard\candidate\tests\test_windows_replaceable_reader_process.py,line=314,col=13::Type of "put_nowait" is partially unknown%0A  Type of "put_nowait" is "(item: Unknown) -> None" (reportUnknownMemberType)
d:\a\hol-guard\hol-guard\candidate\tests\test_windows_replaceable_reader_process.py:316:13 - warning: Type of "put_nowait" is partially unknown
  Type of "put_nowait" is "(item: Unknown) -> None" (reportUnknownMemberType)
::warning file=d%3A\a\hol-guard\hol-guard\candidate\tests\test_windows_replaceable_reader_process.py,line=316,col=13::Type of "put_nowait" is partially unknown%0A  Type of "put_nowait" is "(item: Unknown) -> None" (reportUnknownMemberType)
d:\a\hol-guard\hol-guard\candidate\tests\test_windows_replaceable_reader_process.py:318:9 - warning: Return type, "_TextRead | Unknown", is partially unknown (reportUnknownParameterType)
::warning file=d%3A\a\hol-guard\hol-guard\candidate\tests\test_windows_replaceable_reader_process.py,line=318,col=9::Return type, "_TextRead | Unknown", is partially unknown (reportUnknownParameterType)
d:\a\hol-guard\hol-guard\candidate\tests\test_windows_replaceable_reader_process.py:318:19 - warning: Type of parameter "path" is unknown (reportUnknownParameterType)
::warning file=d%3A\a\hol-guard\hol-guard\candidate\tests\test_windows_replaceable_reader_process.py,line=318,col=19::Type of parameter "path" is unknown (reportUnknownParameterType)
d:\a\hol-guard\hol-guard\candidate\tests\test_windows_replaceable_reader_process.py:318:19 - warning: Type annotation is missing for parameter "path" (reportMissingParameterType)
::warning file=d%3A\a\hol-guard\hol-guard\candidate\tests\test_windows_replaceable_reader_process.py,line=318,col=19::Type annotation is missing for parameter "path" (reportMissingParameterType)
d:\a\hol-guard\hol-guard\candidate\tests\test_windows_replaceable_reader_process.py:318:26 - warning: Type of parameter "arguments" is unknown (reportUnknownParameterType)
::warning file=d%3A\a\hol-guard\hol-guard\candidate\tests\test_windows_replaceable_reader_process.py,line=318,col=26::Type of parameter "arguments" is unknown (reportUnknownParameterType)
d:\a\hol-guard\hol-guard\candidate\tests\test_windows_replaceable_reader_process.py:318:26 - warning: Type annotation is missing for parameter "arguments" (reportMissingParameterType)
::warning file=d%3A\a\hol-guard\hol-guard\candidate\tests\test_windows_replaceable_reader_process.py,line=318,col=26::Type annotation is missing for parameter "arguments" (reportMissingParameterType)
d:\a\hol-guard\hol-guard\candidate\tests\test_windows_replaceable_reader_process.py:318:39 - warning: Type of parameter "keywords" is unknown (reportUnknownParameterType)
::warning file=d%3A\a\hol-guard\hol-guard\candidate\tests\test_windows_replaceable_reader_process.py,line=318,col=39::Type of parameter "keywords" is unknown (reportUnknownParameterType)
d:\a\hol-guard\hol-guard\candidate\tests\test_windows_replaceable_reader_process.py:318:39 - warning: Type annotation is missing for parameter "keywords" (reportMissingParameterType)
::warning file=d%3A\a\hol-guard\hol-guard\candidate\tests\test_windows_replaceable_reader_process.py,line=318,col=39::Type annotation is missing for parameter "keywords" (reportMissingParameterType)
d:\a\hol-guard\hol-guard\candidate\tests\test_windows_replaceable_reader_process.py:320:9 - warning: Type of "handle" is unknown (reportUnknownVariableType)
::warning file=d%3A\a\hol-guard\hol-guard\candidate\tests\test_windows_replaceable_reader_process.py,line=320,col=9::Type of "handle" is unknown (reportUnknownVariableType)
d:\a\hol-guard\hol-guard\candidate\tests\test_windows_replaceable_reader_process.py:320:32 - warning: Argument type is unknown
  Argument corresponds to parameter "file" in function "open" (reportUnknownArgumentType)
::warning file=d%3A\a\hol-guard\hol-guard\candidate\tests\test_windows_replaceable_reader_process.py,line=320,col=32::Argument type is unknown%0A  Argument corresponds to parameter "file" in function "open" (reportUnknownArgumentType)
d:\a\hol-guard\hol-guard\candidate\tests\test_windows_replaceable_reader_process.py:320:39 - warning: Argument type is unknown
  Argument corresponds to parameter "mode" in function "open" (reportUnknownArgumentType)
::warning file=d%3A\a\hol-guard\hol-guard\candidate\tests\test_windows_replaceable_reader_process.py,line=320,col=39::Argument type is unknown%0A  Argument corresponds to parameter "mode" in function "open" (reportUnknownArgumentType)
d:\a\hol-guard\hol-guard\candidate\tests\test_windows_replaceable_reader_process.py:320:39 - warning: Argument type is unknown
  Argument corresponds to parameter "buffering" in function "open" (reportUnknownArgumentType)
::warning file=d%3A\a\hol-guard\hol-guard\candidate\tests\test_windows_replaceable_reader_process.py,line=320,col=39::Argument type is unknown%0A  Argument corresponds to parameter "buffering" in function "open" (reportUnknownArgumentType)
d:\a\hol-guard\hol-guard\candidate\tests\test_windows_replaceable_reader_process.py:320:39 - warning: Argument type is unknown
  Argument corresponds to parameter "encoding" in function "open" (reportUnknownArgumentType)
::warning file=d%3A\a\hol-guard\hol-guard\candidate\tests\test_windows_replaceable_reader_process.py,line=320,col=39::Argument type is unknown%0A  Argument corresponds to parameter "encoding" in function "open" (reportUnknownArgumentType)
d:\a\hol-guard\hol-guard\candidate\tests\test_windows_replaceable_reader_process.py:320:39 - warning: Argument type is unknown
  Argument corresponds to parameter "errors" in function "open" (reportUnknownArgumentType)
::warning file=d%3A\a\hol-guard\hol-guard\candidate\tests\test_windows_replaceable_reader_process.py,line=320,col=39::Argument type is unknown%0A  Argument corresponds to parameter "errors" in function "open" (reportUnknownArgumentType)
d:\a\hol-guard\hol-guard\candidate\tests\test_windows_replaceable_reader_process.py:320:39 - warning: Argument type is unknown
  Argument corresponds to parameter "newline" in function "open" (reportUnknownArgumentType)
::warning file=d%3A\a\hol-guard\hol-guard\candidate\tests\test_windows_replaceable_reader_process.py,line=320,col=39::Argument type is unknown%0A  Argument corresponds to parameter "newline" in function "open" (reportUnknownArgumentType)
d:\a\hol-guard\hol-guard\candidate\tests\test_windows_replaceable_reader_process.py:320:39 - warning: Argument type is unknown
  Argument corresponds to parameter "closefd" in function "open" (reportUnknownArgumentType)
::warning file=d%3A\a\hol-guard\hol-guard\candidate\tests\test_windows_replaceable_reader_process.py,line=320,col=39::Argument type is unknown%0A  Argument corresponds to parameter "closefd" in function "open" (reportUnknownArgumentType)
d:\a\hol-guard\hol-guard\candidate\tests\test_windows_replaceable_reader_process.py:320:39 - warning: Argument type is unknown
  Argument corresponds to parameter "opener" in function "open" (reportUnknownArgumentType)
::warning file=d%3A\a\hol-guard\hol-guard\candidate\tests\test_windows_replaceable_reader_process.py,line=320,col=39::Argument type is unknown%0A  Argument corresponds to parameter "opener" in function "open" (reportUnknownArgumentType)
d:\a\hol-guard\hol-guard\candidate\tests\test_windows_replaceable_reader_process.py:321:17 - warning: Argument type is unknown
  Argument corresponds to parameter "args" in function "__new__" (reportUnknownArgumentType)
::warning file=d%3A\a\hol-guard\hol-guard\candidate\tests\test_windows_replaceable_reader_process.py,line=321,col=17::Argument type is unknown%0A  Argument corresponds to parameter "args" in function "__new__" (reportUnknownArgumentType)
d:\a\hol-guard\hol-guard\candidate\tests\test_windows_replaceable_reader_process.py:322:30 - warning: Argument type is unknown
  Argument corresponds to parameter "handle" in function "__init__" (reportUnknownArgumentType)
::warning file=d%3A\a\hol-guard\hol-guard\candidate\tests\test_windows_replaceable_reader_process.py,line=322,col=30::Argument type is unknown%0A  Argument corresponds to parameter "handle" in function "__init__" (reportUnknownArgumentType)
d:\a\hol-guard\hol-guard\candidate\tests\test_windows_replaceable_reader_process.py:323:16 - warning: Return type is unknown (reportUnknownVariableType)
::warning file=d%3A\a\hol-guard\hol-guard\candidate\tests\test_windows_replaceable_reader_process.py,line=323,col=16::Return type is unknown (reportUnknownVariableType)
d:\a\hol-guard\hol-guard\candidate\tests\test_windows_replaceable_reader_process.py:330:10 - warning: Type of "context" is unknown (reportUnknownMemberType)
::warning file=d%3A\a\hol-guard\hol-guard\candidate\tests\test_windows_replaceable_reader_process.py,line=330,col=10::Type of "context" is unknown (reportUnknownMemberType)
d:\a\hol-guard\hol-guard\candidate\tests\test_windows_replaceable_reader_process.py:330:35 - warning: Type of "patch" is unknown (reportUnknownVariableType)
::warning file=d%3A\a\hol-guard\hol-guard\candidate\tests\test_windows_replaceable_reader_process.py,line=330,col=35::Type of "patch" is unknown (reportUnknownVariableType)
d:\a\hol-guard\hol-guard\candidate\tests\test_windows_replaceable_reader_process.py:331:9 - warning: Type of "setattr" is unknown (reportUnknownMemberType)
::warning file=d%3A\a\hol-guard\hol-guard\candidate\tests\test_windows_replaceable_reader_process.py,line=331,col=9::Type of "setattr" is unknown (reportUnknownMemberType)
d:\a\hol-guard\hol-guard\candidate\tests\test_windows_replaceable_reader_process.py:332:9 - warning: Type of "setattr" is unknown (reportUnknownMemberType)
::warning file=d%3A\a\hol-guard\hol-guard\candidate\tests\test_windows_replaceable_reader_process.py,line=332,col=9::Type of "setattr" is unknown (reportUnknownMemberType)
d:\a\hol-guard\hol-guard\candidate\tests\test_windows_replaceable_reader_process.py:340:19 - warning: Type of "report" is partially unknown
  Type of "report" is "dict[Unknown, Unknown] | Any | None" (reportUnknownVariableType)
::warning file=d%3A\a\hol-guard\hol-guard\candidate\tests\test_windows_replaceable_reader_process.py,line=340,col=19::Type of "report" is partially unknown%0A  Type of "report" is "dict[Unknown, Unknown] | Any | None" (reportUnknownVariableType)
d:\a\hol-guard\hol-guard\candidate\tests\test_windows_replaceable_reader_process.py:341:17 - warning: Argument type is unknown
  Argument corresponds to parameter "target" in function "_run_child" (reportUnknownArgumentType)
::warning file=d%3A\a\hol-guard\hol-guard\candidate\tests\test_windows_replaceable_reader_process.py,line=341,col=17::Argument type is unknown%0A  Argument corresponds to parameter "target" in function "_run_child" (reportUnknownArgumentType)
d:\a\hol-guard\hol-guard\candidate\tests\test_windows_replaceable_reader_process.py:345:33 - warning: Argument type is unknown
  Argument corresponds to parameter "record_property" in function "_run_child" (reportUnknownArgumentType)
::warning file=d%3A\a\hol-guard\hol-guard\candidate\tests\test_windows_replaceable_reader_process.py,line=345,col=33::Argument type is unknown%0A  Argument corresponds to parameter "record_property" in function "_run_child" (reportUnknownArgumentType)
d:\a\hol-guard\hol-guard\candidate\tests\test_windows_replaceable_reader_process.py:375:5 - warning: Type of "native" is partially unknown
  Type of "native" is "Unknown | Any" (reportUnknownVariableType)
::warning file=d%3A\a\hol-guard\hol-guard\candidate\tests\test_windows_replaceable_reader_process.py,line=375,col=5::Type of "native" is partially unknown%0A  Type of "native" is "Unknown | Any" (reportUnknownVariableType)
d:\a\hol-guard\hol-guard\candidate\tests\test_windows_replaceable_reader_process.py:388:16 - warning: Type of "read_text" is unknown (reportUnknownMemberType)
::warning file=d%3A\a\hol-guard\hol-guard\candidate\tests\test_windows_replaceable_reader_process.py,line=388,col=16::Type of "read_text" is unknown (reportUnknownMemberType)
d:\a\hol-guard\hol-guard\candidate\tests\test_windows_replaceable_reader_process.py:393:16 - warning: Type of "read_text" is unknown (reportUnknownMemberType)
::warning file=d%3A\a\hol-guard\hol-guard\candidate\tests\test_windows_replaceable_reader_process.py,line=393,col=16::Type of "read_text" is unknown (reportUnknownMemberType)
d:\a\hol-guard\hol-guard\candidate\tests\test_windows_replaceable_reader_process.py:394:9 - warning: Type of "current" is unknown (reportUnknownVariableType)
::warning file=d%3A\a\hol-guard\hol-guard\candidate\tests\test_windows_replaceable_reader_process.py,line=394,col=9::Type of "current" is unknown (reportUnknownVariableType)
d:\a\hol-guard\hol-guard\candidate\tests\test_windows_replaceable_reader_process.py:394:19 - warning: Type of "stat" is unknown (reportUnknownMemberType)
::warning file=d%3A\a\hol-guard\hol-guard\candidate\tests\test_windows_replaceable_reader_process.py,line=394,col=19::Type of "stat" is unknown (reportUnknownMemberType)
d:\a\hol-guard\hol-guard\candidate\tests\test_windows_replaceable_reader_process.py:395:17 - warning: Type of "st_dev" is unknown (reportUnknownMemberType)
::warning file=d%3A\a\hol-guard\hol-guard\candidate\tests\test_windows_replaceable_reader_process.py,line=395,col=17::Type of "st_dev" is unknown (reportUnknownMemberType)
d:\a\hol-guard\hol-guard\candidate\tests\test_windows_replaceable_reader_process.py:395:33 - warning: Type of "st_ino" is unknown (reportUnknownMemberType)
::warning file=d%3A\a\hol-guard\hol-guard\candidate\tests\test_windows_replaceable_reader_process.py,line=395,col=33::Type of "st_ino" is unknown (reportUnknownMemberType)
d:\a\hol-guard\hol-guard\candidate\tests\test_windows_replaceable_reader_process.py:396:21 - warning: Type of "glob" is unknown (reportUnknownMemberType)
::warning file=d%3A\a\hol-guard\hol-guard\candidate\tests\test_windows_replaceable_reader_process.py,line=396,col=21::Type of "glob" is unknown (reportUnknownMemberType)
d:\a\hol-guard\hol-guard\candidate\tests\test_windows_replaceable_reader_process.py:396:21 - warning: Argument type is unknown
  Argument corresponds to parameter "iterable" in function "__init__" (reportUnknownArgumentType)
::warning file=d%3A\a\hol-guard\hol-guard\candidate\tests\test_windows_replaceable_reader_process.py,line=396,col=21::Argument type is unknown%0A  Argument corresponds to parameter "iterable" in function "__init__" (reportUnknownArgumentType)
d:\a\hol-guard\hol-guard\candidate\tests\test_windows_replaceable_reader_process.py:399:29 - warning: Type of parameter "tmp_path" is unknown (reportUnknownParameterType)
::warning file=d%3A\a\hol-guard\hol-guard\candidate\tests\test_windows_replaceable_reader_process.py,line=399,col=29::Type of parameter "tmp_path" is unknown (reportUnknownParameterType)
d:\a\hol-guard\hol-guard\candidate\tests\test_windows_replaceable_reader_process.py:399:29 - warning: Type annotation is missing for parameter "tmp_path" (reportMissingParameterType)
::warning file=d%3A\a\hol-guard\hol-guard\candidate\tests\test_windows_replaceable_reader_process.py,line=399,col=29::Type annotation is missing for parameter "tmp_path" (reportMissingParameterType)
d:\a\hol-guard\hol-guard\candidate\tests\test_windows_replaceable_reader_process.py:399:39 - warning: Type of parameter "record_property" is unknown (reportUnknownParameterType)
::warning file=d%3A\a\hol-guard\hol-guard\candidate\tests\test_windows_replaceable_reader_process.py,line=399,col=39::Type of parameter "record_property" is unknown (reportUnknownParameterType)
d:\a\hol-guard\hol-guard\candidate\tests\test_windows_replaceable_reader_process.py:399:39 - warning: Type annotation is missing for parameter "record_property" (reportMissingParameterType)
::warning file=d%3A\a\hol-guard\hol-guard\candidate\tests\test_windows_replaceable_reader_process.py,line=399,col=39::Type annotation is missing for parameter "record_property" (reportMissingParameterType)
d:\a\hol-guard\hol-guard\candidate\tests\test_windows_replaceable_reader_process.py:399:56 - warning: Type of parameter "default_mode" is unknown (reportUnknownParameterType)
::warning file=d%3A\a\hol-guard\hol-guard\candidate\tests\test_windows_replaceable_reader_process.py,line=399,col=56::Type of parameter "default_mode" is unknown (reportUnknownParameterType)
d:\a\hol-guard\hol-guard\candidate\tests\test_windows_replaceable_reader_process.py:399:56 - warning: Type annotation is missing for parameter "default_mode" (reportMissingParameterType)
::warning file=d%3A\a\hol-guard\hol-guard\candidate\tests\test_windows_replaceable_reader_process.py,line=399,col=56::Type annotation is missing for parameter "default_mode" (reportMissingParameterType)
d:\a\hol-guard\hol-guard\candidate\tests\test_windows_replaceable_reader_process.py:399:70 - warning: Type of parameter "route" is unknown (reportUnknownParameterType)
::warning file=d%3A\a\hol-guard\hol-guard\candidate\tests\test_windows_replaceable_reader_process.py,line=399,col=70::Type of parameter "route" is unknown (reportUnknownParameterType)
d:\a\hol-guard\hol-guard\candidate\tests\test_windows_replaceable_reader_process.py:399:70 - warning: Type annotation is missing for parameter "route" (reportMissingParameterType)
::warning file=d%3A\a\hol-guard\hol-guard\candidate\tests\test_windows_replaceable_reader_process.py,line=399,col=70::Type annotation is missing for parameter "route" (reportMissingParameterType)
d:\a\hol-guard\hol-guard\candidate\tests\test_windows_replaceable_reader_process.py:399:77 - warning: Type of parameter "refuse" is unknown (reportUnknownParameterType)
::warning file=d%3A\a\hol-guard\hol-guard\candidate\tests\test_windows_replaceable_reader_process.py,line=399,col=77::Type of parameter "refuse" is unknown (reportUnknownParameterType)
d:\a\hol-guard\hol-guard\candidate\tests\test_windows_replaceable_reader_process.py:399:77 - warning: Type annotation is missing for parameter "refuse" (reportMissingParameterType)
::warning file=d%3A\a\hol-guard\hol-guard\candidate\tests\test_windows_replaceable_reader_process.py,line=399,col=77::Type annotation is missing for parameter "refuse" (reportMissingParameterType)
d:\a\hol-guard\hol-guard\candidate\tests\test_windows_replaceable_reader_process.py:399:85 - warning: Type annotation is missing for parameter "switch_default" (reportMissingParameterType)
::warning file=d%3A\a\hol-guard\hol-guard\candidate\tests\test_windows_replaceable_reader_process.py,line=399,col=85::Type annotation is missing for parameter "switch_default" (reportMissingParameterType)
d:\a\hol-guard\hol-guard\candidate\tests\test_windows_replaceable_reader_process.py:400:5 - warning: Type of "target" is unknown (reportUnknownVariableType)
::warning file=d%3A\a\hol-guard\hol-guard\candidate\tests\test_windows_replaceable_reader_process.py,line=400,col=5::Type of "target" is unknown (reportUnknownVariableType)
d:\a\hol-guard\hol-guard\candidate\tests\test_windows_replaceable_reader_process.py:401:5 - warning: Type of "write_bytes" is unknown (reportUnknownMemberType)
::warning file=d%3A\a\hol-guard\hol-guard\candidate\tests\test_windows_replaceable_reader_process.py,line=401,col=5::Type of "write_bytes" is unknown (reportUnknownMemberType)
d:\a\hol-guard\hol-guard\candidate\tests\test_windows_replaceable_reader_process.py:402:5 - warning: Type of "extra" is partially unknown
  Type of "extra" is "list[str | Unknown]" (reportUnknownVariableType)
::warning file=d%3A\a\hol-guard\hol-guard\candidate\tests\test_windows_replaceable_reader_process.py,line=402,col=5::Type of "extra" is partially unknown%0A  Type of "extra" is "list[str | Unknown]" (reportUnknownVariableType)
d:\a\hol-guard\hol-guard\candidate\tests\test_windows_replaceable_reader_process.py:404:9 - warning: Type of "append" is partially unknown
  Type of "append" is "(object: str | Unknown, /) -> None" (reportUnknownMemberType)
::warning file=d%3A\a\hol-guard\hol-guard\candidate\tests\test_windows_replaceable_reader_process.py,line=404,col=9::Type of "append" is partially unknown%0A  Type of "append" is "(object: str | Unknown, /) -> None" (reportUnknownMemberType)
d:\a\hol-guard\hol-guard\candidate\tests\test_windows_replaceable_reader_process.py:406:9 - warning: Type of "append" is partially unknown
  Type of "append" is "(object: str | Unknown, /) -> None" (reportUnknownMemberType)
::warning file=d%3A\a\hol-guard\hol-guard\candidate\tests\test_windows_replaceable_reader_process.py,line=406,col=9::Type of "append" is partially unknown%0A  Type of "append" is "(object: str | Unknown, /) -> None" (reportUnknownMemberType)
d:\a\hol-guard\hol-guard\candidate\tests\test_windows_replaceable_reader_process.py:407:20 - warning: Type of "original" is partially unknown
  Type of "original" is "dict[Unknown, Unknown] | Any | None" (reportUnknownVariableType)
::warning file=d%3A\a\hol-guard\hol-guard\candidate\tests\test_windows_replaceable_reader_process.py,line=407,col=20::Type of "original" is partially unknown%0A  Type of "original" is "dict[Unknown, Unknown] | Any | None" (reportUnknownVariableType)
d:\a\hol-guard\hol-guard\candidate\tests\test_windows_replaceable_reader_process.py:408:9 - warning: Argument type is unknown
  Argument corresponds to parameter "target" in function "_run_child" (reportUnknownArgumentType)
::warning file=d%3A\a\hol-guard\hol-guard\candidate\tests\test_windows_replaceable_reader_process.py,line=408,col=9::Argument type is unknown%0A  Argument corresponds to parameter "target" in function "_run_child" (reportUnknownArgumentType)
d:\a\hol-guard\hol-guard\candidate\tests\test_windows_replaceable_reader_process.py:412:9 - warning: Argument type is unknown
  Argument corresponds to parameter "arguments" in function "_run_child" (reportUnknownArgumentType)
::warning file=d%3A\a\hol-guard\hol-guard\candidate\tests\test_windows_replaceable_reader_process.py,line=412,col=9::Argument type is unknown%0A  Argument corresponds to parameter "arguments" in function "_run_child" (reportUnknownArgumentType)
d:\a\hol-guard\hol-guard\candidate\tests\test_windows_replaceable_reader_process.py:413:10 - warning: Argument type is partially unknown
  Argument corresponds to parameter "arguments" in function "_run_child"
  Argument type is "str | Unknown" (reportUnknownArgumentType)
::warning file=d%3A\a\hol-guard\hol-guard\candidate\tests\test_windows_replaceable_reader_process.py,line=413,col=10::Argument type is partially unknown%0A  Argument corresponds to parameter "arguments" in function "_run_child"%0A  Argument type is "str | Unknown" (reportUnknownArgumentType)
d:\a\hol-guard\hol-guard\candidate\tests\test_windows_replaceable_reader_process.py:414:25 - warning: Argument type is unknown
  Argument corresponds to parameter "record_property" in function "_run_child" (reportUnknownArgumentType)
::warning file=d%3A\a\hol-guard\hol-guard\candidate\tests\test_windows_replaceable_reader_process.py,line=414,col=25::Argument type is unknown%0A  Argument corresponds to parameter "record_property" in function "_run_child" (reportUnknownArgumentType)
d:\a\hol-guard\hol-guard\candidate\tests\test_windows_replaceable_reader_process.py:417:21 - warning: Type of "candidate" is partially unknown
  Type of "candidate" is "dict[Unknown, Unknown] | Any | None" (reportUnknownVariableType)
::warning file=d%3A\a\hol-guard\hol-guard\candidate\tests\test_windows_replaceable_reader_process.py,line=417,col=21::Type of "candidate" is partially unknown%0A  Type of "candidate" is "dict[Unknown, Unknown] | Any | None" (reportUnknownVariableType)
d:\a\hol-guard\hol-guard\candidate\tests\test_windows_replaceable_reader_process.py:418:9 - warning: Argument type is unknown
  Argument corresponds to parameter "target" in function "_run_child" (reportUnknownArgumentType)
::warning file=d%3A\a\hol-guard\hol-guard\candidate\tests\test_windows_replaceable_reader_process.py,line=418,col=9::Argument type is unknown%0A  Argument corresponds to parameter "target" in function "_run_child" (reportUnknownArgumentType)
d:\a\hol-guard\hol-guard\candidate\tests\test_windows_replaceable_reader_process.py:422:9 - warning: Argument type is unknown
  Argument corresponds to parameter "arguments" in function "_run_child" (reportUnknownArgumentType)
::warning file=d%3A\a\hol-guard\hol-guard\candidate\tests\test_windows_replaceable_reader_process.py,line=422,col=9::Argument type is unknown%0A  Argument corresponds to parameter "arguments" in function "_run_child" (reportUnknownArgumentType)
d:\a\hol-guard\hol-guard\candidate\tests\test_windows_replaceable_reader_process.py:424:10 - warning: Argument type is partially unknown
  Argument corresponds to parameter "arguments" in function "_run_child"
  Argument type is "str | Unknown" (reportUnknownArgumentType)
::warning file=d%3A\a\hol-guard\hol-guard\candidate\tests\test_windows_replaceable_reader_process.py,line=424,col=10::Argument type is partially unknown%0A  Argument corresponds to parameter "arguments" in function "_run_child"%0A  Argument type is "str | Unknown" (reportUnknownArgumentType)
d:\a\hol-guard\hol-guard\candidate\tests\test_windows_replaceable_reader_process.py:425:25 - warning: Argument type is unknown
  Argument corresponds to parameter "record_property" in function "_run_child" (reportUnknownArgumentType)
::warning file=d%3A\a\hol-guard\hol-guard\candidate\tests\test_windows_replaceable_reader_process.py,line=425,col=25::Argument type is unknown%0A  Argument corresponds to parameter "record_property" in function "_run_child" (reportUnknownArgumentType)
d:\a\hol-guard\hol-guard\candidate\tests\test_windows_replaceable_reader_process.py:436:16 - warning: Argument type is unknown
  Argument corresponds to parameter "obj" in function "len" (reportUnknownArgumentType)
::warning file=d%3A\a\hol-guard\hol-guard\candidate\tests\test_windows_replaceable_reader_process.py,line=436,col=16::Argument type is unknown%0A  Argument corresponds to parameter "obj" in function "len" (reportUnknownArgumentType)
d:\a\hol-guard\hol-guard\candidate\tests\test_windows_replaceable_reader_process.py:456:50 - warning: Type of parameter "tmp_path" is unknown (reportUnknownParameterType)
::warning file=d%3A\a\hol-guard\hol-guard\candidate\tests\test_windows_replaceable_reader_process.py,line=456,col=50::Type of parameter "tmp_path" is unknown (reportUnknownParameterType)
d:\a\hol-guard\hol-guard\candidate\tests\test_windows_replaceable_reader_process.py:456:50 - warning: Type annotation is missing for parameter "tmp_path" (reportMissingParameterType)
::warning file=d%3A\a\hol-guard\hol-guard\candidate\tests\test_windows_replaceable_reader_process.py,line=456,col=50::Type annotation is missing for parameter "tmp_path" (reportMissingParameterType)
d:\a\hol-guard\hol-guard\candidate\tests\test_windows_replaceable_reader_process.py:456:60 - warning: Type of parameter "record_property" is unknown (reportUnknownParameterType)
::warning file=d%3A\a\hol-guard\hol-guard\candidate\tests\test_windows_replaceable_reader_process.py,line=456,col=60::Type of parameter "record_property" is unknown (reportUnknownParameterType)
d:\a\hol-guard\hol-guard\candidate\tests\test_windows_replaceable_reader_process.py:456:60 - warning: Type annotation is missing for parameter "record_property" (reportMissingParameterType)
::warning file=d%3A\a\hol-guard\hol-guard\candidate\tests\test_windows_replaceable_reader_process.py,line=456,col=60::Type annotation is missing for parameter "record_property" (reportMissingParameterType)
d:\a\hol-guard\hol-guard\candidate\tests\test_windows_replaceable_reader_process.py:456:77 - warning: Type of parameter "default_mode" is unknown (reportUnknownParameterType)
::warning file=d%3A\a\hol-guard\hol-guard\candidate\tests\test_windows_replaceable_reader_process.py,line=456,col=77::Type of parameter "default_mode" is unknown (reportUnknownParameterType)
d:\a\hol-guard\hol-guard\candidate\tests\test_windows_replaceable_reader_process.py:456:77 - warning: Type annotation is missing for parameter "default_mode" (reportMissingParameterType)
::warning file=d%3A\a\hol-guard\hol-guard\candidate\tests\test_windows_replaceable_reader_process.py,line=456,col=77::Type annotation is missing for parameter "default_mode" (reportMissingParameterType)
d:\a\hol-guard\hol-guard\candidate\tests\test_windows_replaceable_reader_process.py:456:91 - warning: Type of parameter "route" is unknown (reportUnknownParameterType)
::warning file=d%3A\a\hol-guard\hol-guard\candidate\tests\test_windows_replaceable_reader_process.py,line=456,col=91::Type of parameter "route" is unknown (reportUnknownParameterType)
d:\a\hol-guard\hol-guard\candidate\tests\test_windows_replaceable_reader_process.py:456:91 - warning: Type annotation is missing for parameter "route" (reportMissingParameterType)
::warning file=d%3A\a\hol-guard\hol-guard\candidate\tests\test_windows_replaceable_reader_process.py,line=456,col=91::Type annotation is missing for parameter "route" (reportMissingParameterType)
d:\a\hol-guard\hol-guard\candidate\tests\test_windows_replaceable_reader_process.py:456:98 - warning: Type of parameter "refuse" is unknown (reportUnknownParameterType)
::warning file=d%3A\a\hol-guard\hol-guard\candidate\tests\test_windows_replaceable_reader_process.py,line=456,col=98::Type of parameter "refuse" is unknown (reportUnknownParameterType)
d:\a\hol-guard\hol-guard\candidate\tests\test_windows_replaceable_reader_process.py:456:98 - warning: Type annotation is missing for parameter "refuse" (reportMissingParameterType)
::warning file=d%3A\a\hol-guard\hol-guard\candidate\tests\test_windows_replaceable_reader_process.py,line=456,col=98::Type annotation is missing for parameter "refuse" (reportMissingParameterType)
d:\a\hol-guard\hol-guard\candidate\tests\test_windows_replaceable_reader_process.py:457:29 - warning: Argument type is unknown
  Argument corresponds to parameter "tmp_path" in function "_compare_original_audit" (reportUnknownArgumentType)
::warning file=d%3A\a\hol-guard\hol-guard\candidate\tests\test_windows_replaceable_reader_process.py,line=457,col=29::Argument type is unknown%0A  Argument corresponds to parameter "tmp_path" in function "_compare_original_audit" (reportUnknownArgumentType)
d:\a\hol-guard\hol-guard\candidate\tests\test_windows_replaceable_reader_process.py:457:39 - warning: Argument type is unknown
  Argument corresponds to parameter "record_property" in function "_compare_original_audit" (reportUnknownArgumentType)
::warning file=d%3A\a\hol-guard\hol-guard\candidate\tests\test_windows_replaceable_reader_process.py,line=457,col=39::Argument type is unknown%0A  Argument corresponds to parameter "record_property" in function "_compare_original_audit" (reportUnknownArgumentType)
d:\a\hol-guard\hol-guard\candidate\tests\test_windows_replaceable_reader_process.py:457:56 - warning: Argument type is unknown
  Argument corresponds to parameter "default_mode" in function "_compare_original_audit" (reportUnknownArgumentType)
::warning file=d%3A\a\hol-guard\hol-guard\candidate\tests\test_windows_replaceable_reader_process.py,line=457,col=56::Argument type is unknown%0A  Argument corresponds to parameter "default_mode" in function "_compare_original_audit" (reportUnknownArgumentType)
d:\a\hol-guard\hol-guard\candidate\tests\test_windows_replaceable_reader_process.py:457:70 - warning: Argument type is unknown
  Argument corresponds to parameter "route" in function "_compare_original_audit" (reportUnknownArgumentType)
::warning file=d%3A\a\hol-guard\hol-guard\candidate\tests\test_windows_replaceable_reader_process.py,line=457,col=70::Argument type is unknown%0A  Argument corresponds to parameter "route" in function "_compare_original_audit" (reportUnknownArgumentType)
d:\a\hol-guard\hol-guard\candidate\tests\test_windows_replaceable_reader_process.py:457:77 - warning: Argument type is unknown
  Argument corresponds to parameter "refuse" in function "_compare_original_audit" (reportUnknownArgumentType)
::warning file=d%3A\a\hol-guard\hol-guard\candidate\tests\test_windows_replaceable_reader_process.py,line=457,col=77::Argument type is unknown%0A  Argument corresponds to parameter "refuse" in function "_compare_original_audit" (reportUnknownArgumentType)
d:\a\hol-guard\hol-guard\candidate\tests\test_windows_replaceable_reader_process.py:462:62 - warning: Type of parameter "tmp_path" is unknown (reportUnknownParameterType)
::warning file=d%3A\a\hol-guard\hol-guard\candidate\tests\test_windows_replaceable_reader_process.py,line=462,col=62::Type of parameter "tmp_path" is unknown (reportUnknownParameterType)
d:\a\hol-guard\hol-guard\candidate\tests\test_windows_replaceable_reader_process.py:462:62 - warning: Type annotation is missing for parameter "tmp_path" (reportMissingParameterType)
::warning file=d%3A\a\hol-guard\hol-guard\candidate\tests\test_windows_replaceable_reader_process.py,line=462,col=62::Type annotation is missing for parameter "tmp_path" (reportMissingParameterType)
d:\a\hol-guard\hol-guard\candidate\tests\test_windows_replaceable_reader_process.py:462:72 - warning: Type of parameter "record_property" is unknown (reportUnknownParameterType)
::warning file=d%3A\a\hol-guard\hol-guard\candidate\tests\test_windows_replaceable_reader_process.py,line=462,col=72::Type of parameter "record_property" is unknown (reportUnknownParameterType)
d:\a\hol-guard\hol-guard\candidate\tests\test_windows_replaceable_reader_process.py:462:72 - warning: Type annotation is missing for parameter "record_property" (reportMissingParameterType)
::warning file=d%3A\a\hol-guard\hol-guard\candidate\tests\test_windows_replaceable_reader_process.py,line=462,col=72::Type annotation is missing for parameter "record_property" (reportMissingParameterType)
d:\a\hol-guard\hol-guard\candidate\tests\test_windows_replaceable_reader_process.py:462:89 - warning: Type of parameter "default_mode" is unknown (reportUnknownParameterType)
::warning file=d%3A\a\hol-guard\hol-guard\candidate\tests\test_windows_replaceable_reader_process.py,line=462,col=89::Type of parameter "default_mode" is unknown (reportUnknownParameterType)
d:\a\hol-guard\hol-guard\candidate\tests\test_windows_replaceable_reader_process.py:462:89 - warning: Type annotation is missing for parameter "default_mode" (reportMissingParameterType)
::warning file=d%3A\a\hol-guard\hol-guard\candidate\tests\test_windows_replaceable_reader_process.py,line=462,col=89::Type annotation is missing for parameter "default_mode" (reportMissingParameterType)
d:\a\hol-guard\hol-guard\candidate\tests\test_windows_replaceable_reader_process.py:462:103 - warning: Type of parameter "route" is unknown (reportUnknownParameterType)
::warning file=d%3A\a\hol-guard\hol-guard\candidate\tests\test_windows_replaceable_reader_process.py,line=462,col=103::Type of parameter "route" is unknown (reportUnknownParameterType)
d:\a\hol-guard\hol-guard\candidate\tests\test_windows_replaceable_reader_process.py:462:103 - warning: Type annotation is missing for parameter "route" (reportMissingParameterType)
::warning file=d%3A\a\hol-guard\hol-guard\candidate\tests\test_windows_replaceable_reader_process.py,line=462,col=103::Type annotation is missing for parameter "route" (reportMissingParameterType)
d:\a\hol-guard\hol-guard\candidate\tests\test_windows_replaceable_reader_process.py:463:29 - warning: Argument type is unknown
  Argument corresponds to parameter "tmp_path" in function "_compare_original_audit" (reportUnknownArgumentType)
::warning file=d%3A\a\hol-guard\hol-guard\candidate\tests\test_windows_replaceable_reader_process.py,line=463,col=29::Argument type is unknown%0A  Argument corresponds to parameter "tmp_path" in function "_compare_original_audit" (reportUnknownArgumentType)
d:\a\hol-guard\hol-guard\candidate\tests\test_windows_replaceable_reader_process.py:463:39 - warning: Argument type is unknown
  Argument corresponds to parameter "record_property" in function "_compare_original_audit" (reportUnknownArgumentType)
::warning file=d%3A\a\hol-guard\hol-guard\candidate\tests\test_windows_replaceable_reader_process.py,line=463,col=39::Argument type is unknown%0A  Argument corresponds to parameter "record_property" in function "_compare_original_audit" (reportUnknownArgumentType)
d:\a\hol-guard\hol-guard\candidate\tests\test_windows_replaceable_reader_process.py:463:56 - warning: Argument type is unknown
  Argument corresponds to parameter "default_mode" in function "_compare_original_audit" (reportUnknownArgumentType)
::warning file=d%3A\a\hol-guard\hol-guard\candidate\tests\test_windows_replaceable_reader_process.py,line=463,col=56::Argument type is unknown%0A  Argument corresponds to parameter "default_mode" in function "_compare_original_audit" (reportUnknownArgumentType)
d:\a\hol-guard\hol-guard\candidate\tests\test_windows_replaceable_reader_process.py:463:70 - warning: Argument type is unknown
  Argument corresponds to parameter "route" in function "_compare_original_audit" (reportUnknownArgumentType)
::warning file=d%3A\a\hol-guard\hol-guard\candidate\tests\test_windows_replaceable_reader_process.py,line=463,col=70::Argument type is unknown%0A  Argument corresponds to parameter "route" in function "_compare_original_audit" (reportUnknownArgumentType)
d:\a\hol-guard\hol-guard\candidate\tests\test_windows_replaceable_unicode_crt.py:14:5 - warning: Type annotation for attribute `name` is required because this class is not decorated with `@final` (reportUnannotatedClassAttribute)
::warning file=d%3A\a\hol-guard\hol-guard\candidate\tests\test_windows_replaceable_unicode_crt.py,line=14,col=5::Type annotation for attribute `name` is required because this class is not decorated with `@final` (reportUnannotatedClassAttribute)
d:\a\hol-guard\hol-guard\candidate\tests\test_windows_replaceable_unicode_crt.py:15:5 - warning: Type annotation for attribute `O_BINARY` is required because this class is not decorated with `@final` (reportUnannotatedClassAttribute)
::warning file=d%3A\a\hol-guard\hol-guard\candidate\tests\test_windows_replaceable_unicode_crt.py,line=15,col=5::Type annotation for attribute `O_BINARY` is required because this class is not decorated with `@final` (reportUnannotatedClassAttribute)
d:\a\hol-guard\hol-guard\candidate\tests\test_windows_replaceable_unicode_crt.py:16:5 - warning: Type annotation for attribute `O_TEXT` is required because this class is not decorated with `@final` (reportUnannotatedClassAttribute)
::warning file=d%3A\a\hol-guard\hol-guard\candidate\tests\test_windows_replaceable_unicode_crt.py,line=16,col=5::Type annotation for attribute `O_TEXT` is required because this class is not decorated with `@final` (reportUnannotatedClassAttribute)
d:\a\hol-guard\hol-guard\candidate\tests\test_windows_replaceable_unicode_crt.py:17:5 - warning: Type annotation for attribute `O_NOINHERIT` is required because this class is not decorated with `@final` (reportUnannotatedClassAttribute)
::warning file=d%3A\a\hol-guard\hol-guard\candidate\tests\test_windows_replaceable_unicode_crt.py,line=17,col=5::Type annotation for attribute `O_NOINHERIT` is required because this class is not decorated with `@final` (reportUnannotatedClassAttribute)
d:\a\hol-guard\hol-guard\candidate\tests\test_windows_replaceable_unicode_crt.py:28:9 - warning: Return type is Any (reportAny)
::warning file=d%3A\a\hol-guard\hol-guard\candidate\tests\test_windows_replaceable_unicode_crt.py,line=28,col=9::Return type is Any (reportAny)
d:\a\hol-guard\hol-guard\candidate\tests\test_windows_replaceable_unicode_crt.py:28:41 - warning: Type `Any` is not allowed (reportExplicitAny)
::warning file=d%3A\a\hol-guard\hol-guard\candidate\tests\test_windows_replaceable_unicode_crt.py,line=28,col=41::Type `Any` is not allowed (reportExplicitAny)
d:\a\hol-guard\hol-guard\candidate\tests\test_windows_replaceable_unicode_crt.py:29:16 - warning: Return type is Any (reportAny)
::warning file=d%3A\a\hol-guard\hol-guard\candidate\tests\test_windows_replaceable_unicode_crt.py,line=29,col=16::Return type is Any (reportAny)
d:\a\hol-guard\hol-guard\candidate\tests\test_windows_replaceable_unicode_crt.py:34:14 - warning: Type annotation for attribute `mode` is required because this class is not decorated with `@final` (reportUnannotatedClassAttribute)
::warning file=d%3A\a\hol-guard\hol-guard\candidate\tests\test_windows_replaceable_unicode_crt.py,line=34,col=14::Type annotation for attribute `mode` is required because this class is not decorated with `@final` (reportUnannotatedClassAttribute)
d:\a\hol-guard\hol-guard\candidate\tests\test_windows_replaceable_unicode_crt.py:35:14 - warning: Type annotation for attribute `descriptor` is required because this class is not decorated with `@final` (reportUnannotatedClassAttribute)
::warning file=d%3A\a\hol-guard\hol-guard\candidate\tests\test_windows_replaceable_unicode_crt.py,line=35,col=14::Type annotation for attribute `descriptor` is required because this class is not decorated with `@final` (reportUnannotatedClassAttribute)
d:\a\hol-guard\hol-guard\candidate\tests\test_windows_replaceable_unicode_crt.py:36:14 - warning: Type annotation for attribute `error_number` is required because this class is not decorated with `@final` (reportUnannotatedClassAttribute)
::warning file=d%3A\a\hol-guard\hol-guard\candidate\tests\test_windows_replaceable_unicode_crt.py,line=36,col=14::Type annotation for attribute `error_number` is required because this class is not decorated with `@final` (reportUnannotatedClassAttribute)
d:\a\hol-guard\hol-guard\candidate\tests\test_windows_replaceable_unicode_crt.py:37:14 - warning: Type annotation for attribute `previous` is required because this class is not decorated with `@final` (reportUnannotatedClassAttribute)
::warning file=d%3A\a\hol-guard\hol-guard\candidate\tests\test_windows_replaceable_unicode_crt.py,line=37,col=14::Type annotation for attribute `previous` is required because this class is not decorated with `@final` (reportUnannotatedClassAttribute)
d:\a\hol-guard\hol-guard\candidate\tests\test_windows_replaceable_unicode_crt.py:38:32 - warning: Type `Any` is not allowed (reportExplicitAny)
::warning file=d%3A\a\hol-guard\hol-guard\candidate\tests\test_windows_replaceable_unicode_crt.py,line=38,col=32::Type `Any` is not allowed (reportExplicitAny)
d:\a\hol-guard\hol-guard\candidate\tests\test_windows_replaceable_unicode_crt.py:45:14 - warning: Type annotation for attribute `_guard_silent_invalid_parameter_handler` is required because this class is not decorated with `@final` (reportUnannotatedClassAttribute)
::warning file=d%3A\a\hol-guard\hol-guard\candidate\tests\test_windows_replaceable_unicode_crt.py,line=45,col=14::Type annotation for attribute `_guard_silent_invalid_parameter_handler` is required because this class is not decorated with `@final` (reportUnannotatedClassAttribute)
d:\a\hol-guard\hol-guard\candidate\tests\test_windows_replaceable_unicode_crt.py:46:14 - warning: Type annotation for attribute `quiet` is required because this class is not decorated with `@final` (reportUnannotatedClassAttribute)
::warning file=d%3A\a\hol-guard\hol-guard\candidate\tests\test_windows_replaceable_unicode_crt.py,line=46,col=14::Type annotation for attribute `quiet` is required because this class is not decorated with `@final` (reportUnannotatedClassAttribute)
d:\a\hol-guard\hol-guard\candidate\tests\test_windows_replaceable_unicode_crt.py:48:26 - warning: Type of parameter "pointer" is Any (reportAny)
::warning file=d%3A\a\hol-guard\hol-guard\candidate\tests\test_windows_replaceable_unicode_crt.py,line=48,col=26::Type of parameter "pointer" is Any (reportAny)
d:\a\hol-guard\hol-guard\candidate\tests\test_windows_replaceable_unicode_crt.py:48:35 - warning: Type `Any` is not allowed (reportExplicitAny)
::warning file=d%3A\a\hol-guard\hol-guard\candidate\tests\test_windows_replaceable_unicode_crt.py,line=48,col=35::Type `Any` is not allowed (reportExplicitAny)
d:\a\hol-guard\hol-guard\candidate\tests\test_windows_replaceable_unicode_crt.py:50:21 - warning: Argument type is Any
  Argument corresponds to parameter "obj" in function "cast" (reportAny)
::warning file=d%3A\a\hol-guard\hol-guard\candidate\tests\test_windows_replaceable_unicode_crt.py,line=50,col=21::Argument type is Any%0A  Argument corresponds to parameter "obj" in function "cast" (reportAny)
d:\a\hol-guard\hol-guard\candidate\tests\test_windows_replaceable_unicode_crt.py:53:59 - warning: Type of parameter "value" is Any (reportAny)
::warning file=d%3A\a\hol-guard\hol-guard\candidate\tests\test_windows_replaceable_unicode_crt.py,line=53,col=59::Type of parameter "value" is Any (reportAny)
d:\a\hol-guard\hol-guard\candidate\tests\test_windows_replaceable_unicode_crt.py:53:66 - warning: Type `Any` is not allowed (reportExplicitAny)
::warning file=d%3A\a\hol-guard\hol-guard\candidate\tests\test_windows_replaceable_unicode_crt.py,line=53,col=66::Type `Any` is not allowed (reportExplicitAny)
d:\a\hol-guard\hol-guard\candidate\tests\test_windows_replaceable_unicode_crt.py:60:13 - warning: Result of call expression is of type "int" and is not used; assign to variable "_" if this is intentional (reportUnusedCallResult)
::warning file=d%3A\a\hol-guard\hol-guard\candidate\tests\test_windows_replaceable_unicode_crt.py,line=60,col=13::Result of call expression is of type "int" and is not used; assign to variable "_" if this is intentional (reportUnusedCallResult)
d:\a\hol-guard\hol-guard\candidate\tests\test_windows_replaceable_unicode_crt.py:69:9 - warning: Result of call expression is of type "int" and is not used; assign to variable "_" if this is intentional (reportUnusedCallResult)
::warning file=d%3A\a\hol-guard\hol-guard\candidate\tests\test_windows_replaceable_unicode_crt.py,line=69,col=9::Result of call expression is of type "int" and is not used; assign to variable "_" if this is intentional (reportUnusedCallResult)
d:\a\hol-guard\hol-guard\candidate\tests\test_windows_replaceable_unicode_crt.py:74:18 - warning: Type of parameter "monkeypatch" is unknown (reportUnknownParameterType)
::warning file=d%3A\a\hol-guard\hol-guard\candidate\tests\test_windows_replaceable_unicode_crt.py,line=74,col=18::Type of parameter "monkeypatch" is unknown (reportUnknownParameterType)
d:\a\hol-guard\hol-guard\candidate\tests\test_windows_replaceable_unicode_crt.py:74:18 - warning: Type annotation is missing for parameter "monkeypatch" (reportMissingParameterType)
::warning file=d%3A\a\hol-guard\hol-guard\candidate\tests\test_windows_replaceable_unicode_crt.py,line=74,col=18::Type annotation is missing for parameter "monkeypatch" (reportMissingParameterType)
d:\a\hol-guard\hol-guard\candidate\tests\test_windows_replaceable_unicode_crt.py:76:24 - warning: Type `Any` is not allowed (reportExplicitAny)
::warning file=d%3A\a\hol-guard\hol-guard\candidate\tests\test_windows_replaceable_unicode_crt.py,line=76,col=24::Type `Any` is not allowed (reportExplicitAny)
d:\a\hol-guard\hol-guard\candidate\tests\test_windows_replaceable_unicode_crt.py:77:5 - warning: Type of "setattr" is unknown (reportUnknownMemberType)
::warning file=d%3A\a\hol-guard\hol-guard\candidate\tests\test_windows_replaceable_unicode_crt.py,line=77,col=5::Type of "setattr" is unknown (reportUnknownMemberType)
d:\a\hol-guard\hol-guard\candidate\tests\test_windows_replaceable_unicode_crt.py:78:5 - warning: Type of "setattr" is unknown (reportUnknownMemberType)
::warning file=d%3A\a\hol-guard\hol-guard\candidate\tests\test_windows_replaceable_unicode_crt.py,line=78,col=5::Type of "setattr" is unknown (reportUnknownMemberType)
d:\a\hol-guard\hol-guard\candidate\tests\test_windows_replaceable_unicode_crt.py:78:70 - warning: Type of parameter "args" is partially unknown (reportUnknownLambdaType)
::warning file=d%3A\a\hol-guard\hol-guard\candidate\tests\test_windows_replaceable_unicode_crt.py,line=78,col=70::Type of parameter "args" is partially unknown (reportUnknownLambdaType)
d:\a\hol-guard\hol-guard\candidate\tests\test_windows_replaceable_unicode_crt.py:78:90 - warning: Argument type is partially unknown
  Argument corresponds to parameter "object" in function "append"
  Argument type is "tuple[Unknown, ...]" (reportUnknownArgumentType)
::warning file=d%3A\a\hol-guard\hol-guard\candidate\tests\test_windows_replaceable_unicode_crt.py,line=78,col=90::Argument type is partially unknown%0A  Argument corresponds to parameter "object" in function "append"%0A  Argument type is "tuple[Unknown, ...]" (reportUnknownArgumentType)
d:\a\hol-guard\hol-guard\candidate\tests\test_windows_replaceable_unicode_crt.py:79:5 - warning: Type of "setattr" is unknown (reportUnknownMemberType)
::warning file=d%3A\a\hol-guard\hol-guard\candidate\tests\test_windows_replaceable_unicode_crt.py,line=79,col=5::Type of "setattr" is unknown (reportUnknownMemberType)
d:\a\hol-guard\hol-guard\candidate\tests\test_windows_replaceable_unicode_crt.py:84:5 - warning: Type of "setattr" is unknown (reportUnknownMemberType)
::warning file=d%3A\a\hol-guard\hol-guard\candidate\tests\test_windows_replaceable_unicode_crt.py,line=84,col=5::Type of "setattr" is unknown (reportUnknownMemberType)
d:\a\hol-guard\hol-guard\candidate\tests\test_windows_replaceable_unicode_crt.py:88:72 - warning: Type of parameter "unicode_open" is unknown (reportUnknownParameterType)
::warning file=d%3A\a\hol-guard\hol-guard\candidate\tests\test_windows_replaceable_unicode_crt.py,line=88,col=72::Type of parameter "unicode_open" is unknown (reportUnknownParameterType)
d:\a\hol-guard\hol-guard\candidate\tests\test_windows_replaceable_unicode_crt.py:88:72 - warning: Type annotation is missing for parameter "unicode_open" (reportMissingParameterType)
::warning file=d%3A\a\hol-guard\hol-guard\candidate\tests\test_windows_replaceable_unicode_crt.py,line=88,col=72::Type annotation is missing for parameter "unicode_open" (reportMissingParameterType)
d:\a\hol-guard\hol-guard\candidate\tests\test_windows_replaceable_unicode_crt.py:89:5 - warning: Type of "crt" is unknown (reportUnknownVariableType)
::warning file=d%3A\a\hol-guard\hol-guard\candidate\tests\test_windows_replaceable_unicode_crt.py,line=89,col=5::Type of "crt" is unknown (reportUnknownVariableType)
d:\a\hol-guard\hol-guard\candidate\tests\test_windows_replaceable_unicode_crt.py:89:10 - warning: Type of "windows" is unknown (reportUnknownVariableType)
::warning file=d%3A\a\hol-guard\hol-guard\candidate\tests\test_windows_replaceable_unicode_crt.py,line=89,col=10::Type of "windows" is unknown (reportUnknownVariableType)
d:\a\hol-guard\hol-guard\candidate\tests\test_windows_replaceable_unicode_crt.py:89:19 - warning: Type of "events" is unknown (reportUnknownVariableType)
::warning file=d%3A\a\hol-guard\hol-guard\candidate\tests\test_windows_replaceable_unicode_crt.py,line=89,col=19::Type of "events" is unknown (reportUnknownVariableType)
d:\a\hol-guard\hol-guard\candidate\tests\test_windows_replaceable_unicode_crt.py:92:12 - warning: Type of "calls" is unknown (reportUnknownMemberType)
::warning file=d%3A\a\hol-guard\hol-guard\candidate\tests\test_windows_replaceable_unicode_crt.py,line=92,col=12::Type of "calls" is unknown (reportUnknownMemberType)
d:\a\hol-guard\hol-guard\candidate\tests\test_windows_replaceable_unicode_crt.py:94:21 - warning: Type of "quiet" is unknown (reportUnknownMemberType)
::warning file=d%3A\a\hol-guard\hol-guard\candidate\tests\test_windows_replaceable_unicode_crt.py,line=94,col=21::Type of "quiet" is unknown (reportUnknownMemberType)
d:\a\hol-guard\hol-guard\candidate\tests\test_windows_replaceable_unicode_crt.py:98:12 - warning: Type of "closed" is unknown (reportUnknownMemberType)
::warning file=d%3A\a\hol-guard\hol-guard\candidate\tests\test_windows_replaceable_unicode_crt.py,line=98,col=12::Type of "closed" is unknown (reportUnknownMemberType)
d:\a\hol-guard\hol-guard\candidate\tests\test_windows_replaceable_unicode_crt.py:102:70 - warning: Type of parameter "unicode_open" is unknown (reportUnknownParameterType)
::warning file=d%3A\a\hol-guard\hol-guard\candidate\tests\test_windows_replaceable_unicode_crt.py,line=102,col=70::Type of parameter "unicode_open" is unknown (reportUnknownParameterType)
d:\a\hol-guard\hol-guard\candidate\tests\test_windows_replaceable_unicode_crt.py:102:70 - warning: Type annotation is missing for parameter "unicode_open" (reportMissingParameterType)
::warning file=d%3A\a\hol-guard\hol-guard\candidate\tests\test_windows_replaceable_unicode_crt.py,line=102,col=70::Type annotation is missing for parameter "unicode_open" (reportMissingParameterType)
d:\a\hol-guard\hol-guard\candidate\tests\test_windows_replaceable_unicode_crt.py:102:84 - warning: Type of parameter "error_number" is unknown (reportUnknownParameterType)
::warning file=d%3A\a\hol-guard\hol-guard\candidate\tests\test_windows_replaceable_unicode_crt.py,line=102,col=84::Type of parameter "error_number" is unknown (reportUnknownParameterType)
d:\a\hol-guard\hol-guard\candidate\tests\test_windows_replaceable_unicode_crt.py:102:84 - warning: Type annotation is missing for parameter "error_number" (reportMissingParameterType)
::warning file=d%3A\a\hol-guard\hol-guard\candidate\tests\test_windows_replaceable_unicode_crt.py,line=102,col=84::Type annotation is missing for parameter "error_number" (reportMissingParameterType)
d:\a\hol-guard\hol-guard\candidate\tests\test_windows_replaceable_unicode_crt.py:103:5 - warning: Type of "crt" is unknown (reportUnknownVariableType)
::warning file=d%3A\a\hol-guard\hol-guard\candidate\tests\test_windows_replaceable_unicode_crt.py,line=103,col=5::Type of "crt" is unknown (reportUnknownVariableType)
d:\a\hol-guard\hol-guard\candidate\tests\test_windows_replaceable_unicode_crt.py:103:10 - warning: Type of "windows" is unknown (reportUnknownVariableType)
::warning file=d%3A\a\hol-guard\hol-guard\candidate\tests\test_windows_replaceable_unicode_crt.py,line=103,col=10::Type of "windows" is unknown (reportUnknownVariableType)
d:\a\hol-guard\hol-guard\candidate\tests\test_windows_replaceable_unicode_crt.py:103:19 - warning: Type of "events" is unknown (reportUnknownVariableType)
::warning file=d%3A\a\hol-guard\hol-guard\candidate\tests\test_windows_replaceable_unicode_crt.py,line=103,col=19::Type of "events" is unknown (reportUnknownVariableType)
d:\a\hol-guard\hol-guard\candidate\tests\test_windows_replaceable_unicode_crt.py:106:9 - warning: Result of call expression is of type "int" and is not used; assign to variable "_" if this is intentional (reportUnusedCallResult)
::warning file=d%3A\a\hol-guard\hol-guard\candidate\tests\test_windows_replaceable_unicode_crt.py,line=106,col=9::Result of call expression is of type "int" and is not used; assign to variable "_" if this is intentional (reportUnusedCallResult)
d:\a\hol-guard\hol-guard\candidate\tests\test_windows_replaceable_unicode_crt.py:107:24 - warning: Argument type is unknown
  Argument corresponds to parameter "args" in function "__init__" (reportUnknownArgumentType)
::warning file=d%3A\a\hol-guard\hol-guard\candidate\tests\test_windows_replaceable_unicode_crt.py,line=107,col=24::Argument type is unknown%0A  Argument corresponds to parameter "args" in function "__init__" (reportUnknownArgumentType)
d:\a\hol-guard\hol-guard\candidate\tests\test_windows_replaceable_unicode_crt.py:107:50 - warning: Argument type is unknown
  Argument corresponds to parameter "code" in function "strerror" (reportUnknownArgumentType)
::warning file=d%3A\a\hol-guard\hol-guard\candidate\tests\test_windows_replaceable_unicode_crt.py,line=107,col=50::Argument type is unknown%0A  Argument corresponds to parameter "code" in function "strerror" (reportUnknownArgumentType)
d:\a\hol-guard\hol-guard\candidate\tests\test_windows_replaceable_unicode_crt.py:110:12 - warning: Type of "filename" is Any (reportAny)
::warning file=d%3A\a\hol-guard\hol-guard\candidate\tests\test_windows_replaceable_unicode_crt.py,line=110,col=12::Type of "filename" is Any (reportAny)
d:\a\hol-guard\hol-guard\candidate\tests\test_windows_replaceable_unicode_crt.py:110:37 - warning: Type of "filename" is Any (reportAny)
::warning file=d%3A\a\hol-guard\hol-guard\candidate\tests\test_windows_replaceable_unicode_crt.py,line=110,col=37::Type of "filename" is Any (reportAny)
d:\a\hol-guard\hol-guard\candidate\tests\test_windows_replaceable_unicode_crt.py:112:12 - warning: Type of "calls" is unknown (reportUnknownMemberType)
::warning file=d%3A\a\hol-guard\hol-guard\candidate\tests\test_windows_replaceable_unicode_crt.py,line=112,col=12::Type of "calls" is unknown (reportUnknownMemberType)
d:\a\hol-guard\hol-guard\candidate\tests\test_windows_replaceable_unicode_crt.py:113:12 - warning: Type of "closed" is unknown (reportUnknownMemberType)
::warning file=d%3A\a\hol-guard\hol-guard\candidate\tests\test_windows_replaceable_unicode_crt.py,line=113,col=12::Type of "closed" is unknown (reportUnknownMemberType)
d:\a\hol-guard\hol-guard\candidate\tests\test_windows_replaceable_unicode_crt.py:114:16 - warning: Argument type is unknown
  Argument corresponds to parameter "obj" in function "len" (reportUnknownArgumentType)
::warning file=d%3A\a\hol-guard\hol-guard\candidate\tests\test_windows_replaceable_unicode_crt.py,line=114,col=16::Argument type is unknown%0A  Argument corresponds to parameter "obj" in function "len" (reportUnknownArgumentType)
d:\a\hol-guard\hol-guard\candidate\tests\test_windows_replaceable_unicode_crt.py:117:67 - warning: Type of parameter "unicode_open" is unknown (reportUnknownParameterType)
::warning file=d%3A\a\hol-guard\hol-guard\candidate\tests\test_windows_replaceable_unicode_crt.py,line=117,col=67::Type of parameter "unicode_open" is unknown (reportUnknownParameterType)
d:\a\hol-guard\hol-guard\candidate\tests\test_windows_replaceable_unicode_crt.py:117:67 - warning: Type annotation is missing for parameter "unicode_open" (reportMissingParameterType)
::warning file=d%3A\a\hol-guard\hol-guard\candidate\tests\test_windows_replaceable_unicode_crt.py,line=117,col=67::Type annotation is missing for parameter "unicode_open" (reportMissingParameterType)
d:\a\hol-guard\hol-guard\candidate\tests\test_windows_replaceable_unicode_crt.py:118:5 - warning: Type of "crt" is unknown (reportUnknownVariableType)
::warning file=d%3A\a\hol-guard\hol-guard\candidate\tests\test_windows_replaceable_unicode_crt.py,line=118,col=5::Type of "crt" is unknown (reportUnknownVariableType)
d:\a\hol-guard\hol-guard\candidate\tests\test_windows_replaceable_unicode_crt.py:118:10 - warning: Type of "windows" is unknown (reportUnknownVariableType)
::warning file=d%3A\a\hol-guard\hol-guard\candidate\tests\test_windows_replaceable_unicode_crt.py,line=118,col=10::Type of "windows" is unknown (reportUnknownVariableType)
d:\a\hol-guard\hol-guard\candidate\tests\test_windows_replaceable_unicode_crt.py:118:19 - warning: Type of "_events" is unknown (reportUnknownVariableType)
::warning file=d%3A\a\hol-guard\hol-guard\candidate\tests\test_windows_replaceable_unicode_crt.py,line=118,col=19::Type of "_events" is unknown (reportUnknownVariableType)
d:\a\hol-guard\hol-guard\candidate\tests\test_windows_replaceable_unicode_crt.py:123:9 - warning: Result of call expression is of type "int" and is not used; assign to variable "_" if this is intentional (reportUnusedCallResult)
::warning file=d%3A\a\hol-guard\hol-guard\candidate\tests\test_windows_replaceable_unicode_crt.py,line=123,col=9::Result of call expression is of type "int" and is not used; assign to variable "_" if this is intentional (reportUnusedCallResult)
d:\a\hol-guard\hol-guard\candidate\tests\test_windows_replaceable_unicode_crt.py:131:12 - warning: Type of "calls" is unknown (reportUnknownMemberType)
::warning file=d%3A\a\hol-guard\hol-guard\candidate\tests\test_windows_replaceable_unicode_crt.py,line=131,col=12::Type of "calls" is unknown (reportUnknownMemberType)
d:\a\hol-guard\hol-guard\candidate\tests\test_windows_replaceable_unicode_crt.py:132:12 - warning: Type of "closed" is unknown (reportUnknownMemberType)
::warning file=d%3A\a\hol-guard\hol-guard\candidate\tests\test_windows_replaceable_unicode_crt.py,line=132,col=12::Type of "closed" is unknown (reportUnknownMemberType)
d:\a\hol-guard\hol-guard\candidate\tests\test_windows_replaceable_unicode_crt.py:135:72 - warning: Type of parameter "unicode_open" is unknown (reportUnknownParameterType)
::warning file=d%3A\a\hol-guard\hol-guard\candidate\tests\test_windows_replaceable_unicode_crt.py,line=135,col=72::Type of parameter "unicode_open" is unknown (reportUnknownParameterType)
d:\a\hol-guard\hol-guard\candidate\tests\test_windows_replaceable_unicode_crt.py:135:72 - warning: Type annotation is missing for parameter "unicode_open" (reportMissingParameterType)
::warning file=d%3A\a\hol-guard\hol-guard\candidate\tests\test_windows_replaceable_unicode_crt.py,line=135,col=72::Type annotation is missing for parameter "unicode_open" (reportMissingParameterType)
d:\a\hol-guard\hol-guard\candidate\tests\test_windows_replaceable_unicode_crt.py:136:5 - warning: Type of "crt" is unknown (reportUnknownVariableType)
::warning file=d%3A\a\hol-guard\hol-guard\candidate\tests\test_windows_replaceable_unicode_crt.py,line=136,col=5::Type of "crt" is unknown (reportUnknownVariableType)
d:\a\hol-guard\hol-guard\candidate\tests\test_windows_replaceable_unicode_crt.py:136:10 - warning: Type of "windows" is unknown (reportUnknownVariableType)
::warning file=d%3A\a\hol-guard\hol-guard\candidate\tests\test_windows_replaceable_unicode_crt.py,line=136,col=10::Type of "windows" is unknown (reportUnknownVariableType)
d:\a\hol-guard\hol-guard\candidate\tests\test_windows_replaceable_unicode_crt.py:136:19 - warning: Type of "_events" is unknown (reportUnknownVariableType)
::warning file=d%3A\a\hol-guard\hol-guard\candidate\tests\test_windows_replaceable_unicode_crt.py,line=136,col=19::Type of "_events" is unknown (reportUnknownVariableType)
d:\a\hol-guard\hol-guard\candidate\tests\test_windows_replaceable_unicode_crt.py:140:9 - warning: Result of call expression is of type "int" and is not used; assign to variable "_" if this is intentional (reportUnusedCallResult)
::warning file=d%3A\a\hol-guard\hol-guard\candidate\tests\test_windows_replaceable_unicode_crt.py,line=140,col=9::Result of call expression is of type "int" and is not used; assign to variable "_" if this is intentional (reportUnusedCallResult)
d:\a\hol-guard\hol-guard\candidate\tests\test_windows_replaceable_unicode_crt.py:142:12 - warning: Type of "closed" is unknown (reportUnknownMemberType)
::warning file=d%3A\a\hol-guard\hol-guard\candidate\tests\test_windows_replaceable_unicode_crt.py,line=142,col=12::Type of "closed" is unknown (reportUnknownMemberType)
d:\a\hol-guard\hol-guard\candidate\tests\test_windows_replaceable_unicode_crt.py:143:12 - warning: Type of "calls" is unknown (reportUnknownMemberType)
::warning file=d%3A\a\hol-guard\hol-guard\candidate\tests\test_windows_replaceable_unicode_crt.py,line=143,col=12::Type of "calls" is unknown (reportUnknownMemberType)
d:\a\hol-guard\hol-guard\candidate\tests\test_windows_replaceable_unicode_crt.py:146:76 - warning: Type of parameter "unicode_open" is unknown (reportUnknownParameterType)
::warning file=d%3A\a\hol-guard\hol-guard\candidate\tests\test_windows_replaceable_unicode_crt.py,line=146,col=76::Type of parameter "unicode_open" is unknown (reportUnknownParameterType)
d:\a\hol-guard\hol-guard\candidate\tests\test_windows_replaceable_unicode_crt.py:146:76 - warning: Type annotation is missing for parameter "unicode_open" (reportMissingParameterType)
::warning file=d%3A\a\hol-guard\hol-guard\candidate\tests\test_windows_replaceable_unicode_crt.py,line=146,col=76::Type annotation is missing for parameter "unicode_open" (reportMissingParameterType)
d:\a\hol-guard\hol-guard\candidate\tests\test_windows_replaceable_unicode_crt.py:147:5 - warning: Type of "crt" is unknown (reportUnknownVariableType)
::warning file=d%3A\a\hol-guard\hol-guard\candidate\tests\test_windows_replaceable_unicode_crt.py,line=147,col=5::Type of "crt" is unknown (reportUnknownVariableType)
d:\a\hol-guard\hol-guard\candidate\tests\test_windows_replaceable_unicode_crt.py:147:10 - warning: Type of "windows" is unknown (reportUnknownVariableType)
::warning file=d%3A\a\hol-guard\hol-guard\candidate\tests\test_windows_replaceable_unicode_crt.py,line=147,col=10::Type of "windows" is unknown (reportUnknownVariableType)
d:\a\hol-guard\hol-guard\candidate\tests\test_windows_replaceable_unicode_crt.py:147:19 - warning: Type of "_events" is unknown (reportUnknownVariableType)
::warning file=d%3A\a\hol-guard\hol-guard\candidate\tests\test_windows_replaceable_unicode_crt.py,line=147,col=19::Type of "_events" is unknown (reportUnknownVariableType)
d:\a\hol-guard\hol-guard\candidate\tests\test_windows_replaceable_unicode_crt.py:152:9 - warning: Result of call expression is of type "int" and is not used; assign to variable "_" if this is intentional (reportUnusedCallResult)
::warning file=d%3A\a\hol-guard\hol-guard\candidate\tests\test_windows_replaceable_unicode_crt.py,line=152,col=9::Result of call expression is of type "int" and is not used; assign to variable "_" if this is intentional (reportUnusedCallResult)
d:\a\hol-guard\hol-guard\candidate\tests\test_windows_replaceable_unicode_crt.py:156:12 - warning: Type of "closed" is unknown (reportUnknownMemberType)
::warning file=d%3A\a\hol-guard\hol-guard\candidate\tests\test_windows_replaceable_unicode_crt.py,line=156,col=12::Type of "closed" is unknown (reportUnknownMemberType)
d:\a\hol-guard\hol-guard\candidate\tests\test_windows_replaceable_unicode_crt.py:159:68 - warning: Type of parameter "unicode_open" is unknown (reportUnknownParameterType)
::warning file=d%3A\a\hol-guard\hol-guard\candidate\tests\test_windows_replaceable_unicode_crt.py,line=159,col=68::Type of parameter "unicode_open" is unknown (reportUnknownParameterType)
d:\a\hol-guard\hol-guard\candidate\tests\test_windows_replaceable_unicode_crt.py:159:68 - warning: Type annotation is missing for parameter "unicode_open" (reportMissingParameterType)
::warning file=d%3A\a\hol-guard\hol-guard\candidate\tests\test_windows_replaceable_unicode_crt.py,line=159,col=68::Type annotation is missing for parameter "unicode_open" (reportMissingParameterType)
d:\a\hol-guard\hol-guard\candidate\tests\test_windows_replaceable_unicode_crt.py:160:5 - warning: Type of "crt" is unknown (reportUnknownVariableType)
::warning file=d%3A\a\hol-guard\hol-guard\candidate\tests\test_windows_replaceable_unicode_crt.py,line=160,col=5::Type of "crt" is unknown (reportUnknownVariableType)
d:\a\hol-guard\hol-guard\candidate\tests\test_windows_replaceable_unicode_crt.py:160:10 - warning: Type of "windows" is unknown (reportUnknownVariableType)
::warning file=d%3A\a\hol-guard\hol-guard\candidate\tests\test_windows_replaceable_unicode_crt.py,line=160,col=10::Type of "windows" is unknown (reportUnknownVariableType)
d:\a\hol-guard\hol-guard\candidate\tests\test_windows_replaceable_unicode_crt.py:160:19 - warning: Type of "events" is unknown (reportUnknownVariableType)
::warning file=d%3A\a\hol-guard\hol-guard\candidate\tests\test_windows_replaceable_unicode_crt.py,line=160,col=19::Type of "events" is unknown (reportUnknownVariableType)
d:\a\hol-guard\hol-guard\candidate\tests\test_windows_replaceable_unicode_crt.py:164:9 - warning: Result of call expression is of type "int" and is not used; assign to variable "_" if this is intentional (reportUnusedCallResult)
::warning file=d%3A\a\hol-guard\hol-guard\candidate\tests\test_windows_replaceable_unicode_crt.py,line=164,col=9::Result of call expression is of type "int" and is not used; assign to variable "_" if this is intentional (reportUnusedCallResult)
d:\a\hol-guard\hol-guard\candidate\tests\test_windows_replaceable_unicode_crt.py:166:12 - warning: Type of "calls" is unknown (reportUnknownMemberType)
::warning file=d%3A\a\hol-guard\hol-guard\candidate\tests\test_windows_replaceable_unicode_crt.py,line=166,col=12::Type of "calls" is unknown (reportUnknownMemberType)
d:\a\hol-guard\hol-guard\candidate\tests\test_windows_replaceable_unicode_crt.py:166:57 - warning: Type of "quiet" is unknown (reportUnknownMemberType)
::warning file=d%3A\a\hol-guard\hol-guard\candidate\tests\test_windows_replaceable_unicode_crt.py,line=166,col=57::Type of "quiet" is unknown (reportUnknownMemberType)
d:\a\hol-guard\hol-guard\candidate\tests\test_windows_replaceable_unicode_crt.py:167:12 - warning: Type of "closed" is unknown (reportUnknownMemberType)
::warning file=d%3A\a\hol-guard\hol-guard\candidate\tests\test_windows_replaceable_unicode_crt.py,line=167,col=12::Type of "closed" is unknown (reportUnknownMemberType)
d:\a\hol-guard\hol-guard\candidate\tests\test_windows_replaceable_unicode_crt.py:168:16 - warning: Argument type is unknown
  Argument corresponds to parameter "obj" in function "len" (reportUnknownArgumentType)
::warning file=d%3A\a\hol-guard\hol-guard\candidate\tests\test_windows_replaceable_unicode_crt.py,line=168,col=16::Argument type is unknown%0A  Argument corresponds to parameter "obj" in function "len" (reportUnknownArgumentType)
d:\a\hol-guard\hol-guard\candidate\tests\test_windows_replaceable_unicode_crt.py:171:68 - warning: Type of parameter "unicode_open" is unknown (reportUnknownParameterType)
::warning file=d%3A\a\hol-guard\hol-guard\candidate\tests\test_windows_replaceable_unicode_crt.py,line=171,col=68::Type of parameter "unicode_open" is unknown (reportUnknownParameterType)
d:\a\hol-guard\hol-guard\candidate\tests\test_windows_replaceable_unicode_crt.py:171:68 - warning: Type annotation is missing for parameter "unicode_open" (reportMissingParameterType)
::warning file=d%3A\a\hol-guard\hol-guard\candidate\tests\test_windows_replaceable_unicode_crt.py,line=171,col=68::Type annotation is missing for parameter "unicode_open" (reportMissingParameterType)
d:\a\hol-guard\hol-guard\candidate\tests\test_windows_replaceable_unicode_crt.py:171:82 - warning: Type of parameter "monkeypatch" is unknown (reportUnknownParameterType)
::warning file=d%3A\a\hol-guard\hol-guard\candidate\tests\test_windows_replaceable_unicode_crt.py,line=171,col=82::Type of parameter "monkeypatch" is unknown (reportUnknownParameterType)
d:\a\hol-guard\hol-guard\candidate\tests\test_windows_replaceable_unicode_crt.py:171:82 - warning: Type annotation is missing for parameter "monkeypatch" (reportMissingParameterType)
::warning file=d%3A\a\hol-guard\hol-guard\candidate\tests\test_windows_replaceable_unicode_crt.py,line=171,col=82::Type annotation is missing for parameter "monkeypatch" (reportMissingParameterType)
d:\a\hol-guard\hol-guard\candidate\tests\test_windows_replaceable_unicode_crt.py:172:5 - warning: Type of "crt" is unknown (reportUnknownVariableType)
::warning file=d%3A\a\hol-guard\hol-guard\candidate\tests\test_windows_replaceable_unicode_crt.py,line=172,col=5::Type of "crt" is unknown (reportUnknownVariableType)
d:\a\hol-guard\hol-guard\candidate\tests\test_windows_replaceable_unicode_crt.py:172:10 - warning: Type of "windows" is unknown (reportUnknownVariableType)
::warning file=d%3A\a\hol-guard\hol-guard\candidate\tests\test_windows_replaceable_unicode_crt.py,line=172,col=10::Type of "windows" is unknown (reportUnknownVariableType)
d:\a\hol-guard\hol-guard\candidate\tests\test_windows_replaceable_unicode_crt.py:172:19 - warning: Type of "_events" is unknown (reportUnknownVariableType)
::warning file=d%3A\a\hol-guard\hol-guard\candidate\tests\test_windows_replaceable_unicode_crt.py,line=172,col=19::Type of "_events" is unknown (reportUnknownVariableType)
d:\a\hol-guard\hol-guard\candidate\tests\test_windows_replaceable_unicode_crt.py:175:17 - warning: Type of parameter "_arguments" is unknown (reportUnknownParameterType)
::warning file=d%3A\a\hol-guard\hol-guard\candidate\tests\test_windows_replaceable_unicode_crt.py,line=175,col=17::Type of parameter "_arguments" is unknown (reportUnknownParameterType)
d:\a\hol-guard\hol-guard\candidate\tests\test_windows_replaceable_unicode_crt.py:175:17 - warning: Type annotation is missing for parameter "_arguments" (reportMissingParameterType)
::warning file=d%3A\a\hol-guard\hol-guard\candidate\tests\test_windows_replaceable_unicode_crt.py,line=175,col=17::Type annotation is missing for parameter "_arguments" (reportMissingParameterType)
d:\a\hol-guard\hol-guard\candidate\tests\test_windows_replaceable_unicode_crt.py:178:5 - warning: Type of "setattr" is unknown (reportUnknownMemberType)
::warning file=d%3A\a\hol-guard\hol-guard\candidate\tests\test_windows_replaceable_unicode_crt.py,line=178,col=5::Type of "setattr" is unknown (reportUnknownMemberType)
d:\a\hol-guard\hol-guard\candidate\tests\test_windows_replaceable_unicode_crt.py:180:9 - warning: Result of call expression is of type "int" and is not used; assign to variable "_" if this is intentional (reportUnusedCallResult)
::warning file=d%3A\a\hol-guard\hol-guard\candidate\tests\test_windows_replaceable_unicode_crt.py,line=180,col=9::Result of call expression is of type "int" and is not used; assign to variable "_" if this is intentional (reportUnusedCallResult)
d:\a\hol-guard\hol-guard\candidate\tests\test_windows_replaceable_unicode_crt.py:182:12 - warning: Type of "calls" is unknown (reportUnknownMemberType)
::warning file=d%3A\a\hol-guard\hol-guard\candidate\tests\test_windows_replaceable_unicode_crt.py,line=182,col=12::Type of "calls" is unknown (reportUnknownMemberType)
d:\a\hol-guard\hol-guard\candidate\tests\test_windows_replaceable_unicode_crt.py:182:25 - warning: Type of "closed" is unknown (reportUnknownMemberType)
::warning file=d%3A\a\hol-guard\hol-guard\candidate\tests\test_windows_replaceable_unicode_crt.py,line=182,col=25::Type of "closed" is unknown (reportUnknownMemberType)
d:\a\hol-guard\hol-guard\candidate\tests\test_windows_replaceable_unicode_crt.py:185:66 - warning: Type of parameter "unicode_open" is unknown (reportUnknownParameterType)
::warning file=d%3A\a\hol-guard\hol-guard\candidate\tests\test_windows_replaceable_unicode_crt.py,line=185,col=66::Type of parameter "unicode_open" is unknown (reportUnknownParameterType)
d:\a\hol-guard\hol-guard\candidate\tests\test_windows_replaceable_unicode_crt.py:185:66 - warning: Type annotation is missing for parameter "unicode_open" (reportMissingParameterType)
::warning file=d%3A\a\hol-guard\hol-guard\candidate\tests\test_windows_replaceable_unicode_crt.py,line=185,col=66::Type annotation is missing for parameter "unicode_open" (reportMissingParameterType)
d:\a\hol-guard\hol-guard\candidate\tests\test_windows_replaceable_unicode_crt.py:185:80 - warning: Type of parameter "monkeypatch" is unknown (reportUnknownParameterType)
::warning file=d%3A\a\hol-guard\hol-guard\candidate\tests\test_windows_replaceable_unicode_crt.py,line=185,col=80::Type of parameter "monkeypatch" is unknown (reportUnknownParameterType)
d:\a\hol-guard\hol-guard\candidate\tests\test_windows_replaceable_unicode_crt.py:185:80 - warning: Type annotation is missing for parameter "monkeypatch" (reportMissingParameterType)
::warning file=d%3A\a\hol-guard\hol-guard\candidate\tests\test_windows_replaceable_unicode_crt.py,line=185,col=80::Type annotation is missing for parameter "monkeypatch" (reportMissingParameterType)
d:\a\hol-guard\hol-guard\candidate\tests\test_windows_replaceable_unicode_crt.py:186:5 - warning: Type of "crt" is unknown (reportUnknownVariableType)
::warning file=d%3A\a\hol-guard\hol-guard\candidate\tests\test_windows_replaceable_unicode_crt.py,line=186,col=5::Type of "crt" is unknown (reportUnknownVariableType)
d:\a\hol-guard\hol-guard\candidate\tests\test_windows_replaceable_unicode_crt.py:186:10 - warning: Type of "windows" is unknown (reportUnknownVariableType)
::warning file=d%3A\a\hol-guard\hol-guard\candidate\tests\test_windows_replaceable_unicode_crt.py,line=186,col=10::Type of "windows" is unknown (reportUnknownVariableType)
d:\a\hol-guard\hol-guard\candidate\tests\test_windows_replaceable_unicode_crt.py:186:19 - warning: Type of "events" is unknown (reportUnknownVariableType)
::warning file=d%3A\a\hol-guard\hol-guard\candidate\tests\test_windows_replaceable_unicode_crt.py,line=186,col=19::Type of "events" is unknown (reportUnknownVariableType)
d:\a\hol-guard\hol-guard\candidate\tests\test_windows_replaceable_unicode_crt.py:189:16 - warning: Type of parameter "arguments" is unknown (reportUnknownParameterType)
::warning file=d%3A\a\hol-guard\hol-guard\candidate\tests\test_windows_replaceable_unicode_crt.py,line=189,col=16::Type of parameter "arguments" is unknown (reportUnknownParameterType)
d:\a\hol-guard\hol-guard\candidate\tests\test_windows_replaceable_unicode_crt.py:189:16 - warning: Type annotation is missing for parameter "arguments" (reportMissingParameterType)
::warning file=d%3A\a\hol-guard\hol-guard\candidate\tests\test_windows_replaceable_unicode_crt.py,line=189,col=16::Type annotation is missing for parameter "arguments" (reportMissingParameterType)
d:\a\hol-guard\hol-guard\candidate\tests\test_windows_replaceable_unicode_crt.py:190:9 - warning: Type of "append" is unknown (reportUnknownMemberType)
::warning file=d%3A\a\hol-guard\hol-guard\candidate\tests\test_windows_replaceable_unicode_crt.py,line=190,col=9::Type of "append" is unknown (reportUnknownMemberType)
d:\a\hol-guard\hol-guard\candidate\tests\test_windows_replaceable_unicode_crt.py:193:5 - warning: Type of "setattr" is unknown (reportUnknownMemberType)
::warning file=d%3A\a\hol-guard\hol-guard\candidate\tests\test_windows_replaceable_unicode_crt.py,line=193,col=5::Type of "setattr" is unknown (reportUnknownMemberType)
d:\a\hol-guard\hol-guard\candidate\tests\test_windows_replaceable_unicode_crt.py:195:12 - warning: Type of "calls" is unknown (reportUnknownMemberType)
::warning file=d%3A\a\hol-guard\hol-guard\candidate\tests\test_windows_replaceable_unicode_crt.py,line=195,col=12::Type of "calls" is unknown (reportUnknownMemberType)
d:\a\hol-guard\hol-guard\candidate\tests\test_windows_replaceable_unicode_crt.py:196:16 - warning: Argument type is unknown
  Argument corresponds to parameter "obj" in function "len" (reportUnknownArgumentType)
::warning file=d%3A\a\hol-guard\hol-guard\candidate\tests\test_windows_replaceable_unicode_crt.py,line=196,col=16::Argument type is unknown%0A  Argument corresponds to parameter "obj" in function "len" (reportUnknownArgumentType)
d:\a\hol-guard\hol-guard\candidate\tests\test_windows_replaceable_unicode_crt.py:196:33 - warning: Type of "closed" is unknown (reportUnknownMemberType)
::warning file=d%3A\a\hol-guard\hol-guard\candidate\tests\test_windows_replaceable_unicode_crt.py,line=196,col=33::Type of "closed" is unknown (reportUnknownMemberType)
d:\a\hol-guard\hol-guard\candidate\tests\test_windows_replaceable_unicode_crt.py:199:60 - warning: Type of parameter "monkeypatch" is unknown (reportUnknownParameterType)
::warning file=d%3A\a\hol-guard\hol-guard\candidate\tests\test_windows_replaceable_unicode_crt.py,line=199,col=60::Type of parameter "monkeypatch" is unknown (reportUnknownParameterType)
d:\a\hol-guard\hol-guard\candidate\tests\test_windows_replaceable_unicode_crt.py:199:60 - warning: Type annotation is missing for parameter "monkeypatch" (reportMissingParameterType)
::warning file=d%3A\a\hol-guard\hol-guard\candidate\tests\test_windows_replaceable_unicode_crt.py,line=199,col=60::Type annotation is missing for parameter "monkeypatch" (reportMissingParameterType)
d:\a\hol-guard\hol-guard\candidate\tests\test_windows_replaceable_unicode_crt.py:200:23 - warning: Type `Any` is not allowed (reportExplicitAny)
::warning file=d%3A\a\hol-guard\hol-guard\candidate\tests\test_windows_replaceable_unicode_crt.py,line=200,col=23::Type `Any` is not allowed (reportExplicitAny)
d:\a\hol-guard\hol-guard\candidate\tests\test_windows_replaceable_unicode_crt.py:202:24 - warning: Type of parameter "flags" is unknown (reportUnknownParameterType)
::warning file=d%3A\a\hol-guard\hol-guard\candidate\tests\test_windows_replaceable_unicode_crt.py,line=202,col=24::Type of parameter "flags" is unknown (reportUnknownParameterType)
d:\a\hol-guard\hol-guard\candidate\tests\test_windows_replaceable_unicode_crt.py:202:24 - warning: Type annotation is missing for parameter "flags" (reportMissingParameterType)
::warning file=d%3A\a\hol-guard\hol-guard\candidate\tests\test_windows_replaceable_unicode_crt.py,line=202,col=24::Type annotation is missing for parameter "flags" (reportMissingParameterType)
d:\a\hol-guard\hol-guard\candidate\tests\test_windows_replaceable_unicode_crt.py:203:22 - warning: Argument type is partially unknown
  Argument corresponds to parameter "object" in function "append"
  Argument type is "tuple[Literal['flags'], Unknown]" (reportUnknownArgumentType)
::warning file=d%3A\a\hol-guard\hol-guard\candidate\tests\test_windows_replaceable_unicode_crt.py,line=203,col=22::Argument type is partially unknown%0A  Argument corresponds to parameter "object" in function "append"%0A  Argument type is "tuple[Literal['flags'], Unknown]" (reportUnknownArgumentType)
d:\a\hol-guard\hol-guard\candidate\tests\test_windows_replaceable_unicode_crt.py:206:24 - warning: Type of parameter "_arguments" is unknown (reportUnknownParameterType)
::warning file=d%3A\a\hol-guard\hol-guard\candidate\tests\test_windows_replaceable_unicode_crt.py,line=206,col=24::Type of parameter "_arguments" is unknown (reportUnknownParameterType)
d:\a\hol-guard\hol-guard\candidate\tests\test_windows_replaceable_unicode_crt.py:206:24 - warning: Type annotation is missing for parameter "_arguments" (reportMissingParameterType)
::warning file=d%3A\a\hol-guard\hol-guard\candidate\tests\test_windows_replaceable_unicode_crt.py,line=206,col=24::Type annotation is missing for parameter "_arguments" (reportMissingParameterType)
d:\a\hol-guard\hol-guard\candidate\tests\test_windows_replaceable_unicode_crt.py:216:5 - warning: Type of "setattr" is unknown (reportUnknownMemberType)
::warning file=d%3A\a\hol-guard\hol-guard\candidate\tests\test_windows_replaceable_unicode_crt.py,line=216,col=5::Type of "setattr" is unknown (reportUnknownMemberType)
d:\a\hol-guard\hol-guard\candidate\tests\test_windows_replaceable_unicode_crt.py:217:5 - warning: Type of "setattr" is unknown (reportUnknownMemberType)
::warning file=d%3A\a\hol-guard\hol-guard\candidate\tests\test_windows_replaceable_unicode_crt.py,line=217,col=5::Type of "setattr" is unknown (reportUnknownMemberType)
d:\a\hol-guard\hol-guard\candidate\tests\test_windows_replaceable_unicode_crt.py:218:5 - warning: Type of "setattr" is unknown (reportUnknownMemberType)
::warning file=d%3A\a\hol-guard\hol-guard\candidate\tests\test_windows_replaceable_unicode_crt.py,line=218,col=5::Type of "setattr" is unknown (reportUnknownMemberType)
d:\a\hol-guard\hol-guard\candidate\tests\test_windows_replaceable_unicode_crt.py:220:9 - warning: Result of call expression is of type "int" and is not used; assign to variable "_" if this is intentional (reportUnusedCallResult)
::warning file=d%3A\a\hol-guard\hol-guard\candidate\tests\test_windows_replaceable_unicode_crt.py,line=220,col=9::Result of call expression is of type "int" and is not used; assign to variable "_" if this is intentional (reportUnusedCallResult)
d:\a\hol-guard\hol-guard\candidate\tests\test_windows_replaceable_unicode_crt.py:220:16 - warning: "_open_descriptor" is private and used outside of the module in which it is declared (reportPrivateUsage)
::warning file=d%3A\a\hol-guard\hol-guard\candidate\tests\test_windows_replaceable_unicode_crt.py,line=220,col=16::"_open_descriptor" is private and used outside of the module in which it is declared (reportPrivateUsage)
d:\a\hol-guard\hol-guard\candidate\tests\test_windows_wtext_acceptance_probe.py:103:5 - warning: Return type, "dict[Unknown, Unknown]", is partially unknown (reportUnknownParameterType)
::warning file=d%3A\a\hol-guard\hol-guard\candidate\tests\test_windows_wtext_acceptance_probe.py,line=103,col=5::Return type, "dict[Unknown, Unknown]", is partially unknown (reportUnknownParameterType)
d:\a\hol-guard\hol-guard\candidate\tests\test_windows_wtext_acceptance_probe.py:103:13 - warning: Type of parameter "pairs" is unknown (reportUnknownParameterType)
::warning file=d%3A\a\hol-guard\hol-guard\candidate\tests\test_windows_wtext_acceptance_probe.py,line=103,col=13::Type of parameter "pairs" is unknown (reportUnknownParameterType)
d:\a\hol-guard\hol-guard\candidate\tests\test_windows_wtext_acceptance_probe.py:103:13 - warning: Type annotation is missing for parameter "pairs" (reportMissingParameterType)
::warning file=d%3A\a\hol-guard\hol-guard\candidate\tests\test_windows_wtext_acceptance_probe.py,line=103,col=13::Type annotation is missing for parameter "pairs" (reportMissingParameterType)
d:\a\hol-guard\hol-guard\candidate\tests\test_windows_wtext_acceptance_probe.py:105:9 - warning: Type of "key" is unknown (reportUnknownVariableType)
::warning file=d%3A\a\hol-guard\hol-guard\candidate\tests\test_windows_wtext_acceptance_probe.py,line=105,col=9::Type of "key" is unknown (reportUnknownVariableType)
d:\a\hol-guard\hol-guard\candidate\tests\test_windows_wtext_acceptance_probe.py:105:14 - warning: Type of "value" is unknown (reportUnknownVariableType)
::warning file=d%3A\a\hol-guard\hol-guard\candidate\tests\test_windows_wtext_acceptance_probe.py,line=105,col=14::Type of "value" is unknown (reportUnknownVariableType)
d:\a\hol-guard\hol-guard\candidate\tests\test_windows_wtext_acceptance_probe.py:109:12 - warning: Return type, "dict[Unknown, Unknown]", is partially unknown (reportUnknownVariableType)
::warning file=d%3A\a\hol-guard\hol-guard\candidate\tests\test_windows_wtext_acceptance_probe.py,line=109,col=12::Return type, "dict[Unknown, Unknown]", is partially unknown (reportUnknownVariableType)
d:\a\hol-guard\hol-guard\candidate\tests\test_windows_wtext_acceptance_probe.py:112:11 - warning: Type of parameter "value" is unknown (reportUnknownParameterType)
::warning file=d%3A\a\hol-guard\hol-guard\candidate\tests\test_windows_wtext_acceptance_probe.py,line=112,col=11::Type of parameter "value" is unknown (reportUnknownParameterType)
d:\a\hol-guard\hol-guard\candidate\tests\test_windows_wtext_acceptance_probe.py:112:11 - warning: Type annotation is missing for parameter "value" (reportMissingParameterType)
::warning file=d%3A\a\hol-guard\hol-guard\candidate\tests\test_windows_wtext_acceptance_probe.py,line=112,col=11::Type annotation is missing for parameter "value" (reportMissingParameterType)
d:\a\hol-guard\hol-guard\candidate\tests\test_windows_wtext_acceptance_probe.py:112:18 - warning: Type annotation is missing for parameter "depth" (reportMissingParameterType)
::warning file=d%3A\a\hol-guard\hol-guard\candidate\tests\test_windows_wtext_acceptance_probe.py,line=112,col=18::Type annotation is missing for parameter "depth" (reportMissingParameterType)
d:\a\hol-guard\hol-guard\candidate\tests\test_windows_wtext_acceptance_probe.py:115:30 - warning: Argument type is unknown
  Argument corresponds to parameter "o" in function "__init__" (reportUnknownArgumentType)
::warning file=d%3A\a\hol-guard\hol-guard\candidate\tests\test_windows_wtext_acceptance_probe.py,line=115,col=30::Argument type is unknown%0A  Argument corresponds to parameter "o" in function "__init__" (reportUnknownArgumentType)
d:\a\hol-guard\hol-guard\candidate\tests\test_windows_wtext_acceptance_probe.py:117:13 - warning: Argument type is unknown
  Argument corresponds to parameter "o" in function "__init__" (reportUnknownArgumentType)
::warning file=d%3A\a\hol-guard\hol-guard\candidate\tests\test_windows_wtext_acceptance_probe.py,line=117,col=13::Argument type is unknown%0A  Argument corresponds to parameter "o" in function "__init__" (reportUnknownArgumentType)
d:\a\hol-guard\hol-guard\candidate\tests\test_windows_wtext_acceptance_probe.py:122:20 - warning: Argument type is partially unknown
  Argument corresponds to parameter "obj" in function "len"
  Argument type is "list[Unknown]" (reportUnknownArgumentType)
::warning file=d%3A\a\hol-guard\hol-guard\candidate\tests\test_windows_wtext_acceptance_probe.py,line=122,col=20::Argument type is partially unknown%0A  Argument corresponds to parameter "obj" in function "len"%0A  Argument type is "list[Unknown]" (reportUnknownArgumentType)
d:\a\hol-guard\hol-guard\candidate\tests\test_windows_wtext_acceptance_probe.py:122:40 - warning: Argument type is partially unknown
  Argument corresponds to parameter "iterable" in function "all"
  Argument type is "Generator[Unknown, None, None]" (reportUnknownArgumentType)
::warning file=d%3A\a\hol-guard\hol-guard\candidate\tests\test_windows_wtext_acceptance_probe.py,line=122,col=40::Argument type is partially unknown%0A  Argument corresponds to parameter "iterable" in function "all"%0A  Argument type is "Generator[Unknown, None, None]" (reportUnknownArgumentType)
d:\a\hol-guard\hol-guard\candidate\tests\test_windows_wtext_acceptance_probe.py:122:46 - warning: Argument type is unknown
  Argument corresponds to parameter "value" in function "_safe" (reportUnknownArgumentType)
::warning file=d%3A\a\hol-guard\hol-guard\candidate\tests\test_windows_wtext_acceptance_probe.py,line=122,col=46::Argument type is unknown%0A  Argument corresponds to parameter "value" in function "_safe" (reportUnknownArgumentType)
d:\a\hol-guard\hol-guard\candidate\tests\test_windows_wtext_acceptance_probe.py:122:67 - warning: Type of "item" is unknown (reportUnknownVariableType)
::warning file=d%3A\a\hol-guard\hol-guard\candidate\tests\test_windows_wtext_acceptance_probe.py,line=122,col=67::Type of "item" is unknown (reportUnknownVariableType)
d:\a\hol-guard\hol-guard\candidate\tests\test_windows_wtext_acceptance_probe.py:124:41 - warning: Argument type is partially unknown
  Argument corresponds to parameter "iterable" in function "__init__"
  Argument type is "dict[Unknown, Unknown]" (reportUnknownArgumentType)
::warning file=d%3A\a\hol-guard\hol-guard\candidate\tests\test_windows_wtext_acceptance_probe.py,line=124,col=41::Argument type is partially unknown%0A  Argument corresponds to parameter "iterable" in function "__init__"%0A  Argument type is "dict[Unknown, Unknown]" (reportUnknownArgumentType)
d:\a\hol-guard\hol-guard\candidate\tests\test_windows_wtext_acceptance_probe.py:124:70 - warning: Argument type is partially unknown
  Argument corresponds to parameter "iterable" in function "all"
  Argument type is "Generator[Unknown, None, None]" (reportUnknownArgumentType)
::warning file=d%3A\a\hol-guard\hol-guard\candidate\tests\test_windows_wtext_acceptance_probe.py,line=124,col=70::Argument type is partially unknown%0A  Argument corresponds to parameter "iterable" in function "all"%0A  Argument type is "Generator[Unknown, None, None]" (reportUnknownArgumentType)
d:\a\hol-guard\hol-guard\candidate\tests\test_windows_wtext_acceptance_probe.py:124:76 - warning: Argument type is unknown
  Argument corresponds to parameter "value" in function "_safe" (reportUnknownArgumentType)
::warning file=d%3A\a\hol-guard\hol-guard\candidate\tests\test_windows_wtext_acceptance_probe.py,line=124,col=76::Argument type is unknown%0A  Argument corresponds to parameter "value" in function "_safe" (reportUnknownArgumentType)
d:\a\hol-guard\hol-guard\candidate\tests\test_windows_wtext_acceptance_probe.py:124:97 - warning: Type of "item" is unknown (reportUnknownVariableType)
::warning file=d%3A\a\hol-guard\hol-guard\candidate\tests\test_windows_wtext_acceptance_probe.py,line=124,col=97::Type of "item" is unknown (reportUnknownVariableType)
d:\a\hol-guard\hol-guard\candidate\tests\test_windows_wtext_acceptance_probe.py:128:12 - warning: Type of parameter "target" is unknown (reportUnknownParameterType)
::warning file=d%3A\a\hol-guard\hol-guard\candidate\tests\test_windows_wtext_acceptance_probe.py,line=128,col=12::Type of parameter "target" is unknown (reportUnknownParameterType)
d:\a\hol-guard\hol-guard\candidate\tests\test_windows_wtext_acceptance_probe.py:128:12 - warning: Type annotation is missing for parameter "target" (reportMissingParameterType)
::warning file=d%3A\a\hol-guard\hol-guard\candidate\tests\test_windows_wtext_acceptance_probe.py,line=128,col=12::Type annotation is missing for parameter "target" (reportMissingParameterType)
d:\a\hol-guard\hol-guard\candidate\tests\test_windows_wtext_acceptance_probe.py:128:20 - warning: Type of parameter "payload" is unknown (reportUnknownParameterType)
::warning file=d%3A\a\hol-guard\hol-guard\candidate\tests\test_windows_wtext_acceptance_probe.py,line=128,col=20::Type of parameter "payload" is unknown (reportUnknownParameterType)
d:\a\hol-guard\hol-guard\candidate\tests\test_windows_wtext_acceptance_probe.py:128:20 - warning: Type annotation is missing for parameter "payload" (reportMissingParameterType)
::warning file=d%3A\a\hol-guard\hol-guard\candidate\tests\test_windows_wtext_acceptance_probe.py,line=128,col=20::Type annotation is missing for parameter "payload" (reportMissingParameterType)
d:\a\hol-guard\hol-guard\candidate\tests\test_windows_wtext_acceptance_probe.py:128:29 - warning: Type of parameter "initial" is unknown (reportUnknownParameterType)
::warning file=d%3A\a\hol-guard\hol-guard\candidate\tests\test_windows_wtext_acceptance_probe.py,line=128,col=29::Type of parameter "initial" is unknown (reportUnknownParameterType)
d:\a\hol-guard\hol-guard\candidate\tests\test_windows_wtext_acceptance_probe.py:128:29 - warning: Type annotation is missing for parameter "initial" (reportMissingParameterType)
::warning file=d%3A\a\hol-guard\hol-guard\candidate\tests\test_windows_wtext_acceptance_probe.py,line=128,col=29::Type annotation is missing for parameter "initial" (reportMissingParameterType)
d:\a\hol-guard\hol-guard\candidate\tests\test_windows_wtext_acceptance_probe.py:128:38 - warning: Type of parameter "audit_mode" is unknown (reportUnknownParameterType)
::warning file=d%3A\a\hol-guard\hol-guard\candidate\tests\test_windows_wtext_acceptance_probe.py,line=128,col=38::Type of parameter "audit_mode" is unknown (reportUnknownParameterType)
d:\a\hol-guard\hol-guard\candidate\tests\test_windows_wtext_acceptance_probe.py:128:38 - warning: Type annotation is missing for parameter "audit_mode" (reportMissingParameterType)
::warning file=d%3A\a\hol-guard\hol-guard\candidate\tests\test_windows_wtext_acceptance_probe.py,line=128,col=38::Type annotation is missing for parameter "audit_mode" (reportMissingParameterType)
d:\a\hol-guard\hol-guard\candidate\tests\test_windows_wtext_acceptance_probe.py:128:50 - warning: Type of parameter "route" is unknown (reportUnknownParameterType)
::warning file=d%3A\a\hol-guard\hol-guard\candidate\tests\test_windows_wtext_acceptance_probe.py,line=128,col=50::Type of parameter "route" is unknown (reportUnknownParameterType)
d:\a\hol-guard\hol-guard\candidate\tests\test_windows_wtext_acceptance_probe.py:128:50 - warning: Type annotation is missing for parameter "route" (reportMissingParameterType)
::warning file=d%3A\a\hol-guard\hol-guard\candidate\tests\test_windows_wtext_acceptance_probe.py,line=128,col=50::Type annotation is missing for parameter "route" (reportMissingParameterType)
d:\a\hol-guard\hol-guard\candidate\tests\test_windows_wtext_acceptance_probe.py:128:57 - warning: Type of parameter "candidate" is unknown (reportUnknownParameterType)
::warning file=d%3A\a\hol-guard\hol-guard\candidate\tests\test_windows_wtext_acceptance_probe.py,line=128,col=57::Type of parameter "candidate" is unknown (reportUnknownParameterType)
d:\a\hol-guard\hol-guard\candidate\tests\test_windows_wtext_acceptance_probe.py:128:57 - warning: Type annotation is missing for parameter "candidate" (reportMissingParameterType)
::warning file=d%3A\a\hol-guard\hol-guard\candidate\tests\test_windows_wtext_acceptance_probe.py,line=128,col=57::Type annotation is missing for parameter "candidate" (reportMissingParameterType)
d:\a\hol-guard\hol-guard\candidate\tests\test_windows_wtext_acceptance_probe.py:128:68 - warning: Type of parameter "refuse" is unknown (reportUnknownParameterType)
::warning file=d%3A\a\hol-guard\hol-guard\candidate\tests\test_windows_wtext_acceptance_probe.py,line=128,col=68::Type of parameter "refuse" is unknown (reportUnknownParameterType)
d:\a\hol-guard\hol-guard\candidate\tests\test_windows_wtext_acceptance_probe.py:128:68 - warning: Type annotation is missing for parameter "refuse" (reportMissingParameterType)
::warning file=d%3A\a\hol-guard\hol-guard\candidate\tests\test_windows_wtext_acceptance_probe.py,line=128,col=68::Type annotation is missing for parameter "refuse" (reportMissingParameterType)
d:\a\hol-guard\hol-guard\candidate\tests\test_windows_wtext_acceptance_probe.py:128:76 - warning: Type of parameter "record_property" is unknown (reportUnknownParameterType)
::warning file=d%3A\a\hol-guard\hol-guard\candidate\tests\test_windows_wtext_acceptance_probe.py,line=128,col=76::Type of parameter "record_property" is unknown (reportUnknownParameterType)
d:\a\hol-guard\hol-guard\candidate\tests\test_windows_wtext_acceptance_probe.py:128:76 - warning: Type annotation is missing for parameter "record_property" (reportMissingParameterType)
::warning file=d%3A\a\hol-guard\hol-guard\candidate\tests\test_windows_wtext_acceptance_probe.py,line=128,col=76::Type annotation is missing for parameter "record_property" (reportMissingParameterType)
d:\a\hol-guard\hol-guard\candidate\tests\test_windows_wtext_acceptance_probe.py:128:106 - warning: Type `Any` is not allowed (reportExplicitAny)
::warning file=d%3A\a\hol-guard\hol-guard\candidate\tests\test_windows_wtext_acceptance_probe.py,line=128,col=106::Type `Any` is not allowed (reportExplicitAny)
d:\a\hol-guard\hol-guard\candidate\tests\test_windows_wtext_acceptance_probe.py:129:5 - warning: Type of "command" is partially unknown
  Type of "command" is "list[str | Unknown]" (reportUnknownVariableType)
::warning file=d%3A\a\hol-guard\hol-guard\candidate\tests\test_windows_wtext_acceptance_probe.py,line=129,col=5::Type of "command" is partially unknown%0A  Type of "command" is "list[str | Unknown]" (reportUnknownVariableType)
d:\a\hol-guard\hol-guard\candidate\tests\test_windows_wtext_acceptance_probe.py:136:13 - warning: Argument type is unknown
  Argument corresponds to parameter "object" in function "__new__" (reportUnknownArgumentType)
::warning file=d%3A\a\hol-guard\hol-guard\candidate\tests\test_windows_wtext_acceptance_probe.py,line=136,col=13::Argument type is unknown%0A  Argument corresponds to parameter "object" in function "__new__" (reportUnknownArgumentType)
d:\a\hol-guard\hol-guard\candidate\tests\test_windows_wtext_acceptance_probe.py:147:9 - warning: Type of "append" is partially unknown
  Type of "append" is "(object: str | Unknown, /) -> None" (reportUnknownMemberType)
::warning file=d%3A\a\hol-guard\hol-guard\candidate\tests\test_windows_wtext_acceptance_probe.py,line=147,col=9::Type of "append" is partially unknown%0A  Type of "append" is "(object: str | Unknown, /) -> None" (reportUnknownMemberType)
d:\a\hol-guard\hol-guard\candidate\tests\test_windows_wtext_acceptance_probe.py:149:9 - warning: Type of "append" is partially unknown
  Type of "append" is "(object: str | Unknown, /) -> None" (reportUnknownMemberType)
::warning file=d%3A\a\hol-guard\hol-guard\candidate\tests\test_windows_wtext_acceptance_probe.py,line=149,col=9::Type of "append" is partially unknown%0A  Type of "append" is "(object: str | Unknown, /) -> None" (reportUnknownMemberType)
d:\a\hol-guard\hol-guard\candidate\tests\test_windows_wtext_acceptance_probe.py:153:13 - warning: Argument type is partially unknown
  Argument corresponds to parameter "args" in function "__init__"
  Argument type is "list[str | Unknown]" (reportUnknownArgumentType)
::warning file=d%3A\a\hol-guard\hol-guard\candidate\tests\test_windows_wtext_acceptance_probe.py,line=153,col=13::Argument type is partially unknown%0A  Argument corresponds to parameter "args" in function "__init__"%0A  Argument type is "list[str | Unknown]" (reportUnknownArgumentType)
d:\a\hol-guard\hol-guard\candidate\tests\test_windows_wtext_acceptance_probe.py:166:36 - warning: "_error" is private and used outside of the module in which it is declared (reportPrivateUsage)
::warning file=d%3A\a\hol-guard\hol-guard\candidate\tests\test_windows_wtext_acceptance_probe.py,line=166,col=36::"_error" is private and used outside of the module in which it is declared (reportPrivateUsage)
d:\a\hol-guard\hol-guard\candidate\tests\test_windows_wtext_acceptance_probe.py:182:30 - warning: Type of "output" is Any (reportAny)
::warning file=d%3A\a\hol-guard\hol-guard\candidate\tests\test_windows_wtext_acceptance_probe.py,line=182,col=30::Type of "output" is Any (reportAny)
d:\a\hol-guard\hol-guard\candidate\tests\test_windows_wtext_acceptance_probe.py:196:39 - warning: "_error" is private and used outside of the module in which it is declared (reportPrivateUsage)
::warning file=d%3A\a\hol-guard\hol-guard\candidate\tests\test_windows_wtext_acceptance_probe.py,line=196,col=39::"_error" is private and used outside of the module in which it is declared (reportPrivateUsage)
d:\a\hol-guard\hol-guard\candidate\tests\test_windows_wtext_acceptance_probe.py:204:13 - warning: Type of "report" is Any (reportAny)
::warning file=d%3A\a\hol-guard\hol-guard\candidate\tests\test_windows_wtext_acceptance_probe.py,line=204,col=13::Type of "report" is Any (reportAny)
d:\a\hol-guard\hol-guard\candidate\tests\test_windows_wtext_acceptance_probe.py:204:59 - warning: Argument type is partially unknown
  Argument corresponds to parameter "object_pairs_hook" in function "loads"
  Argument type is "(pairs: Unknown) -> dict[Unknown, Unknown]" (reportUnknownArgumentType)
::warning file=d%3A\a\hol-guard\hol-guard\candidate\tests\test_windows_wtext_acceptance_probe.py,line=204,col=59::Argument type is partially unknown%0A  Argument corresponds to parameter "object_pairs_hook" in function "loads"%0A  Argument type is "(pairs: Unknown) -> dict[Unknown, Unknown]" (reportUnknownArgumentType)
d:\a\hol-guard\hol-guard\candidate\tests\test_windows_wtext_acceptance_probe.py:239:16 - warning: Argument type is unknown
  Argument corresponds to parameter "obj" in function "len" (reportUnknownArgumentType)
::warning file=d%3A\a\hol-guard\hol-guard\candidate\tests\test_windows_wtext_acceptance_probe.py,line=239,col=16::Argument type is unknown%0A  Argument corresponds to parameter "obj" in function "len" (reportUnknownArgumentType)
d:\a\hol-guard\hol-guard\candidate\tests\test_windows_wtext_acceptance_probe.py:240:12 - warning: Return type, "dict[Unknown, Unknown]", is partially unknown (reportUnknownVariableType)
::warning file=d%3A\a\hol-guard\hol-guard\candidate\tests\test_windows_wtext_acceptance_probe.py,line=240,col=12::Return type, "dict[Unknown, Unknown]", is partially unknown (reportUnknownVariableType)
d:\a\hol-guard\hol-guard\candidate\tests\test_windows_wtext_acceptance_probe.py:243:11 - warning: Type of parameter "tmp_path" is unknown (reportUnknownParameterType)
::warning file=d%3A\a\hol-guard\hol-guard\candidate\tests\test_windows_wtext_acceptance_probe.py,line=243,col=11::Type of parameter "tmp_path" is unknown (reportUnknownParameterType)
d:\a\hol-guard\hol-guard\candidate\tests\test_windows_wtext_acceptance_probe.py:243:11 - warning: Type annotation is missing for parameter "tmp_path" (reportMissingParameterType)
::warning file=d%3A\a\hol-guard\hol-guard\candidate\tests\test_windows_wtext_acceptance_probe.py,line=243,col=11::Type annotation is missing for parameter "tmp_path" (reportMissingParameterType)
d:\a\hol-guard\hol-guard\candidate\tests\test_windows_wtext_acceptance_probe.py:243:21 - warning: Type of parameter "record_property" is unknown (reportUnknownParameterType)
::warning file=d%3A\a\hol-guard\hol-guard\candidate\tests\test_windows_wtext_acceptance_probe.py,line=243,col=21::Type of parameter "record_property" is unknown (reportUnknownParameterType)
d:\a\hol-guard\hol-guard\candidate\tests\test_windows_wtext_acceptance_probe.py:243:21 - warning: Type annotation is missing for parameter "record_property" (reportMissingParameterType)
::warning file=d%3A\a\hol-guard\hol-guard\candidate\tests\test_windows_wtext_acceptance_probe.py,line=243,col=21::Type annotation is missing for parameter "record_property" (reportMissingParameterType)
d:\a\hol-guard\hol-guard\candidate\tests\test_windows_wtext_acceptance_probe.py:243:38 - warning: Type of parameter "payload" is unknown (reportUnknownParameterType)
::warning file=d%3A\a\hol-guard\hol-guard\candidate\tests\test_windows_wtext_acceptance_probe.py,line=243,col=38::Type of parameter "payload" is unknown (reportUnknownParameterType)
d:\a\hol-guard\hol-guard\candidate\tests\test_windows_wtext_acceptance_probe.py:243:38 - warning: Type annotation is missing for parameter "payload" (reportMissingParameterType)
::warning file=d%3A\a\hol-guard\hol-guard\candidate\tests\test_windows_wtext_acceptance_probe.py,line=243,col=38::Type annotation is missing for parameter "payload" (reportMissingParameterType)
d:\a\hol-guard\hol-guard\candidate\tests\test_windows_wtext_acceptance_probe.py:243:47 - warning: Type of parameter "initial" is unknown (reportUnknownParameterType)
::warning file=d%3A\a\hol-guard\hol-guard\candidate\tests\test_windows_wtext_acceptance_probe.py,line=243,col=47::Type of parameter "initial" is unknown (reportUnknownParameterType)
d:\a\hol-guard\hol-guard\candidate\tests\test_windows_wtext_acceptance_probe.py:243:47 - warning: Type annotation is missing for parameter "initial" (reportMissingParameterType)
::warning file=d%3A\a\hol-guard\hol-guard\candidate\tests\test_windows_wtext_acceptance_probe.py,line=243,col=47::Type annotation is missing for parameter "initial" (reportMissingParameterType)
d:\a\hol-guard\hol-guard\candidate\tests\test_windows_wtext_acceptance_probe.py:243:56 - warning: Type of parameter "audit_mode" is unknown (reportUnknownParameterType)
::warning file=d%3A\a\hol-guard\hol-guard\candidate\tests\test_windows_wtext_acceptance_probe.py,line=243,col=56::Type of parameter "audit_mode" is unknown (reportUnknownParameterType)
d:\a\hol-guard\hol-guard\candidate\tests\test_windows_wtext_acceptance_probe.py:243:56 - warning: Type annotation is missing for parameter "audit_mode" (reportMissingParameterType)
::warning file=d%3A\a\hol-guard\hol-guard\candidate\tests\test_windows_wtext_acceptance_probe.py,line=243,col=56::Type annotation is missing for parameter "audit_mode" (reportMissingParameterType)
d:\a\hol-guard\hol-guard\candidate\tests\test_windows_wtext_acceptance_probe.py:243:68 - warning: Type of parameter "route" is unknown (reportUnknownParameterType)
::warning file=d%3A\a\hol-guard\hol-guard\candidate\tests\test_windows_wtext_acceptance_probe.py,line=243,col=68::Type of parameter "route" is unknown (reportUnknownParameterType)
d:\a\hol-guard\hol-guard\candidate\tests\test_windows_wtext_acceptance_probe.py:243:68 - warning: Type annotation is missing for parameter "route" (reportMissingParameterType)
::warning file=d%3A\a\hol-guard\hol-guard\candidate\tests\test_windows_wtext_acceptance_probe.py,line=243,col=68::Type annotation is missing for parameter "route" (reportMissingParameterType)
d:\a\hol-guard\hol-guard\candidate\tests\test_windows_wtext_acceptance_probe.py:243:75 - warning: Type of parameter "refuse" is unknown (reportUnknownParameterType)
::warning file=d%3A\a\hol-guard\hol-guard\candidate\tests\test_windows_wtext_acceptance_probe.py,line=243,col=75::Type of parameter "refuse" is unknown (reportUnknownParameterType)
d:\a\hol-guard\hol-guard\candidate\tests\test_windows_wtext_acceptance_probe.py:243:75 - warning: Type annotation is missing for parameter "refuse" (reportMissingParameterType)
::warning file=d%3A\a\hol-guard\hol-guard\candidate\tests\test_windows_wtext_acceptance_probe.py,line=243,col=75::Type annotation is missing for parameter "refuse" (reportMissingParameterType)
d:\a\hol-guard\hol-guard\candidate\tests\test_windows_wtext_acceptance_probe.py:244:5 - warning: Type of "target" is unknown (reportUnknownVariableType)
::warning file=d%3A\a\hol-guard\hol-guard\candidate\tests\test_windows_wtext_acceptance_probe.py,line=244,col=5::Type of "target" is unknown (reportUnknownVariableType)
d:\a\hol-guard\hol-guard\candidate\tests\test_windows_wtext_acceptance_probe.py:245:5 - warning: Type of "write_bytes" is unknown (reportUnknownMemberType)
::warning file=d%3A\a\hol-guard\hol-guard\candidate\tests\test_windows_wtext_acceptance_probe.py,line=245,col=5::Type of "write_bytes" is unknown (reportUnknownMemberType)
d:\a\hol-guard\hol-guard\candidate\tests\test_windows_wtext_acceptance_probe.py:246:23 - warning: Argument type is unknown
  Argument corresponds to parameter "target" in function "_child" (reportUnknownArgumentType)
::warning file=d%3A\a\hol-guard\hol-guard\candidate\tests\test_windows_wtext_acceptance_probe.py,line=246,col=23::Argument type is unknown%0A  Argument corresponds to parameter "target" in function "_child" (reportUnknownArgumentType)
d:\a\hol-guard\hol-guard\candidate\tests\test_windows_wtext_acceptance_probe.py:246:31 - warning: Argument type is unknown
  Argument corresponds to parameter "payload" in function "_child" (reportUnknownArgumentType)
::warning file=d%3A\a\hol-guard\hol-guard\candidate\tests\test_windows_wtext_acceptance_probe.py,line=246,col=31::Argument type is unknown%0A  Argument corresponds to parameter "payload" in function "_child" (reportUnknownArgumentType)
d:\a\hol-guard\hol-guard\candidate\tests\test_windows_wtext_acceptance_probe.py:246:40 - warning: Argument type is unknown
  Argument corresponds to parameter "initial" in function "_child" (reportUnknownArgumentType)
::warning file=d%3A\a\hol-guard\hol-guard\candidate\tests\test_windows_wtext_acceptance_probe.py,line=246,col=40::Argument type is unknown%0A  Argument corresponds to parameter "initial" in function "_child" (reportUnknownArgumentType)
d:\a\hol-guard\hol-guard\candidate\tests\test_windows_wtext_acceptance_probe.py:246:49 - warning: Argument type is unknown
  Argument corresponds to parameter "audit_mode" in function "_child" (reportUnknownArgumentType)
::warning file=d%3A\a\hol-guard\hol-guard\candidate\tests\test_windows_wtext_acceptance_probe.py,line=246,col=49::Argument type is unknown%0A  Argument corresponds to parameter "audit_mode" in function "_child" (reportUnknownArgumentType)
d:\a\hol-guard\hol-guard\candidate\tests\test_windows_wtext_acceptance_probe.py:246:61 - warning: Argument type is unknown
  Argument corresponds to parameter "route" in function "_child" (reportUnknownArgumentType)
::warning file=d%3A\a\hol-guard\hol-guard\candidate\tests\test_windows_wtext_acceptance_probe.py,line=246,col=61::Argument type is unknown%0A  Argument corresponds to parameter "route" in function "_child" (reportUnknownArgumentType)
d:\a\hol-guard\hol-guard\candidate\tests\test_windows_wtext_acceptance_probe.py:246:75 - warning: Argument type is unknown
  Argument corresponds to parameter "refuse" in function "_child" (reportUnknownArgumentType)
::warning file=d%3A\a\hol-guard\hol-guard\candidate\tests\test_windows_wtext_acceptance_probe.py,line=246,col=75::Argument type is unknown%0A  Argument corresponds to parameter "refuse" in function "_child" (reportUnknownArgumentType)
d:\a\hol-guard\hol-guard\candidate\tests\test_windows_wtext_acceptance_probe.py:246:83 - warning: Argument type is unknown
  Argument corresponds to parameter "record_property" in function "_child" (reportUnknownArgumentType)
::warning file=d%3A\a\hol-guard\hol-guard\candidate\tests\test_windows_wtext_acceptance_probe.py,line=246,col=83::Argument type is unknown%0A  Argument corresponds to parameter "record_property" in function "_child" (reportUnknownArgumentType)
d:\a\hol-guard\hol-guard\candidate\tests\test_windows_wtext_acceptance_probe.py:247:24 - warning: Argument type is unknown
  Argument corresponds to parameter "target" in function "_child" (reportUnknownArgumentType)
::warning file=d%3A\a\hol-guard\hol-guard\candidate\tests\test_windows_wtext_acceptance_probe.py,line=247,col=24::Argument type is unknown%0A  Argument corresponds to parameter "target" in function "_child" (reportUnknownArgumentType)
d:\a\hol-guard\hol-guard\candidate\tests\test_windows_wtext_acceptance_probe.py:247:32 - warning: Argument type is unknown
  Argument corresponds to parameter "payload" in function "_child" (reportUnknownArgumentType)
::warning file=d%3A\a\hol-guard\hol-guard\candidate\tests\test_windows_wtext_acceptance_probe.py,line=247,col=32::Argument type is unknown%0A  Argument corresponds to parameter "payload" in function "_child" (reportUnknownArgumentType)
d:\a\hol-guard\hol-guard\candidate\tests\test_windows_wtext_acceptance_probe.py:247:41 - warning: Argument type is unknown
  Argument corresponds to parameter "initial" in function "_child" (reportUnknownArgumentType)
::warning file=d%3A\a\hol-guard\hol-guard\candidate\tests\test_windows_wtext_acceptance_probe.py,line=247,col=41::Argument type is unknown%0A  Argument corresponds to parameter "initial" in function "_child" (reportUnknownArgumentType)
d:\a\hol-guard\hol-guard\candidate\tests\test_windows_wtext_acceptance_probe.py:247:50 - warning: Argument type is unknown
  Argument corresponds to parameter "audit_mode" in function "_child" (reportUnknownArgumentType)
::warning file=d%3A\a\hol-guard\hol-guard\candidate\tests\test_windows_wtext_acceptance_probe.py,line=247,col=50::Argument type is unknown%0A  Argument corresponds to parameter "audit_mode" in function "_child" (reportUnknownArgumentType)
d:\a\hol-guard\hol-guard\candidate\tests\test_windows_wtext_acceptance_probe.py:247:62 - warning: Argument type is unknown
  Argument corresponds to parameter "route" in function "_child" (reportUnknownArgumentType)
::warning file=d%3A\a\hol-guard\hol-guard\candidate\tests\test_windows_wtext_acceptance_probe.py,line=247,col=62::Argument type is unknown%0A  Argument corresponds to parameter "route" in function "_child" (reportUnknownArgumentType)
d:\a\hol-guard\hol-guard\candidate\tests\test_windows_wtext_acceptance_probe.py:247:75 - warning: Argument type is unknown
  Argument corresponds to parameter "refuse" in function "_child" (reportUnknownArgumentType)
::warning file=d%3A\a\hol-guard\hol-guard\candidate\tests\test_windows_wtext_acceptance_probe.py,line=247,col=75::Argument type is unknown%0A  Argument corresponds to parameter "refuse" in function "_child" (reportUnknownArgumentType)
d:\a\hol-guard\hol-guard\candidate\tests\test_windows_wtext_acceptance_probe.py:247:83 - warning: Argument type is unknown
  Argument corresponds to parameter "record_property" in function "_child" (reportUnknownArgumentType)
::warning file=d%3A\a\hol-guard\hol-guard\candidate\tests\test_windows_wtext_acceptance_probe.py,line=247,col=83::Argument type is unknown%0A  Argument corresponds to parameter "record_property" in function "_child" (reportUnknownArgumentType)
d:\a\hol-guard\hol-guard\candidate\tests\test_windows_wtext_acceptance_probe.py:248:44 - warning: Type of "value" is Any (reportAny)
::warning file=d%3A\a\hol-guard\hol-guard\candidate\tests\test_windows_wtext_acceptance_probe.py,line=248,col=44::Type of "value" is Any (reportAny)
d:\a\hol-guard\hol-guard\candidate\tests\test_windows_wtext_acceptance_probe.py:249:45 - warning: Type of "value" is Any (reportAny)
::warning file=d%3A\a\hol-guard\hol-guard\candidate\tests\test_windows_wtext_acceptance_probe.py,line=249,col=45::Type of "value" is Any (reportAny)
d:\a\hol-guard\hol-guard\candidate\tests\test_windows_wtext_acceptance_probe.py:255:12 - warning: Type of "read_bytes" is unknown (reportUnknownMemberType)
::warning file=d%3A\a\hol-guard\hol-guard\candidate\tests\test_windows_wtext_acceptance_probe.py,line=255,col=12::Type of "read_bytes" is unknown (reportUnknownMemberType)
d:\a\hol-guard\hol-guard\candidate\tests\test_windows_wtext_acceptance_probe.py:265:5 - warning: Type of parameter "tmp_path" is unknown (reportUnknownParameterType)
::warning file=d%3A\a\hol-guard\hol-guard\candidate\tests\test_windows_wtext_acceptance_probe.py,line=265,col=5::Type of parameter "tmp_path" is unknown (reportUnknownParameterType)
d:\a\hol-guard\hol-guard\candidate\tests\test_windows_wtext_acceptance_probe.py:265:5 - warning: Type annotation is missing for parameter "tmp_path" (reportMissingParameterType)
::warning file=d%3A\a\hol-guard\hol-guard\candidate\tests\test_windows_wtext_acceptance_probe.py,line=265,col=5::Type annotation is missing for parameter "tmp_path" (reportMissingParameterType)
d:\a\hol-guard\hol-guard\candidate\tests\test_windows_wtext_acceptance_probe.py:265:15 - warning: Type of parameter "record_property" is unknown (reportUnknownParameterType)
::warning file=d%3A\a\hol-guard\hol-guard\candidate\tests\test_windows_wtext_acceptance_probe.py,line=265,col=15::Type of parameter "record_property" is unknown (reportUnknownParameterType)
d:\a\hol-guard\hol-guard\candidate\tests\test_windows_wtext_acceptance_probe.py:265:15 - warning: Type annotation is missing for parameter "record_property" (reportMissingParameterType)
::warning file=d%3A\a\hol-guard\hol-guard\candidate\tests\test_windows_wtext_acceptance_probe.py,line=265,col=15::Type annotation is missing for parameter "record_property" (reportMissingParameterType)
d:\a\hol-guard\hol-guard\candidate\tests\test_windows_wtext_acceptance_probe.py:265:32 - warning: Type of parameter "payload" is unknown (reportUnknownParameterType)
::warning file=d%3A\a\hol-guard\hol-guard\candidate\tests\test_windows_wtext_acceptance_probe.py,line=265,col=32::Type of parameter "payload" is unknown (reportUnknownParameterType)
d:\a\hol-guard\hol-guard\candidate\tests\test_windows_wtext_acceptance_probe.py:265:32 - warning: Type annotation is missing for parameter "payload" (reportMissingParameterType)
::warning file=d%3A\a\hol-guard\hol-guard\candidate\tests\test_windows_wtext_acceptance_probe.py,line=265,col=32::Type annotation is missing for parameter "payload" (reportMissingParameterType)
d:\a\hol-guard\hol-guard\candidate\tests\test_windows_wtext_acceptance_probe.py:265:41 - warning: Type of parameter "initial" is unknown (reportUnknownParameterType)
::warning file=d%3A\a\hol-guard\hol-guard\candidate\tests\test_windows_wtext_acceptance_probe.py,line=265,col=41::Type of parameter "initial" is unknown (reportUnknownParameterType)
d:\a\hol-guard\hol-guard\candidate\tests\test_windows_wtext_acceptance_probe.py:265:41 - warning: Type annotation is missing for parameter "initial" (reportMissingParameterType)
::warning file=d%3A\a\hol-guard\hol-guard\candidate\tests\test_windows_wtext_acceptance_probe.py,line=265,col=41::Type annotation is missing for parameter "initial" (reportMissingParameterType)
d:\a\hol-guard\hol-guard\candidate\tests\test_windows_wtext_acceptance_probe.py:265:50 - warning: Type of parameter "audit_mode" is unknown (reportUnknownParameterType)
::warning file=d%3A\a\hol-guard\hol-guard\candidate\tests\test_windows_wtext_acceptance_probe.py,line=265,col=50::Type of parameter "audit_mode" is unknown (reportUnknownParameterType)
d:\a\hol-guard\hol-guard\candidate\tests\test_windows_wtext_acceptance_probe.py:265:50 - warning: Type annotation is missing for parameter "audit_mode" (reportMissingParameterType)
::warning file=d%3A\a\hol-guard\hol-guard\candidate\tests\test_windows_wtext_acceptance_probe.py,line=265,col=50::Type annotation is missing for parameter "audit_mode" (reportMissingParameterType)
d:\a\hol-guard\hol-guard\candidate\tests\test_windows_wtext_acceptance_probe.py:265:62 - warning: Type of parameter "route" is unknown (reportUnknownParameterType)
::warning file=d%3A\a\hol-guard\hol-guard\candidate\tests\test_windows_wtext_acceptance_probe.py,line=265,col=62::Type of parameter "route" is unknown (reportUnknownParameterType)
d:\a\hol-guard\hol-guard\candidate\tests\test_windows_wtext_acceptance_probe.py:265:62 - warning: Type annotation is missing for parameter "route" (reportMissingParameterType)
::warning file=d%3A\a\hol-guard\hol-guard\candidate\tests\test_windows_wtext_acceptance_probe.py,line=265,col=62::Type annotation is missing for parameter "route" (reportMissingParameterType)
d:\a\hol-guard\hol-guard\candidate\tests\test_windows_wtext_acceptance_probe.py:267:11 - warning: Argument type is unknown
  Argument corresponds to parameter "tmp_path" in function "_pair" (reportUnknownArgumentType)
::warning file=d%3A\a\hol-guard\hol-guard\candidate\tests\test_windows_wtext_acceptance_probe.py,line=267,col=11::Argument type is unknown%0A  Argument corresponds to parameter "tmp_path" in function "_pair" (reportUnknownArgumentType)
d:\a\hol-guard\hol-guard\candidate\tests\test_windows_wtext_acceptance_probe.py:267:21 - warning: Argument type is unknown
  Argument corresponds to parameter "record_property" in function "_pair" (reportUnknownArgumentType)
::warning file=d%3A\a\hol-guard\hol-guard\candidate\tests\test_windows_wtext_acceptance_probe.py,line=267,col=21::Argument type is unknown%0A  Argument corresponds to parameter "record_property" in function "_pair" (reportUnknownArgumentType)
d:\a\hol-guard\hol-guard\candidate\tests\test_windows_wtext_acceptance_probe.py:267:38 - warning: Argument type is unknown
  Argument corresponds to parameter "payload" in function "_pair" (reportUnknownArgumentType)
::warning file=d%3A\a\hol-guard\hol-guard\candidate\tests\test_windows_wtext_acceptance_probe.py,line=267,col=38::Argument type is unknown%0A  Argument corresponds to parameter "payload" in function "_pair" (reportUnknownArgumentType)
d:\a\hol-guard\hol-guard\candidate\tests\test_windows_wtext_acceptance_probe.py:267:47 - warning: Argument type is unknown
  Argument corresponds to parameter "initial" in function "_pair" (reportUnknownArgumentType)
::warning file=d%3A\a\hol-guard\hol-guard\candidate\tests\test_windows_wtext_acceptance_probe.py,line=267,col=47::Argument type is unknown%0A  Argument corresponds to parameter "initial" in function "_pair" (reportUnknownArgumentType)
d:\a\hol-guard\hol-guard\candidate\tests\test_windows_wtext_acceptance_probe.py:267:56 - warning: Argument type is unknown
  Argument corresponds to parameter "audit_mode" in function "_pair" (reportUnknownArgumentType)
::warning file=d%3A\a\hol-guard\hol-guard\candidate\tests\test_windows_wtext_acceptance_probe.py,line=267,col=56::Argument type is unknown%0A  Argument corresponds to parameter "audit_mode" in function "_pair" (reportUnknownArgumentType)
d:\a\hol-guard\hol-guard\candidate\tests\test_windows_wtext_acceptance_probe.py:267:68 - warning: Argument type is unknown
  Argument corresponds to parameter "route" in function "_pair" (reportUnknownArgumentType)
::warning file=d%3A\a\hol-guard\hol-guard\candidate\tests\test_windows_wtext_acceptance_probe.py,line=267,col=68::Argument type is unknown%0A  Argument corresponds to parameter "route" in function "_pair" (reportUnknownArgumentType)
d:\a\hol-guard\hol-guard\candidate\tests\test_windows_wtext_acceptance_probe.py:272:64 - warning: Type of parameter "tmp_path" is unknown (reportUnknownParameterType)
::warning file=d%3A\a\hol-guard\hol-guard\candidate\tests\test_windows_wtext_acceptance_probe.py,line=272,col=64::Type of parameter "tmp_path" is unknown (reportUnknownParameterType)
d:\a\hol-guard\hol-guard\candidate\tests\test_windows_wtext_acceptance_probe.py:272:64 - warning: Type annotation is missing for parameter "tmp_path" (reportMissingParameterType)
::warning file=d%3A\a\hol-guard\hol-guard\candidate\tests\test_windows_wtext_acceptance_probe.py,line=272,col=64::Type annotation is missing for parameter "tmp_path" (reportMissingParameterType)
d:\a\hol-guard\hol-guard\candidate\tests\test_windows_wtext_acceptance_probe.py:272:74 - warning: Type of parameter "record_property" is unknown (reportUnknownParameterType)
::warning file=d%3A\a\hol-guard\hol-guard\candidate\tests\test_windows_wtext_acceptance_probe.py,line=272,col=74::Type of parameter "record_property" is unknown (reportUnknownParameterType)
d:\a\hol-guard\hol-guard\candidate\tests\test_windows_wtext_acceptance_probe.py:272:74 - warning: Type annotation is missing for parameter "record_property" (reportMissingParameterType)
::warning file=d%3A\a\hol-guard\hol-guard\candidate\tests\test_windows_wtext_acceptance_probe.py,line=272,col=74::Type annotation is missing for parameter "record_property" (reportMissingParameterType)
d:\a\hol-guard\hol-guard\candidate\tests\test_windows_wtext_acceptance_probe.py:272:91 - warning: Type of parameter "route" is unknown (reportUnknownParameterType)
::warning file=d%3A\a\hol-guard\hol-guard\candidate\tests\test_windows_wtext_acceptance_probe.py,line=272,col=91::Type of parameter "route" is unknown (reportUnknownParameterType)
d:\a\hol-guard\hol-guard\candidate\tests\test_windows_wtext_acceptance_probe.py:272:91 - warning: Type annotation is missing for parameter "route" (reportMissingParameterType)
::warning file=d%3A\a\hol-guard\hol-guard\candidate\tests\test_windows_wtext_acceptance_probe.py,line=272,col=91::Type annotation is missing for parameter "route" (reportMissingParameterType)
d:\a\hol-guard\hol-guard\candidate\tests\test_windows_wtext_acceptance_probe.py:273:11 - warning: Argument type is unknown
  Argument corresponds to parameter "tmp_path" in function "_pair" (reportUnknownArgumentType)
::warning file=d%3A\a\hol-guard\hol-guard\candidate\tests\test_windows_wtext_acceptance_probe.py,line=273,col=11::Argument type is unknown%0A  Argument corresponds to parameter "tmp_path" in function "_pair" (reportUnknownArgumentType)
d:\a\hol-guard\hol-guard\candidate\tests\test_windows_wtext_acceptance_probe.py:273:21 - warning: Argument type is unknown
  Argument corresponds to parameter "record_property" in function "_pair" (reportUnknownArgumentType)
::warning file=d%3A\a\hol-guard\hol-guard\candidate\tests\test_windows_wtext_acceptance_probe.py,line=273,col=21::Argument type is unknown%0A  Argument corresponds to parameter "record_property" in function "_pair" (reportUnknownArgumentType)
d:\a\hol-guard\hol-guard\candidate\tests\test_windows_wtext_acceptance_probe.py:273:67 - warning: Argument type is unknown
  Argument corresponds to parameter "route" in function "_pair" (reportUnknownArgumentType)
::warning file=d%3A\a\hol-guard\hol-guard\candidate\tests\test_windows_wtext_acceptance_probe.py,line=273,col=67::Argument type is unknown%0A  Argument corresponds to parameter "route" in function "_pair" (reportUnknownArgumentType)
d:\a\hol-guard\hol-guard\candidate\tests\test_windows_wtext_acceptance_probe.py:277:62 - warning: Type of parameter "monkeypatch" is unknown (reportUnknownParameterType)
::warning file=d%3A\a\hol-guard\hol-guard\candidate\tests\test_windows_wtext_acceptance_probe.py,line=277,col=62::Type of parameter "monkeypatch" is unknown (reportUnknownParameterType)
d:\a\hol-guard\hol-guard\candidate\tests\test_windows_wtext_acceptance_probe.py:277:62 - warning: Type annotation is missing for parameter "monkeypatch" (reportMissingParameterType)
::warning file=d%3A\a\hol-guard\hol-guard\candidate\tests\test_windows_wtext_acceptance_probe.py,line=277,col=62::Type annotation is missing for parameter "monkeypatch" (reportMissingParameterType)
d:\a\hol-guard\hol-guard\candidate\tests\test_windows_wtext_acceptance_probe.py:277:75 - warning: Type of parameter "candidate" is unknown (reportUnknownParameterType)
::warning file=d%3A\a\hol-guard\hol-guard\candidate\tests\test_windows_wtext_acceptance_probe.py,line=277,col=75::Type of parameter "candidate" is unknown (reportUnknownParameterType)
d:\a\hol-guard\hol-guard\candidate\tests\test_windows_wtext_acceptance_probe.py:277:75 - warning: Type annotation is missing for parameter "candidate" (reportMissingParameterType)
::warning file=d%3A\a\hol-guard\hol-guard\candidate\tests\test_windows_wtext_acceptance_probe.py,line=277,col=75::Type annotation is missing for parameter "candidate" (reportMissingParameterType)
d:\a\hol-guard\hol-guard\candidate\tests\test_windows_wtext_acceptance_probe.py:283:16 - warning: Type of parameter "path" is unknown (reportUnknownParameterType)
::warning file=d%3A\a\hol-guard\hol-guard\candidate\tests\test_windows_wtext_acceptance_probe.py,line=283,col=16::Type of parameter "path" is unknown (reportUnknownParameterType)
d:\a\hol-guard\hol-guard\candidate\tests\test_windows_wtext_acceptance_probe.py:283:16 - warning: Type annotation is missing for parameter "path" (reportMissingParameterType)
::warning file=d%3A\a\hol-guard\hol-guard\candidate\tests\test_windows_wtext_acceptance_probe.py,line=283,col=16::Type annotation is missing for parameter "path" (reportMissingParameterType)
d:\a\hol-guard\hol-guard\candidate\tests\test_windows_wtext_acceptance_probe.py:283:22 - warning: Type of parameter "flags" is unknown (reportUnknownParameterType)
::warning file=d%3A\a\hol-guard\hol-guard\candidate\tests\test_windows_wtext_acceptance_probe.py,line=283,col=22::Type of parameter "flags" is unknown (reportUnknownParameterType)
d:\a\hol-guard\hol-guard\candidate\tests\test_windows_wtext_acceptance_probe.py:283:22 - warning: Type annotation is missing for parameter "flags" (reportMissingParameterType)
::warning file=d%3A\a\hol-guard\hol-guard\candidate\tests\test_windows_wtext_acceptance_probe.py,line=283,col=22::Type annotation is missing for parameter "flags" (reportMissingParameterType)
d:\a\hol-guard\hol-guard\candidate\tests\test_windows_wtext_acceptance_probe.py:284:9 - warning: Type of "append" is partially unknown
  Type of "append" is "(object: Unknown, /) -> None" (reportUnknownMemberType)
::warning file=d%3A\a\hol-guard\hol-guard\candidate\tests\test_windows_wtext_acceptance_probe.py,line=284,col=9::Type of "append" is partially unknown%0A  Type of "append" is "(object: Unknown, /) -> None" (reportUnknownMemberType)
d:\a\hol-guard\hol-guard\candidate\tests\test_windows_wtext_acceptance_probe.py:287:14 - warning: Type of parameter "descriptor" is unknown (reportUnknownParameterType)
::warning file=d%3A\a\hol-guard\hol-guard\candidate\tests\test_windows_wtext_acceptance_probe.py,line=287,col=14::Type of parameter "descriptor" is unknown (reportUnknownParameterType)
d:\a\hol-guard\hol-guard\candidate\tests\test_windows_wtext_acceptance_probe.py:287:14 - warning: Type annotation is missing for parameter "descriptor" (reportMissingParameterType)
::warning file=d%3A\a\hol-guard\hol-guard\candidate\tests\test_windows_wtext_acceptance_probe.py,line=287,col=14::Type annotation is missing for parameter "descriptor" (reportMissingParameterType)
d:\a\hol-guard\hol-guard\candidate\tests\test_windows_wtext_acceptance_probe.py:287:26 - warning: Type of parameter "maximum" is unknown (reportUnknownParameterType)
::warning file=d%3A\a\hol-guard\hol-guard\candidate\tests\test_windows_wtext_acceptance_probe.py,line=287,col=26::Type of parameter "maximum" is unknown (reportUnknownParameterType)
d:\a\hol-guard\hol-guard\candidate\tests\test_windows_wtext_acceptance_probe.py:287:26 - warning: Type annotation is missing for parameter "maximum" (reportMissingParameterType)
::warning file=d%3A\a\hol-guard\hol-guard\candidate\tests\test_windows_wtext_acceptance_probe.py,line=287,col=26::Type annotation is missing for parameter "maximum" (reportMissingParameterType)
d:\a\hol-guard\hol-guard\candidate\tests\test_windows_wtext_acceptance_probe.py:288:9 - warning: Type of "append" is partially unknown
  Type of "append" is "(object: Unknown, /) -> None" (reportUnknownMemberType)
::warning file=d%3A\a\hol-guard\hol-guard\candidate\tests\test_windows_wtext_acceptance_probe.py,line=288,col=9::Type of "append" is partially unknown%0A  Type of "append" is "(object: Unknown, /) -> None" (reportUnknownMemberType)
d:\a\hol-guard\hol-guard\candidate\tests\test_windows_wtext_acceptance_probe.py:289:16 - warning: Argument type is partially unknown
  Argument corresponds to parameter "obj" in function "len"
  Argument type is "list[Unknown]" (reportUnknownArgumentType)
::warning file=d%3A\a\hol-guard\hol-guard\candidate\tests\test_windows_wtext_acceptance_probe.py,line=289,col=16::Argument type is partially unknown%0A  Argument corresponds to parameter "obj" in function "len"%0A  Argument type is "list[Unknown]" (reportUnknownArgumentType)
d:\a\hol-guard\hol-guard\candidate\tests\test_windows_wtext_acceptance_probe.py:294:28 - warning: Type of parameter "descriptor" is unknown (reportUnknownLambdaType)
::warning file=d%3A\a\hol-guard\hol-guard\candidate\tests\test_windows_wtext_acceptance_probe.py,line=294,col=28::Type of parameter "descriptor" is unknown (reportUnknownLambdaType)
d:\a\hol-guard\hol-guard\candidate\tests\test_windows_wtext_acceptance_probe.py:294:40 - warning: Type of "append" is partially unknown
  Type of "append" is "(object: Unknown, /) -> None" (reportUnknownMemberType)
::warning file=d%3A\a\hol-guard\hol-guard\candidate\tests\test_windows_wtext_acceptance_probe.py,line=294,col=40::Type of "append" is partially unknown%0A  Type of "append" is "(object: Unknown, /) -> None" (reportUnknownMemberType)
d:\a\hol-guard\hol-guard\candidate\tests\test_windows_wtext_acceptance_probe.py:295:5 - warning: Type of "setattr" is unknown (reportUnknownMemberType)
::warning file=d%3A\a\hol-guard\hol-guard\candidate\tests\test_windows_wtext_acceptance_probe.py,line=295,col=5::Type of "setattr" is unknown (reportUnknownMemberType)
d:\a\hol-guard\hol-guard\candidate\tests\test_windows_wtext_acceptance_probe.py:297:18 - warning: "_read" is private and used outside of the module in which it is declared (reportPrivateUsage)
::warning file=d%3A\a\hol-guard\hol-guard\candidate\tests\test_windows_wtext_acceptance_probe.py,line=297,col=18::"_read" is private and used outside of the module in which it is declared (reportPrivateUsage)
d:\a\hol-guard\hol-guard\candidate\tests\test_windows_wtext_acceptance_probe.py:297:42 - warning: Argument type is unknown
  Argument corresponds to parameter "candidate" in function "_read" (reportUnknownArgumentType)
::warning file=d%3A\a\hol-guard\hol-guard\candidate\tests\test_windows_wtext_acceptance_probe.py,line=297,col=42::Argument type is unknown%0A  Argument corresponds to parameter "candidate" in function "_read" (reportUnknownArgumentType)
d:\a\hol-guard\hol-guard\candidate\tests\test_windows_wtext_acceptance_probe.py:299:9 - warning: Result of call expression is of type "bytes | str" and is not used; assign to variable "_" if this is intentional (reportUnusedCallResult)
::warning file=d%3A\a\hol-guard\hol-guard\candidate\tests\test_windows_wtext_acceptance_probe.py,line=299,col=9::Result of call expression is of type "bytes | str" and is not used; assign to variable "_" if this is intentional (reportUnusedCallResult)
d:\a\hol-guard\hol-guard\candidate\tests\test_windows_wtext_acceptance_probe.py:299:15 - warning: "_read" is private and used outside of the module in which it is declared (reportPrivateUsage)
::warning file=d%3A\a\hol-guard\hol-guard\candidate\tests\test_windows_wtext_acceptance_probe.py,line=299,col=15::"_read" is private and used outside of the module in which it is declared (reportPrivateUsage)
d:\a\hol-guard\hol-guard\candidate\tests\test_windows_wtext_acceptance_probe.py:299:39 - warning: Argument type is unknown
  Argument corresponds to parameter "candidate" in function "_read" (reportUnknownArgumentType)
::warning file=d%3A\a\hol-guard\hol-guard\candidate\tests\test_windows_wtext_acceptance_probe.py,line=299,col=39::Argument type is unknown%0A  Argument corresponds to parameter "candidate" in function "_read" (reportUnknownArgumentType)
d:\a\hol-guard\hol-guard\candidate\tests\test_windows_wtext_acceptance_probe.py:304:56 - warning: Type of parameter "tmp_path" is unknown (reportUnknownParameterType)
::warning file=d%3A\a\hol-guard\hol-guard\candidate\tests\test_windows_wtext_acceptance_probe.py,line=304,col=56::Type of parameter "tmp_path" is unknown (reportUnknownParameterType)
d:\a\hol-guard\hol-guard\candidate\tests\test_windows_wtext_acceptance_probe.py:304:56 - warning: Type annotation is missing for parameter "tmp_path" (reportMissingParameterType)
::warning file=d%3A\a\hol-guard\hol-guard\candidate\tests\test_windows_wtext_acceptance_probe.py,line=304,col=56::Type annotation is missing for parameter "tmp_path" (reportMissingParameterType)
d:\a\hol-guard\hol-guard\candidate\tests\test_windows_wtext_acceptance_probe.py:304:66 - warning: Type of parameter "monkeypatch" is unknown (reportUnknownParameterType)
::warning file=d%3A\a\hol-guard\hol-guard\candidate\tests\test_windows_wtext_acceptance_probe.py,line=304,col=66::Type of parameter "monkeypatch" is unknown (reportUnknownParameterType)
d:\a\hol-guard\hol-guard\candidate\tests\test_windows_wtext_acceptance_probe.py:304:66 - warning: Type annotation is missing for parameter "monkeypatch" (reportMissingParameterType)
::warning file=d%3A\a\hol-guard\hol-guard\candidate\tests\test_windows_wtext_acceptance_probe.py,line=304,col=66::Type annotation is missing for parameter "monkeypatch" (reportMissingParameterType)
d:\a\hol-guard\hol-guard\candidate\tests\test_windows_wtext_acceptance_probe.py:305:5 - warning: Type of "target" is unknown (reportUnknownVariableType)
::warning file=d%3A\a\hol-guard\hol-guard\candidate\tests\test_windows_wtext_acceptance_probe.py,line=305,col=5::Type of "target" is unknown (reportUnknownVariableType)
d:\a\hol-guard\hol-guard\candidate\tests\test_windows_wtext_acceptance_probe.py:306:5 - warning: Type of "write_bytes" is unknown (reportUnknownMemberType)
::warning file=d%3A\a\hol-guard\hol-guard\candidate\tests\test_windows_wtext_acceptance_probe.py,line=306,col=5::Type of "write_bytes" is unknown (reportUnknownMemberType)
d:\a\hol-guard\hol-guard\candidate\tests\test_windows_wtext_acceptance_probe.py:307:5 - warning: Type of "source" is unknown (reportUnknownVariableType)
::warning file=d%3A\a\hol-guard\hol-guard\candidate\tests\test_windows_wtext_acceptance_probe.py,line=307,col=5::Type of "source" is unknown (reportUnknownVariableType)
d:\a\hol-guard\hol-guard\candidate\tests\test_windows_wtext_acceptance_probe.py:308:5 - warning: Type of "mkdir" is unknown (reportUnknownMemberType)
::warning file=d%3A\a\hol-guard\hol-guard\candidate\tests\test_windows_wtext_acceptance_probe.py,line=308,col=5::Type of "mkdir" is unknown (reportUnknownMemberType)
d:\a\hol-guard\hol-guard\candidate\tests\test_windows_wtext_acceptance_probe.py:309:22 - warning: Type `Any` is not allowed (reportExplicitAny)
::warning file=d%3A\a\hol-guard\hol-guard\candidate\tests\test_windows_wtext_acceptance_probe.py,line=309,col=22::Type `Any` is not allowed (reportExplicitAny)
d:\a\hol-guard\hol-guard\candidate\tests\test_windows_wtext_acceptance_probe.py:312:18 - warning: Type of parameter "value" is unknown (reportUnknownParameterType)
::warning file=d%3A\a\hol-guard\hol-guard\candidate\tests\test_windows_wtext_acceptance_probe.py,line=312,col=18::Type of parameter "value" is unknown (reportUnknownParameterType)
d:\a\hol-guard\hol-guard\candidate\tests\test_windows_wtext_acceptance_probe.py:312:18 - warning: Type annotation is missing for parameter "value" (reportMissingParameterType)
::warning file=d%3A\a\hol-guard\hol-guard\candidate\tests\test_windows_wtext_acceptance_probe.py,line=312,col=18::Type annotation is missing for parameter "value" (reportMissingParameterType)
d:\a\hol-guard\hol-guard\candidate\tests\test_windows_wtext_acceptance_probe.py:318:9 - warning: Return type is Any (reportAny)
::warning file=d%3A\a\hol-guard\hol-guard\candidate\tests\test_windows_wtext_acceptance_probe.py,line=318,col=9::Return type is Any (reportAny)
d:\a\hol-guard\hol-guard\candidate\tests\test_windows_wtext_acceptance_probe.py:318:14 - warning: Type of parameter "_api" is unknown (reportUnknownParameterType)
::warning file=d%3A\a\hol-guard\hol-guard\candidate\tests\test_windows_wtext_acceptance_probe.py,line=318,col=14::Type of parameter "_api" is unknown (reportUnknownParameterType)
d:\a\hol-guard\hol-guard\candidate\tests\test_windows_wtext_acceptance_probe.py:318:14 - warning: Type annotation is missing for parameter "_api" (reportMissingParameterType)
::warning file=d%3A\a\hol-guard\hol-guard\candidate\tests\test_windows_wtext_acceptance_probe.py,line=318,col=14::Type annotation is missing for parameter "_api" (reportMissingParameterType)
d:\a\hol-guard\hol-guard\candidate\tests\test_windows_wtext_acceptance_probe.py:321:16 - warning: Return type is Any (reportAny)
::warning file=d%3A\a\hol-guard\hol-guard\candidate\tests\test_windows_wtext_acceptance_probe.py,line=321,col=16::Return type is Any (reportAny)
d:\a\hol-guard\hol-guard\candidate\tests\test_windows_wtext_acceptance_probe.py:324:22 - warning: Argument type is unknown
  Argument corresponds to parameter "object" in function "__new__" (reportUnknownArgumentType)
::warning file=d%3A\a\hol-guard\hol-guard\candidate\tests\test_windows_wtext_acceptance_probe.py,line=324,col=22::Argument type is unknown%0A  Argument corresponds to parameter "object" in function "__new__" (reportUnknownArgumentType)
d:\a\hol-guard\hol-guard\candidate\tests\test_windows_wtext_acceptance_probe.py:331:29 - warning: Type of parameter "hook" is unknown (reportUnknownLambdaType)
::warning file=d%3A\a\hol-guard\hol-guard\candidate\tests\test_windows_wtext_acceptance_probe.py,line=331,col=29::Type of parameter "hook" is unknown (reportUnknownLambdaType)
d:\a\hol-guard\hol-guard\candidate\tests\test_windows_wtext_acceptance_probe.py:334:14 - warning: Type of parameter "path" is unknown (reportUnknownParameterType)
::warning file=d%3A\a\hol-guard\hol-guard\candidate\tests\test_windows_wtext_acceptance_probe.py,line=334,col=14::Type of parameter "path" is unknown (reportUnknownParameterType)
d:\a\hol-guard\hol-guard\candidate\tests\test_windows_wtext_acceptance_probe.py:334:14 - warning: Type annotation is missing for parameter "path" (reportMissingParameterType)
::warning file=d%3A\a\hol-guard\hol-guard\candidate\tests\test_windows_wtext_acceptance_probe.py,line=334,col=14::Type annotation is missing for parameter "path" (reportMissingParameterType)
d:\a\hol-guard\hol-guard\candidate\tests\test_windows_wtext_acceptance_probe.py:334:22 - warning: Type of parameter "_kwargs" is unknown (reportUnknownParameterType)
::warning file=d%3A\a\hol-guard\hol-guard\candidate\tests\test_windows_wtext_acceptance_probe.py,line=334,col=22::Type of parameter "_kwargs" is unknown (reportUnknownParameterType)
d:\a\hol-guard\hol-guard\candidate\tests\test_windows_wtext_acceptance_probe.py:334:22 - warning: Type annotation is missing for parameter "_kwargs" (reportMissingParameterType)
::warning file=d%3A\a\hol-guard\hol-guard\candidate\tests\test_windows_wtext_acceptance_probe.py,line=334,col=22::Type annotation is missing for parameter "_kwargs" (reportMissingParameterType)
d:\a\hol-guard\hol-guard\candidate\tests\test_windows_wtext_acceptance_probe.py:335:9 - warning: Type of "audit" is Any (reportAny)
::warning file=d%3A\a\hol-guard\hol-guard\candidate\tests\test_windows_wtext_acceptance_probe.py,line=335,col=9::Type of "audit" is Any (reportAny)
d:\a\hol-guard\hol-guard\candidate\tests\test_windows_wtext_acceptance_probe.py:336:25 - warning: Argument type is Any
  Argument corresponds to parameter "obj" in function "callable" (reportAny)
::warning file=d%3A\a\hol-guard\hol-guard\candidate\tests\test_windows_wtext_acceptance_probe.py,line=336,col=25::Argument type is Any%0A  Argument corresponds to parameter "obj" in function "callable" (reportAny)
d:\a\hol-guard\hol-guard\candidate\tests\test_windows_wtext_acceptance_probe.py:337:9 - warning: Result of call expression is of type "object" and is not used; assign to variable "_" if this is intentional (reportUnusedCallResult)
::warning file=d%3A\a\hol-guard\hol-guard\candidate\tests\test_windows_wtext_acceptance_probe.py,line=337,col=9::Result of call expression is of type "object" and is not used; assign to variable "_" if this is intentional (reportUnusedCallResult)
d:\a\hol-guard\hol-guard\candidate\tests\test_windows_wtext_acceptance_probe.py:337:28 - warning: Argument type is unknown
  Argument corresponds to parameter "object" in function "__new__" (reportUnknownArgumentType)
::warning file=d%3A\a\hol-guard\hol-guard\candidate\tests\test_windows_wtext_acceptance_probe.py,line=337,col=28::Argument type is unknown%0A  Argument corresponds to parameter "object" in function "__new__" (reportUnknownArgumentType)
d:\a\hol-guard\hol-guard\candidate\tests\test_windows_wtext_acceptance_probe.py:341:5 - warning: Type of "setattr" is unknown (reportUnknownMemberType)
::warning file=d%3A\a\hol-guard\hol-guard\candidate\tests\test_windows_wtext_acceptance_probe.py,line=341,col=5::Type of "setattr" is unknown (reportUnknownMemberType)
d:\a\hol-guard\hol-guard\candidate\tests\test_windows_wtext_acceptance_probe.py:342:5 - warning: Type of "setattr" is unknown (reportUnknownMemberType)
::warning file=d%3A\a\hol-guard\hol-guard\candidate\tests\test_windows_wtext_acceptance_probe.py,line=342,col=5::Type of "setattr" is unknown (reportUnknownMemberType)
d:\a\hol-guard\hol-guard\candidate\tests\test_windows_wtext_acceptance_probe.py:343:5 - warning: Type of "setattr" is unknown (reportUnknownMemberType)
::warning file=d%3A\a\hol-guard\hol-guard\candidate\tests\test_windows_wtext_acceptance_probe.py,line=343,col=5::Type of "setattr" is unknown (reportUnknownMemberType)
d:\a\hol-guard\hol-guard\candidate\tests\test_windows_wtext_acceptance_probe.py:343:82 - warning: Type of parameter "_name" is unknown (reportUnknownLambdaType)
::warning file=d%3A\a\hol-guard\hol-guard\candidate\tests\test_windows_wtext_acceptance_probe.py,line=343,col=82::Type of parameter "_name" is unknown (reportUnknownLambdaType)
d:\a\hol-guard\hol-guard\candidate\tests\test_windows_wtext_acceptance_probe.py:344:5 - warning: Type of "setattr" is unknown (reportUnknownMemberType)
::warning file=d%3A\a\hol-guard\hol-guard\candidate\tests\test_windows_wtext_acceptance_probe.py,line=344,col=5::Type of "setattr" is unknown (reportUnknownMemberType)
d:\a\hol-guard\hol-guard\candidate\tests\test_windows_wtext_acceptance_probe.py:345:5 - warning: Type of "setattr" is unknown (reportUnknownMemberType)
::warning file=d%3A\a\hol-guard\hol-guard\candidate\tests\test_windows_wtext_acceptance_probe.py,line=345,col=5::Type of "setattr" is unknown (reportUnknownMemberType)
d:\a\hol-guard\hol-guard\candidate\tests\test_windows_wtext_acceptance_probe.py:368:78 - warning: Type of parameter "monkeypatch" is unknown (reportUnknownParameterType)
::warning file=d%3A\a\hol-guard\hol-guard\candidate\tests\test_windows_wtext_acceptance_probe.py,line=368,col=78::Type of parameter "monkeypatch" is unknown (reportUnknownParameterType)
d:\a\hol-guard\hol-guard\candidate\tests\test_windows_wtext_acceptance_probe.py:368:78 - warning: Type annotation is missing for parameter "monkeypatch" (reportMissingParameterType)
::warning file=d%3A\a\hol-guard\hol-guard\candidate\tests\test_windows_wtext_acceptance_probe.py,line=368,col=78::Type annotation is missing for parameter "monkeypatch" (reportMissingParameterType)
d:\a\hol-guard\hol-guard\candidate\tests\test_windows_wtext_acceptance_probe.py:372:16 - warning: Type of parameter "_arguments" is unknown (reportUnknownParameterType)
::warning file=d%3A\a\hol-guard\hol-guard\candidate\tests\test_windows_wtext_acceptance_probe.py,line=372,col=16::Type of parameter "_arguments" is unknown (reportUnknownParameterType)
d:\a\hol-guard\hol-guard\candidate\tests\test_windows_wtext_acceptance_probe.py:372:16 - warning: Type annotation is missing for parameter "_arguments" (reportMissingParameterType)
::warning file=d%3A\a\hol-guard\hol-guard\candidate\tests\test_windows_wtext_acceptance_probe.py,line=372,col=16::Type annotation is missing for parameter "_arguments" (reportMissingParameterType)
d:\a\hol-guard\hol-guard\candidate\tests\test_windows_wtext_acceptance_probe.py:372:30 - warning: Type of parameter "_keywords" is unknown (reportUnknownParameterType)
::warning file=d%3A\a\hol-guard\hol-guard\candidate\tests\test_windows_wtext_acceptance_probe.py,line=372,col=30::Type of parameter "_keywords" is unknown (reportUnknownParameterType)
d:\a\hol-guard\hol-guard\candidate\tests\test_windows_wtext_acceptance_probe.py:372:30 - warning: Type annotation is missing for parameter "_keywords" (reportMissingParameterType)
::warning file=d%3A\a\hol-guard\hol-guard\candidate\tests\test_windows_wtext_acceptance_probe.py,line=372,col=30::Type annotation is missing for parameter "_keywords" (reportMissingParameterType)
d:\a\hol-guard\hol-guard\candidate\tests\test_windows_wtext_acceptance_probe.py:375:5 - warning: Type of "setattr" is unknown (reportUnknownMemberType)
::warning file=d%3A\a\hol-guard\hol-guard\candidate\tests\test_windows_wtext_acceptance_probe.py,line=375,col=5::Type of "setattr" is unknown (reportUnknownMemberType)
d:\a\hol-guard\hol-guard\candidate\tests\test_windows_wtext_acceptance_probe.py:377:9 - warning: Result of call expression is of type "dict[str, Any]" and is not used; assign to variable "_" if this is intentional (reportUnusedCallResult)
::warning file=d%3A\a\hol-guard\hol-guard\candidate\tests\test_windows_wtext_acceptance_probe.py,line=377,col=9::Result of call expression is of type "dict[str, Any]" and is not used; assign to variable "_" if this is intentional (reportUnusedCallResult)
d:\a\hol-guard\hol-guard\candidate\tests\test_windows_wtext_acceptance_probe.py:385:20 - warning: Type of parameter "name" is unknown (reportUnknownLambdaType)
::warning file=d%3A\a\hol-guard\hol-guard\candidate\tests\test_windows_wtext_acceptance_probe.py,line=385,col=20::Type of parameter "name" is unknown (reportUnknownLambdaType)
d:\a\hol-guard\hol-guard\candidate\tests\test_windows_wtext_acceptance_probe.py:385:26 - warning: Type of parameter "value" is unknown (reportUnknownLambdaType)
::warning file=d%3A\a\hol-guard\hol-guard\candidate\tests\test_windows_wtext_acceptance_probe.py,line=385,col=26::Type of parameter "value" is unknown (reportUnknownLambdaType)
d:\a\hol-guard\hol-guard\candidate\tests\test_windows_wtext_acceptance_probe.py:385:33 - warning: Type of "append" is partially unknown
  Type of "append" is "(object: Unknown, /) -> None" (reportUnknownMemberType)
::warning file=d%3A\a\hol-guard\hol-guard\candidate\tests\test_windows_wtext_acceptance_probe.py,line=385,col=33::Type of "append" is partially unknown%0A  Type of "append" is "(object: Unknown, /) -> None" (reportUnknownMemberType)
d:\a\hol-guard\hol-guard\candidate\tests\test_windows_wtext_acceptance_probe.py:385:66 - warning: Argument type is unknown
  Argument corresponds to parameter "s" in function "loads" (reportUnknownArgumentType)
::warning file=d%3A\a\hol-guard\hol-guard\candidate\tests\test_windows_wtext_acceptance_probe.py,line=385,col=66::Argument type is unknown%0A  Argument corresponds to parameter "s" in function "loads" (reportUnknownArgumentType)
0 errors, 1974 warnings, 0 notes
