2026-09-20T17:39:10.5055428Z Current runner version: '2.337.0'
2026-09-20T17:39:10.5077864Z ##[group]Runner Image Provisioner
2026-09-20T17:39:10.5078623Z Hosted Compute Agent
2026-09-20T17:39:10.5079129Z Version: 20260828.587
2026-09-20T17:39:10.5079746Z Commit: abac92662cab4cc7352de4f9f9d2e2419aad9c29
2026-09-20T17:39:10.5080453Z Build Date: 2026-08-28T16:44:25Z
2026-09-20T17:39:10.5081544Z Worker ID: {0d0bb219-d02e-43c5-b754-f90a8f282419}
2026-09-20T17:39:10.5082166Z Azure Region: westus3
2026-09-20T17:39:10.5082650Z ##[endgroup]
2026-09-20T17:39:10.5083887Z ##[group]Operating System
2026-09-20T17:39:10.5084491Z Microsoft Windows Server 2025
2026-09-20T17:39:10.5085008Z 10.0.26100
2026-09-20T17:39:10.5085434Z Datacenter
2026-09-20T17:39:10.5085915Z ##[endgroup]
2026-09-20T17:39:10.5086431Z ##[group]Runner Image
2026-09-20T17:39:10.5086930Z Image: windows-2025-vs2026
2026-09-20T17:39:10.5087435Z Version: 20260907.229.1
2026-09-20T17:39:10.5088821Z Included Software: https://github.com/actions/runner-images/blob/win25-vs2026/20260907.229/images/windows/Windows2025-VS2026-Readme.md
2026-09-20T17:39:10.5090221Z Image Release: https://github.com/actions/runner-images/releases/tag/win25-vs2026%2F20260907.229
2026-09-20T17:39:10.5091042Z ##[endgroup]
2026-09-20T17:39:10.5091942Z ##[group]GITHUB_TOKEN Permissions
2026-09-20T17:39:10.5093750Z Contents: read
2026-09-20T17:39:10.5094227Z Metadata: read
2026-09-20T17:39:10.5094682Z ##[endgroup]
2026-09-20T17:39:10.5096386Z Secret source: Actions
2026-09-20T17:39:10.5097160Z Cache mode: write
2026-09-20T17:39:10.5097732Z Prepare workflow directory
2026-09-20T17:39:10.5379353Z Prepare all required actions
2026-09-20T17:39:10.5434985Z Getting action download info
2026-09-20T17:39:10.8500943Z Download action repository 'actions/checkout@df4cb1c069e1874edd31b4311f1884172cec0e10' (SHA:df4cb1c069e1874edd31b4311f1884172cec0e10)
2026-09-20T17:39:11.0077510Z Download action repository 'actions/setup-python@a309ff8b426b58ec0e2a45f0f869d46889d02405' (SHA:a309ff8b426b58ec0e2a45f0f869d46889d02405)
2026-09-20T17:39:11.1353448Z Download action repository 'astral-sh/setup-uv@fac544c07dec837d0ccb6301d7b5580bf5edae39' (SHA:fac544c07dec837d0ccb6301d7b5580bf5edae39)
2026-09-20T17:39:11.9064825Z Complete job name: windows-resident
2026-09-20T17:39:12.1634770Z ##[group]Run actions/checkout@df4cb1c069e1874edd31b4311f1884172cec0e10
2026-09-20T17:39:12.1636964Z with:
2026-09-20T17:39:12.1637449Z   persist-credentials: false
2026-09-20T17:39:12.1638039Z   repository: hashgraph-online/hol-guard
2026-09-20T17:39:12.1641378Z   token: ***
2026-09-20T17:39:12.1641787Z   ssh-strict: true
2026-09-20T17:39:12.1642215Z   ssh-user: git
2026-09-20T17:39:12.1642621Z   clean: true
2026-09-20T17:39:12.1643086Z   sparse-checkout-cone-mode: true
2026-09-20T17:39:12.1643598Z   fetch-depth: 1
2026-09-20T17:39:12.1644016Z   fetch-tags: false
2026-09-20T17:39:12.1644450Z   show-progress: true
2026-09-20T17:39:12.1644925Z   lfs: false
2026-09-20T17:39:12.1645311Z   submodules: false
2026-09-20T17:39:12.1645799Z   set-safe-directory: true
2026-09-20T17:39:12.1646498Z ##[endgroup]
2026-09-20T17:39:12.2992994Z Syncing repository: hashgraph-online/hol-guard
2026-09-20T17:39:12.2994662Z ##[group]Getting Git version info
2026-09-20T17:39:12.2995515Z Working directory is 'D:\a\hol-guard\hol-guard'
2026-09-20T17:39:12.3778030Z [command]"C:\Program Files\Git\bin\git.exe" version
2026-09-20T17:39:12.8463535Z git version 2.55.0.windows.5
2026-09-20T17:39:12.8511877Z ##[endgroup]
2026-09-20T17:39:12.8528877Z Temporarily overriding HOME='D:\a\_temp\76dbb7d7-4126-4aae-b0c4-37d32c2be79d' before making global git config changes
2026-09-20T17:39:12.8530321Z Adding repository directory to the temporary git global config as a safe directory
2026-09-20T17:39:12.8537987Z [command]"C:\Program Files\Git\bin\git.exe" config --global --add safe.directory D:\a\hol-guard\hol-guard
2026-09-20T17:39:12.9238118Z Deleting the contents of 'D:\a\hol-guard\hol-guard'
2026-09-20T17:39:12.9243466Z ##[group]Determining repository object format
2026-09-20T17:39:12.9247689Z ##[endgroup]
2026-09-20T17:39:12.9248607Z ##[group]Initializing the repository
2026-09-20T17:39:12.9255027Z [command]"C:\Program Files\Git\bin\git.exe" init D:\a\hol-guard\hol-guard
2026-09-20T17:39:13.0099522Z Initialized empty Git repository in D:/a/hol-guard/hol-guard/.git/
2026-09-20T17:39:13.0158609Z [command]"C:\Program Files\Git\bin\git.exe" remote add origin https://github.com/hashgraph-online/hol-guard
2026-09-20T17:39:13.0965414Z ##[endgroup]
2026-09-20T17:39:13.0967738Z ##[group]Disabling automatic garbage collection
2026-09-20T17:39:13.0974348Z [command]"C:\Program Files\Git\bin\git.exe" config --local gc.auto 0
2026-09-20T17:39:13.1244227Z ##[endgroup]
2026-09-20T17:39:13.1245730Z ##[group]Setting up auth
2026-09-20T17:39:13.1246857Z Removing SSH command configuration
2026-09-20T17:39:13.1255065Z [command]"C:\Program Files\Git\bin\git.exe" config --local --name-only --get-regexp core\.sshCommand
2026-09-20T17:39:13.1520810Z [command]"C:\Program Files\Git\bin\git.exe" submodule foreach --recursive "sh -c \"git config --local --name-only --get-regexp 'core\.sshCommand' && git config --local --unset-all 'core.sshCommand' || :\""
2026-09-20T17:39:15.6851035Z Removing HTTP extra header
2026-09-20T17:39:15.6861004Z [command]"C:\Program Files\Git\bin\git.exe" config --local --name-only --get-regexp http\.https\:\/\/github\.com\/\.extraheader
2026-09-20T17:39:15.7141611Z [command]"C:\Program Files\Git\bin\git.exe" submodule foreach --recursive "sh -c \"git config --local --name-only --get-regexp 'http\.https\:\/\/github\.com\/\.extraheader' && git config --local --unset-all 'http.https://github.com/.extraheader' || :\""
2026-09-20T17:39:16.1719056Z Removing includeIf entries pointing to credentials config files
2026-09-20T17:39:16.1729410Z [command]"C:\Program Files\Git\bin\git.exe" config --local --name-only --get-regexp ^includeIf\.gitdir:
2026-09-20T17:39:16.2004409Z [command]"C:\Program Files\Git\bin\git.exe" submodule foreach --recursive "git config --local --show-origin --name-only --get-regexp remote.origin.url"
2026-09-20T17:39:16.6968972Z [command]"C:\Program Files\Git\bin\git.exe" config --file D:\a\_temp\git-credentials-8110c9e6-2b79-4275-8750-0c2a65b70677.config http.https://github.com/.extraheader "AUTHORIZATION: basic ***"
2026-09-20T17:39:16.7272402Z [command]"C:\Program Files\Git\bin\git.exe" config --local includeIf.gitdir:D:/a/hol-guard/hol-guard/.git.path D:\a\_temp\git-credentials-8110c9e6-2b79-4275-8750-0c2a65b70677.config
2026-09-20T17:39:16.7564806Z [command]"C:\Program Files\Git\bin\git.exe" config --local includeIf.gitdir:D:/a/hol-guard/hol-guard/.git/worktrees/*.path D:\a\_temp\git-credentials-8110c9e6-2b79-4275-8750-0c2a65b70677.config
2026-09-20T17:39:16.7907887Z [command]"C:\Program Files\Git\bin\git.exe" config --local includeIf.gitdir:/github/workspace/.git.path /github/runner_temp/git-credentials-8110c9e6-2b79-4275-8750-0c2a65b70677.config
2026-09-20T17:39:16.8193482Z [command]"C:\Program Files\Git\bin\git.exe" config --local includeIf.gitdir:/github/workspace/.git/worktrees/*.path /github/runner_temp/git-credentials-8110c9e6-2b79-4275-8750-0c2a65b70677.config
2026-09-20T17:39:16.8496048Z ##[endgroup]
2026-09-20T17:39:16.8496948Z ##[group]Fetching the repository
2026-09-20T17:39:16.8510091Z [command]"C:\Program Files\Git\bin\git.exe" -c protocol.version=2 fetch --no-tags --prune --no-recurse-submodules --depth=1 origin +d7f30a0ad61d72d96d1a9e7970943404c4cc19dc:refs/remotes/pull/2974/merge
2026-09-20T17:39:19.4726886Z From https://github.com/hashgraph-online/hol-guard
2026-09-20T17:39:19.4730099Z  * [new ref]         d7f30a0ad61d72d96d1a9e7970943404c4cc19dc -> pull/2974/merge
2026-09-20T17:39:19.4773295Z ##[endgroup]
2026-09-20T17:39:19.4773954Z ##[group]Determining the checkout info
2026-09-20T17:39:19.4775425Z ##[endgroup]
2026-09-20T17:39:19.4783693Z [command]"C:\Program Files\Git\bin\git.exe" sparse-checkout disable
2026-09-20T17:39:19.5266179Z [command]"C:\Program Files\Git\bin\git.exe" config --local --unset-all extensions.worktreeConfig
2026-09-20T17:39:19.5525713Z ##[group]Checking out the ref
2026-09-20T17:39:19.5534368Z [command]"C:\Program Files\Git\bin\git.exe" checkout --progress --force refs/remotes/pull/2974/merge
2026-09-20T17:39:20.5946912Z Updating files:  83% (4026/4795)
2026-09-20T17:39:20.6081893Z Updating files:  84% (4028/4795)
2026-09-20T17:39:20.6226037Z Updating files:  85% (4076/4795)
2026-09-20T17:39:20.6339245Z Updating files:  86% (4124/4795)
2026-09-20T17:39:20.6475990Z Updating files:  87% (4172/4795)
2026-09-20T17:39:20.6642935Z Updating files:  88% (4220/4795)
2026-09-20T17:39:20.6768995Z Updating files:  89% (4268/4795)
2026-09-20T17:39:20.6912767Z Updating files:  90% (4316/4795)
2026-09-20T17:39:20.7026491Z Updating files:  91% (4364/4795)
2026-09-20T17:39:20.7127502Z Updating files:  92% (4412/4795)
2026-09-20T17:39:20.7246945Z Updating files:  93% (4460/4795)
2026-09-20T17:39:20.7342672Z Updating files:  94% (4508/4795)
2026-09-20T17:39:20.7437130Z Updating files:  95% (4556/4795)
2026-09-20T17:39:20.7524055Z Updating files:  96% (4604/4795)
2026-09-20T17:39:20.7616388Z Updating files:  97% (4652/4795)
2026-09-20T17:39:20.7695267Z Updating files:  98% (4700/4795)
2026-09-20T17:39:20.7836247Z Updating files:  99% (4748/4795)
2026-09-20T17:39:20.7837035Z Updating files: 100% (4795/4795)
2026-09-20T17:39:20.7837542Z Updating files: 100% (4795/4795), done.
2026-09-20T17:39:20.7971687Z Note: switching to 'refs/remotes/pull/2974/merge'.
2026-09-20T17:39:20.7972431Z 
2026-09-20T17:39:20.7972864Z You are in 'detached HEAD' state. You can look around, make experimental
2026-09-20T17:39:20.7973714Z changes and commit them, and you can discard any commits you make in this
2026-09-20T17:39:20.7974657Z state without impacting any branches by switching back to a branch.
2026-09-20T17:39:20.7975102Z 
2026-09-20T17:39:20.7975310Z If you want to create a new branch to retain commits you create, you may
2026-09-20T17:39:20.7975780Z do so (now or later) by using -c with the switch command. Example:
2026-09-20T17:39:20.7976239Z 
2026-09-20T17:39:20.7976577Z   git switch -c <new-branch-name>
2026-09-20T17:39:20.7976754Z 
2026-09-20T17:39:20.7976956Z Or undo this operation with:
2026-09-20T17:39:20.7977125Z 
2026-09-20T17:39:20.7978035Z   git switch -
2026-09-20T17:39:20.7978190Z 
2026-09-20T17:39:20.7978464Z Turn off this advice by setting config variable advice.detachedHead to false
2026-09-20T17:39:20.7978792Z 
2026-09-20T17:39:20.7979112Z HEAD is now at d7f30a0 Merge a5fdde302aba2a06265c2e6e934b6ac9b76750df into 4b89e0d2d496a85f04922b2e019a4aea15326bb9
2026-09-20T17:39:20.8114036Z ##[endgroup]
2026-09-20T17:39:20.8482916Z [command]"C:\Program Files\Git\bin\git.exe" log -1 --format=%H
2026-09-20T17:39:20.8724920Z d7f30a0ad61d72d96d1a9e7970943404c4cc19dc
2026-09-20T17:39:20.8767134Z ##[group]Removing auth
2026-09-20T17:39:20.8767587Z Removing SSH command configuration
2026-09-20T17:39:20.8775822Z [command]"C:\Program Files\Git\bin\git.exe" config --local --name-only --get-regexp core\.sshCommand
2026-09-20T17:39:20.9056583Z [command]"C:\Program Files\Git\bin\git.exe" submodule foreach --recursive "sh -c \"git config --local --name-only --get-regexp 'core\.sshCommand' && git config --local --unset-all 'core.sshCommand' || :\""
2026-09-20T17:39:21.3965848Z Removing HTTP extra header
2026-09-20T17:39:21.3974467Z [command]"C:\Program Files\Git\bin\git.exe" config --local --name-only --get-regexp http\.https\:\/\/github\.com\/\.extraheader
2026-09-20T17:39:21.4239837Z [command]"C:\Program Files\Git\bin\git.exe" submodule foreach --recursive "sh -c \"git config --local --name-only --get-regexp 'http\.https\:\/\/github\.com\/\.extraheader' && git config --local --unset-all 'http.https://github.com/.extraheader' || :\""
2026-09-20T17:39:21.9470282Z Removing includeIf entries pointing to credentials config files
2026-09-20T17:39:21.9479005Z [command]"C:\Program Files\Git\bin\git.exe" config --local --name-only --get-regexp ^includeIf\.gitdir:
2026-09-20T17:39:21.9704810Z includeif.gitdir:D:/a/hol-guard/hol-guard/.git.path
2026-09-20T17:39:21.9705576Z includeif.gitdir:D:/a/hol-guard/hol-guard/.git/worktrees/*.path
2026-09-20T17:39:21.9706292Z includeif.gitdir:/github/workspace/.git.path
2026-09-20T17:39:21.9706982Z includeif.gitdir:/github/workspace/.git/worktrees/*.path
2026-09-20T17:39:21.9748013Z [command]"C:\Program Files\Git\bin\git.exe" config --local --get-all includeif.gitdir:D:/a/hol-guard/hol-guard/.git.path
2026-09-20T17:39:21.9974764Z D:\a\_temp\git-credentials-8110c9e6-2b79-4275-8750-0c2a65b70677.config
2026-09-20T17:39:22.0018754Z [command]"C:\Program Files\Git\bin\git.exe" config --local --unset includeif.gitdir:D:/a/hol-guard/hol-guard/.git.path D:\a\_temp\git-credentials-8110c9e6-2b79-4275-8750-0c2a65b70677.config
2026-09-20T17:39:22.0279834Z [command]"C:\Program Files\Git\bin\git.exe" config --local --get-all includeif.gitdir:D:/a/hol-guard/hol-guard/.git/worktrees/*.path
2026-09-20T17:39:22.0496381Z D:\a\_temp\git-credentials-8110c9e6-2b79-4275-8750-0c2a65b70677.config
2026-09-20T17:39:22.0537770Z [command]"C:\Program Files\Git\bin\git.exe" config --local --unset includeif.gitdir:D:/a/hol-guard/hol-guard/.git/worktrees/*.path D:\a\_temp\git-credentials-8110c9e6-2b79-4275-8750-0c2a65b70677.config
2026-09-20T17:39:22.0799033Z [command]"C:\Program Files\Git\bin\git.exe" config --local --get-all includeif.gitdir:/github/workspace/.git.path
2026-09-20T17:39:22.1009215Z /github/runner_temp/git-credentials-8110c9e6-2b79-4275-8750-0c2a65b70677.config
2026-09-20T17:39:22.1049526Z [command]"C:\Program Files\Git\bin\git.exe" config --local --unset includeif.gitdir:/github/workspace/.git.path /github/runner_temp/git-credentials-8110c9e6-2b79-4275-8750-0c2a65b70677.config
2026-09-20T17:39:22.1327104Z [command]"C:\Program Files\Git\bin\git.exe" config --local --get-all includeif.gitdir:/github/workspace/.git/worktrees/*.path
2026-09-20T17:39:22.1562988Z /github/runner_temp/git-credentials-8110c9e6-2b79-4275-8750-0c2a65b70677.config
2026-09-20T17:39:22.1603240Z [command]"C:\Program Files\Git\bin\git.exe" config --local --unset includeif.gitdir:/github/workspace/.git/worktrees/*.path /github/runner_temp/git-credentials-8110c9e6-2b79-4275-8750-0c2a65b70677.config
2026-09-20T17:39:22.1861086Z [command]"C:\Program Files\Git\bin\git.exe" submodule foreach --recursive "git config --local --show-origin --name-only --get-regexp remote.origin.url"
2026-09-20T17:39:22.7287271Z Removing credentials config 'D:\a\_temp\git-credentials-8110c9e6-2b79-4275-8750-0c2a65b70677.config'
2026-09-20T17:39:22.7298278Z ##[endgroup]
2026-09-20T17:39:22.7688743Z ##[group]Run actions/setup-python@a309ff8b426b58ec0e2a45f0f869d46889d02405
2026-09-20T17:39:22.7689367Z with:
2026-09-20T17:39:22.7689682Z   python-version: 3.12
2026-09-20T17:39:22.7690060Z   check-latest: false
2026-09-20T17:39:22.7692400Z   token: ***
2026-09-20T17:39:22.7692728Z   update-environment: true
2026-09-20T17:39:22.7693066Z   allow-prereleases: false
2026-09-20T17:39:22.7693371Z   freethreaded: false
2026-09-20T17:39:22.7693693Z ##[endgroup]
2026-09-20T17:39:22.9135286Z ##[group]Installed versions
2026-09-20T17:39:22.9598332Z Successfully set up CPython (3.12.10)
2026-09-20T17:39:22.9599652Z ##[endgroup]
2026-09-20T17:39:22.9930059Z ##[group]Run astral-sh/setup-uv@fac544c07dec837d0ccb6301d7b5580bf5edae39
2026-09-20T17:39:22.9930553Z with:
2026-09-20T17:39:22.9930865Z   version: 0.9.26
2026-09-20T17:39:22.9931124Z   enable-cache: true
2026-09-20T17:39:22.9931388Z   activate-environment: false
2026-09-20T17:39:22.9931705Z   no-project: false
2026-09-20T17:39:22.9931992Z   working-directory: D:\a\hol-guard\hol-guard
2026-09-20T17:39:22.9934045Z   github-token: ***
2026-09-20T17:39:22.9934575Z   cache-dependency-glob: **/*requirements*.txt
**/*requirements*.in
**/*constraints*.txt
**/*constraints*.in
**/pyproject.toml
**/uv.lock
**/*.py.lock

2026-09-20T17:39:22.9935125Z   restore-cache: true
2026-09-20T17:39:22.9935407Z   save-cache: true
2026-09-20T17:39:22.9935663Z   prune-cache: true
2026-09-20T17:39:22.9936111Z   cache-python: false
2026-09-20T17:39:22.9936409Z   ignore-nothing-to-cache: false
2026-09-20T17:39:22.9936713Z   ignore-empty-workdir: false
2026-09-20T17:39:22.9937125Z   download-from-astral-mirror: true
2026-09-20T17:39:22.9937444Z   add-problem-matchers: true
2026-09-20T17:39:22.9937705Z   quiet: false
2026-09-20T17:39:22.9938006Z   resolution-strategy: highest
2026-09-20T17:39:22.9938350Z env:
2026-09-20T17:39:22.9938765Z   pythonLocation: C:\hostedtoolcache\windows\Python\3.12.10\x64
2026-09-20T17:39:22.9939586Z   PKG_CONFIG_PATH: C:\hostedtoolcache\windows\Python\3.12.10\x64/lib/pkgconfig
2026-09-20T17:39:22.9942229Z   Python_ROOT_DIR: C:\hostedtoolcache\windows\Python\3.12.10\x64
2026-09-20T17:39:22.9942802Z   Python2_ROOT_DIR: C:\hostedtoolcache\windows\Python\3.12.10\x64
2026-09-20T17:39:22.9943204Z   Python3_ROOT_DIR: C:\hostedtoolcache\windows\Python\3.12.10\x64
2026-09-20T17:39:22.9943573Z ##[endgroup]
2026-09-20T17:39:23.1819841Z Fetching manifest data from https://raw.githubusercontent.com/astral-sh/versions/main/v1/uv.ndjson ...
2026-09-20T17:39:23.2875278Z Downloading uv from "https://releases.astral.sh/github/uv/releases/download/0.9.26/uv-x86_64-pc-windows-msvc.zip" ...
2026-09-20T17:39:23.9417271Z [command]C:\Windows\system32\tar.exe x -C D:\a\_temp\7fa5c630-9803-4ce4-b393-66657b6dd8da -f D:\a\_temp\1755fb3b-1530-4784-b98a-ff1303709ad1
2026-09-20T17:39:24.2221955Z Set UV_TOOL_BIN_DIR to D:\a\_temp\uv-tool-bin-dir
2026-09-20T17:39:24.2225639Z Added D:\a\_temp\uv-tool-bin-dir to the path
2026-09-20T17:39:24.2235271Z Added C:\hostedtoolcache\windows\uv\0.9.26\x86_64 to the path
2026-09-20T17:39:24.2237377Z Set UV_TOOL_DIR to D:\a\_temp\uv-tool-dir
2026-09-20T17:39:24.2239687Z Set UV_PYTHON_INSTALL_DIR to D:\a\_temp\uv-python-dir
2026-09-20T17:39:24.2242042Z Added D:\a\_temp\uv-python-dir to the path
2026-09-20T17:39:24.2260393Z Set UV_CACHE_DIR to D:\a\_temp\setup-uv-cache
2026-09-20T17:39:24.2260986Z Successfully installed uv version 0.9.26
2026-09-20T17:39:26.2761428Z Searching files using cache dependency glob: D:\a\hol-guard\hol-guard\**\*requirements*.txt,D:\a\hol-guard\hol-guard\**\*requirements*.in,D:\a\hol-guard\hol-guard\**\*constraints*.txt,D:\a\hol-guard\hol-guard\**\*constraints*.in,D:\a\hol-guard\hol-guard\**\pyproject.toml,D:\a\hol-guard\hol-guard\**\uv.lock,D:\a\hol-guard\hol-guard\**\*.py.lock
2026-09-20T17:39:26.2833034Z D:\a\hol-guard\hol-guard\.clusterfuzzlite\requirements-atheris.txt
2026-09-20T17:39:26.3093319Z D:\a\hol-guard\hol-guard\action\pypi-attestations-requirements.in
2026-09-20T17:39:26.3103825Z D:\a\hol-guard\hol-guard\action\pypi-attestations-requirements.txt
2026-09-20T17:39:26.3114542Z D:\a\hol-guard\hol-guard\action\scanner-cisco-runtime-requirements.txt
2026-09-20T17:39:26.3127263Z D:\a\hol-guard\hol-guard\action\scanner-runtime-requirements.txt
2026-09-20T17:39:26.4147717Z D:\a\hol-guard\hol-guard\distributions\mcpb\pyproject.toml
2026-09-20T17:39:26.4161177Z D:\a\hol-guard\hol-guard\docker-requirements.txt
2026-09-20T17:39:26.4510871Z D:\a\hol-guard\hol-guard\pyproject.toml
2026-09-20T17:39:26.4525709Z D:\a\hol-guard\hol-guard\requirements.txt
2026-09-20T17:39:26.9702124Z D:\a\hol-guard\hol-guard\uv.lock
2026-09-20T17:39:26.9732268Z Found 10 files to hash.
2026-09-20T17:39:26.9740331Z Trying to restore cache from GitHub Actions cache with key: setup-uv-2-x86_64-pc-windows-msvc-windows-2025-3.12.10-pruned-4e1957317505a9398522e711a4f2f26abf3d248d66da424c6be4d71602599970
2026-09-20T17:39:27.3001939Z Cache hit for: setup-uv-2-x86_64-pc-windows-msvc-windows-2025-3.12.10-pruned-4e1957317505a9398522e711a4f2f26abf3d248d66da424c6be4d71602599970
2026-09-20T17:39:28.0118431Z Received 432235 of 432235 (100.0%), 0.8 MBs/sec
2026-09-20T17:39:28.0119214Z Cache Size: ~0 MB (432235 B)
2026-09-20T17:39:28.0141775Z [command]"C:\Program Files\Git\usr\bin\tar.exe" -xf D:/a/_temp/aa51845e-2971-4ded-ac07-c4e6c96b5c2d/cache.tzst -P -C D:/a/hol-guard/hol-guard --force-local --use-compress-program "zstd -d"
2026-09-20T17:39:28.3419804Z Cache restored successfully
2026-09-20T17:39:28.3429484Z cache restored from GitHub Actions cache with key: setup-uv-2-x86_64-pc-windows-msvc-windows-2025-3.12.10-pruned-4e1957317505a9398522e711a4f2f26abf3d248d66da424c6be4d71602599970
2026-09-20T17:39:28.4801255Z ##[group]Run uv sync --frozen --extra dev --python 3.12
2026-09-20T17:39:28.4802155Z [36;1muv sync --frozen --extra dev --python 3.12[0m
2026-09-20T17:39:28.5240179Z shell: C:\Program Files\PowerShell\7\pwsh.EXE -command ". '{0}'"
2026-09-20T17:39:28.5240652Z env:
2026-09-20T17:39:28.5241420Z   pythonLocation: C:\hostedtoolcache\windows\Python\3.12.10\x64
2026-09-20T17:39:28.5241983Z   PKG_CONFIG_PATH: C:\hostedtoolcache\windows\Python\3.12.10\x64/lib/pkgconfig
2026-09-20T17:39:28.5242546Z   Python_ROOT_DIR: C:\hostedtoolcache\windows\Python\3.12.10\x64
2026-09-20T17:39:28.5243017Z   Python2_ROOT_DIR: C:\hostedtoolcache\windows\Python\3.12.10\x64
2026-09-20T17:39:28.5243481Z   Python3_ROOT_DIR: C:\hostedtoolcache\windows\Python\3.12.10\x64
2026-09-20T17:39:28.5243987Z   UV_TOOL_BIN_DIR: D:\a\_temp\uv-tool-bin-dir
2026-09-20T17:39:28.5244339Z   UV_TOOL_DIR: D:\a\_temp\uv-tool-dir
2026-09-20T17:39:28.5244729Z   UV_PYTHON_INSTALL_DIR: D:\a\_temp\uv-python-dir
2026-09-20T17:39:28.5245214Z   UV_CACHE_DIR: D:\a\_temp\setup-uv-cache
2026-09-20T17:39:28.5245569Z ##[endgroup]
2026-09-20T17:39:28.9524132Z Using CPython 3.12.10 interpreter at: C:\hostedtoolcache\windows\Python\3.12.10\x64\python3.exe
2026-09-20T17:39:28.9524912Z Creating virtual environment at: .venv
2026-09-20T17:39:29.0249463Z    Building hol-guard @ file:///D:/a/hol-guard/hol-guard
2026-09-20T17:39:29.0662696Z Downloading pygments (1.2MiB)
2026-09-20T17:39:29.0774447Z Downloading pywin32 (9.1MiB)
2026-09-20T17:39:29.0778152Z Downloading pydantic-core (1.9MiB)
2026-09-20T17:39:29.0798476Z Downloading cryptography (3.7MiB)
2026-09-20T17:39:29.0846107Z Downloading ruff (11.5MiB)
2026-09-20T17:39:29.0850506Z Downloading nodejs-wheel-binaries (40.1MiB)
2026-09-20T17:39:29.0856159Z Downloading libcst (2.0MiB)
2026-09-20T17:39:29.1160856Z Downloading basedpyright (12.6MiB)
2026-09-20T17:39:29.4550400Z  Downloaded pydantic-core
2026-09-20T17:39:29.7718127Z  Downloaded cryptography
2026-09-20T17:39:29.9253925Z  Downloaded pygments
2026-09-20T17:39:29.9269845Z  Downloaded libcst
2026-09-20T17:39:30.0088970Z  Downloaded ruff
2026-09-20T17:39:30.1507394Z  Downloaded pywin32
2026-09-20T17:39:31.0199051Z  Downloaded nodejs-wheel-binaries
2026-09-20T17:39:31.8500339Z  Downloaded basedpyright
2026-09-20T17:39:31.8541720Z       Built hol-guard @ file:///D:/a/hol-guard/hol-guard
2026-09-20T17:39:31.8601550Z Prepared 70 packages in 2.84s
2026-09-20T17:39:32.8893611Z Installed 70 packages in 1.02s
2026-09-20T17:39:32.8895312Z  + annotated-types==0.7.0
2026-09-20T17:39:32.8896182Z  + anyio==4.14.2
2026-09-20T17:39:32.8897168Z  + attrs==26.1.0
2026-09-20T17:39:32.8898296Z  + basedpyright==1.39.8
2026-09-20T17:39:32.8898764Z  + build==1.5.0
2026-09-20T17:39:32.8900036Z  + certifi==2026.2.25
2026-09-20T17:39:32.8901084Z  + cffi==2.0.0
2026-09-20T17:39:32.8901878Z  + charset-normalizer==3.4.7
2026-09-20T17:39:32.8903016Z  + click==8.4.1
2026-09-20T17:39:32.8904018Z  + colorama==0.4.6
2026-09-20T17:39:32.8904885Z  + coverage==7.13.5
2026-09-20T17:39:32.8905922Z  + cryptography==50.0.0
2026-09-20T17:39:32.8907524Z  + h11==0.16.0
2026-09-20T17:39:32.8908181Z  + hol-guard==3.0.1 (from file:///D:/a/hol-guard/hol-guard)
2026-09-20T17:39:32.8909545Z  + httpcore==1.0.9
2026-09-20T17:39:32.8911008Z  + httpx==0.28.1
2026-09-20T17:39:32.8911481Z  + httpx-sse==0.4.3
2026-09-20T17:39:32.8912345Z  + idna==3.15
2026-09-20T17:39:32.8913328Z  + importlib-metadata==8.9.0
2026-09-20T17:39:32.8914163Z  + iniconfig==2.3.0
2026-09-20T17:39:32.8915221Z  + jaraco-classes==3.4.0
2026-09-20T17:39:32.8915611Z  + jaraco-context==6.1.2
2026-09-20T17:39:32.8916817Z  + jaraco-functools==4.4.0
2026-09-20T17:39:32.8917571Z  + jsonschema==4.26.0
2026-09-20T17:39:32.8918646Z  + jsonschema-specifications==2025.9.1
2026-09-20T17:39:32.8919330Z  + keyring==25.7.0
2026-09-20T17:39:32.8920342Z  + libcst==1.9.0
2026-09-20T17:39:32.8921175Z  + linkify-it-py==2.1.0
2026-09-20T17:39:32.8922075Z  + markdown-it-py==4.0.0
2026-09-20T17:39:32.8926540Z  + mcp==1.28.1
2026-09-20T17:39:32.8927399Z  + mdit-py-plugins==0.5.0
2026-09-20T17:39:32.8928244Z  + mdurl==0.1.2
2026-09-20T17:39:32.8928818Z  + more-itertools==11.0.1
2026-09-20T17:39:32.8929344Z  + mutmut==3.7.0
2026-09-20T17:39:32.8929725Z  + nodejs-wheel-binaries==24.16.0
2026-09-20T17:39:32.8930638Z  + packaging==26.0
2026-09-20T17:39:32.8931529Z  + platformdirs==4.9.4
2026-09-20T17:39:32.8932486Z  + pluggy==1.6.0
2026-09-20T17:39:32.8933106Z  + psutil==7.2.2
2026-09-20T17:39:32.8933669Z  + publicsuffixlist==1.0.2.20260726
2026-09-20T17:39:32.8934960Z  + pycparser==3.0
2026-09-20T17:39:32.8935747Z  + pydantic==2.12.5
2026-09-20T17:39:32.8936843Z  + pydantic-core==2.41.5
2026-09-20T17:39:32.8937695Z  + pydantic-settings==2.14.1
2026-09-20T17:39:32.8938740Z  + pygments==2.20.0
2026-09-20T17:39:32.8939506Z  + pyjwt==2.13.0
2026-09-20T17:39:32.8940592Z  + pyproject-hooks==1.2.0
2026-09-20T17:39:32.8941744Z  + pytest==9.0.3
2026-09-20T17:39:32.8942677Z  + pytest-cov==7.1.0
2026-09-20T17:39:32.8943558Z  + python-dotenv==1.2.2
2026-09-20T17:39:32.8944584Z  + python-multipart==0.0.32
2026-09-20T17:39:32.8944931Z  + pywin32==311
2026-09-20T17:39:32.8946239Z  + pywin32-ctypes==0.2.3
2026-09-20T17:39:32.8946794Z  + pyyaml==6.0.3
2026-09-20T17:39:32.8948266Z  + referencing==0.37.0
2026-09-20T17:39:32.8948708Z  + regex==2026.4.4
2026-09-20T17:39:32.8950067Z  + requests==2.33.1
2026-09-20T17:39:32.8951055Z  + rich==14.2.0
2026-09-20T17:39:32.8952027Z  + rpds-py==0.30.0
2026-09-20T17:39:32.8952971Z  + ruff==0.15.17
2026-09-20T17:39:32.8953996Z  + setproctitle==1.3.7
2026-09-20T17:39:32.8955175Z  + sse-starlette==3.4.4
2026-09-20T17:39:32.8955537Z  + starlette==1.3.1
2026-09-20T17:39:32.8956710Z  + textual==7.5.0
2026-09-20T17:39:32.8957704Z  + typing-extensions==4.15.0
2026-09-20T17:39:32.8958584Z  + typing-inspection==0.4.2
2026-09-20T17:39:32.8959104Z  + uc-micro-py==2.0.0
2026-09-20T17:39:32.8960433Z  + urllib3==2.7.0
2026-09-20T17:39:32.8961342Z  + uvicorn==0.40.0
2026-09-20T17:39:32.8962437Z  + zipp==3.23.0
2026-09-20T17:39:33.3247114Z ##[group]Run uv run --no-sync pytest tests/test_guard_config_source_io.py tests/test_daemon_config_read_scope.py tests/test_native_slo_failure.py tests/test_native_policy_snapshot_write_safety.py tests/test_windows_config_directory_access.py --tb=short
2026-09-20T17:39:33.3248907Z [36;1muv run --no-sync pytest tests/test_guard_config_source_io.py tests/test_daemon_config_read_scope.py tests/test_native_slo_failure.py tests/test_native_policy_snapshot_write_safety.py tests/test_windows_config_directory_access.py --tb=short[0m
2026-09-20T17:39:33.3318267Z shell: C:\Program Files\PowerShell\7\pwsh.EXE -command ". '{0}'"
2026-09-20T17:39:33.3318958Z env:
2026-09-20T17:39:33.3319548Z   pythonLocation: C:\hostedtoolcache\windows\Python\3.12.10\x64
2026-09-20T17:39:33.3320401Z   PKG_CONFIG_PATH: C:\hostedtoolcache\windows\Python\3.12.10\x64/lib/pkgconfig
2026-09-20T17:39:33.3321204Z   Python_ROOT_DIR: C:\hostedtoolcache\windows\Python\3.12.10\x64
2026-09-20T17:39:33.3322500Z   Python2_ROOT_DIR: C:\hostedtoolcache\windows\Python\3.12.10\x64
2026-09-20T17:39:33.3323281Z   Python3_ROOT_DIR: C:\hostedtoolcache\windows\Python\3.12.10\x64
2026-09-20T17:39:33.3323942Z   UV_TOOL_BIN_DIR: D:\a\_temp\uv-tool-bin-dir
2026-09-20T17:39:33.3324515Z   UV_TOOL_DIR: D:\a\_temp\uv-tool-dir
2026-09-20T17:39:33.3325173Z   UV_PYTHON_INSTALL_DIR: D:\a\_temp\uv-python-dir
2026-09-20T17:39:33.3325757Z   UV_CACHE_DIR: D:\a\_temp\setup-uv-cache
2026-09-20T17:39:33.3326287Z ##[endgroup]
2026-09-20T17:39:45.2788083Z ============================= test session starts =============================
2026-09-20T17:39:45.2788669Z platform win32 -- Python 3.12.10, pytest-9.0.3, pluggy-1.6.0
2026-09-20T17:39:45.2789090Z rootdir: D:\a\hol-guard\hol-guard
2026-09-20T17:39:45.2789821Z configfile: pyproject.toml
2026-09-20T17:39:45.2790182Z plugins: anyio-4.14.2, cov-7.1.0
2026-09-20T17:39:45.2790492Z collected 88 items
2026-09-20T17:39:45.2790656Z 
2026-09-20T17:39:45.4907923Z tests\test_guard_config_source_io.py ............s......sssssssssssss.   [ 37%]
2026-09-20T17:39:49.4535267Z tests\test_daemon_config_read_scope.py .......s......                    [ 53%]
2026-09-20T17:39:49.5603519Z tests\test_native_slo_failure.py ....s.......                            [ 67%]
2026-09-20T17:39:49.8384191Z tests\test_native_policy_snapshot_write_safety.py sssss............      [ 86%]
2026-09-20T17:39:50.7422553Z tests\test_windows_config_directory_access.py ............               [100%]
2026-09-20T17:39:50.7423189Z 
2026-09-20T17:39:50.7423427Z ======================= 67 passed, 21 skipped in 6.97s ========================
2026-09-20T17:39:51.0210017Z ##[group]Run uv run --no-sync pytest tests/test_installed_transition_windows_owner.py tests/test_installed_transition_windows_files.py --tb=short
2026-09-20T17:39:51.0211061Z [36;1muv run --no-sync pytest tests/test_installed_transition_windows_owner.py tests/test_installed_transition_windows_files.py --tb=short[0m
2026-09-20T17:39:51.0270749Z shell: C:\Program Files\PowerShell\7\pwsh.EXE -command ". '{0}'"
2026-09-20T17:39:51.0271188Z env:
2026-09-20T17:39:51.0272150Z   pythonLocation: C:\hostedtoolcache\windows\Python\3.12.10\x64
2026-09-20T17:39:51.0272847Z   PKG_CONFIG_PATH: C:\hostedtoolcache\windows\Python\3.12.10\x64/lib/pkgconfig
2026-09-20T17:39:51.0273488Z   Python_ROOT_DIR: C:\hostedtoolcache\windows\Python\3.12.10\x64
2026-09-20T17:39:51.0274063Z   Python2_ROOT_DIR: C:\hostedtoolcache\windows\Python\3.12.10\x64
2026-09-20T17:39:51.0274655Z   Python3_ROOT_DIR: C:\hostedtoolcache\windows\Python\3.12.10\x64
2026-09-20T17:39:51.0275346Z   UV_TOOL_BIN_DIR: D:\a\_temp\uv-tool-bin-dir
2026-09-20T17:39:51.0275784Z   UV_TOOL_DIR: D:\a\_temp\uv-tool-dir
2026-09-20T17:39:51.0276205Z   UV_PYTHON_INSTALL_DIR: D:\a\_temp\uv-python-dir
2026-09-20T17:39:51.0277059Z   UV_CACHE_DIR: D:\a\_temp\setup-uv-cache
2026-09-20T17:39:51.0277747Z ##[endgroup]
2026-09-20T17:39:53.8409553Z ============================= test session starts =============================
2026-09-20T17:39:53.8410294Z platform win32 -- Python 3.12.10, pytest-9.0.3, pluggy-1.6.0
2026-09-20T17:39:53.8410955Z rootdir: D:\a\hol-guard\hol-guard
2026-09-20T17:39:53.8411368Z configfile: pyproject.toml
2026-09-20T17:39:53.8411834Z plugins: anyio-4.14.2, cov-7.1.0
2026-09-20T17:39:53.8412211Z collected 23 items
2026-09-20T17:39:53.8412401Z 
2026-09-20T17:39:56.9959203Z tests\test_installed_transition_windows_owner.py ..........              [ 43%]
2026-09-20T17:39:57.7007125Z tests\test_installed_transition_windows_files.py .............           [100%]
2026-09-20T17:39:57.7007584Z 
2026-09-20T17:39:57.7007814Z ============================= 23 passed in 4.29s ==============================
2026-09-20T17:39:57.9849691Z ##[group]Run rustup toolchain install 1.88.0 --profile minimal --component rustfmt --component clippy
2026-09-20T17:39:57.9850602Z [36;1mrustup toolchain install 1.88.0 --profile minimal --component rustfmt --component clippy[0m
2026-09-20T17:39:57.9851089Z [36;1mrustup default 1.88.0[0m
2026-09-20T17:39:57.9914417Z shell: C:\Program Files\PowerShell\7\pwsh.EXE -command ". '{0}'"
2026-09-20T17:39:57.9914840Z env:
2026-09-20T17:39:57.9915185Z   pythonLocation: C:\hostedtoolcache\windows\Python\3.12.10\x64
2026-09-20T17:39:57.9915673Z   PKG_CONFIG_PATH: C:\hostedtoolcache\windows\Python\3.12.10\x64/lib/pkgconfig
2026-09-20T17:39:57.9916182Z   Python_ROOT_DIR: C:\hostedtoolcache\windows\Python\3.12.10\x64
2026-09-20T17:39:57.9916603Z   Python2_ROOT_DIR: C:\hostedtoolcache\windows\Python\3.12.10\x64
2026-09-20T17:39:57.9917033Z   Python3_ROOT_DIR: C:\hostedtoolcache\windows\Python\3.12.10\x64
2026-09-20T17:39:57.9917476Z   UV_TOOL_BIN_DIR: D:\a\_temp\uv-tool-bin-dir
2026-09-20T17:39:57.9918100Z   UV_TOOL_DIR: D:\a\_temp\uv-tool-dir
2026-09-20T17:39:57.9918455Z   UV_PYTHON_INSTALL_DIR: D:\a\_temp\uv-python-dir
2026-09-20T17:39:57.9918818Z   UV_CACHE_DIR: D:\a\_temp\setup-uv-cache
2026-09-20T17:39:57.9919125Z ##[endgroup]
2026-09-20T17:39:59.3635787Z info: syncing channel updates for 1.88.0-x86_64-pc-windows-msvc
2026-09-20T17:40:00.4827168Z info: latest update on 2025-06-26 for version 1.88.0 (6b00bc388 2025-06-23)
2026-09-20T17:40:00.5847204Z info: downloading 5 components
2026-09-20T17:40:11.7673827Z 
2026-09-20T17:40:11.8014973Z   1.88.0-x86_64-pc-windows-msvc installed - rustc 1.88.0 (6b00bc388 2025-06-23)
2026-09-20T17:40:11.8015414Z 
2026-09-20T17:40:11.8260683Z info: using existing install for 1.88.0-x86_64-pc-windows-msvc
2026-09-20T17:40:11.8387094Z info: default toolchain set to 1.88.0-x86_64-pc-windows-msvc
2026-09-20T17:40:11.8389440Z 
2026-09-20T17:40:11.8625128Z   1.88.0-x86_64-pc-windows-msvc unchanged - rustc 1.88.0 (6b00bc388 2025-06-23)
2026-09-20T17:40:11.8625709Z 
2026-09-20T17:40:11.9578788Z ##[group]Run cargo metadata --manifest-path rust/Cargo.toml --locked --format-version 1 --no-deps | Out-Null
2026-09-20T17:40:11.9579585Z [36;1mcargo metadata --manifest-path rust/Cargo.toml --locked --format-version 1 --no-deps | Out-Null[0m
2026-09-20T17:40:11.9580157Z [36;1mrustfmt --edition 2021 --check rust/crates/guard-runtime/src/main.rs[0m
2026-09-20T17:40:11.9580800Z [36;1mcargo clippy --manifest-path rust/Cargo.toml --locked --workspace --all-targets -- -D warnings[0m
2026-09-20T17:40:11.9581437Z [36;1mcargo test --manifest-path rust/Cargo.toml --locked --workspace --all-targets[0m
2026-09-20T17:40:11.9641222Z shell: C:\Program Files\PowerShell\7\pwsh.EXE -command ". '{0}'"
2026-09-20T17:40:11.9641644Z env:
2026-09-20T17:40:11.9642004Z   pythonLocation: C:\hostedtoolcache\windows\Python\3.12.10\x64
2026-09-20T17:40:11.9642490Z   PKG_CONFIG_PATH: C:\hostedtoolcache\windows\Python\3.12.10\x64/lib/pkgconfig
2026-09-20T17:40:11.9643314Z   Python_ROOT_DIR: C:\hostedtoolcache\windows\Python\3.12.10\x64
2026-09-20T17:40:11.9643820Z   Python2_ROOT_DIR: C:\hostedtoolcache\windows\Python\3.12.10\x64
2026-09-20T17:40:11.9644280Z   Python3_ROOT_DIR: C:\hostedtoolcache\windows\Python\3.12.10\x64
2026-09-20T17:40:11.9644671Z   UV_TOOL_BIN_DIR: D:\a\_temp\uv-tool-bin-dir
2026-09-20T17:40:11.9645062Z   UV_TOOL_DIR: D:\a\_temp\uv-tool-dir
2026-09-20T17:40:11.9645398Z   UV_PYTHON_INSTALL_DIR: D:\a\_temp\uv-python-dir
2026-09-20T17:40:11.9645737Z   UV_CACHE_DIR: D:\a\_temp\setup-uv-cache
2026-09-20T17:40:11.9646168Z ##[endgroup]
2026-09-20T17:40:15.8087526Z     Updating crates.io index
2026-09-20T17:40:16.6139311Z  Downloading crates ...
2026-09-20T17:40:16.7336345Z   Downloaded digest v0.10.7
2026-09-20T17:40:16.7517329Z   Downloaded windows-link v0.1.3
2026-09-20T17:40:16.7592179Z   Downloaded windows-threading v0.1.0
2026-09-20T17:40:16.7809608Z   Downloaded windows-strings v0.4.2
2026-09-20T17:40:16.8095071Z   Downloaded zmij v1.0.23
2026-09-20T17:40:16.8235779Z   Downloaded windows-core v0.61.2
2026-09-20T17:40:16.9752424Z   Downloaded unicode-ident v1.0.24
2026-09-20T17:40:17.0117912Z   Downloaded serde_derive v1.0.229
2026-09-20T17:40:17.0412017Z   Downloaded typenum v1.20.1
2026-09-20T17:40:17.0667326Z   Downloaded cc v1.4.4
2026-09-20T17:40:17.0931314Z   Downloaded ntapi v0.4.3
2026-09-20T17:40:17.1467792Z   Downloaded serde_json v1.0.151
2026-09-20T17:40:17.3812822Z   Downloaded regex v1.13.1
2026-09-20T17:40:17.4400140Z   Downloaded aho-corasick v1.1.5
2026-09-20T17:40:17.4783430Z   Downloaded sysinfo v0.37.2
2026-09-20T17:40:17.7349449Z   Downloaded serde v1.0.229
2026-09-20T17:40:17.7783378Z   Downloaded memchr v2.8.3
2026-09-20T17:40:17.9623759Z   Downloaded getrandom v0.3.4
2026-09-20T17:40:18.0741760Z   Downloaded serde_core v1.0.229
2026-09-20T17:40:18.1274775Z   Downloaded proc-macro2 v1.0.107
2026-09-20T17:40:18.1841580Z   Downloaded syn v3.0.3
2026-09-20T17:40:18.9113105Z   Downloaded syn v2.0.119
2026-09-20T17:40:19.0627758Z   Downloaded regex-syntax v0.8.11
2026-09-20T17:40:19.1131250Z   Downloaded getrandom v0.2.17
2026-09-20T17:40:19.2483730Z   Downloaded windows-future v0.2.1
2026-09-20T17:40:19.2608074Z   Downloaded shlex v2.0.1
2026-09-20T17:40:19.3003865Z   Downloaded sha2 v0.10.9
2026-09-20T17:40:19.5576334Z   Downloaded quote v1.0.47
2026-09-20T17:40:20.0249840Z   Downloaded generic-array v0.14.7
2026-09-20T17:40:20.0384671Z   Downloaded fs2 v0.4.3
2026-09-20T17:40:20.0546316Z   Downloaded find-msvc-tools v0.1.11
2026-09-20T17:40:20.0820011Z   Downloaded crypto-common v0.1.7
2026-09-20T17:40:20.0893263Z   Downloaded windows-result v0.3.4
2026-09-20T17:40:20.1011052Z   Downloaded windows-permissions v0.2.4
2026-09-20T17:40:20.1486690Z   Downloaded windows-numerics v0.2.0
2026-09-20T17:40:20.1644076Z   Downloaded windows-implement v0.60.2
2026-09-20T17:40:20.1793847Z   Downloaded regex-automata v0.4.18
2026-09-20T17:40:20.4698554Z   Downloaded windows-collections v0.2.0
2026-09-20T17:40:20.4997770Z   Downloaded version_check v0.9.5
2026-09-20T17:40:20.5577344Z   Downloaded untrusted v0.9.0
2026-09-20T17:40:20.6272330Z   Downloaded thiserror-impl v2.0.20
2026-09-20T17:40:20.9076044Z   Downloaded thiserror v2.0.20
2026-09-20T17:40:22.4529179Z   Downloaded itoa v1.0.18
2026-09-20T17:40:22.6214978Z   Downloaded bitflags v1.3.2
2026-09-20T17:40:22.9679263Z   Downloaded windows-interface v0.59.3
2026-09-20T17:40:23.0386653Z   Downloaded hex v0.4.3
2026-09-20T17:40:23.2208816Z   Downloaded cpufeatures v0.2.17
2026-09-20T17:40:23.3649830Z   Downloaded cfg-if v1.0.4
2026-09-20T17:40:23.4296508Z   Downloaded block-buffer v0.10.4
2026-09-20T17:40:23.4859130Z   Downloaded libc v0.2.189
2026-09-20T17:40:27.7132481Z   Downloaded winapi v0.3.9
2026-09-20T17:40:31.7662463Z   Downloaded ring v0.17.14
2026-09-20T17:40:32.5670889Z   Downloaded windows v0.61.3
2026-09-20T17:40:35.5855812Z    Compiling proc-macro2 v1.0.107
2026-09-20T17:40:35.5856571Z    Compiling unicode-ident v1.0.24
2026-09-20T17:40:35.5857194Z    Compiling quote v1.0.47
2026-09-20T17:40:35.5857667Z    Compiling version_check v0.9.5
2026-09-20T17:40:35.6955420Z     Checking typenum v1.20.1
2026-09-20T17:40:35.8928030Z    Compiling generic-array v0.14.7
2026-09-20T17:40:36.2837719Z     Checking cfg-if v1.0.4
2026-09-20T17:40:36.3162805Z     Checking cpufeatures v0.2.17
2026-09-20T17:40:36.3521693Z     Checking hex v0.4.3
2026-09-20T17:40:36.5137337Z     Checking memchr v2.8.3
2026-09-20T17:40:36.8632959Z    Compiling serde_core v1.0.229
2026-09-20T17:40:39.1772640Z    Compiling winapi v0.3.9
2026-09-20T17:40:39.8280448Z    Compiling serde v1.0.229
2026-09-20T17:40:40.2237025Z     Checking crypto-common v0.1.7
2026-09-20T17:40:40.2388053Z     Checking block-buffer v0.10.4
2026-09-20T17:40:40.2425509Z    Compiling syn v3.0.3
2026-09-20T17:40:40.3600588Z     Checking digest v0.10.7
2026-09-20T17:40:40.5447582Z     Checking sha2 v0.10.9
2026-09-20T17:40:40.8789737Z    Compiling zmij v1.0.23
2026-09-20T17:40:41.2179607Z    Compiling serde_json v1.0.151
2026-09-20T17:40:41.6798624Z     Checking itoa v1.0.18
2026-09-20T17:40:41.7492408Z    Compiling thiserror v2.0.20
2026-09-20T17:40:42.2612468Z     Checking guard-rules v0.1.0 (D:\a\hol-guard\hol-guard\rust\crates\guard-rules)
2026-09-20T17:40:42.3540699Z    Compiling libc v0.2.189
2026-09-20T17:40:42.7113253Z     Checking bitflags v1.3.2
2026-09-20T17:40:42.7619677Z     Checking aho-corasick v1.1.5
2026-09-20T17:40:42.8754129Z     Checking windows-permissions v0.2.4
2026-09-20T17:40:42.9548653Z     Checking regex-syntax v0.8.11
2026-09-20T17:40:43.3435546Z     Checking guard-runtime-windows-process v0.1.0 (D:\a\hol-guard\hol-guard\rust\crates\guard-runtime-windows-process)
2026-09-20T17:40:43.6983266Z    Compiling serde_derive v1.0.229
2026-09-20T17:40:43.7434625Z    Compiling thiserror-impl v2.0.20
2026-09-20T17:40:43.8452441Z     Checking windows-link v0.1.3
2026-09-20T17:40:43.8899908Z    Compiling syn v2.0.119
2026-09-20T17:40:44.9321028Z     Checking regex-automata v0.4.18
2026-09-20T17:40:45.5765920Z     Checking guard-secure-fs v0.1.0 (D:\a\hol-guard\hol-guard\rust\crates\guard-secure-fs)
2026-09-20T17:40:45.8312162Z     Checking windows-strings v0.4.2
2026-09-20T17:40:46.0283229Z     Checking windows-result v0.3.4
2026-09-20T17:40:46.1647262Z    Compiling find-msvc-tools v0.1.11
2026-09-20T17:40:47.0258015Z     Checking regex v1.13.1
2026-09-20T17:40:47.2272169Z    Compiling shlex v2.0.1
2026-09-20T17:40:47.3607855Z     Checking guard-scanner v0.1.0 (D:\a\hol-guard\hol-guard\rust\crates\guard-scanner)
2026-09-20T17:40:47.4194277Z    Compiling cc v1.4.4
2026-09-20T17:40:47.5392768Z     Checking windows-threading v0.1.0
2026-09-20T17:40:47.6511300Z    Compiling ntapi v0.4.3
2026-09-20T17:40:47.8975875Z    Compiling getrandom v0.3.4
2026-09-20T17:40:48.2951616Z     Checking guard-contracts v0.1.0 (D:\a\hol-guard\hol-guard\rust\crates\guard-contracts)
2026-09-20T17:40:49.0096153Z    Compiling windows-implement v0.60.2
2026-09-20T17:40:49.3554420Z    Compiling windows-interface v0.59.3
2026-09-20T17:40:49.9422565Z    Compiling ring v0.17.14
2026-09-20T17:40:49.9720790Z     Checking getrandom v0.2.17
2026-09-20T17:40:50.0644297Z     Checking untrusted v0.9.0
2026-09-20T17:40:50.2573313Z     Checking guard-rule-contract v0.1.0 (D:\a\hol-guard\hol-guard\rust\crates\guard-rule-contract)
2026-09-20T17:40:50.2879789Z     Checking windows-core v0.61.2
2026-09-20T17:40:50.4175567Z     Checking fs2 v0.4.3
2026-09-20T17:40:50.5502937Z     Checking guard-offline-regex-pilot v0.1.0 (D:\a\hol-guard\hol-guard\rust\crates\guard-offline-regex-pilot)
2026-09-20T17:40:50.6612384Z     Checking windows-future v0.2.1
2026-09-20T17:40:50.8557552Z     Checking windows-numerics v0.2.0
2026-09-20T17:40:50.8861755Z     Checking windows-collections v0.2.0
2026-09-20T17:40:51.0803850Z     Checking windows v0.61.3
2026-09-20T17:40:51.7181321Z     Checking guard-hook-core v0.1.0 (D:\a\hol-guard\hol-guard\rust\crates\guard-hook-core)
2026-09-20T17:40:51.8919595Z     Checking guard-command v0.1.0 (D:\a\hol-guard\hol-guard\rust\crates\guard-command)
2026-09-20T17:40:54.0217568Z     Checking guard-policy-snapshot v0.1.0 (D:\a\hol-guard\hol-guard\rust\crates\guard-policy-snapshot)
2026-09-20T17:41:18.9403613Z     Checking sysinfo v0.37.2
2026-09-20T17:41:19.5259054Z     Checking hol-guard-runtime v0.1.0 (D:\a\hol-guard\hol-guard\rust\crates\guard-runtime)
2026-09-20T17:41:23.8149048Z     Finished `dev` profile [unoptimized + debuginfo] target(s) in 1m 08s
2026-09-20T17:41:24.1546667Z    Compiling typenum v1.20.1
2026-09-20T17:41:24.1547367Z    Compiling cfg-if v1.0.4
2026-09-20T17:41:24.1550032Z    Compiling cpufeatures v0.2.17
2026-09-20T17:41:24.1551130Z    Compiling hex v0.4.3
2026-09-20T17:41:24.2142009Z    Compiling memchr v2.8.3
2026-09-20T17:41:24.2172483Z    Compiling serde_core v1.0.229
2026-09-20T17:41:24.4535606Z    Compiling winapi v0.3.9
2026-09-20T17:41:25.0089396Z    Compiling generic-array v0.14.7
2026-09-20T17:41:25.2635399Z    Compiling zmij v1.0.23
2026-09-20T17:41:25.6728556Z    Compiling itoa v1.0.18
2026-09-20T17:41:25.7655650Z    Compiling block-buffer v0.10.4
2026-09-20T17:41:25.8852831Z    Compiling crypto-common v0.1.7
2026-09-20T17:41:25.8938526Z    Compiling bitflags v1.3.2
2026-09-20T17:41:25.9520744Z    Compiling thiserror v2.0.20
2026-09-20T17:41:25.9906841Z    Compiling digest v0.10.7
2026-09-20T17:41:26.0323759Z    Compiling libc v0.2.189
2026-09-20T17:41:26.2295186Z    Compiling sha2 v0.10.9
2026-09-20T17:41:26.2326656Z    Compiling aho-corasick v1.1.5
2026-09-20T17:41:26.8102099Z    Compiling guard-rules v0.1.0 (D:\a\hol-guard\hol-guard\rust\crates\guard-rules)
2026-09-20T17:41:27.0485697Z    Compiling serde v1.0.229
2026-09-20T17:41:27.0815863Z    Compiling windows-permissions v0.2.4
2026-09-20T17:41:27.1972443Z    Compiling serde_json v1.0.151
2026-09-20T17:41:27.8410565Z    Compiling guard-runtime-windows-process v0.1.0 (D:\a\hol-guard\hol-guard\rust\crates\guard-runtime-windows-process)
2026-09-20T17:41:27.9776837Z    Compiling regex-syntax v0.8.11
2026-09-20T17:41:29.1357835Z    Compiling guard-contracts v0.1.0 (D:\a\hol-guard\hol-guard\rust\crates\guard-contracts)
2026-09-20T17:41:29.2695560Z    Compiling guard-secure-fs v0.1.0 (D:\a\hol-guard\hol-guard\rust\crates\guard-secure-fs)
2026-09-20T17:41:29.9818491Z    Compiling windows-link v0.1.3
2026-09-20T17:41:30.0386742Z    Compiling windows-strings v0.4.2
2026-09-20T17:41:30.0879106Z    Compiling windows-result v0.3.4
2026-09-20T17:41:30.4521865Z    Compiling regex-automata v0.4.18
2026-09-20T17:41:30.4910461Z    Compiling windows-core v0.61.2
2026-09-20T17:41:31.4885397Z    Compiling windows-threading v0.1.0
2026-09-20T17:41:31.6068193Z    Compiling windows-future v0.2.1
2026-09-20T17:41:32.0352699Z    Compiling windows-numerics v0.2.0
2026-09-20T17:41:32.3030879Z    Compiling guard-command v0.1.0 (D:\a\hol-guard\hol-guard\rust\crates\guard-command)
2026-09-20T17:41:32.6427525Z    Compiling windows-collections v0.2.0
2026-09-20T17:41:32.8952753Z    Compiling regex v1.13.1
2026-09-20T17:41:33.4915147Z    Compiling guard-scanner v0.1.0 (D:\a\hol-guard\hol-guard\rust\crates\guard-scanner)
2026-09-20T17:41:33.5341591Z    Compiling windows v0.61.3
2026-09-20T17:41:34.4774356Z    Compiling guard-hook-core v0.1.0 (D:\a\hol-guard\hol-guard\rust\crates\guard-hook-core)
2026-09-20T17:41:35.3495613Z    Compiling ntapi v0.4.3
2026-09-20T17:41:36.6294238Z    Compiling getrandom v0.2.17
2026-09-20T17:41:36.7600090Z    Compiling untrusted v0.9.0
2026-09-20T17:41:36.8541167Z    Compiling ring v0.17.14
2026-09-20T17:41:37.0913135Z    Compiling getrandom v0.3.4
2026-09-20T17:41:37.2284000Z    Compiling guard-policy-snapshot v0.1.0 (D:\a\hol-guard\hol-guard\rust\crates\guard-policy-snapshot)
2026-09-20T17:41:39.0187949Z    Compiling guard-rule-contract v0.1.0 (D:\a\hol-guard\hol-guard\rust\crates\guard-rule-contract)
2026-09-20T17:41:39.4517049Z    Compiling fs2 v0.4.3
2026-09-20T17:41:39.6735280Z    Compiling guard-offline-regex-pilot v0.1.0 (D:\a\hol-guard\hol-guard\rust\crates\guard-offline-regex-pilot)
2026-09-20T17:42:09.5707628Z    Compiling sysinfo v0.37.2
2026-09-20T17:42:17.0793799Z    Compiling hol-guard-runtime v0.1.0 (D:\a\hol-guard\hol-guard\rust\crates\guard-runtime)
2026-09-20T17:42:26.1460489Z     Finished `test` profile [unoptimized + debuginfo] target(s) in 1m 02s
2026-09-20T17:42:26.1558192Z      Running unittests src\lib.rs (rust\target\debug\deps\guard_command-b4b4f74efe380151.exe)
2026-09-20T17:42:26.1667062Z 
2026-09-20T17:42:26.1667492Z running 57 tests
2026-09-20T17:42:26.1681345Z test command_common_cli_matchers::tests::unknown_operations_and_incompatible_configs_are_explicit_errors ... ok
2026-09-20T17:42:26.1685318Z test command_common_cli_matchers::tests::canonical_shell_parser_feeds_typed_common_cli_matchers ... ok
2026-09-20T17:42:26.1687085Z test command_common_cli_matchers::tests::uncertain_or_oversized_commands_do_not_become_empty_match_results ... ok
2026-09-20T17:42:26.1689975Z test command_option_parsing::tests::expired_outer_deadline_preserves_uncertainty_direction ... ok
2026-09-20T17:42:26.1692126Z test command_option_parsing::tests::absent_requirements_are_vacuously_true_and_unknown_arity_can_consume_help ... ok
2026-09-20T17:42:26.1696935Z test command_option_parsing::unicode::tests::unicode_reference_categories_are_disjoint_sorted_and_python_compatible ... ok
2026-09-20T17:42:26.1711253Z test command_specialized_matchers::tests::canonical_parser_feeds_database_php_curl_and_expansion_matchers ... ok
2026-09-20T17:42:26.1727984Z test command_common_cli_matchers::tests::seven_operations_match_python_reference_vectors_in_segment_order ... ok
2026-09-20T17:42:26.1758847Z test command_option_parsing::tests::matches_python_option_oracles ... ok
2026-09-20T17:42:26.1776329Z test command_specialized_matchers::tests::inherited_deadline_confidence_and_size_limits_propagate_errors ... ok
2026-09-20T17:42:26.1782549Z test command_specialized_matchers::tests::literal_configuration_preserves_the_reviewed_ascii_grammar_and_limits ... ok
2026-09-20T17:42:26.1786688Z test command_specialized_matchers::tests::config_admission_rejects_unknown_or_invalid_semantics ... ok
2026-09-20T17:42:26.1790636Z test command_specialized_matchers::unicode_tests::ascii_projection_preserves_unicode_boundaries_and_special_lowercase_mappings ... ok
2026-09-20T17:42:26.1791958Z test command_specialized_matchers::tests::literal_evidence_requires_parser_provenance_and_exact_semantic_shape ... ok
2026-09-20T17:42:26.1794979Z test command_specialized_matchers::unicode_tests::unicode_configurations_cannot_enter_the_ascii_comparison_contract ... ok
2026-09-20T17:42:26.1865624Z test command_specialized_matchers::unicode_tests::unicode_operands_keep_python_and_php_launcher_classification_exact ... ok
2026-09-20T17:42:26.1943323Z test command_structured_matchers::tests::expired_deadline_never_returns_empty_or_partial_evidence ... ok
2026-09-20T17:42:26.1948360Z test command_structured_matchers::tests::opaque_unicode_operands_and_python_whitespace_are_supported ... ok
2026-09-20T17:42:26.1986088Z test command_specialized_matchers::tests::eight_operations_match_python_or_report_declared_capability_misses ... ok
2026-09-20T17:42:26.1991430Z test command_structured_matchers::tests::unsupported_unicode_case_mapping_is_error_not_a_negative_match ... ok
2026-09-20T17:42:26.1996382Z test executable_flag_contract::tests::ambiguous_contracts_are_rejected_before_flag_interpretation ... ok
2026-09-20T17:42:26.2000228Z test executable_flag_contract::tests::python_base_defaults_and_value_option_union ... ok
2026-09-20T17:42:26.2001740Z test native_command_program::bench::native_command_program_component_diagnostic ... ignored, diagnostic component timing; run release mode explicitly
2026-09-20T17:42:26.2089438Z test command_structured_matchers::tests::rejects_unknown_fields_and_invalid_matcher_grammars_before_admission ... ok
2026-09-20T17:42:26.2432924Z test command_structured_matchers::tests::matches_python_specialized_oracle_for_all_eight_operations ... ok
2026-09-20T17:42:26.2807281Z test command_option_parsing::tests::state_exhaustion_keeps_destructive_matching_and_denies_safety_proof ... ok
2026-09-20T17:42:26.8524988Z test native_command_program::dns_control_tests::dns_projection_permission_enable_still_requires_configurable_program_gate ... ok
2026-09-20T17:42:26.8545250Z test native_command_program::dns_control_tests::dns_projection_missing_provider_catalog_target_is_rejected ... ok
2026-09-20T17:42:26.8577940Z test native_command_program::dns_control_tests::dns_projection_raw_validation_precedes_admission ... ok
2026-09-20T17:42:26.8599247Z test native_command_program::dns_control_tests::dns_projection_cross_layer_and_global_authority_floors_stay_strict ... ok
2026-09-20T17:42:26.8601091Z test native_command_program::dns_control_tests::dns_projection_recognizes_only_exact_kind_and_identifiers ... ok
2026-09-20T17:42:26.8602535Z test native_command_program::matrix::native_command_catalog_control_matrix ... ignored, component matrix; generate trusted fixtures and run release mode explicitly
2026-09-20T17:42:26.8654163Z test native_command_program::tests::a_previously_reviewable_command_becomes_a_hard_floor_after_permission_disable ... ok
2026-09-20T17:42:26.9349916Z test native_command_program::dns_control_tests::dns_projection_raw_and_derived_bounds_remain_distinct ... ok
2026-09-20T17:42:26.9644298Z test native_command_program::tests::compatibility_safe_commands_and_ruleless_permissions_obey_controls ... ok
2026-09-20T17:42:27.0295349Z test native_command_program::dns_control_tests::dns_projection_aggregate_matches_explicit_provider_evaluation ... ok
2026-09-20T17:42:27.0386283Z test native_command_program::tests::controls_are_bound_to_program_and_both_independent_revisions ... ok
2026-09-20T17:42:27.0440184Z test native_command_program::tests::disabled_permission_and_failed_authority_cannot_become_allow ... ok
2026-09-20T17:42:27.0444410Z test native_command_program::tests::graph_depth_proof_cannot_be_bypassed_by_memoized_shared_children ... ok
2026-09-20T17:42:27.0560427Z test native_command_program::tests::local_opt_in_selects_ollama_and_safe_evidence_stays_on_its_own_segment ... ok
2026-09-20T17:42:27.0564464Z test native_command_program::tests::packaged_program_is_admitted_once_and_exposes_explicit_coverage ... ok
2026-09-20T17:42:27.0581701Z test pretool::tests::allows_bounded_exact_commands ... ok
2026-09-20T17:42:27.0586523Z test pretool::tests::blocks_destructive_and_device_commands ... ok
2026-09-20T17:42:27.0594235Z test pretool::tests::defers_only_exact_safe_git_helper_context ... ok
2026-09-20T17:42:27.0600540Z test pretool::tests::denies_uncertain_or_networked_commands ... ok
2026-09-20T17:42:27.0604784Z test pretool::tests::reviews_dotenv_family_shell_reads ... ok
2026-09-20T17:42:27.0607742Z test pretool::tests::reviews_home_relative_secret_paths ... ok
2026-09-20T17:42:27.0756886Z test pretool::tests::reviews_only_materially_risky_variants_of_safe_commands ... ok
2026-09-20T17:42:27.0765619Z test tests::marks_complex_shell_forms_uncertain_without_partial_segments ... ok
2026-09-20T17:42:27.0769746Z test tests::matches_python_shlex_escape_and_whitespace_semantics ... ok
2026-09-20T17:42:27.0773137Z test tests::parses_simple_command_without_execution ... ok
2026-09-20T17:42:27.0776640Z test tests::preserves_quotes_environment_and_path_override ... ok
2026-09-20T17:42:27.0780055Z test tests::rejects_oversized_commands_without_partial_exact_parse ... ok
2026-09-20T17:42:27.0782824Z test tests::splits_pipeline_but_not_quoted_pipe ... ok
2026-09-20T17:42:27.5856691Z test native_command_program::tests::complete_observations_match_independent_python_reference_models ... ok
2026-09-20T17:42:27.6397852Z test native_command_program::dns_control_tests::dns_projection_unique_collisions_preserve_disable_dominance_and_other_providers ... ok
2026-09-20T17:42:28.0280441Z test native_command_program::tests::admission_rejects_tampered_unknown_and_invalid_nodes ... ok
2026-09-20T17:42:28.0281026Z 
2026-09-20T17:42:28.0281490Z test result: ok. 55 passed; 0 failed; 2 ignored; 0 measured; 0 filtered out; finished in 1.86s
2026-09-20T17:42:28.0281979Z 
2026-09-20T17:42:28.0337722Z      Running tests\command_compatibility.rs (rust\target\debug\deps\command_compatibility-e5b1a697f98b3917.exe)
2026-09-20T17:42:28.0439505Z 
2026-09-20T17:42:28.0440183Z running 7 tests
2026-09-20T17:42:28.0452408Z test budget_and_parser_failures_cannot_become_empty_success ... ok
2026-09-20T17:42:28.0453428Z test compound_attribution_keeps_every_segment_and_deduplicates_identity ... ok
2026-09-20T17:42:28.0457193Z test git_disabled_permission_attribution_is_not_lost_on_native_safe_commands ... ok
2026-09-20T17:42:28.0458201Z test github_reads_have_permission_attribution_without_fabricated_rules ... ok
2026-09-20T17:42:28.0460205Z test graphql_remains_owned_unsupported_instead_of_permissionless_allow ... ok
2026-09-20T17:42:28.0518865Z test frozen_independent_capability_and_admission_vectors ... ok
2026-09-20T17:42:28.1168948Z test audited_inventory_is_exactly_the_null_matcher_catalog_subset ... ok
2026-09-20T17:42:28.1169347Z 
2026-09-20T17:42:28.1169608Z test result: ok. 7 passed; 0 failed; 0 ignored; 0 measured; 0 filtered out; finished in 0.07s
2026-09-20T17:42:28.1169984Z 
2026-09-20T17:42:28.1195263Z      Running tests\pretool_generic.rs (rust\target\debug\deps\pretool_generic-f3fe6fd6c0b15932.exe)
2026-09-20T17:42:28.1295553Z 
2026-09-20T17:42:28.1295973Z running 6 tests
2026-09-20T17:42:28.1306947Z test bounds_reject_oversized_payload ... ok
2026-09-20T17:42:28.1317549Z test allows_bounded_command_without_returning_raw_content ... ok
2026-09-20T17:42:28.1327993Z test benign_command_cannot_erase_independent_sensitive_path_floor ... ok
2026-09-20T17:42:28.1332976Z test tool_classification_uses_token_boundaries ... ok
2026-09-20T17:42:28.1335791Z test covers_generic_action_classes_and_dangerous_process_floor ... ok
2026-09-20T17:42:28.1340253Z test covers_prompt_harness_unknown_conflicts_and_bounds ... ok
2026-09-20T17:42:28.1340697Z 
2026-09-20T17:42:28.1341432Z test result: ok. 6 passed; 0 failed; 0 ignored; 0 measured; 0 filtered out; finished in 0.00s
2026-09-20T17:42:28.1341808Z 
2026-09-20T17:42:28.1360378Z      Running unittests src\lib.rs (rust\target\debug\deps\guard_contracts-25344bda50e1cc30.exe)
2026-09-20T17:42:28.1453134Z 
2026-09-20T17:42:28.1453824Z running 3 tests
2026-09-20T17:42:28.1459922Z test tests::response_omits_empty_optionals ... ok
2026-09-20T17:42:28.1460744Z test tests::generic_pre_tool_result_rejects_raw_content_and_unknown_fields ... ok
2026-09-20T17:42:28.1461268Z test tests::hook_envelope_v2_rejects_unknown_fields ... ok
2026-09-20T17:42:28.1461538Z 
2026-09-20T17:42:28.1461868Z test result: ok. 3 passed; 0 failed; 0 ignored; 0 measured; 0 filtered out; finished in 0.00s
2026-09-20T17:42:28.1462181Z 
2026-09-20T17:42:28.1478006Z      Running unittests src\lib.rs (rust\target\debug\deps\guard_hook_core-6c0426fb07a4956a.exe)
2026-09-20T17:42:28.1575814Z 
2026-09-20T17:42:28.1576173Z running 9 tests
2026-09-20T17:42:28.1580419Z test output_reference_tests::benchmark_output_extraction ... ignored, diagnostic release microbenchmark; not an installed latency gate
2026-09-20T17:42:28.1586306Z test tests::empty_inline_output_is_allowed_with_digest ... ok
2026-09-20T17:42:28.1903143Z test tests::clean_inline_output_is_allowed ... ok
2026-09-20T17:42:28.1923195Z test tests::observe_inline_secret_preserves_original_with_digest ... ok
2026-09-20T17:42:28.1938364Z test tests::secret_inline_output_is_blocked ... ok
2026-09-20T17:42:28.1954644Z test tests::stderr_is_scanned_even_when_stdout_exists ... ok
2026-09-20T17:42:28.1959866Z test tests::upstream_deadline_is_not_restarted_before_scanning ... ok
2026-09-20T17:42:28.6538448Z test tests::observe_truncated_inline_secret_remains_blocked_without_digest ... ok
2026-09-20T17:42:29.7994546Z test output_reference_tests::extraction_preserves_unicode_limits_order_and_structural_truncation ... ok
2026-09-20T17:42:29.7995209Z 
2026-09-20T17:42:29.7997896Z test result: ok. 8 passed; 0 failed; 1 ignored; 0 measured; 0 filtered out; finished in 1.64s
2026-09-20T17:42:29.7998369Z 
2026-09-20T17:42:29.8019402Z      Running tests\decision_io.rs (rust\target\debug\deps\decision_io-4a102cd594a6bb7a.exe)
2026-09-20T17:42:29.8118301Z 
2026-09-20T17:42:29.8118845Z running 2 tests
2026-09-20T17:42:29.8186509Z test source_replacement_between_observations_is_not_equivalent ... ok
2026-09-20T17:42:29.8187295Z test source_growth_after_expected_output_is_not_equivalent ... ok
2026-09-20T17:42:29.8187796Z 
2026-09-20T17:42:29.8188165Z test result: ok. 2 passed; 0 failed; 0 ignored; 0 measured; 0 filtered out; finished in 0.01s
2026-09-20T17:42:29.8188582Z 
2026-09-20T17:42:29.8203690Z      Running tests\windows_source.rs (rust\target\debug\deps\windows_source-6d73b879bee4aa0d.exe)
2026-09-20T17:42:29.8297644Z 
2026-09-20T17:42:29.8298243Z running 9 tests
2026-09-20T17:42:29.8409860Z test external_sensitive_names_and_non_checkout_sources_stay_denied ... ok
2026-09-20T17:42:29.8414155Z test matching_hash_cannot_allow_a_hard_linked_source ... ok
2026-09-20T17:42:29.8502943Z test matching_hash_cannot_allow_a_junction_before_source_classification ... ok
2026-09-20T17:42:29.8695114Z test observe_source_secret_preserves_the_verified_original_digest ... ok
2026-09-20T17:42:29.8800696Z test pi_and_omp_preserve_plaintext_byte_and_deadline_bounds ... ok
2026-09-20T17:42:29.8826496Z test external_source_requires_pi_or_omp_and_explicit_permission ... ok
2026-09-20T17:42:29.8854915Z test pi_and_omp_preserve_unicode_newline_equivalence_and_response_schema ... ok
2026-09-20T17:42:29.8918634Z test source_secret_is_blocked_without_plaintext_or_path_in_response ... ok
2026-09-20T17:42:29.8948118Z test pi_and_omp_reject_unbound_reference_fields ... ok
2026-09-20T17:42:29.8948545Z 
2026-09-20T17:42:29.8948824Z test result: ok. 9 passed; 0 failed; 0 ignored; 0 measured; 0 filtered out; finished in 0.07s
2026-09-20T17:42:29.8949114Z 
2026-09-20T17:42:29.8968182Z      Running unittests src\main.rs (rust\target\debug\deps\guard_offline_regex_pilot-8e4421b42be96876.exe)
2026-09-20T17:42:29.9068892Z 
2026-09-20T17:42:29.9069462Z running 4 tests
2026-09-20T17:42:29.9076145Z test tests::eof_and_unterminated_frames_differ ... ok
2026-09-20T17:42:29.9076746Z test tests::protocol_rejects_unknown_fields ... ok
2026-09-20T17:42:29.9096918Z test tests::separate_documents_never_complete_split_candidates ... ok
2026-09-20T17:42:30.1416951Z test tests::unsupported_inputs_and_candidate_overflow_are_errors ... ok
2026-09-20T17:42:30.1417449Z 
2026-09-20T17:42:30.1417741Z test result: ok. 4 passed; 0 failed; 0 ignored; 0 measured; 0 filtered out; finished in 0.23s
2026-09-20T17:42:30.1418140Z 
2026-09-20T17:42:30.1441466Z      Running unittests src\lib.rs (rust\target\debug\deps\guard_policy_snapshot-897ae80c1f77a1ad.exe)
2026-09-20T17:42:30.1538689Z 
2026-09-20T17:42:30.1545687Z running 6 tests
2026-09-20T17:42:30.1546225Z test tests::canonical_json_sorts_object_keys ... ok
2026-09-20T17:42:30.1552683Z test tests::rejects_runtime_rule_and_protocol_mismatch ... ok
2026-09-20T17:42:30.1553492Z test tests::rejects_expired_and_replayed_generation ... ok
2026-09-20T17:42:30.1554141Z test tests::rejects_mutated_effective_policy_and_mac ... ok
2026-09-20T17:42:30.1561184Z test tests::rejects_unknown_risk_selector_and_conflicting_harness_aliases ... ok
2026-09-20T17:42:30.1562027Z test tests::validates_authenticated_v3_snapshot ... ok
2026-09-20T17:42:30.1562270Z 
2026-09-20T17:42:30.1562569Z test result: ok. 6 passed; 0 failed; 0 ignored; 0 measured; 0 filtered out; finished in 0.00s
2026-09-20T17:42:30.1562955Z 
2026-09-20T17:42:30.1581146Z      Running unittests src\lib.rs (rust\target\debug\deps\guard_rule_contract-ad03b8c387e422ec.exe)
2026-09-20T17:42:30.1674043Z 
2026-09-20T17:42:30.1674604Z running 1 test
2026-09-20T17:42:30.2663169Z test tests::contract_is_stable_and_complete ... ok
2026-09-20T17:42:30.2663888Z 
2026-09-20T17:42:30.2665109Z test result: ok. 1 passed; 0 failed; 0 ignored; 0 measured; 0 filtered out; finished in 0.10s
2026-09-20T17:42:30.2665511Z 
2026-09-20T17:42:30.2684727Z      Running unittests src\lib.rs (rust\target\debug\deps\guard_rules-c31716a5069b0a89.exe)
2026-09-20T17:42:30.2780167Z 
2026-09-20T17:42:30.2780559Z running 1 test
2026-09-20T17:42:30.2784438Z test tests::digest_is_stable_shape ... ok
2026-09-20T17:42:30.2785870Z 
2026-09-20T17:42:30.2803383Z      Running unittests src\lib.rs (rust\target\debug\deps\guard_runtime_windows_process-2bdf65529e6da592.exe)
2026-09-20T17:42:30.2804315Z test result: ok. 1 passed; 0 failed; 0 ignored; 0 measured; 0 filtered out; finished in 0.00s
2026-09-20T17:42:30.2804677Z 
2026-09-20T17:42:30.2901358Z 
2026-09-20T17:42:30.2901687Z running 30 tests
2026-09-20T17:42:30.2908023Z test windows::job_retirement::tests::empty_job_reported_after_the_deadline_does_not_pass ... ok
2026-09-20T17:42:30.2909178Z test windows::job_retirement::tests::direct_child_exit_does_not_prove_a_nonempty_job_retired ... ok
2026-09-20T17:42:30.2910196Z test windows::job_retirement::tests::a_fresh_grace_clock_cannot_extend_its_parent_cleanup_deadline ... ok
2026-09-20T17:42:30.2911496Z test windows::job_retirement::tests::expired_budget_does_not_start_another_accounting_query ... ok
2026-09-20T17:42:30.2912614Z test windows::job_retirement::tests::failed_job_accounting_query_is_not_an_empty_job ... ok
2026-09-20T17:42:30.2914698Z test windows::job_retirement::tests::nonzero_active_process_count_requires_later_observed_zero ... ok
2026-09-20T17:42:30.2915639Z test windows::process_cleanup::tests::failed_cleanup_preserves_original_and_cleanup_causes ... ok
2026-09-20T17:42:30.2916637Z test windows::process_cleanup::tests::failed_job_termination_is_not_hidden_by_direct_child_exit ... ok
2026-09-20T17:42:30.2918390Z test windows::process_cleanup::tests::failed_termination_and_failed_wait_are_both_reported ... ok
2026-09-20T17:42:30.2920437Z test windows::process_cleanup::tests::late_failed_direct_wait_preserves_wait_error_and_deadline_failure ... ok
2026-09-20T17:42:30.2922523Z test windows::process_cleanup::tests::no_job_cleanup_does_not_accept_direct_exit_observed_after_its_budget ... ok
2026-09-20T17:42:30.2923722Z test windows::process_cleanup::tests::original_setup_error_is_preserved_when_cleanup_succeeds ... ok
2026-09-20T17:42:30.2924640Z test windows::process_cleanup::tests::signaled_owned_handle_proves_exit_after_termination_race ... ok
2026-09-20T17:42:30.2925640Z test windows::process_cleanup::tests::successful_termination_request_does_not_hide_wait_timeout ... ok
2026-09-20T17:42:30.2926714Z test windows::process_lifecycle::tests::duration_to_wait_millis_never_uses_infinite_sentinel ... ok
2026-09-20T17:42:30.2995072Z test windows::source_files::tests::original_leaf_symlink_is_rejected ... ok
2026-09-20T17:42:30.3011944Z test windows::source_files::tests::drive_alias_tests::relative_children_keep_the_original_parent_after_dos_drive_remapping ... ok
2026-09-20T17:42:30.3015113Z test windows::source_files::tests::held_identity_detects_a_security_descriptor_change ... ok
2026-09-20T17:42:30.3020798Z test windows::source_files::tests::source_paths_reject_devices_streams_and_parent_components ... ok
2026-09-20T17:42:30.3028659Z test windows::source_files::tests::held_source_blocks_parent_and_leaf_replacement_and_writers ... ok
2026-09-20T17:42:30.3059456Z test windows::source_files::tests::source_read_obeys_denied_read_acl_without_repairing_it ... ok
2026-09-20T17:42:30.3065743Z test windows::source_files::tests::source_open_rejects_an_existing_writer ... ok
2026-09-20T17:42:30.3081013Z test windows::source_files::tests::source_read_preserves_inherited_permissions_and_real_identity ... ok
2026-09-20T17:42:30.3085733Z test windows::spawn_setup_tests::kill_on_close_is_set_and_only_explicitly_released_by_handoff ... ok
2026-09-20T17:42:30.3099671Z test windows::spawn_setup_tests::failed_setup_retains_cleanup_failure_after_actual_child_reap ... ok
2026-09-20T17:42:30.3157318Z test windows::source_files::tests::original_parent_junction_is_rejected_before_canonicalization ... ok
2026-09-20T17:42:30.3168253Z test windows::spawn_setup_tests::rejected_job_setup_never_resumes_and_reaps_the_actual_suspended_child ... ok
2026-09-20T17:42:30.3174372Z test windows::spawn_setup_tests::actual_child_is_assigned_before_resume_and_exits_normally ... ok
2026-09-20T17:42:30.3202552Z test windows::spawn_setup_tests::valid_exit_code_259_is_a_completed_unsuccessful_exit ... ok
2026-09-20T17:42:30.3246313Z test windows::tests::inherited_handle_is_not_leaked ... ok
2026-09-20T17:42:30.3246761Z 
2026-09-20T17:42:30.3247765Z test result: ok. 30 passed; 0 failed; 0 ignored; 0 measured; 0 filtered out; finished in 0.03s
2026-09-20T17:42:30.3248463Z 
2026-09-20T17:42:30.3263064Z      Running unittests src\lib.rs (rust\target\debug\deps\guard_scanner-c3ebc24ccaea8803.exe)
2026-09-20T17:42:30.3349815Z 
2026-09-20T17:42:30.3350228Z running 8 tests
2026-09-20T17:42:30.3352553Z test prefilter_bench_tests::benchmark_scanner_prefilter ... ignored, diagnostic release microbenchmark; not an installed latency gate
2026-09-20T17:42:30.3574386Z test tests::detects_split_token_across_chunks ... ok
2026-09-20T17:42:30.3620906Z test tests::inert_credential_expressions_are_suppressed_during_local_retry ... ok
2026-09-20T17:42:30.3640689Z test tests::detects_github_token_without_returning_sample ... ok
2026-09-20T17:42:30.3665939Z test tests::realistic_medium_credentials_survive_local_retry ... ok
2026-09-20T17:42:30.3668317Z test tests::documentation_placeholder_is_suppressed ... ok
2026-09-20T17:42:31.2901173Z test prefilter_bench_tests::prefilter_retains_per_match_suppression_and_ordering ... ok
2026-09-20T17:42:36.0490572Z test tests::unicode_overlap_and_document_boundaries_are_isolated ... ok
2026-09-20T17:42:36.0490991Z 
2026-09-20T17:42:36.0491259Z test result: ok. 7 passed; 0 failed; 1 ignored; 0 measured; 0 filtered out; finished in 5.71s
2026-09-20T17:42:36.0491639Z 
2026-09-20T17:42:36.0519165Z      Running unittests examples\mcp_text_facts_pilot.rs (rust\target\debug\examples\mcp_text_facts_pilot-a6f03ea2460db92b.exe)
2026-09-20T17:42:36.0624448Z 
2026-09-20T17:42:36.0625027Z running 6 tests
2026-09-20T17:42:36.0746133Z test tests::failed_output_is_not_retried_or_reported_as_a_complete_request ... ok
2026-09-20T17:42:36.0820707Z test tests::empty_input_and_repeated_complete_frames_have_exact_responses ... ok
2026-09-20T17:42:36.0847685Z test tests::python_whitespace_is_explicit_and_no_text_normalization_occurs ... ok
2026-09-20T17:42:36.0876710Z test tests::fixed_predicates_preserve_ascii_boundaries_and_boolean_groups ... ok
2026-09-20T17:42:36.1617050Z test tests::partial_invalid_and_non_increasing_frames_fail_without_a_reply ... ok
2026-09-20T17:42:36.6661185Z test tests::whole_packet_byte_limit_includes_the_header ... ok
2026-09-20T17:42:36.6661552Z 
2026-09-20T17:42:36.6661806Z test result: ok. 6 passed; 0 failed; 0 ignored; 0 measured; 0 filtered out; finished in 0.60s
2026-09-20T17:42:36.6688975Z      Running unittests src\lib.rs (rust\target\debug\deps\guard_secure_fs-1af1dca9f4015b70.exe)
2026-09-20T17:42:36.6689438Z 
2026-09-20T17:42:36.6797352Z 
2026-09-20T17:42:36.6797850Z running 8 tests
2026-09-20T17:42:36.6882214Z test tests::bounded_read_rejects_hard_linked_source ... ok
2026-09-20T17:42:36.6889567Z test tests::sensitive_paths_are_classified ... ok
2026-09-20T17:42:36.6904143Z test tests::bounded_read_rejects_oversized_windows_file_from_held_metadata ... ok
2026-09-20T17:42:36.6911723Z test tests::bounded_read_hashes_windows_file_with_held_identity ... ok
2026-09-20T17:42:36.6984406Z test tests::bounded_windows_read_respects_the_callers_byte_limit ... ok
2026-09-20T17:42:36.6992255Z test tests::source_classifier_allows_workflow_and_sibling_git_source ... ok
2026-09-20T17:42:36.6994548Z test tests::source_classifier_rejects_sensitive_external_filename_without_substring_false_positive ... ok
2026-09-20T17:42:36.7014601Z test tests::source_classifier_rejects_hidden_sensitive_and_escape_paths ... ok
2026-09-20T17:42:36.7015105Z 
2026-09-20T17:42:36.7015592Z test result: ok. 8 passed; 0 failed; 0 ignored; 0 measured; 0 filtered out; finished in 0.02s
2026-09-20T17:42:36.7016006Z 
2026-09-20T17:42:36.7033989Z      Running tests\decision_io.rs (rust\target\debug\deps\decision_io-349b2a8231d8726c.exe)
2026-09-20T17:42:36.7137958Z 
2026-09-20T17:42:36.7138326Z running 2 tests
2026-09-20T17:42:36.7187592Z test bounded_read_rejects_truncation_limit_before_materializing_more_bytes ... ok
2026-09-20T17:42:36.7188464Z test bounded_read_rejects_source_growth_beyond_limit ... ok
2026-09-20T17:42:36.7188874Z 
2026-09-20T17:42:36.7189256Z test result: ok. 2 passed; 0 failed; 0 ignored; 0 measured; 0 filtered out; finished in 0.01s
2026-09-20T17:42:36.7189763Z 
2026-09-20T17:42:36.7206083Z      Running unittests src\main.rs (rust\target\debug\deps\hol_guard_runtime-6fc3864b04520b7c.exe)
2026-09-20T17:42:36.7370162Z 
2026-09-20T17:42:36.7370586Z running 203 tests
2026-09-20T17:42:36.7394743Z test approval::approval_replay_memory::tests::restart_epoch_rejects_old_artifact_state ... ok
2026-09-20T17:42:36.7396035Z test approval::approval_replay_memory::tests::full_binding_mutation_is_rejected_before_state_transition ... ok
2026-09-20T17:42:36.7398351Z test approval::approval_replay_memory::tests::expiry_and_double_consume_are_atomic ... ok
2026-09-20T17:42:36.7399519Z test approval::approval_replay_memory::tests::transition_tests::failed_emit_restores_claim_for_retry ... ok
2026-09-20T17:42:36.7400782Z test approval::approval_replay_memory::tests::transition_tests::every_transition_prunes_expired_entries ... ok
2026-09-20T17:42:36.9670795Z test approval::approval_replay_memory::tests::capacity_is_bounded_without_eviction ... ok
2026-09-20T17:42:37.3726412Z test approval::approval_v4::tests::assertion_mutations_fail_before_replay_claim ... ok
2026-09-20T17:42:37.5840187Z test approval::approval_v4::tests::es256_assertion_validates_and_rejects_zero_after_counter_established ... ok
2026-09-20T17:42:37.7268252Z test approval::approval_v4::tests::ed25519_assertion_validates_and_persists_counter_zero_and_one ... ok
2026-09-20T17:42:37.7477446Z test approval::approval_v4::tests::negative_tests::v4_request_policy_harness_expiry_and_authority_bindings_fail_closed ... ok
2026-09-20T17:42:37.7479338Z test approval::approval_v4_crypto::tests::base64url_rejects_noncanonical_and_round_trips ... ok
2026-09-20T17:42:37.7481545Z test approval::approval_v4_crypto::tests::cbor_rejects_duplicate_keys_and_indefinite_maps ... ok
2026-09-20T17:42:38.3651836Z test approval::approval_v4::tests::negative_tests::v4_restart_and_concurrent_claims_fail_closed ... ok
2026-09-20T17:42:38.4100041Z test approval::tests::binding_mutations_are_rejected_even_when_resigned ... ok
2026-09-20T17:42:38.4584363Z test approval::approval_v4::tests::negative_tests::webauthn_origin_rp_flags_type_and_signature_are_verified_in_rust ... ok
2026-09-20T17:42:38.5340726Z test approval::approval_v4::tests::webauthn_optional_cross_origin_is_treated_as_false ... ok
2026-09-20T17:42:38.8037508Z test approval::tests::lifecycle_tests::artifact_binding_mutation_and_hard_floors_fail_before_claim ... ok
2026-09-20T17:42:39.2333439Z test approval::tests::lifecycle_tests::binding_derivation_uses_separate_runtime_purposes ... ok
2026-09-20T17:42:39.2627368Z test approval::tests::lifecycle_tests::consume_requires_claim_and_is_single_use ... ok
2026-09-20T17:42:39.4006532Z test approval::tests::lifecycle_tests::artifact_timing_nonce_and_integrity_are_checked ... ok
2026-09-20T17:42:39.4495100Z test approval::tests::lifecycle_tests::malformed_oversize_and_deep_requests_fail_closed ... ok
2026-09-20T17:42:39.7714369Z test approval::tests::lifecycle_tests::policy_material_and_public_key_replacement_cannot_authorize ... ok
2026-09-20T17:42:39.9269530Z test approval::tests::request_identity_is_opaque_and_rust_derived_when_missing ... ok
2026-09-20T17:42:39.9339095Z test edge::identity::tests::borrowed_identity_binds_source_policy_and_arbitrary_json_values ... ok
2026-09-20T17:42:39.9513366Z test edge::identity::tests::borrowed_identity_preserves_legacy_bytes_and_root_only_omissions ... ok
2026-09-20T17:42:39.9522820Z test edge::identity::tests::malformed_payload_and_explicit_request_ids_keep_error_contract ... ok
2026-09-20T17:42:39.9911635Z test approval::tests::lifecycle_tests::policy_push_after_claim_before_consume_cannot_authorize_execution ... ok
2026-09-20T17:42:40.0060762Z test edge::serialization::tests::borrowed_canonical_values_match_existing_bytes_for_every_json_kind ... ok
2026-09-20T17:42:40.0067140Z test edge::serialization::tests::counting_rejects_overflow_and_excess_without_partial_success ... ok
2026-09-20T17:42:40.0072486Z test edge::serialization::tests::serializer_failure_is_not_accepted_as_a_short_encoding ... ok
2026-09-20T17:42:40.1754704Z test approval::tests::valid_artifact_allows_exact_review_and_returns_private_receipt ... ok
2026-09-20T17:42:40.2313926Z test edge::tests::evaluates_complete_cursor_file_envelope_as_native_generic_result ... ok
2026-09-20T17:42:40.3316186Z test edge::tests::evaluates_cursor_dotenv_read_as_sensitive_review ... ok
2026-09-20T17:42:40.6072951Z test approval::tests::lifecycle_tests::replay_and_concurrent_claim_are_single_use ... ok
2026-09-20T17:42:40.6708276Z test edge::tests::ingress_time_consumes_the_original_edge_deadline ... ok
2026-09-20T17:42:40.7207767Z test edge::tests::normalizes_harness_event_and_extracts_pretool_command ... ok
2026-09-20T17:42:40.8256795Z test edge::tests::rejects_conflicting_payload_event_aliases ... ok
2026-09-20T17:42:40.8320083Z test edge::tests::rejects_declared_and_payload_event_mismatch ... ok
2026-09-20T17:42:40.9223087Z test edge::tests::rejects_malformed_source_reference_before_review ... ok
2026-09-20T17:42:40.9365311Z test edge::tests::rejects_unknown_harness_before_command_evaluation ... ok
2026-09-20T17:42:41.0495969Z test edge::tests::request_digest_excludes_root_adapter_timestamps_but_binds_nested_arguments ... ok
2026-09-20T17:42:41.0497736Z test edge::tests::request_digest_excludes_deadline_and_json_field_order ... ok
2026-09-20T17:42:41.1701630Z test edge::tests::validated_identity_retains_cross_language_golden_digest ... ok
2026-09-20T17:42:41.1705673Z test hardening::tests::client_disconnects_are_not_runtime_integrity_failures ... ok
2026-09-20T17:42:41.1707579Z test hardening::tests::descriptor_pressure_uses_bounded_exponential_backoff ... ok
2026-09-20T17:42:41.1716382Z test hardening::tests::interrupted_accept_is_retried_without_sleep ... ok
2026-09-20T17:42:41.1718237Z test hardening::tests::network_change_backoff_is_bounded ... ok
2026-09-20T17:42:41.1732777Z test hardening::tests::request_budget_expires_stale_queued_work ... ok
2026-09-20T17:42:41.1988102Z test edge::tests::evaluates_generic_pretool_for_supported_harness_aliases ... ok
2026-09-20T17:42:41.2581240Z test edge::tests::unknown_and_ambiguous_pretool_payloads_never_receive_an_allow_floor ... ok
2026-09-20T17:42:43.4167277Z test edge::identity::tests::streamed_envelope_size_preserves_exact_limit_and_rejects_one_extra_byte ... ok
2026-09-20T17:42:43.9037579Z test managed_resident::deadline_tests::lease_cleanup_returns_timely_bound_success ... ok
2026-09-20T17:42:44.1605650Z test managed_resident::deadline_tests::late_lease_cleanup_preserves_committed_response_error ... ok
2026-09-20T17:42:44.3092737Z test managed_resident::deadline_tests::lease_cleanup_does_not_return_late_bound_success ... ok
2026-09-20T17:42:44.3094041Z test managed_resident::deadline_tests::late_lease_cleanup_preserves_fatal_authentication_error ... ok
2026-09-20T17:42:44.3684391Z test managed_resident::lease::tests::busy_lease_directory_is_retained_as_live ... ok
2026-09-20T17:42:44.5036033Z test managed_resident::deadline_tests::validated_request_completes_authenticated_bound_exchange_once ... ok
2026-09-20T17:42:44.5132692Z test managed_resident::lease::tests::initial_lease_lock_retries_until_the_current_holder_releases ... ok
2026-09-20T17:42:44.5473586Z test managed_resident::lease::tests::initial_lease_lock_returns_busy_at_the_retry_deadline ... ok
2026-09-20T17:42:44.8124085Z test managed_resident::lease::tests::dropping_owned_malformed_lease_removes_the_owned_artifact ... ok
2026-09-20T17:42:44.8841958Z test managed_resident::lease::tests::stale_malformed_lease_is_removed_by_liveness_cleanup ... ok
2026-09-20T17:42:44.9152385Z test managed_resident::lease::tests::uninspectable_lease_path_retains_the_resident ... ok
2026-09-20T17:42:44.9155276Z test managed_resident::managed_resident_windows::tests::liveness_pipe_child_probe ... ok
2026-09-20T17:42:44.9157785Z test managed_resident::managed_resident_windows::tests::liveness_pipe_eof_probe ... ok
2026-09-20T17:42:45.1484917Z test managed_resident::managed_resident_windows::tests::liveness_pipe_remains_open_while_child_runs_and_closes_after_wait ... ok
2026-09-20T17:42:45.1488592Z test managed_resident::managed_resident_windows::wait_tests::every_failed_wait_closes_stdin_then_cleans_up_once_and_preserves_failure ... ok
2026-09-20T17:42:45.1491321Z test managed_resident::managed_resident_windows::wait_tests::forced_or_unobserved_descendant_retirement_is_never_a_normal_exit ... ok
2026-09-20T17:42:45.1495386Z test managed_resident::managed_resident_windows::wait_tests::managed_timeout_child_probe ... ok
2026-09-20T17:42:45.1499966Z test managed_resident::managed_resident_windows::wait_tests::managed_timeout_descendant_probe ... ok
2026-09-20T17:42:45.1502476Z test managed_resident::managed_resident_windows::wait_tests::observed_exits_close_stdin_without_forced_cleanup ... ok
2026-09-20T17:42:46.0375896Z test managed_resident::deadline_tests::leased_request_does_not_return_late_bound_success ... ok
2026-09-20T17:42:46.4847957Z test managed_resident::managed_resident_windows::wait_tests::supervisor_wait_failures_terminate_the_actual_child_and_its_descendant ... ok
2026-09-20T17:42:46.5077032Z test managed_resident::deadline_tests::validation_delay_does_not_admit_expired_request ... ok
2026-09-20T17:42:46.7141163Z test managed_resident::lease::tests::lease_directory_entry_overflow_is_retained_as_live ... ok
2026-09-20T17:42:47.0303395Z test managed_resident::restart_budget::tests::restart_budget_lock_retains_directory_binding_until_drop ... ok
2026-09-20T17:42:47.0644996Z test managed_resident::restart_budget::tests::windows_budget_existence_requires_private_regular_file_handle ... ok
2026-09-20T17:42:47.6402521Z test managed_resident::restart_budget::tests::repeated_updates_replace_budget_without_leaving_temporary_state ... ok
2026-09-20T17:42:47.8166621Z test managed_resident::restart_budget::tests::interrupted_windows_replace_restores_previous_budget ... ok
2026-09-20T17:42:47.8171771Z test managed_resident::retry_tests::managed_retry_owner_child ... ok
2026-09-20T17:42:47.8181845Z test managed_resident::tests::client_deadline_is_bounded ... ok
2026-09-20T17:42:48.1030644Z test managed_resident::retry_tests::managed_restart_still_allows_connection_unavailable_before_exchange ... ok
2026-09-20T17:42:48.1032334Z test managed_resident::retry_tests::managed_restart_preserves_fatal_exchange_failures_after_owner_exit ... ok
2026-09-20T17:42:48.1039513Z test managed_resident::tests::client_stream_eof_is_clean_and_partial_headers_fail_closed ... ok
2026-09-20T17:42:48.1041709Z test managed_resident::tests::generation_parser_rejects_zero_and_non_numeric ... ok
2026-09-20T17:42:48.1048959Z test managed_resident::tests::client_stream_frames_are_bounded_and_big_endian ... ok
2026-09-20T17:42:48.1096677Z test managed_resident::restart_budget::tests::authenticated_stop_clears_restart_attempts ... ok
2026-09-20T17:42:48.2607441Z test managed_resident::tests::managed_owner_lock_allows_overlapping_private_directory_binds ... ok
2026-09-20T17:42:48.4522182Z test managed_resident::tests::lease_directory_overflow_fails_closed_without_unbounded_collection ... ok
2026-09-20T17:42:48.4525625Z test managed_resident::tests::stale_process_identity_errors_are_platform_scoped ... ok
2026-09-20T17:42:48.4528054Z test managed_resident::tests::stale_transport_retry_allowlist_preserves_auth_and_integrity_failures ... ok
2026-09-20T17:42:48.4531380Z test managed_resident::windows_handoff::tests::deadline_expiry_before_proof_after_proof_and_after_disarm_all_clean_up ... ok
2026-09-20T17:42:48.4536767Z test managed_resident::windows_handoff::tests::handoff_requires_readiness_before_releasing_and_preserves_cleanup_failure ... ok
2026-09-20T17:42:48.4539127Z test managed_resident::windows_handoff::tests::readiness_matches_only_the_started_supervisor_generation_and_token ... ok
2026-09-20T17:42:48.4541083Z test native_phase_observation::macro_tests::default_macros_erase_phase_and_export_dependencies ... ok
2026-09-20T17:42:48.4545122Z test native_phase_observation::macro_tests::observation_macro_returns_original_values_and_evaluates_once ... ok
2026-09-20T17:42:48.4547859Z test native_phase_observation::macro_tests::propagation_remains_outside_the_observed_call ... ok
2026-09-20T17:42:48.5170807Z test managed_resident::tests::client_leases_keep_shared_resident_alive_until_last_client_closes ... ok
2026-09-20T17:42:48.6797241Z test oneshot::tests::concurrent_stale_snapshot_cannot_succeed_after_newer_floor ... ok
2026-09-20T17:42:48.8580476Z test oneshot::tests::fresh_process_state_rejects_a_snapshot_not_matching_durable_authority ... ok
2026-09-20T17:42:49.0975223Z test oneshot::tests::rejects_generation_reuse_for_a_different_policy ... ok
2026-09-20T17:42:49.2881606Z test oneshot::tests::rejects_stale_generation_after_newer_snapshot ... ok
2026-09-20T17:42:49.2883903Z test policy_enforcement::tests::action_floor_matrix_rejects_inconsistent_decision_fields ... ok
2026-09-20T17:42:49.2889037Z test policy_enforcement::tests::conflicting_harness_aliases_fail_closed ... ok
2026-09-20T17:42:49.2896941Z test policy_enforcement::tests::conflicting_harness_risk_aliases_fail_closed ... ok
2026-09-20T17:42:49.2904710Z test policy_enforcement::tests::conflicting_request_selectors_fail_closed ... ok
2026-09-20T17:42:49.2906014Z test policy_enforcement::tests::diagnostic::native_posttool_policy_component_diagnostic ... ignored, explicit local policy diagnostic; fixture path required
2026-09-20T17:42:49.2909667Z test policy_enforcement::tests::observe_policy_block_raises_existing_review_to_non_overridable_floor ... ok
2026-09-20T17:42:49.2916666Z test policy_enforcement::tests::observe_pre_policy_floor_is_non_blocking_but_intrinsic_block_is_hard ... ok
2026-09-20T17:42:49.2923330Z test policy_enforcement::tests::observe_preserves_every_intrinsic_non_allow_pre_floor ... ok
2026-09-20T17:42:49.2931890Z test policy_enforcement::tests::observe_preserves_intrinsic_block_but_does_not_enforce_policy_only_floor ... ok
2026-09-20T17:42:49.2936280Z test policy_enforcement::tests::policy_allow_cannot_lower_intrinsic_review_or_block ... ok
2026-09-20T17:42:49.2938914Z test policy_enforcement::tests::policy_block_raises_intrinsic_allow ... ok
2026-09-20T17:42:49.2947531Z test policy_enforcement::tests::post_intrinsic_block_cannot_be_lowered_by_allow_policy ... ok
2026-09-20T17:42:49.2955707Z test policy_enforcement::tests::post_policy_fields_raise_without_python_semantic_input ... ok
2026-09-20T17:42:49.2961492Z test policy_enforcement::tests::post_warning_policy_preserves_allow_with_warning ... ok
2026-09-20T17:42:49.2969758Z test policy_enforcement::tests::unknown_post_action_is_review_even_when_default_allows ... ok
2026-09-20T17:42:49.2976169Z test policy_enforcement::tests::unreadable_tool_remains_unknown_under_allow_policy ... ok
2026-09-20T17:42:49.2980053Z test policy_enforcement::tests::warning_policy_preserves_allow_with_warning ... ok
2026-09-20T17:42:49.3108520Z test policy_store::approval_authority::tests::fresh_private_state_without_public_authority_is_unenrolled ... ok
2026-09-20T17:42:49.3126307Z test policy_store::approval_authority::tests::test_record_contains_distinct_provenance_bindings ... ok
2026-09-20T17:42:49.3140412Z test policy_store::approval_authority::tests::test_root_is_only_a_test_fixture ... ok
2026-09-20T17:42:49.3266045Z test policy_store::approval_enrollment::tests::transition_lock_rejects_concurrent_owner_and_recovers_on_release ... ok
2026-09-20T17:42:49.3534404Z test oneshot::tests::rejects_zero_generation_before_establishing_a_floor ... ok
2026-09-20T17:42:49.4626308Z test managed_resident::tests::stale_lease_cleanup_requires_a_dead_process_identity ... ok
2026-09-20T17:42:49.4636068Z test policy_store::approval_v4_enrollment::tests::origins_are_canonical_and_bound_to_a_valid_rp_host ... ok
2026-09-20T17:42:49.5026777Z test policy_store::policy_store_authority::tests::watcher_samples_fingerprint_after_observed_lock ... ok
2026-09-20T17:42:49.5104214Z test policy_store::policy_store_persistence::windows_recovery_tests::authority_recovery_rejects_non_file_backup ... ok
2026-09-20T17:42:49.5652082Z test policy_store::approval_v4_authority::tests::malformed_cose_and_missing_secure_state_never_load ... ok
2026-09-20T17:42:50.0056140Z test managed_resident::tests::owner_liveness_expires_after_launcher_and_all_clients_disappear ... ok
2026-09-20T17:42:50.1320608Z test policy_store::policy_store_persistence::windows_recovery_tests::authority_recovery_replaces_only_valid_private_backup ... ok
2026-09-20T17:42:51.0794866Z test policy_store::policy_store_persistence::windows_recovery_tests::authority_replace_succeeds_while_a_reader_holds_the_target ... ok
2026-09-20T17:42:51.2459924Z test policy_store::tests::authenticated_observe_edge_preserves_intrinsic_pretool_floor ... ok
2026-09-20T17:42:51.3594715Z test policy_store::tests::authenticated_edge_preserves_clean_default_warning ... ok
2026-09-20T17:42:51.7246412Z test policy_store::tests::authority_fingerprint_detects_same_size_in_place_rewrite ... ok
2026-09-20T17:42:52.4944847Z test policy_store::approval_v4_authority::tests::rotation_is_strictly_monotonic_and_revocation_is_terminal ... ok
2026-09-20T17:42:52.7406814Z test policy_store::tests::command_authority_tests::mutation_lock_is_nonblocking_and_shared_lease_spans_decision_lifetime ... ok
2026-09-20T17:42:53.3537053Z test policy_store::tests::command_authority_tests::marker_mac_and_recovery_epoch_are_both_bound_to_exact_retained_floor ... ok
2026-09-20T17:42:53.3547285Z test policy_store::tests::command_authority_tests::closed_mutation_marker_blocks_old_decisions_and_late_acknowledgements ... ok
2026-09-20T17:42:53.4574100Z test policy_store::tests::command_authority_tests::python_signed_authority_vectors_match_native_lease_and_floor_codecs ... ok
2026-09-20T17:42:53.6158139Z test policy_store::tests::command_floor_tests::extension_program_changes_are_bound_to_policy_integrity ... ok
2026-09-20T17:42:54.3917680Z test policy_store::tests::command_floor_tests::command_control_revisions_are_independent_and_survive_restart ... ok
2026-09-20T17:42:54.4678653Z test policy_store::tests::compiled_generations_share_one_immutable_snapshot_and_reject_conflicts_before_publish ... ok
2026-09-20T17:42:54.5133699Z test policy_store::tests::fixture_tests::fixture_rewrite_truncates_private_file_without_weakening_create_new ... ok
2026-09-20T17:42:54.5587202Z test policy_store::tests::command_floor_tests::floor_mac_rejects_rewritten_or_removed_independent_revisions ... ok
2026-09-20T17:42:54.6198992Z test policy_store::tests::command_floor_tests::degraded_and_quarantined_snapshots_retain_protected_control_floor ... ok
2026-09-20T17:42:54.8721926Z test policy_store::tests::fixture_tests::noncommand_review_tests::malformed_and_present_commands_without_controls_do_not_claim_noncommand_scope ... ok
2026-09-20T17:42:55.0612241Z test policy_store::tests::fixture_tests::noncommand_review_tests::noncommand_scope_preserves_nontrivial_command_floors_and_intrinsic_blocks ... ok
2026-09-20T17:42:55.0614632Z test policy_store::tests::fixture_tests::noncommand_review_tests::current_signed_noncommand_reviews_have_distinct_receipt_scope ... ok
2026-09-20T17:42:55.2413582Z test policy_store::tests::generation_rollback_and_same_generation_mutation_are_rejected ... ok
2026-09-20T17:42:55.4767625Z test policy_store::tests::migration_tests::legacy_snapshot_and_floor_migrate_to_one_authority_record ... ok
2026-09-20T17:42:55.5058578Z test policy_store::tests::missing_snapshot_is_not_ready_but_push_can_install_it ... ok
2026-09-20T17:42:55.6958617Z test policy_store::tests::push_rejects_unknown_fields_without_mutating_state ... ok
2026-09-20T17:42:55.7616715Z test policy_store::tests::migration_tests::floor_only_migration_preserves_generation_and_allows_only_newer_push ... ok
2026-09-20T17:42:55.7633012Z test policy_store::tests::windows_scope_aliases_share_one_digest_identity ... ok
2026-09-20T17:42:55.9024848Z test policy_store::tests::restart_rehydrates_snapshot_and_hook_validation_uses_memory ... ok
2026-09-20T17:42:55.9656277Z test resident_client::deadline_tests::buffered_fallback_cannot_bypass_absolute_deadline_after_read ... ok
2026-09-20T17:42:56.0377586Z test policy_store::tests::restarted_resident_applies_installed_policy_without_request_time_io ... ok
2026-09-20T17:42:56.1500513Z test resident_client::deadline_tests::fragmented_response_header_cannot_renew_request_budget ... ok
2026-09-20T17:42:56.1531125Z test resident_client::deadline_tests::timely_authenticated_socket_response_is_unchanged ... ok
2026-09-20T17:42:56.1559452Z test resident_client::deadline_tests::timely_authentication_rejection_keeps_its_fatal_error ... ok
2026-09-20T17:42:56.1566228Z test resident_client::deadline_tests::unsupported_timeout_error_is_preserved_without_reading ... ok
2026-09-20T17:42:56.1583764Z test resident_client::deadline_tests::zero_budget_is_rejected_before_endpoint_or_process_access ... ok
2026-09-20T17:42:56.1592350Z test resident_client::tests::partial_or_flush_request_write_is_never_retryable ... ok
2026-09-20T17:42:56.1598815Z test resident_client::tests::rejects_non_loopback_tcp_endpoint ... ok
2026-09-20T17:42:56.1608376Z test resident_client::tests::response_eof_and_reset_are_never_retryable ... ok
2026-09-20T17:42:56.1615117Z test resident_client::tests::response_teardown_after_flushed_request_is_never_retryable ... ok
2026-09-20T17:42:56.1619546Z test resident_protocol::tests::approval_error_transport_is_finite ... ok
2026-09-20T17:42:56.1646677Z test resident_protocol::tests::approval_requests_have_a_smaller_raw_payload_bound ... ok
2026-09-20T17:42:56.1674954Z test resident_protocol::tests::command_control_error_transport_preserves_only_registered_fixed_codes ... ok
2026-09-20T17:42:56.1682835Z test resident_protocol::tests::lifecycle_disposition_follows_strictly_validated_operation ... ok
2026-09-20T17:42:56.1704554Z test resident_state::resident_state_files::tests::windows_lock_violations_are_contention ... ok
2026-09-20T17:42:56.1722677Z test resident_state::resident_state_files::tests::would_block_is_lock_contention ... ok
2026-09-20T17:42:56.1734184Z test resident_state::resident_state_files::windows_security::tests::windows_owner_allowlist_rejects_unrelated_principals ... ok
2026-09-20T17:42:56.1801901Z test resident_state::tests::already_private_directory_allows_overlapping_binds ... ok
2026-09-20T17:42:56.2534084Z test resident_client::deadline_tests::response_body_uses_time_left_after_header_and_partial_reads ... ok
2026-09-20T17:42:56.2949009Z test resident_client::deadline_tests::fragmented_server_proof_cannot_renew_authentication_budget ... ok
2026-09-20T17:42:56.3427609Z test policy_store::tests::fault_tests::authority_write_failures_at_each_boundary_are_retryable_without_rollback ... ok
2026-09-20T17:42:56.4962439Z test resident_state::tests::home_state_discovery_allows_nonmatching_entries_within_bound ... ok
2026-09-20T17:42:56.5258654Z test resident_state::tests::newly_created_directory_binding_denies_rename_until_drop ... ok
2026-09-20T17:42:56.5613592Z test resident_state::tests::home_state_discovery_rejects_seventeenth_matching_scope ... ok
2026-09-20T17:42:56.5894112Z test resident_state::tests::private_lock_file_rejects_a_private_root_outside_the_target_scope ... ok
2026-09-20T17:42:56.5991727Z test resident_state::tests::process_identity_rejects_a_reused_same_binary_pid_marker ... ok
2026-09-20T17:42:56.8443019Z test resident_state::tests::preferred_runtime_scope_is_found_after_the_fallback_scope_bound ... ok
2026-09-20T17:42:57.1904648Z test resident_state::tests::home_state_discovery_fails_closed_on_total_entry_overflow ... ok
2026-09-20T17:42:57.5923636Z test resident_state::tests::stale_startup_lock_recovery_preserves_lockfile_for_reuse ... ok
2026-09-20T17:42:57.8331920Z test resident_state::tests::startup_lock_allows_overlapping_private_directory_binds ... ok
2026-09-20T17:42:58.2789450Z test resident_state::tests::startup_lock_drop_preserves_stable_private_lockfile ... ok
2026-09-20T17:42:58.4107735Z test resident_state::tests::startup_lock_holds_advisory_lock_until_drop ... ok
2026-09-20T17:42:59.2807113Z test resident_state::tests::startup_lock_repeated_acquisition_rewrites_without_growth ... ok
2026-09-20T17:42:59.2811734Z test resident_state::tests::state_mac_rejects_endpoint_mutation ... ok
2026-09-20T17:42:59.3058029Z test resident_state::tests::verify_windows_private_directory_accepts_the_configured_root ... ok
2026-09-20T17:42:59.4783837Z test resident_state::tests::windows_create_new_rejects_existing_file_without_mutating_it ... ok
2026-09-20T17:42:59.5965131Z test resident_state::tests::windows_state_scope_and_token_state_are_owner_private ... ok
2026-09-20T17:42:59.5966178Z test strict_json::tests::benchmark_timeout_projection ... ignored, diagnostic release microbenchmark; not an installed latency gate
2026-09-20T17:42:59.6671819Z test strict_json::tests::timeout_projection_obeys_the_full_strict_json_contract ... ok
2026-09-20T17:42:59.6679651Z test tests::overload_response_is_constant_and_retryable ... ok
2026-09-20T17:42:59.6685250Z test tests::resident_hmac_changes_with_nonce ... ok
2026-09-20T17:42:59.6693076Z test tests::resident_hmac_matches_cross_language_vectors ... ok
2026-09-20T17:42:59.6736686Z test tests::strict_json_rejects_deep_and_wide_values ... ok
2026-09-20T17:42:59.6746666Z test tests::strict_json_rejects_duplicate_keys_and_trailing_values ... ok
2026-09-20T17:43:01.5968414Z test resident_state::tests::home_state_discovery_fails_closed_on_many_state_entries ... ok
2026-09-20T17:43:01.9046526Z test resident_state::tests::publishing_fails_closed_when_scope_entry_bound_is_exceeded ... ok
2026-09-20T17:43:07.5862943Z test resident_state::tests::publishing_generations_retires_superseded_state ... ok
2026-09-20T17:43:07.5864405Z 
2026-09-20T17:43:07.5866554Z test result: ok. 201 passed; 0 failed; 2 ignored; 0 measured; 0 filtered out; finished in 30.85s
2026-09-20T17:43:07.5867120Z 
2026-09-20T17:43:07.5980863Z      Running unittests examples\package_lock_pilot.rs (rust\target\debug\examples\package_lock_pilot-2427e7a7e7df4fcf.exe)
2026-09-20T17:43:07.6075194Z 
2026-09-20T17:43:07.6075459Z running 4 tests
2026-09-20T17:43:07.6082543Z test tests::unsupported_numeric_spellings_and_empty_legacy_projection_fall_back ... ok
2026-09-20T17:43:07.6083304Z test tests::preserves_order_names_nested_paths_and_exact_versions ... ok
2026-09-20T17:43:07.6084007Z test tests::entry_and_node_limits_discard_every_partial_projection ... ok
2026-09-20T17:43:07.6085301Z test tests::duplicate_keys_in_unused_nested_metadata_never_publish_partial_entries ... ok
2026-09-20T17:43:07.6085988Z 
2026-09-20T17:43:07.6086357Z test result: ok. 4 passed; 0 failed; 0 ignored; 0 measured; 0 filtered out; finished in 0.00s
2026-09-20T17:43:07.6086828Z 
2026-09-20T17:43:07.7253222Z ##[group]Run uv run --no-sync python -m ruff format --check src/codex_plugin_scanner/guard/native_runtime_resident.py ci/native_runtime/test_guard_native_runtime_windows_resident.py
2026-09-20T17:43:07.7254421Z [36;1muv run --no-sync python -m ruff format --check src/codex_plugin_scanner/guard/native_runtime_resident.py ci/native_runtime/test_guard_native_runtime_windows_resident.py[0m
2026-09-20T17:43:07.7255383Z [36;1muv run --no-sync python -m ruff check src/codex_plugin_scanner/guard/native_runtime_resident.py ci/native_runtime/test_guard_native_runtime_windows_resident.py[0m
2026-09-20T17:43:07.7325609Z shell: C:\Program Files\PowerShell\7\pwsh.EXE -command ". '{0}'"
2026-09-20T17:43:07.7325947Z env:
2026-09-20T17:43:07.7326237Z   pythonLocation: C:\hostedtoolcache\windows\Python\3.12.10\x64
2026-09-20T17:43:07.7326642Z   PKG_CONFIG_PATH: C:\hostedtoolcache\windows\Python\3.12.10\x64/lib/pkgconfig
2026-09-20T17:43:07.7327109Z   Python_ROOT_DIR: C:\hostedtoolcache\windows\Python\3.12.10\x64
2026-09-20T17:43:07.7327474Z   Python2_ROOT_DIR: C:\hostedtoolcache\windows\Python\3.12.10\x64
2026-09-20T17:43:07.7327828Z   Python3_ROOT_DIR: C:\hostedtoolcache\windows\Python\3.12.10\x64
2026-09-20T17:43:07.7328149Z   UV_TOOL_BIN_DIR: D:\a\_temp\uv-tool-bin-dir
2026-09-20T17:43:07.7328436Z   UV_TOOL_DIR: D:\a\_temp\uv-tool-dir
2026-09-20T17:43:07.7328717Z   UV_PYTHON_INSTALL_DIR: D:\a\_temp\uv-python-dir
2026-09-20T17:43:07.7328990Z   UV_CACHE_DIR: D:\a\_temp\setup-uv-cache
2026-09-20T17:43:07.7329232Z ##[endgroup]
2026-09-20T17:43:08.0678607Z 2 files already formatted
2026-09-20T17:43:08.1721128Z All checks passed!
2026-09-20T17:43:08.3042227Z ##[group]Run $version = (uv run --no-sync python scripts/sync_repo_version.py --check).Trim()
2026-09-20T17:43:08.3042992Z [36;1m$version = (uv run --no-sync python scripts/sync_repo_version.py --check).Trim()[0m
2026-09-20T17:43:08.3043529Z [36;1m$env:HOL_GUARD_BUILD_SHA = "d7f30a0ad61d72d96d1a9e7970943404c4cc19dc"[0m
2026-09-20T17:43:08.3043963Z [36;1m$env:HOL_GUARD_PACKAGE_VERSION = $version[0m
2026-09-20T17:43:08.3044472Z [36;1mcargo build --manifest-path rust/Cargo.toml --locked --release -p hol-guard-runtime[0m
2026-09-20T17:43:08.3045010Z [36;1mrust/target/release/hol-guard-runtime.exe self-test --json[0m
2026-09-20T17:43:08.3109736Z shell: C:\Program Files\PowerShell\7\pwsh.EXE -command ". '{0}'"
2026-09-20T17:43:08.3110145Z env:
2026-09-20T17:43:08.3110531Z   pythonLocation: C:\hostedtoolcache\windows\Python\3.12.10\x64
2026-09-20T17:43:08.3111110Z   PKG_CONFIG_PATH: C:\hostedtoolcache\windows\Python\3.12.10\x64/lib/pkgconfig
2026-09-20T17:43:08.3111747Z   Python_ROOT_DIR: C:\hostedtoolcache\windows\Python\3.12.10\x64
2026-09-20T17:43:08.3112627Z   Python2_ROOT_DIR: C:\hostedtoolcache\windows\Python\3.12.10\x64
2026-09-20T17:43:08.3113102Z   Python3_ROOT_DIR: C:\hostedtoolcache\windows\Python\3.12.10\x64
2026-09-20T17:43:08.3113571Z   UV_TOOL_BIN_DIR: D:\a\_temp\uv-tool-bin-dir
2026-09-20T17:43:08.3113918Z   UV_TOOL_DIR: D:\a\_temp\uv-tool-dir
2026-09-20T17:43:08.3114279Z   UV_PYTHON_INSTALL_DIR: D:\a\_temp\uv-python-dir
2026-09-20T17:43:08.3114719Z   UV_CACHE_DIR: D:\a\_temp\setup-uv-cache
2026-09-20T17:43:08.3115080Z ##[endgroup]
2026-09-20T17:43:08.8105800Z    Compiling proc-macro2 v1.0.107
2026-09-20T17:43:08.8106480Z    Compiling unicode-ident v1.0.24
2026-09-20T17:43:08.8106921Z    Compiling quote v1.0.47
2026-09-20T17:43:08.8107347Z    Compiling version_check v0.9.5
2026-09-20T17:43:08.9140389Z    Compiling typenum v1.20.1
2026-09-20T17:43:09.1251358Z    Compiling cfg-if v1.0.4
2026-09-20T17:43:09.1745227Z    Compiling winapi v0.3.9
2026-09-20T17:43:09.1804372Z    Compiling generic-array v0.14.7
2026-09-20T17:43:09.4514545Z    Compiling memchr v2.8.3
2026-09-20T17:43:09.7329536Z    Compiling serde_core v1.0.229
2026-09-20T17:43:10.2880937Z    Compiling syn v3.0.3
2026-09-20T17:43:10.3576320Z    Compiling cpufeatures v0.2.17
2026-09-20T17:43:10.4119205Z    Compiling windows-link v0.1.3
2026-09-20T17:43:10.4620939Z    Compiling syn v2.0.119
2026-09-20T17:43:10.6209116Z    Compiling block-buffer v0.10.4
2026-09-20T17:43:10.8207138Z    Compiling crypto-common v0.1.7
2026-09-20T17:43:10.9335967Z    Compiling digest v0.10.7
2026-09-20T17:43:11.1668808Z    Compiling sha2 v0.10.9
2026-09-20T17:43:13.5752724Z    Compiling hex v0.4.3
2026-09-20T17:43:13.8965205Z    Compiling zmij v1.0.23
2026-09-20T17:43:13.9950699Z    Compiling serde v1.0.229
2026-09-20T17:43:14.2034372Z    Compiling serde_derive v1.0.229
2026-09-20T17:43:14.3403594Z    Compiling windows-result v0.3.4
2026-09-20T17:43:14.8806502Z    Compiling windows-strings v0.4.2
2026-09-20T17:43:15.5196035Z    Compiling windows-implement v0.60.2
2026-09-20T17:43:15.7981408Z    Compiling windows-interface v0.59.3
2026-09-20T17:43:16.3988317Z    Compiling serde_json v1.0.151
2026-09-20T17:43:16.6193729Z    Compiling thiserror v2.0.20
2026-09-20T17:43:16.7304416Z    Compiling libc v0.2.189
2026-09-20T17:43:16.7872593Z    Compiling windows-core v0.61.2
2026-09-20T17:43:17.1826027Z    Compiling thiserror-impl v2.0.20
2026-09-20T17:43:17.6156899Z    Compiling itoa v1.0.18
2026-09-20T17:43:17.9875725Z    Compiling bitflags v1.3.2
2026-09-20T17:43:18.0392225Z    Compiling windows-permissions v0.2.4
2026-09-20T17:43:19.0979389Z    Compiling guard-rules v0.1.0 (D:\a\hol-guard\hol-guard\rust\crates\guard-rules)
2026-09-20T17:43:19.2375573Z    Compiling aho-corasick v1.1.5
2026-09-20T17:43:19.3542823Z    Compiling regex-syntax v0.8.11
2026-09-20T17:43:19.4964230Z    Compiling find-msvc-tools v0.1.11
2026-09-20T17:43:20.5201472Z    Compiling shlex v2.0.1
2026-09-20T17:43:20.7233039Z    Compiling cc v1.4.4
2026-09-20T17:43:22.2225463Z    Compiling regex-automata v0.4.18
2026-09-20T17:43:22.5702171Z    Compiling guard-contracts v0.1.0 (D:\a\hol-guard\hol-guard\rust\crates\guard-contracts)
2026-09-20T17:43:28.4741186Z    Compiling guard-runtime-windows-process v0.1.0 (D:\a\hol-guard\hol-guard\rust\crates\guard-runtime-windows-process)
2026-09-20T17:43:28.8186083Z    Compiling windows-threading v0.1.0
2026-09-20T17:43:28.9416727Z    Compiling ntapi v0.4.3
2026-09-20T17:43:29.1805867Z    Compiling guard-secure-fs v0.1.0 (D:\a\hol-guard\hol-guard\rust\crates\guard-secure-fs)
2026-09-20T17:43:30.9798402Z    Compiling windows-future v0.2.1
2026-09-20T17:43:31.2651692Z    Compiling regex v1.13.1
2026-09-20T17:43:31.4855783Z    Compiling ring v0.17.14
2026-09-20T17:43:32.0734509Z    Compiling windows-collections v0.2.0
2026-09-20T17:43:32.3802310Z    Compiling windows-numerics v0.2.0
2026-09-20T17:43:32.6179479Z    Compiling getrandom v0.3.4
2026-09-20T17:43:32.7271067Z    Compiling windows v0.61.3
2026-09-20T17:43:33.5995224Z    Compiling guard-scanner v0.1.0 (D:\a\hol-guard\hol-guard\rust\crates\guard-scanner)
2026-09-20T17:43:36.1599760Z    Compiling getrandom v0.2.17
2026-09-20T17:43:36.3000623Z    Compiling untrusted v0.9.0
2026-09-20T17:43:37.4127324Z    Compiling guard-hook-core v0.1.0 (D:\a\hol-guard\hol-guard\rust\crates\guard-hook-core)
2026-09-20T17:43:39.8561774Z    Compiling guard-command v0.1.0 (D:\a\hol-guard\hol-guard\rust\crates\guard-command)
2026-09-20T17:43:43.4253829Z    Compiling guard-policy-snapshot v0.1.0 (D:\a\hol-guard\hol-guard\rust\crates\guard-policy-snapshot)
2026-09-20T17:43:43.7434873Z    Compiling guard-rule-contract v0.1.0 (D:\a\hol-guard\hol-guard\rust\crates\guard-rule-contract)
2026-09-20T17:43:44.3111302Z    Compiling fs2 v0.4.3
2026-09-20T17:44:12.1379915Z    Compiling sysinfo v0.37.2
2026-09-20T17:44:21.1108588Z    Compiling hol-guard-runtime v0.1.0 (D:\a\hol-guard\hol-guard\rust\crates\guard-runtime)
2026-09-20T17:44:39.7394781Z     Finished `release` profile [optimized] target(s) in 1m 31s
2026-09-20T17:44:39.7735390Z {"capabilities":{"build_sha":"d7f30a0ad61d72d96d1a9e7970943404c4cc19dc","features":["post-tool-inline-v1","post-tool-source-read-v1","oneshot-v1","framed-serve-v1","resident-protocol-v2","bounded-admission-v2","overload-signal-v1","panic-containment-v1","rule-contract-v2","pre-tool-command-model-shadow-v1","resident-command-model-shadow-v1","pre-tool-command-authority-v1","pre-tool-generic-authority-v1","native-command-program-v1","native-command-control-fence-v1","policy-snapshot-v3","policy-snapshot-push-v1","policy-snapshot-resident-generation-v1","native-approval-artifact-v3","native-approval-challenge-v3","native-approval-validation-v3","native-approval-consume-v3","native-approval-webauthn-v4","native-approval-challenge-v4","native-approval-validation-v4","native-approval-consume-v4","native-approval-replay-memory-v1","native-policy-in-memory-v1","hook-envelope-v2","native-resident-client-v1","native-resident-lifecycle-v1","authenticated-loopback-resident-v1","post-tool-source-read-windows-handles-v1"],"protocol_version":1,"rule_digest":"e9d2024f94d91cb5ae1a9d8e8c60a398f24bf1af7767c578e1997f33cc98a32a","runtime_version":"3.0.1","target":"x86_64-windows"},"ok":true}
2026-09-20T17:44:39.8711858Z ##[group]Run uv run --no-sync pytest ci/native_runtime/test_guard_native_runtime_windows_resident.py --tb=short
2026-09-20T17:44:39.8712576Z [36;1muv run --no-sync pytest ci/native_runtime/test_guard_native_runtime_windows_resident.py --tb=short[0m
2026-09-20T17:44:39.8777199Z shell: C:\Program Files\PowerShell\7\pwsh.EXE -command ". '{0}'"
2026-09-20T17:44:39.8777567Z env:
2026-09-20T17:44:39.8777851Z   pythonLocation: C:\hostedtoolcache\windows\Python\3.12.10\x64
2026-09-20T17:44:39.8778294Z   PKG_CONFIG_PATH: C:\hostedtoolcache\windows\Python\3.12.10\x64/lib/pkgconfig
2026-09-20T17:44:39.8778728Z   Python_ROOT_DIR: C:\hostedtoolcache\windows\Python\3.12.10\x64
2026-09-20T17:44:39.8779133Z   Python2_ROOT_DIR: C:\hostedtoolcache\windows\Python\3.12.10\x64
2026-09-20T17:44:39.8779527Z   Python3_ROOT_DIR: C:\hostedtoolcache\windows\Python\3.12.10\x64
2026-09-20T17:44:39.8779857Z   UV_TOOL_BIN_DIR: D:\a\_temp\uv-tool-bin-dir
2026-09-20T17:44:39.8780207Z   UV_TOOL_DIR: D:\a\_temp\uv-tool-dir
2026-09-20T17:44:39.8780490Z   UV_PYTHON_INSTALL_DIR: D:\a\_temp\uv-python-dir
2026-09-20T17:44:39.8780780Z   UV_CACHE_DIR: D:\a\_temp\setup-uv-cache
2026-09-20T17:44:39.8781056Z   HOL_GUARD_NATIVE: force
2026-09-20T17:44:39.8781428Z   HOL_GUARD_NATIVE_BINARY: D:\a\hol-guard\hol-guard\rust\target\release\hol-guard-runtime.exe
2026-09-20T17:44:39.8781818Z ##[endgroup]
2026-09-20T17:44:41.3320183Z ============================= test session starts =============================
2026-09-20T17:44:41.3320635Z platform win32 -- Python 3.12.10, pytest-9.0.3, pluggy-1.6.0
2026-09-20T17:44:41.3320960Z rootdir: D:\a\hol-guard\hol-guard
2026-09-20T17:44:41.3321239Z configfile: pyproject.toml
2026-09-20T17:44:41.3321475Z plugins: anyio-4.14.2, cov-7.1.0
2026-09-20T17:44:41.3321742Z collected 5 items
2026-09-20T17:44:41.3322235Z 
2026-09-20T17:44:46.5239597Z ci\native_runtime\test_guard_native_runtime_windows_resident.py .....    [100%]
2026-09-20T17:44:46.5239983Z 
2026-09-20T17:44:46.5240155Z ============================== 5 passed in 5.97s ==============================
2026-09-20T17:44:46.8446481Z Post job cleanup.
2026-09-20T17:44:46.9772303Z UV_CACHE_DIR is already set to D:\a\_temp\setup-uv-cache
2026-09-20T17:44:46.9777267Z UV_PYTHON_INSTALL_DIR is already set to D:\a\_temp\uv-python-dir
2026-09-20T17:44:46.9779948Z Cache hit occurred on key setup-uv-2-x86_64-pc-windows-msvc-windows-2025-3.12.10-pruned-4e1957317505a9398522e711a4f2f26abf3d248d66da424c6be4d71602599970, not saving cache.
2026-09-20T17:44:47.1074625Z Post job cleanup.
2026-09-20T17:44:47.2805250Z Post job cleanup.
2026-09-20T17:44:47.4461727Z [command]"C:\Program Files\Git\bin\git.exe" version
2026-09-20T17:44:47.4716881Z git version 2.55.0.windows.5
2026-09-20T17:44:47.4788404Z Temporarily overriding HOME='D:\a\_temp\87b5a8e3-2018-4491-841e-97133dc500a6' before making global git config changes
2026-09-20T17:44:47.4789370Z Adding repository directory to the temporary git global config as a safe directory
2026-09-20T17:44:47.4799578Z [command]"C:\Program Files\Git\bin\git.exe" config --global --add safe.directory D:\a\hol-guard\hol-guard
2026-09-20T17:44:47.5103939Z Removing SSH command configuration
2026-09-20T17:44:47.5119484Z [command]"C:\Program Files\Git\bin\git.exe" config --local --name-only --get-regexp core\.sshCommand
2026-09-20T17:44:47.5425082Z [command]"C:\Program Files\Git\bin\git.exe" submodule foreach --recursive "sh -c \"git config --local --name-only --get-regexp 'core\.sshCommand' && git config --local --unset-all 'core.sshCommand' || :\""
2026-09-20T17:44:48.0625506Z Removing HTTP extra header
2026-09-20T17:44:48.0636817Z [command]"C:\Program Files\Git\bin\git.exe" config --local --name-only --get-regexp http\.https\:\/\/github\.com\/\.extraheader
2026-09-20T17:44:48.0929887Z [command]"C:\Program Files\Git\bin\git.exe" submodule foreach --recursive "sh -c \"git config --local --name-only --get-regexp 'http\.https\:\/\/github\.com\/\.extraheader' && git config --local --unset-all 'http.https://github.com/.extraheader' || :\""
2026-09-20T17:44:48.6150375Z Removing includeIf entries pointing to credentials config files
2026-09-20T17:44:48.6162967Z [command]"C:\Program Files\Git\bin\git.exe" config --local --name-only --get-regexp ^includeIf\.gitdir:
2026-09-20T17:44:48.6387951Z includeif.gitdir:D:/a/hol-guard/hol-guard/.git.path
2026-09-20T17:44:48.6389027Z includeif.gitdir:D:/a/hol-guard/hol-guard/.git/worktrees/*.path
2026-09-20T17:44:48.6425219Z [command]"C:\Program Files\Git\bin\git.exe" config --local --get-all includeif.gitdir:D:/a/hol-guard/hol-guard/.git.path
2026-09-20T17:44:48.6654970Z D:\a\_temp\git-credentials-8110c9e6-2b79-4275-8750-0c2a65b70677.config
2026-09-20T17:44:48.6696159Z [command]"C:\Program Files\Git\bin\git.exe" config --local --unset includeif.gitdir:D:/a/hol-guard/hol-guard/.git.path D:\a\_temp\git-credentials-8110c9e6-2b79-4275-8750-0c2a65b70677.config
2026-09-20T17:44:48.6977007Z [command]"C:\Program Files\Git\bin\git.exe" config --local --get-all includeif.gitdir:D:/a/hol-guard/hol-guard/.git/worktrees/*.path
2026-09-20T17:44:48.7201916Z D:\a\_temp\git-credentials-8110c9e6-2b79-4275-8750-0c2a65b70677.config
2026-09-20T17:44:48.7243025Z [command]"C:\Program Files\Git\bin\git.exe" config --local --unset includeif.gitdir:D:/a/hol-guard/hol-guard/.git/worktrees/*.path D:\a\_temp\git-credentials-8110c9e6-2b79-4275-8750-0c2a65b70677.config
2026-09-20T17:44:48.7496932Z [command]"C:\Program Files\Git\bin\git.exe" submodule foreach --recursive "git config --local --show-origin --name-only --get-regexp remote.origin.url"
2026-09-20T17:44:49.2397654Z Removing credentials config 'D:\a\_temp\git-credentials-8110c9e6-2b79-4275-8750-0c2a65b70677.config'
2026-09-20T17:44:49.2604994Z Cleaning up orphan processes
2026-09-20T17:44:49.2821324Z Terminate orphan process: pid (1228) (vctip)
