/home/runner/work/hol-guard/hol-guard/validation-driver/workspace-constructor-validation/admission.py:19:5 - warning: Return type is Any (reportAny)
::warning file=/home/runner/work/hol-guard/hol-guard/validation-driver/workspace-constructor-validation/admission.py,line=19,col=5::Return type is Any (reportAny)
/home/runner/work/hol-guard/hol-guard/validation-driver/workspace-constructor-validation/admission.py:19:27 - warning: Type `Any` is not allowed (reportExplicitAny)
::warning file=/home/runner/work/hol-guard/hol-guard/validation-driver/workspace-constructor-validation/admission.py,line=19,col=27::Type `Any` is not allowed (reportExplicitAny)
/home/runner/work/hol-guard/hol-guard/validation-driver/workspace-constructor-validation/admission.py:20:38 - warning: Type `Any` is not allowed (reportExplicitAny)
::warning file=/home/runner/work/hol-guard/hol-guard/validation-driver/workspace-constructor-validation/admission.py,line=20,col=38::Type `Any` is not allowed (reportExplicitAny)
/home/runner/work/hol-guard/hol-guard/validation-driver/workspace-constructor-validation/admission.py:20:58 - warning: Type `Any` is not allowed (reportExplicitAny)
::warning file=/home/runner/work/hol-guard/hol-guard/validation-driver/workspace-constructor-validation/admission.py,line=20,col=58::Type `Any` is not allowed (reportExplicitAny)
/home/runner/work/hol-guard/hol-guard/validation-driver/workspace-constructor-validation/admission.py:21:26 - warning: Type `Any` is not allowed (reportExplicitAny)
::warning file=/home/runner/work/hol-guard/hol-guard/validation-driver/workspace-constructor-validation/admission.py,line=21,col=26::Type `Any` is not allowed (reportExplicitAny)
/home/runner/work/hol-guard/hol-guard/validation-driver/workspace-constructor-validation/admission.py:22:18 - warning: Type of "item" is Any (reportAny)
::warning file=/home/runner/work/hol-guard/hol-guard/validation-driver/workspace-constructor-validation/admission.py,line=22,col=18::Type of "item" is Any (reportAny)
/home/runner/work/hol-guard/hol-guard/validation-driver/workspace-constructor-validation/admission.py:30:12 - warning: Return type is Any (reportAny)
::warning file=/home/runner/work/hol-guard/hol-guard/validation-driver/workspace-constructor-validation/admission.py,line=30,col=12::Return type is Any (reportAny)
/home/runner/work/hol-guard/hol-guard/validation-driver/workspace-constructor-validation/admission.py:35:35 - warning: Type `Any` is not allowed (reportExplicitAny)
::warning file=/home/runner/work/hol-guard/hol-guard/validation-driver/workspace-constructor-validation/admission.py,line=35,col=35::Type `Any` is not allowed (reportExplicitAny)
/home/runner/work/hol-guard/hol-guard/validation-driver/workspace-constructor-validation/admission.py:37:36 - warning: Type `Any` is not allowed (reportExplicitAny)
::warning file=/home/runner/work/hol-guard/hol-guard/validation-driver/workspace-constructor-validation/admission.py,line=37,col=36::Type `Any` is not allowed (reportExplicitAny)
/home/runner/work/hol-guard/hol-guard/validation-driver/workspace-constructor-validation/admission.py:42:35 - warning: Type `Any` is not allowed (reportExplicitAny)
::warning file=/home/runner/work/hol-guard/hol-guard/validation-driver/workspace-constructor-validation/admission.py,line=42,col=35::Type `Any` is not allowed (reportExplicitAny)
/home/runner/work/hol-guard/hol-guard/validation-driver/workspace-constructor-validation/admission.py:42:71 - warning: Type `Any` is not allowed (reportExplicitAny)
::warning file=/home/runner/work/hol-guard/hol-guard/validation-driver/workspace-constructor-validation/admission.py,line=42,col=71::Type `Any` is not allowed (reportExplicitAny)
/home/runner/work/hol-guard/hol-guard/validation-driver/workspace-constructor-validation/admission.py:49:9 - warning: Argument type is Any
  Argument corresponds to parameter "condition" in function "require" (reportAny)
::warning file=/home/runner/work/hol-guard/hol-guard/validation-driver/workspace-constructor-validation/admission.py,line=49,col=9::Argument type is Any%0A  Argument corresponds to parameter "condition" in function "require" (reportAny)
/home/runner/work/hol-guard/hol-guard/validation-driver/workspace-constructor-validation/admission.py:53:5 - warning: Type of "cells" is Any (reportAny)
::warning file=/home/runner/work/hol-guard/hol-guard/validation-driver/workspace-constructor-validation/admission.py,line=53,col=5::Type of "cells" is Any (reportAny)
/home/runner/work/hol-guard/hol-guard/validation-driver/workspace-constructor-validation/admission.py:54:18 - warning: Argument type is Any
  Argument corresponds to parameter "o" in function "__init__" (reportAny)
::warning file=/home/runner/work/hol-guard/hol-guard/validation-driver/workspace-constructor-validation/admission.py,line=54,col=18::Argument type is Any%0A  Argument corresponds to parameter "o" in function "__init__" (reportAny)
/home/runner/work/hol-guard/hol-guard/validation-driver/workspace-constructor-validation/admission.py:55:33 - warning: Type `Any` is not allowed (reportExplicitAny)
::warning file=/home/runner/work/hol-guard/hol-guard/validation-driver/workspace-constructor-validation/admission.py,line=55,col=33::Type `Any` is not allowed (reportExplicitAny)
/home/runner/work/hol-guard/hol-guard/validation-driver/workspace-constructor-validation/admission.py:59:19 - warning: Unnecessary "cast" call; type is already "dict[str, Any]" (reportUnnecessaryCast)
::warning file=/home/runner/work/hol-guard/hol-guard/validation-driver/workspace-constructor-validation/admission.py,line=59,col=19::Unnecessary "cast" call; type is already "dict[str, Any]" (reportUnnecessaryCast)
/home/runner/work/hol-guard/hol-guard/validation-driver/workspace-constructor-validation/admission.py:59:34 - warning: Type `Any` is not allowed (reportExplicitAny)
::warning file=/home/runner/work/hol-guard/hol-guard/validation-driver/workspace-constructor-validation/admission.py,line=59,col=34::Type `Any` is not allowed (reportExplicitAny)
/home/runner/work/hol-guard/hol-guard/validation-driver/workspace-constructor-validation/admission.py:67:9 - warning: Type of "reference" is Any (reportAny)
::warning file=/home/runner/work/hol-guard/hol-guard/validation-driver/workspace-constructor-validation/admission.py,line=67,col=9::Type of "reference" is Any (reportAny)
/home/runner/work/hol-guard/hol-guard/validation-driver/workspace-constructor-validation/admission.py:68:9 - warning: Type of "parts" is Any (reportAny)
::warning file=/home/runner/work/hol-guard/hol-guard/validation-driver/workspace-constructor-validation/admission.py,line=68,col=9::Type of "parts" is Any (reportAny)
/home/runner/work/hol-guard/hol-guard/validation-driver/workspace-constructor-validation/admission.py:69:22 - warning: Argument type is Any
  Argument corresponds to parameter "o" in function "__init__" (reportAny)
::warning file=/home/runner/work/hol-guard/hol-guard/validation-driver/workspace-constructor-validation/admission.py,line=69,col=22::Argument type is Any%0A  Argument corresponds to parameter "o" in function "__init__" (reportAny)
/home/runner/work/hol-guard/hol-guard/validation-driver/workspace-constructor-validation/admission.py:73:20 - warning: Type of "row" is Any (reportAny)
::warning file=/home/runner/work/hol-guard/hol-guard/validation-driver/workspace-constructor-validation/admission.py,line=73,col=20::Type of "row" is Any (reportAny)
/home/runner/work/hol-guard/hol-guard/validation-driver/workspace-constructor-validation/admission.py:75:22 - warning: Argument type is Any
  Argument corresponds to parameter "o" in function "__init__" (reportAny)
::warning file=/home/runner/work/hol-guard/hol-guard/validation-driver/workspace-constructor-validation/admission.py,line=75,col=22::Argument type is Any%0A  Argument corresponds to parameter "o" in function "__init__" (reportAny)
/home/runner/work/hol-guard/hol-guard/validation-driver/workspace-constructor-validation/admission.py:77:34 - warning: Type `Any` is not allowed (reportExplicitAny)
::warning file=/home/runner/work/hol-guard/hol-guard/validation-driver/workspace-constructor-validation/admission.py,line=77,col=34::Type `Any` is not allowed (reportExplicitAny)
/home/runner/work/hol-guard/hol-guard/validation-driver/workspace-constructor-validation/admission.py:80:26 - warning: Argument type is Any
  Argument corresponds to parameter "o" in function "__init__" (reportAny)
::warning file=/home/runner/work/hol-guard/hol-guard/validation-driver/workspace-constructor-validation/admission.py,line=80,col=26::Argument type is Any%0A  Argument corresponds to parameter "o" in function "__init__" (reportAny)
/home/runner/work/hol-guard/hol-guard/validation-driver/workspace-constructor-validation/admission.py:82:26 - warning: Argument type is Any
  Argument corresponds to parameter "o" in function "__init__" (reportAny)
::warning file=/home/runner/work/hol-guard/hol-guard/validation-driver/workspace-constructor-validation/admission.py,line=82,col=26::Argument type is Any%0A  Argument corresponds to parameter "o" in function "__init__" (reportAny)
/home/runner/work/hol-guard/hol-guard/validation-driver/workspace-constructor-validation/admission.py:85:26 - warning: Argument type is Any
  Argument corresponds to parameter "o" in function "__init__" (reportAny)
::warning file=/home/runner/work/hol-guard/hol-guard/validation-driver/workspace-constructor-validation/admission.py,line=85,col=26::Argument type is Any%0A  Argument corresponds to parameter "o" in function "__init__" (reportAny)
/home/runner/work/hol-guard/hol-guard/validation-driver/workspace-constructor-validation/admission.py:93:13 - warning: Argument type is Any
  Argument corresponds to parameter "condition" in function "require" (reportAny)
::warning file=/home/runner/work/hol-guard/hol-guard/validation-driver/workspace-constructor-validation/admission.py,line=93,col=13::Argument type is Any%0A  Argument corresponds to parameter "condition" in function "require" (reportAny)
/home/runner/work/hol-guard/hol-guard/validation-driver/workspace-constructor-validation/admission.py:96:9 - warning: Type of "envelope" is Any (reportAny)
::warning file=/home/runner/work/hol-guard/hol-guard/validation-driver/workspace-constructor-validation/admission.py,line=96,col=9::Type of "envelope" is Any (reportAny)
/home/runner/work/hol-guard/hol-guard/validation-driver/workspace-constructor-validation/admission.py:97:22 - warning: Argument type is Any
  Argument corresponds to parameter "o" in function "__init__" (reportAny)
::warning file=/home/runner/work/hol-guard/hol-guard/validation-driver/workspace-constructor-validation/admission.py,line=97,col=22::Argument type is Any%0A  Argument corresponds to parameter "o" in function "__init__" (reportAny)
/home/runner/work/hol-guard/hol-guard/validation-driver/workspace-constructor-validation/admission.py:97:48 - warning: Argument type is partially unknown
  Argument corresponds to parameter "iterable" in function "__init__"
  Argument type is "dict[Unknown, Unknown]" (reportUnknownArgumentType)
::warning file=/home/runner/work/hol-guard/hol-guard/validation-driver/workspace-constructor-validation/admission.py,line=97,col=48::Argument type is partially unknown%0A  Argument corresponds to parameter "iterable" in function "__init__"%0A  Argument type is "dict[Unknown, Unknown]" (reportUnknownArgumentType)
/home/runner/work/hol-guard/hol-guard/validation-driver/workspace-constructor-validation/admission.py:98:17 - warning: Argument type is partially unknown
  Argument corresponds to parameter "condition" in function "require"
  Argument type is "Any | Unknown" (reportUnknownArgumentType)
::warning file=/home/runner/work/hol-guard/hol-guard/validation-driver/workspace-constructor-validation/admission.py,line=98,col=17::Argument type is partially unknown%0A  Argument corresponds to parameter "condition" in function "require"%0A  Argument type is "Any | Unknown" (reportUnknownArgumentType)
/home/runner/work/hol-guard/hol-guard/validation-driver/workspace-constructor-validation/admission.py:100:13 - warning: Argument type is partially unknown
  Argument corresponds to parameter "condition" in function "require"
  Argument type is "Any | Unknown" (reportUnknownArgumentType)
::warning file=/home/runner/work/hol-guard/hol-guard/validation-driver/workspace-constructor-validation/admission.py,line=100,col=13::Argument type is partially unknown%0A  Argument corresponds to parameter "condition" in function "require"%0A  Argument type is "Any | Unknown" (reportUnknownArgumentType)
/home/runner/work/hol-guard/hol-guard/validation-driver/workspace-constructor-validation/admission.py:100:57 - warning: Type of "value" is Any (reportAny)
::warning file=/home/runner/work/hol-guard/hol-guard/validation-driver/workspace-constructor-validation/admission.py,line=100,col=57::Type of "value" is Any (reportAny)
/home/runner/work/hol-guard/hol-guard/validation-driver/workspace-constructor-validation/admission.py:103:9 - warning: Type of "proof" is partially unknown
  Type of "proof" is "Any | Unknown" (reportUnknownVariableType)
::warning file=/home/runner/work/hol-guard/hol-guard/validation-driver/workspace-constructor-validation/admission.py,line=103,col=9::Type of "proof" is partially unknown%0A  Type of "proof" is "Any | Unknown" (reportUnknownVariableType)
/home/runner/work/hol-guard/hol-guard/validation-driver/workspace-constructor-validation/admission.py:104:22 - warning: Argument type is partially unknown
  Argument corresponds to parameter "o" in function "__init__"
  Argument type is "Any | Unknown" (reportUnknownArgumentType)
::warning file=/home/runner/work/hol-guard/hol-guard/validation-driver/workspace-constructor-validation/admission.py,line=104,col=22::Argument type is partially unknown%0A  Argument corresponds to parameter "o" in function "__init__"%0A  Argument type is "Any | Unknown" (reportUnknownArgumentType)
/home/runner/work/hol-guard/hol-guard/validation-driver/workspace-constructor-validation/admission.py:104:49 - warning: Argument type is partially unknown
  Argument corresponds to parameter "iterable" in function "__init__"
  Argument type is "dict[Unknown, Unknown]" (reportUnknownArgumentType)
::warning file=/home/runner/work/hol-guard/hol-guard/validation-driver/workspace-constructor-validation/admission.py,line=104,col=49::Argument type is partially unknown%0A  Argument corresponds to parameter "iterable" in function "__init__"%0A  Argument type is "dict[Unknown, Unknown]" (reportUnknownArgumentType)
/home/runner/work/hol-guard/hol-guard/validation-driver/workspace-constructor-validation/admission.py:104:69 - warning: Argument type is partially unknown
  Argument corresponds to parameter "s" in function "intersection"
  Argument type is "Any | Unknown" (reportUnknownArgumentType)
::warning file=/home/runner/work/hol-guard/hol-guard/validation-driver/workspace-constructor-validation/admission.py,line=104,col=69::Argument type is partially unknown%0A  Argument corresponds to parameter "s" in function "intersection"%0A  Argument type is "Any | Unknown" (reportUnknownArgumentType)
/home/runner/work/hol-guard/hol-guard/validation-driver/workspace-constructor-validation/admission.py:105:9 - warning: Type of "cell" is partially unknown
  Type of "cell" is "dict[Any | Unknown, Any | Unknown]" (reportUnknownVariableType)
::warning file=/home/runner/work/hol-guard/hol-guard/validation-driver/workspace-constructor-validation/admission.py,line=105,col=9::Type of "cell" is partially unknown%0A  Type of "cell" is "dict[Any | Unknown, Any | Unknown]" (reportUnknownVariableType)
/home/runner/work/hol-guard/hol-guard/validation-driver/workspace-constructor-validation/admission.py:109:37 - warning: Argument type is partially unknown
  Argument corresponds to parameter "result" in function "retain_cell"
  Argument type is "dict[Any | Unknown, Any | Unknown]" (reportUnknownArgumentType)
::warning file=/home/runner/work/hol-guard/hol-guard/validation-driver/workspace-constructor-validation/admission.py,line=109,col=37::Argument type is partially unknown%0A  Argument corresponds to parameter "result" in function "retain_cell"%0A  Argument type is "dict[Any | Unknown, Any | Unknown]" (reportUnknownArgumentType)
/home/runner/work/hol-guard/hol-guard/validation-driver/workspace-constructor-validation/admission.py:110:9 - warning: Type of "append" is partially unknown
  Type of "append" is "(object: Unknown, /) -> None" (reportUnknownMemberType)
::warning file=/home/runner/work/hol-guard/hol-guard/validation-driver/workspace-constructor-validation/admission.py,line=110,col=9::Type of "append" is partially unknown%0A  Type of "append" is "(object: Unknown, /) -> None" (reportUnknownMemberType)
/home/runner/work/hol-guard/hol-guard/validation-driver/workspace-constructor-validation/admission.py:112:12 - warning: Return type, "list[Unknown]", is partially unknown (reportUnknownVariableType)
::warning file=/home/runner/work/hol-guard/hol-guard/validation-driver/workspace-constructor-validation/admission.py,line=112,col=12::Return type, "list[Unknown]", is partially unknown (reportUnknownVariableType)
/home/runner/work/hol-guard/hol-guard/validation-driver/workspace-constructor-validation/admission.py:116:23 - warning: Type `Any` is not allowed (reportExplicitAny)
::warning file=/home/runner/work/hol-guard/hol-guard/validation-driver/workspace-constructor-validation/admission.py,line=116,col=23::Type `Any` is not allowed (reportExplicitAny)
/home/runner/work/hol-guard/hol-guard/validation-driver/workspace-constructor-validation/admission.py:116:51 - warning: Type `Any` is not allowed (reportExplicitAny)
::warning file=/home/runner/work/hol-guard/hol-guard/validation-driver/workspace-constructor-validation/admission.py,line=116,col=51::Type `Any` is not allowed (reportExplicitAny)
/home/runner/work/hol-guard/hol-guard/validation-driver/workspace-constructor-validation/admission.py:116:97 - warning: Type `Any` is not allowed (reportExplicitAny)
::warning file=/home/runner/work/hol-guard/hol-guard/validation-driver/workspace-constructor-validation/admission.py,line=116,col=97::Type `Any` is not allowed (reportExplicitAny)
/home/runner/work/hol-guard/hol-guard/validation-driver/workspace-constructor-validation/admission.py:117:16 - warning: Type `Any` is not allowed (reportExplicitAny)
::warning file=/home/runner/work/hol-guard/hol-guard/validation-driver/workspace-constructor-validation/admission.py,line=117,col=16::Type `Any` is not allowed (reportExplicitAny)
/home/runner/work/hol-guard/hol-guard/validation-driver/workspace-constructor-validation/admission.py:119:13 - warning: Argument type is Any
  Argument corresponds to parameter "condition" in function "require" (reportAny)
::warning file=/home/runner/work/hol-guard/hol-guard/validation-driver/workspace-constructor-validation/admission.py,line=119,col=13::Argument type is Any%0A  Argument corresponds to parameter "condition" in function "require" (reportAny)
/home/runner/work/hol-guard/hol-guard/validation-driver/workspace-constructor-validation/admission.py:120:13 - warning: Argument type is Any
  Argument corresponds to parameter "condition" in function "require" (reportAny)
::warning file=/home/runner/work/hol-guard/hol-guard/validation-driver/workspace-constructor-validation/admission.py,line=120,col=13::Argument type is Any%0A  Argument corresponds to parameter "condition" in function "require" (reportAny)
/home/runner/work/hol-guard/hol-guard/validation-driver/workspace-constructor-validation/admission.py:129:5 - warning: Type of "observed_runtime" is Any (reportAny)
::warning file=/home/runner/work/hol-guard/hol-guard/validation-driver/workspace-constructor-validation/admission.py,line=129,col=5::Type of "observed_runtime" is Any (reportAny)
/home/runner/work/hol-guard/hol-guard/validation-driver/workspace-constructor-validation/admission.py:131:17 - warning: Type of "get" is Any (reportAny)
::warning file=/home/runner/work/hol-guard/hol-guard/validation-driver/workspace-constructor-validation/admission.py,line=131,col=17::Type of "get" is Any (reportAny)
/home/runner/work/hol-guard/hol-guard/validation-driver/workspace-constructor-validation/admission.py:131:17 - warning: Argument type is Any
  Argument corresponds to parameter "condition" in function "require" (reportAny)
::warning file=/home/runner/work/hol-guard/hol-guard/validation-driver/workspace-constructor-validation/admission.py,line=131,col=17::Argument type is Any%0A  Argument corresponds to parameter "condition" in function "require" (reportAny)
/home/runner/work/hol-guard/hol-guard/validation-driver/workspace-constructor-validation/admission.py:133:9 - warning: Type of "get" is Any (reportAny)
::warning file=/home/runner/work/hol-guard/hol-guard/validation-driver/workspace-constructor-validation/admission.py,line=133,col=9::Type of "get" is Any (reportAny)
/home/runner/work/hol-guard/hol-guard/validation-driver/workspace-constructor-validation/admission.py:133:9 - warning: Argument type is Any
  Argument corresponds to parameter "condition" in function "require" (reportAny)
::warning file=/home/runner/work/hol-guard/hol-guard/validation-driver/workspace-constructor-validation/admission.py,line=133,col=9::Argument type is Any%0A  Argument corresponds to parameter "condition" in function "require" (reportAny)
/home/runner/work/hol-guard/hol-guard/validation-driver/workspace-constructor-validation/admission.py:133:52 - warning: Type of "get" is Any (reportAny)
::warning file=/home/runner/work/hol-guard/hol-guard/validation-driver/workspace-constructor-validation/admission.py,line=133,col=52::Type of "get" is Any (reportAny)
/home/runner/work/hol-guard/hol-guard/validation-driver/workspace-constructor-validation/admission.py:138:17 - warning: Argument type is Any
  Argument corresponds to parameter "condition" in function "require" (reportAny)
::warning file=/home/runner/work/hol-guard/hol-guard/validation-driver/workspace-constructor-validation/admission.py,line=138,col=17::Argument type is Any%0A  Argument corresponds to parameter "condition" in function "require" (reportAny)
/home/runner/work/hol-guard/hol-guard/validation-driver/workspace-constructor-validation/admission.py:149:45 - warning: Argument type is Any
  Argument corresponds to parameter "reason" in function "require" (reportAny)
::warning file=/home/runner/work/hol-guard/hol-guard/validation-driver/workspace-constructor-validation/admission.py,line=149,col=45::Argument type is Any%0A  Argument corresponds to parameter "reason" in function "require" (reportAny)
/home/runner/work/hol-guard/hol-guard/validation-driver/workspace-constructor-validation/admission.py:154:17 - warning: Argument type is Any
  Argument corresponds to parameter "condition" in function "require" (reportAny)
::warning file=/home/runner/work/hol-guard/hol-guard/validation-driver/workspace-constructor-validation/admission.py,line=154,col=17::Argument type is Any%0A  Argument corresponds to parameter "condition" in function "require" (reportAny)
/home/runner/work/hol-guard/hol-guard/validation-driver/workspace-constructor-validation/admission.py:160:13 - warning: Argument type is Any
  Argument corresponds to parameter "condition" in function "require" (reportAny)
::warning file=/home/runner/work/hol-guard/hol-guard/validation-driver/workspace-constructor-validation/admission.py,line=160,col=13::Argument type is Any%0A  Argument corresponds to parameter "condition" in function "require" (reportAny)
/home/runner/work/hol-guard/hol-guard/validation-driver/workspace-constructor-validation/admission.py:162:9 - warning: Type of "requests" is Any (reportAny)
::warning file=/home/runner/work/hol-guard/hol-guard/validation-driver/workspace-constructor-validation/admission.py,line=162,col=9::Type of "requests" is Any (reportAny)
/home/runner/work/hol-guard/hol-guard/validation-driver/workspace-constructor-validation/admission.py:164:13 - warning: Type of "get" is Any (reportAny)
::warning file=/home/runner/work/hol-guard/hol-guard/validation-driver/workspace-constructor-validation/admission.py,line=164,col=13::Type of "get" is Any (reportAny)
/home/runner/work/hol-guard/hol-guard/validation-driver/workspace-constructor-validation/admission.py:165:17 - warning: Type of "get" is Any (reportAny)
::warning file=/home/runner/work/hol-guard/hol-guard/validation-driver/workspace-constructor-validation/admission.py,line=165,col=17::Type of "get" is Any (reportAny)
/home/runner/work/hol-guard/hol-guard/validation-driver/workspace-constructor-validation/admission.py:166:17 - warning: Type of "get" is Any (reportAny)
::warning file=/home/runner/work/hol-guard/hol-guard/validation-driver/workspace-constructor-validation/admission.py,line=166,col=17::Type of "get" is Any (reportAny)
/home/runner/work/hol-guard/hol-guard/validation-driver/workspace-constructor-validation/admission.py:170:17 - warning: Argument type is Any
  Argument corresponds to parameter "obj" in function "len" (reportAny)
::warning file=/home/runner/work/hol-guard/hol-guard/validation-driver/workspace-constructor-validation/admission.py,line=170,col=17::Argument type is Any%0A  Argument corresponds to parameter "obj" in function "len" (reportAny)
/home/runner/work/hol-guard/hol-guard/validation-driver/workspace-constructor-validation/admission.py:173:17 - warning: Argument type is Any
  Argument corresponds to parameter "condition" in function "require" (reportAny)
::warning file=/home/runner/work/hol-guard/hol-guard/validation-driver/workspace-constructor-validation/admission.py,line=173,col=17::Argument type is Any%0A  Argument corresponds to parameter "condition" in function "require" (reportAny)
/home/runner/work/hol-guard/hol-guard/validation-driver/workspace-constructor-validation/common.py:15:26 - warning: Type `Any` is not allowed (reportExplicitAny)
::warning file=/home/runner/work/hol-guard/hol-guard/validation-driver/workspace-constructor-validation/common.py,line=15,col=26::Type `Any` is not allowed (reportExplicitAny)
/home/runner/work/hol-guard/hol-guard/validation-driver/workspace-constructor-validation/common.py:18:67 - warning: Type `Any` is not allowed (reportExplicitAny)
::warning file=/home/runner/work/hol-guard/hol-guard/validation-driver/workspace-constructor-validation/common.py,line=18,col=67::Type `Any` is not allowed (reportExplicitAny)
/home/runner/work/hol-guard/hol-guard/validation-driver/workspace-constructor-validation/common.py:29:23 - warning: Type of parameter "value" is Any (reportAny)
::warning file=/home/runner/work/hol-guard/hol-guard/validation-driver/workspace-constructor-validation/common.py,line=29,col=23::Type of parameter "value" is Any (reportAny)
/home/runner/work/hol-guard/hol-guard/validation-driver/workspace-constructor-validation/common.py:29:30 - warning: Type `Any` is not allowed (reportExplicitAny)
::warning file=/home/runner/work/hol-guard/hol-guard/validation-driver/workspace-constructor-validation/common.py,line=29,col=30::Type `Any` is not allowed (reportExplicitAny)
/home/runner/work/hol-guard/hol-guard/validation-driver/workspace-constructor-validation/common.py:30:5 - warning: Result of call expression is of type "int" and is not used; assign to variable "_" if this is intentional (reportUnusedCallResult)
::warning file=/home/runner/work/hol-guard/hol-guard/validation-driver/workspace-constructor-validation/common.py,line=30,col=5::Result of call expression is of type "int" and is not used; assign to variable "_" if this is intentional (reportUnusedCallResult)
/home/runner/work/hol-guard/hol-guard/validation-driver/workspace-constructor-validation/common.py:47:96 - warning: Type `Any` is not allowed (reportExplicitAny)
::warning file=/home/runner/work/hol-guard/hol-guard/validation-driver/workspace-constructor-validation/common.py,line=47,col=96::Type `Any` is not allowed (reportExplicitAny)
/home/runner/work/hol-guard/hol-guard/validation-driver/workspace-constructor-validation/common.py:62:54 - warning: Type `Any` is not allowed (reportExplicitAny)
::warning file=/home/runner/work/hol-guard/hol-guard/validation-driver/workspace-constructor-validation/common.py,line=62,col=54::Type `Any` is not allowed (reportExplicitAny)
/home/runner/work/hol-guard/hol-guard/validation-driver/workspace-constructor-validation/common.py:62:79 - warning: Type `Any` is not allowed (reportExplicitAny)
::warning file=/home/runner/work/hol-guard/hol-guard/validation-driver/workspace-constructor-validation/common.py,line=62,col=79::Type `Any` is not allowed (reportExplicitAny)
/home/runner/work/hol-guard/hol-guard/validation-driver/workspace-constructor-validation/common.py:65:9 - warning: Type of "relative" is Any (reportAny)
::warning file=/home/runner/work/hol-guard/hol-guard/validation-driver/workspace-constructor-validation/common.py,line=65,col=9::Type of "relative" is Any (reportAny)
/home/runner/work/hol-guard/hol-guard/validation-driver/workspace-constructor-validation/common.py:66:9 - warning: Type of "path" is Any (reportAny)
::warning file=/home/runner/work/hol-guard/hol-guard/validation-driver/workspace-constructor-validation/common.py,line=66,col=9::Type of "path" is Any (reportAny)
/home/runner/work/hol-guard/hol-guard/validation-driver/workspace-constructor-validation/common.py:67:12 - warning: Type of "resolve" is Any (reportAny)
::warning file=/home/runner/work/hol-guard/hol-guard/validation-driver/workspace-constructor-validation/common.py,line=67,col=12::Type of "resolve" is Any (reportAny)
/home/runner/work/hol-guard/hol-guard/validation-driver/workspace-constructor-validation/common.py:67:53 - warning: Type of "is_file" is Any (reportAny)
::warning file=/home/runner/work/hol-guard/hol-guard/validation-driver/workspace-constructor-validation/common.py,line=67,col=53::Type of "is_file" is Any (reportAny)
/home/runner/work/hol-guard/hol-guard/validation-driver/workspace-constructor-validation/common.py:69:27 - warning: Argument type is Any
  Argument corresponds to parameter "path" in function "digest" (reportAny)
::warning file=/home/runner/work/hol-guard/hol-guard/validation-driver/workspace-constructor-validation/common.py,line=69,col=27::Argument type is Any%0A  Argument corresponds to parameter "path" in function "digest" (reportAny)
/home/runner/work/hol-guard/hol-guard/validation-driver/workspace-constructor-validation/common.py:70:9 - warning: Type of "raw" is Any (reportAny)
::warning file=/home/runner/work/hol-guard/hol-guard/validation-driver/workspace-constructor-validation/common.py,line=70,col=9::Type of "raw" is Any (reportAny)
/home/runner/work/hol-guard/hol-guard/validation-driver/workspace-constructor-validation/common.py:70:15 - warning: Type of "read_bytes" is Any (reportAny)
::warning file=/home/runner/work/hol-guard/hol-guard/validation-driver/workspace-constructor-validation/common.py,line=70,col=15::Type of "read_bytes" is Any (reportAny)
/home/runner/work/hol-guard/hol-guard/validation-driver/workspace-constructor-validation/common.py:71:45 - warning: Argument type is Any
  Argument corresponds to parameter "string" in function "openssl_sha1" (reportAny)
::warning file=/home/runner/work/hol-guard/hol-guard/validation-driver/workspace-constructor-validation/common.py,line=71,col=45::Argument type is Any%0A  Argument corresponds to parameter "string" in function "openssl_sha1" (reportAny)
/home/runner/work/hol-guard/hol-guard/validation-driver/workspace-constructor-validation/common.py:71:64 - warning: Argument type is Any
  Argument corresponds to parameter "obj" in function "len" (reportAny)
::warning file=/home/runner/work/hol-guard/hol-guard/validation-driver/workspace-constructor-validation/common.py,line=71,col=64::Argument type is Any%0A  Argument corresponds to parameter "obj" in function "len" (reportAny)
/home/runner/work/hol-guard/hol-guard/validation-driver/workspace-constructor-validation/common.py:74:9 - warning: Type of "append" is partially unknown
  Type of "append" is "(object: Unknown, /) -> None" (reportUnknownMemberType)
::warning file=/home/runner/work/hol-guard/hol-guard/validation-driver/workspace-constructor-validation/common.py,line=74,col=9::Type of "append" is partially unknown%0A  Type of "append" is "(object: Unknown, /) -> None" (reportUnknownMemberType)
/home/runner/work/hol-guard/hol-guard/validation-driver/workspace-constructor-validation/common.py:75:12 - warning: Return type, "list[Unknown]", is partially unknown (reportUnknownVariableType)
::warning file=/home/runner/work/hol-guard/hol-guard/validation-driver/workspace-constructor-validation/common.py,line=75,col=12::Return type, "list[Unknown]", is partially unknown (reportUnknownVariableType)
/home/runner/work/hol-guard/hol-guard/validation-driver/workspace-constructor-validation/common.py:122:27 - warning: Type `Any` is not allowed (reportExplicitAny)
::warning file=/home/runner/work/hol-guard/hol-guard/validation-driver/workspace-constructor-validation/common.py,line=122,col=27::Type `Any` is not allowed (reportExplicitAny)
/home/runner/work/hol-guard/hol-guard/validation-driver/workspace-constructor-validation/common.py:140:12 - warning: Type of "get" is Any (reportAny)
::warning file=/home/runner/work/hol-guard/hol-guard/validation-driver/workspace-constructor-validation/common.py,line=140,col=12::Type of "get" is Any (reportAny)
/home/runner/work/hol-guard/hol-guard/validation-driver/workspace-constructor-validation/constructor/bindings.py:49:47 - warning: Type `Any` is not allowed (reportExplicitAny)
::warning file=/home/runner/work/hol-guard/hol-guard/validation-driver/workspace-constructor-validation/constructor/bindings.py,line=49,col=47::Type `Any` is not allowed (reportExplicitAny)
/home/runner/work/hol-guard/hol-guard/validation-driver/workspace-constructor-validation/constructor/bindings.py:55:5 - warning: Return type is Any (reportAny)
::warning file=/home/runner/work/hol-guard/hol-guard/validation-driver/workspace-constructor-validation/constructor/bindings.py,line=55,col=5::Return type is Any (reportAny)
/home/runner/work/hol-guard/hol-guard/validation-driver/workspace-constructor-validation/constructor/bindings.py:55:20 - warning: Type of parameter "value" is Any (reportAny)
::warning file=/home/runner/work/hol-guard/hol-guard/validation-driver/workspace-constructor-validation/constructor/bindings.py,line=55,col=20::Type of parameter "value" is Any (reportAny)
/home/runner/work/hol-guard/hol-guard/validation-driver/workspace-constructor-validation/constructor/bindings.py:55:27 - warning: Type `Any` is not allowed (reportExplicitAny)
::warning file=/home/runner/work/hol-guard/hol-guard/validation-driver/workspace-constructor-validation/constructor/bindings.py,line=55,col=27::Type `Any` is not allowed (reportExplicitAny)
/home/runner/work/hol-guard/hol-guard/validation-driver/workspace-constructor-validation/constructor/bindings.py:55:35 - warning: Type `Any` is not allowed (reportExplicitAny)
::warning file=/home/runner/work/hol-guard/hol-guard/validation-driver/workspace-constructor-validation/constructor/bindings.py,line=55,col=35::Type `Any` is not allowed (reportExplicitAny)
/home/runner/work/hol-guard/hol-guard/validation-driver/workspace-constructor-validation/constructor/bindings.py:56:5 - warning: Type of "kind" is partially unknown
  Type of "kind" is "type[Unknown]" (reportUnknownVariableType)
::warning file=/home/runner/work/hol-guard/hol-guard/validation-driver/workspace-constructor-validation/constructor/bindings.py,line=56,col=5::Type of "kind" is partially unknown%0A  Type of "kind" is "type[Unknown]" (reportUnknownVariableType)
/home/runner/work/hol-guard/hol-guard/validation-driver/workspace-constructor-validation/constructor/bindings.py:56:17 - warning: Argument type is Any
  Argument corresponds to parameter "o" in function "__init__" (reportAny)
::warning file=/home/runner/work/hol-guard/hol-guard/validation-driver/workspace-constructor-validation/constructor/bindings.py,line=56,col=17::Argument type is Any%0A  Argument corresponds to parameter "o" in function "__init__" (reportAny)
/home/runner/work/hol-guard/hol-guard/validation-driver/workspace-constructor-validation/constructor/bindings.py:58:16 - warning: Return type is Any (reportAny)
::warning file=/home/runner/work/hol-guard/hol-guard/validation-driver/workspace-constructor-validation/constructor/bindings.py,line=58,col=16::Return type is Any (reportAny)
/home/runner/work/hol-guard/hol-guard/validation-driver/workspace-constructor-validation/constructor/bindings.py:58:36 - warning: Argument type is Any
  Argument corresponds to parameter "code" in function "code_image" (reportAny)
::warning file=/home/runner/work/hol-guard/hol-guard/validation-driver/workspace-constructor-validation/constructor/bindings.py,line=58,col=36::Argument type is Any%0A  Argument corresponds to parameter "code" in function "code_image" (reportAny)
/home/runner/work/hol-guard/hol-guard/validation-driver/workspace-constructor-validation/constructor/bindings.py:60:16 - warning: Return type is Any (reportAny)
::warning file=/home/runner/work/hol-guard/hol-guard/validation-driver/workspace-constructor-validation/constructor/bindings.py,line=60,col=16::Return type is Any (reportAny)
/home/runner/work/hol-guard/hol-guard/validation-driver/workspace-constructor-validation/constructor/bindings.py:62:16 - warning: Return type is Any (reportAny)
::warning file=/home/runner/work/hol-guard/hol-guard/validation-driver/workspace-constructor-validation/constructor/bindings.py,line=62,col=16::Return type is Any (reportAny)
/home/runner/work/hol-guard/hol-guard/validation-driver/workspace-constructor-validation/constructor/bindings.py:64:16 - warning: Return type is Any (reportAny)
::warning file=/home/runner/work/hol-guard/hol-guard/validation-driver/workspace-constructor-validation/constructor/bindings.py,line=64,col=16::Return type is Any (reportAny)
/home/runner/work/hol-guard/hol-guard/validation-driver/workspace-constructor-validation/constructor/bindings.py:64:26 - warning: Type of "hex" is Any (reportAny)
::warning file=/home/runner/work/hol-guard/hol-guard/validation-driver/workspace-constructor-validation/constructor/bindings.py,line=64,col=26::Type of "hex" is Any (reportAny)
/home/runner/work/hol-guard/hol-guard/validation-driver/workspace-constructor-validation/constructor/bindings.py:66:16 - warning: Return type is Any (reportAny)
::warning file=/home/runner/work/hol-guard/hol-guard/validation-driver/workspace-constructor-validation/constructor/bindings.py,line=66,col=16::Return type is Any (reportAny)
/home/runner/work/hol-guard/hol-guard/validation-driver/workspace-constructor-validation/constructor/bindings.py:66:28 - warning: Type of "real" is Any (reportAny)
::warning file=/home/runner/work/hol-guard/hol-guard/validation-driver/workspace-constructor-validation/constructor/bindings.py,line=66,col=28::Type of "real" is Any (reportAny)
/home/runner/work/hol-guard/hol-guard/validation-driver/workspace-constructor-validation/constructor/bindings.py:66:28 - warning: Type of "hex" is Any (reportAny)
::warning file=/home/runner/work/hol-guard/hol-guard/validation-driver/workspace-constructor-validation/constructor/bindings.py,line=66,col=28::Type of "hex" is Any (reportAny)
/home/runner/work/hol-guard/hol-guard/validation-driver/workspace-constructor-validation/constructor/bindings.py:66:46 - warning: Type of "imag" is Any (reportAny)
::warning file=/home/runner/work/hol-guard/hol-guard/validation-driver/workspace-constructor-validation/constructor/bindings.py,line=66,col=46::Type of "imag" is Any (reportAny)
/home/runner/work/hol-guard/hol-guard/validation-driver/workspace-constructor-validation/constructor/bindings.py:66:46 - warning: Type of "hex" is Any (reportAny)
::warning file=/home/runner/work/hol-guard/hol-guard/validation-driver/workspace-constructor-validation/constructor/bindings.py,line=66,col=46::Type of "hex" is Any (reportAny)
/home/runner/work/hol-guard/hol-guard/validation-driver/workspace-constructor-validation/constructor/bindings.py:68:16 - warning: Return type is Any (reportAny)
::warning file=/home/runner/work/hol-guard/hol-guard/validation-driver/workspace-constructor-validation/constructor/bindings.py,line=68,col=16::Return type is Any (reportAny)
/home/runner/work/hol-guard/hol-guard/validation-driver/workspace-constructor-validation/constructor/bindings.py:68:57 - warning: Type of "item" is Any (reportAny)
::warning file=/home/runner/work/hol-guard/hol-guard/validation-driver/workspace-constructor-validation/constructor/bindings.py,line=68,col=57::Type of "item" is Any (reportAny)
/home/runner/work/hol-guard/hol-guard/validation-driver/workspace-constructor-validation/constructor/bindings.py:70:16 - warning: Return type is Any (reportAny)
::warning file=/home/runner/work/hol-guard/hol-guard/validation-driver/workspace-constructor-validation/constructor/bindings.py,line=70,col=16::Return type is Any (reportAny)
/home/runner/work/hol-guard/hol-guard/validation-driver/workspace-constructor-validation/constructor/bindings.py:70:69 - warning: Type of "item" is Any (reportAny)
::warning file=/home/runner/work/hol-guard/hol-guard/validation-driver/workspace-constructor-validation/constructor/bindings.py,line=70,col=69::Type of "item" is Any (reportAny)
/home/runner/work/hol-guard/hol-guard/validation-driver/workspace-constructor-validation/constructor/bindings.py:74:61 - warning: Type `Any` is not allowed (reportExplicitAny)
::warning file=/home/runner/work/hol-guard/hol-guard/validation-driver/workspace-constructor-validation/constructor/bindings.py,line=74,col=61::Type `Any` is not allowed (reportExplicitAny)
/home/runner/work/hol-guard/hol-guard/validation-driver/workspace-constructor-validation/constructor/bindings.py:76:9 - warning: Type of "item" is Any (reportAny)
::warning file=/home/runner/work/hol-guard/hol-guard/validation-driver/workspace-constructor-validation/constructor/bindings.py,line=76,col=9::Type of "item" is Any (reportAny)
/home/runner/work/hol-guard/hol-guard/validation-driver/workspace-constructor-validation/constructor/bindings.py:77:17 - warning: Argument type is Any
  Argument corresponds to parameter "o" in function "__init__" (reportAny)
::warning file=/home/runner/work/hol-guard/hol-guard/validation-driver/workspace-constructor-validation/constructor/bindings.py,line=77,col=17::Argument type is Any%0A  Argument corresponds to parameter "o" in function "__init__" (reportAny)
/home/runner/work/hol-guard/hol-guard/validation-driver/workspace-constructor-validation/constructor/bindings.py:86:50 - warning: Type `Any` is not allowed (reportExplicitAny)
::warning file=/home/runner/work/hol-guard/hol-guard/validation-driver/workspace-constructor-validation/constructor/bindings.py,line=86,col=50::Type `Any` is not allowed (reportExplicitAny)
/home/runner/work/hol-guard/hol-guard/validation-driver/workspace-constructor-validation/constructor/bindings.py:87:9 - warning: Type of "entries" is Any (reportAny)
::warning file=/home/runner/work/hol-guard/hol-guard/validation-driver/workspace-constructor-validation/constructor/bindings.py,line=87,col=9::Type of "entries" is Any (reportAny)
/home/runner/work/hol-guard/hol-guard/validation-driver/workspace-constructor-validation/constructor/bindings.py:88:13 - warning: Type of "row" is Any (reportAny)
::warning file=/home/runner/work/hol-guard/hol-guard/validation-driver/workspace-constructor-validation/constructor/bindings.py,line=88,col=13::Type of "row" is Any (reportAny)
/home/runner/work/hol-guard/hol-guard/validation-driver/workspace-constructor-validation/constructor/bindings.py:89:13 - warning: Type of "relative" is Any (reportAny)
::warning file=/home/runner/work/hol-guard/hol-guard/validation-driver/workspace-constructor-validation/constructor/bindings.py,line=89,col=13::Type of "relative" is Any (reportAny)
/home/runner/work/hol-guard/hol-guard/validation-driver/workspace-constructor-validation/constructor/bindings.py:90:13 - warning: Type of "module_path" is Any (reportAny)
::warning file=/home/runner/work/hol-guard/hol-guard/validation-driver/workspace-constructor-validation/constructor/bindings.py,line=90,col=13::Type of "module_path" is Any (reportAny)
/home/runner/work/hol-guard/hol-guard/validation-driver/workspace-constructor-validation/constructor/bindings.py:90:27 - warning: Type of "removeprefix" is Any (reportAny)
::warning file=/home/runner/work/hol-guard/hol-guard/validation-driver/workspace-constructor-validation/constructor/bindings.py,line=90,col=27::Type of "removeprefix" is Any (reportAny)
/home/runner/work/hol-guard/hol-guard/validation-driver/workspace-constructor-validation/constructor/bindings.py:90:27 - warning: Type of "removesuffix" is Any (reportAny)
::warning file=/home/runner/work/hol-guard/hol-guard/validation-driver/workspace-constructor-validation/constructor/bindings.py,line=90,col=27::Type of "removesuffix" is Any (reportAny)
/home/runner/work/hol-guard/hol-guard/validation-driver/workspace-constructor-validation/constructor/bindings.py:90:27 - warning: Type of "replace" is Any (reportAny)
::warning file=/home/runner/work/hol-guard/hol-guard/validation-driver/workspace-constructor-validation/constructor/bindings.py,line=90,col=27::Type of "replace" is Any (reportAny)
/home/runner/work/hol-guard/hol-guard/validation-driver/workspace-constructor-validation/constructor/bindings.py:91:46 - warning: Argument type is Any
  Argument corresponds to parameter "name" in function "import_module" (reportAny)
::warning file=/home/runner/work/hol-guard/hol-guard/validation-driver/workspace-constructor-validation/constructor/bindings.py,line=91,col=46::Argument type is Any%0A  Argument corresponds to parameter "name" in function "import_module" (reportAny)
/home/runner/work/hol-guard/hol-guard/validation-driver/workspace-constructor-validation/constructor/bindings.py:95:49 - warning: Type of "startswith" is Any (reportAny)
::warning file=/home/runner/work/hol-guard/hol-guard/validation-driver/workspace-constructor-validation/constructor/bindings.py,line=95,col=49::Type of "startswith" is Any (reportAny)
/home/runner/work/hol-guard/hol-guard/validation-driver/workspace-constructor-validation/constructor/bindings.py:103:17 - warning: Type of "value" is Any (reportAny)
::warning file=/home/runner/work/hol-guard/hol-guard/validation-driver/workspace-constructor-validation/constructor/bindings.py,line=103,col=17::Type of "value" is Any (reportAny)
/home/runner/work/hol-guard/hol-guard/validation-driver/workspace-constructor-validation/constructor/bindings.py:107:25 - warning: Type of "child" is Any (reportAny)
::warning file=/home/runner/work/hol-guard/hol-guard/validation-driver/workspace-constructor-validation/constructor/bindings.py,line=107,col=25::Type of "child" is Any (reportAny)
/home/runner/work/hol-guard/hol-guard/validation-driver/workspace-constructor-validation/constructor/bindings.py:109:29 - warning: Type of "child" is partially unknown
  Type of "child" is "((...) -> object) | ((type[Unknown], ...) -> object)" (reportUnknownVariableType)
::warning file=/home/runner/work/hol-guard/hol-guard/validation-driver/workspace-constructor-validation/constructor/bindings.py,line=109,col=29::Type of "child" is partially unknown%0A  Type of "child" is "((...) -> object) | ((type[Unknown], ...) -> object)" (reportUnknownVariableType)
/home/runner/work/hol-guard/hol-guard/validation-driver/workspace-constructor-validation/constructor/bindings.py:109:37 - warning: Type of "__func__" is partially unknown
  Type of "__func__" is "((...) -> object) | ((type[Unknown], ...) -> object)" (reportUnknownMemberType)
::warning file=/home/runner/work/hol-guard/hol-guard/validation-driver/workspace-constructor-validation/constructor/bindings.py,line=109,col=37::Type of "__func__" is partially unknown%0A  Type of "__func__" is "((...) -> object) | ((type[Unknown], ...) -> object)" (reportUnknownMemberType)
/home/runner/work/hol-guard/hol-guard/validation-driver/workspace-constructor-validation/constructor/bindings.py:114:12 - warning: Condition will always evaluate to True since the types "set[str]" and "frozenset[str]" have no overlap (reportUnnecessaryComparison)
::warning file=/home/runner/work/hol-guard/hol-guard/validation-driver/workspace-constructor-validation/constructor/bindings.py,line=114,col=12::Condition will always evaluate to True since the types "set[str]" and "frozenset[str]" have no overlap (reportUnnecessaryComparison)
/home/runner/work/hol-guard/hol-guard/validation-driver/workspace-constructor-validation/constructor/bindings.py:137:13 - warning: Type of "child" is Any (reportAny)
::warning file=/home/runner/work/hol-guard/hol-guard/validation-driver/workspace-constructor-validation/constructor/bindings.py,line=137,col=13::Type of "child" is Any (reportAny)
/home/runner/work/hol-guard/hol-guard/validation-driver/workspace-constructor-validation/constructor/bindings.py:138:21 - warning: Argument type is Any
  Argument corresponds to parameter "o" in function "__init__" (reportAny)
::warning file=/home/runner/work/hol-guard/hol-guard/validation-driver/workspace-constructor-validation/constructor/bindings.py,line=138,col=21::Argument type is Any%0A  Argument corresponds to parameter "o" in function "__init__" (reportAny)
/home/runner/work/hol-guard/hol-guard/validation-driver/workspace-constructor-validation/constructor/capture.py:22:12 - warning: Type of parameter "value" is Any (reportAny)
::warning file=/home/runner/work/hol-guard/hol-guard/validation-driver/workspace-constructor-validation/constructor/capture.py,line=22,col=12::Type of parameter "value" is Any (reportAny)
/home/runner/work/hol-guard/hol-guard/validation-driver/workspace-constructor-validation/constructor/capture.py:22:19 - warning: Type `Any` is not allowed (reportExplicitAny)
::warning file=/home/runner/work/hol-guard/hol-guard/validation-driver/workspace-constructor-validation/constructor/capture.py,line=22,col=19::Type `Any` is not allowed (reportExplicitAny)
/home/runner/work/hol-guard/hol-guard/validation-driver/workspace-constructor-validation/constructor/capture.py:23:14 - warning: Argument type is Any
  Argument corresponds to parameter "o" in function "__init__" (reportAny)
::warning file=/home/runner/work/hol-guard/hol-guard/validation-driver/workspace-constructor-validation/constructor/capture.py,line=23,col=14::Argument type is Any%0A  Argument corresponds to parameter "o" in function "__init__" (reportAny)
/home/runner/work/hol-guard/hol-guard/validation-driver/workspace-constructor-validation/constructor/capture.py:23:41 - warning: Argument type is Any
  Argument corresponds to parameter "o" in function "__init__" (reportAny)
::warning file=/home/runner/work/hol-guard/hol-guard/validation-driver/workspace-constructor-validation/constructor/capture.py,line=23,col=41::Argument type is Any%0A  Argument corresponds to parameter "o" in function "__init__" (reportAny)
/home/runner/work/hol-guard/hol-guard/validation-driver/workspace-constructor-validation/constructor/capture.py:29:5 - warning: Type of "ancestry" is Any (reportAny)
::warning file=/home/runner/work/hol-guard/hol-guard/validation-driver/workspace-constructor-validation/constructor/capture.py,line=29,col=5::Type of "ancestry" is Any (reportAny)
/home/runner/work/hol-guard/hol-guard/validation-driver/workspace-constructor-validation/constructor/capture.py:39:34 - warning: Type of "parent" is Any (reportAny)
::warning file=/home/runner/work/hol-guard/hol-guard/validation-driver/workspace-constructor-validation/constructor/capture.py,line=39,col=34::Type of "parent" is Any (reportAny)
/home/runner/work/hol-guard/hol-guard/validation-driver/workspace-constructor-validation/constructor/capture.py:45:24 - warning: Type of parameter "session" is Any (reportAny)
::warning file=/home/runner/work/hol-guard/hol-guard/validation-driver/workspace-constructor-validation/constructor/capture.py,line=45,col=24::Type of parameter "session" is Any (reportAny)
/home/runner/work/hol-guard/hol-guard/validation-driver/workspace-constructor-validation/constructor/capture.py:45:33 - warning: Type `Any` is not allowed (reportExplicitAny)
::warning file=/home/runner/work/hol-guard/hol-guard/validation-driver/workspace-constructor-validation/constructor/capture.py,line=45,col=33::Type `Any` is not allowed (reportExplicitAny)
/home/runner/work/hol-guard/hol-guard/validation-driver/workspace-constructor-validation/constructor/capture.py:45:41 - warning: Type of parameter "clock" is Any (reportAny)
::warning file=/home/runner/work/hol-guard/hol-guard/validation-driver/workspace-constructor-validation/constructor/capture.py,line=45,col=41::Type of parameter "clock" is Any (reportAny)
/home/runner/work/hol-guard/hol-guard/validation-driver/workspace-constructor-validation/constructor/capture.py:45:48 - warning: Type `Any` is not allowed (reportExplicitAny)
::warning file=/home/runner/work/hol-guard/hol-guard/validation-driver/workspace-constructor-validation/constructor/capture.py,line=45,col=48::Type `Any` is not allowed (reportExplicitAny)
/home/runner/work/hol-guard/hol-guard/validation-driver/workspace-constructor-validation/constructor/capture.py:46:9 - warning: Type of "session" is Any (reportAny)
::warning file=/home/runner/work/hol-guard/hol-guard/validation-driver/workspace-constructor-validation/constructor/capture.py,line=46,col=9::Type of "session" is Any (reportAny)
/home/runner/work/hol-guard/hol-guard/validation-driver/workspace-constructor-validation/constructor/capture.py:46:14 - warning: Type annotation for attribute `session` is required because this class is not decorated with `@final` (reportUnannotatedClassAttribute)
::warning file=/home/runner/work/hol-guard/hol-guard/validation-driver/workspace-constructor-validation/constructor/capture.py,line=46,col=14::Type annotation for attribute `session` is required because this class is not decorated with `@final` (reportUnannotatedClassAttribute)
/home/runner/work/hol-guard/hol-guard/validation-driver/workspace-constructor-validation/constructor/capture.py:47:9 - warning: Type of "clock" is Any (reportAny)
::warning file=/home/runner/work/hol-guard/hol-guard/validation-driver/workspace-constructor-validation/constructor/capture.py,line=47,col=9::Type of "clock" is Any (reportAny)
/home/runner/work/hol-guard/hol-guard/validation-driver/workspace-constructor-validation/constructor/capture.py:47:14 - warning: Type annotation for attribute `clock` is required because this class is not decorated with `@final` (reportUnannotatedClassAttribute)
::warning file=/home/runner/work/hol-guard/hol-guard/validation-driver/workspace-constructor-validation/constructor/capture.py,line=47,col=14::Type annotation for attribute `clock` is required because this class is not decorated with `@final` (reportUnannotatedClassAttribute)
/home/runner/work/hol-guard/hol-guard/validation-driver/workspace-constructor-validation/constructor/capture.py:48:14 - warning: Type annotation for attribute `started` is required because this class is not decorated with `@final` (reportUnannotatedClassAttribute)
::warning file=/home/runner/work/hol-guard/hol-guard/validation-driver/workspace-constructor-validation/constructor/capture.py,line=48,col=14::Type annotation for attribute `started` is required because this class is not decorated with `@final` (reportUnannotatedClassAttribute)
/home/runner/work/hol-guard/hol-guard/validation-driver/workspace-constructor-validation/constructor/capture.py:49:14 - warning: Type annotation for attribute `thread` is required because this class is not decorated with `@final` (reportUnannotatedClassAttribute)
::warning file=/home/runner/work/hol-guard/hol-guard/validation-driver/workspace-constructor-validation/constructor/capture.py,line=49,col=14::Type annotation for attribute `thread` is required because this class is not decorated with `@final` (reportUnannotatedClassAttribute)
/home/runner/work/hol-guard/hol-guard/validation-driver/workspace-constructor-validation/constructor/capture.py:50:35 - warning: Type `Any` is not allowed (reportExplicitAny)
::warning file=/home/runner/work/hol-guard/hol-guard/validation-driver/workspace-constructor-validation/constructor/capture.py,line=50,col=35::Type `Any` is not allowed (reportExplicitAny)
/home/runner/work/hol-guard/hol-guard/validation-driver/workspace-constructor-validation/constructor/capture.py:52:14 - warning: Type annotation for attribute `lost` is required because this class is not decorated with `@final` (reportUnannotatedClassAttribute)
::warning file=/home/runner/work/hol-guard/hol-guard/validation-driver/workspace-constructor-validation/constructor/capture.py,line=52,col=14::Type annotation for attribute `lost` is required because this class is not decorated with `@final` (reportUnannotatedClassAttribute)
/home/runner/work/hol-guard/hol-guard/validation-driver/workspace-constructor-validation/constructor/capture.py:53:14 - warning: Type annotation for attribute `overflow` is required because this class is not decorated with `@final` (reportUnannotatedClassAttribute)
::warning file=/home/runner/work/hol-guard/hol-guard/validation-driver/workspace-constructor-validation/constructor/capture.py,line=53,col=14::Type annotation for attribute `overflow` is required because this class is not decorated with `@final` (reportUnannotatedClassAttribute)
/home/runner/work/hol-guard/hol-guard/validation-driver/workspace-constructor-validation/constructor/capture.py:54:14 - warning: Type annotation for attribute `replacements` is required because this class is not decorated with `@final` (reportUnannotatedClassAttribute)
::warning file=/home/runner/work/hol-guard/hol-guard/validation-driver/workspace-constructor-validation/constructor/capture.py,line=54,col=14::Type annotation for attribute `replacements` is required because this class is not decorated with `@final` (reportUnannotatedClassAttribute)
/home/runner/work/hol-guard/hol-guard/validation-driver/workspace-constructor-validation/constructor/capture.py:55:14 - warning: Type annotation for attribute `replacement_outcome` is required because this class is not decorated with `@final` (reportUnannotatedClassAttribute)
::warning file=/home/runner/work/hol-guard/hol-guard/validation-driver/workspace-constructor-validation/constructor/capture.py,line=55,col=14::Type annotation for attribute `replacement_outcome` is required because this class is not decorated with `@final` (reportUnannotatedClassAttribute)
/home/runner/work/hol-guard/hol-guard/validation-driver/workspace-constructor-validation/constructor/capture.py:56:21 - warning: Type `Any` is not allowed (reportExplicitAny)
::warning file=/home/runner/work/hol-guard/hol-guard/validation-driver/workspace-constructor-validation/constructor/capture.py,line=56,col=21::Type `Any` is not allowed (reportExplicitAny)
/home/runner/work/hol-guard/hol-guard/validation-driver/workspace-constructor-validation/constructor/capture.py:57:23 - warning: Type `Any` is not allowed (reportExplicitAny)
::warning file=/home/runner/work/hol-guard/hol-guard/validation-driver/workspace-constructor-validation/constructor/capture.py,line=57,col=23::Type `Any` is not allowed (reportExplicitAny)
/home/runner/work/hol-guard/hol-guard/validation-driver/workspace-constructor-validation/constructor/capture.py:58:20 - warning: Type `Any` is not allowed (reportExplicitAny)
::warning file=/home/runner/work/hol-guard/hol-guard/validation-driver/workspace-constructor-validation/constructor/capture.py,line=58,col=20::Type `Any` is not allowed (reportExplicitAny)
/home/runner/work/hol-guard/hol-guard/validation-driver/workspace-constructor-validation/constructor/capture.py:59:22 - warning: Type `Any` is not allowed (reportExplicitAny)
::warning file=/home/runner/work/hol-guard/hol-guard/validation-driver/workspace-constructor-validation/constructor/capture.py,line=59,col=22::Type `Any` is not allowed (reportExplicitAny)
/home/runner/work/hol-guard/hol-guard/validation-driver/workspace-constructor-validation/constructor/capture.py:60:25 - warning: Type `Any` is not allowed (reportExplicitAny)
::warning file=/home/runner/work/hol-guard/hol-guard/validation-driver/workspace-constructor-validation/constructor/capture.py,line=60,col=25::Type `Any` is not allowed (reportExplicitAny)
/home/runner/work/hol-guard/hol-guard/validation-driver/workspace-constructor-validation/constructor/capture.py:61:14 - warning: Type annotation for attribute `factory_handoffs` is required because this class is not decorated with `@final` (reportUnannotatedClassAttribute)
::warning file=/home/runner/work/hol-guard/hol-guard/validation-driver/workspace-constructor-validation/constructor/capture.py,line=61,col=14::Type annotation for attribute `factory_handoffs` is required because this class is not decorated with `@final` (reportUnannotatedClassAttribute)
/home/runner/work/hol-guard/hol-guard/validation-driver/workspace-constructor-validation/constructor/capture.py:63:14 - warning: Type annotation for attribute `acceptance_calls` is required because this class is not decorated with `@final` (reportUnannotatedClassAttribute)
::warning file=/home/runner/work/hol-guard/hol-guard/validation-driver/workspace-constructor-validation/constructor/capture.py,line=63,col=14::Type annotation for attribute `acceptance_calls` is required because this class is not decorated with `@final` (reportUnannotatedClassAttribute)
/home/runner/work/hol-guard/hol-guard/validation-driver/workspace-constructor-validation/constructor/capture.py:72:25 - warning: Type of "clock" is Any (reportAny)
::warning file=/home/runner/work/hol-guard/hol-guard/validation-driver/workspace-constructor-validation/constructor/capture.py,line=72,col=25::Type of "clock" is Any (reportAny)
/home/runner/work/hol-guard/hol-guard/validation-driver/workspace-constructor-validation/constructor/capture.py:77:9 - warning: Return type is Any (reportAny)
::warning file=/home/runner/work/hol-guard/hol-guard/validation-driver/workspace-constructor-validation/constructor/capture.py,line=77,col=9::Return type is Any (reportAny)
/home/runner/work/hol-guard/hol-guard/validation-driver/workspace-constructor-validation/constructor/capture.py:77:43 - warning: Type of parameter "original" is Any (reportAny)
::warning file=/home/runner/work/hol-guard/hol-guard/validation-driver/workspace-constructor-validation/constructor/capture.py,line=77,col=43::Type of parameter "original" is Any (reportAny)
/home/runner/work/hol-guard/hol-guard/validation-driver/workspace-constructor-validation/constructor/capture.py:77:53 - warning: Type `Any` is not allowed (reportExplicitAny)
::warning file=/home/runner/work/hol-guard/hol-guard/validation-driver/workspace-constructor-validation/constructor/capture.py,line=77,col=53::Type `Any` is not allowed (reportExplicitAny)
/home/runner/work/hol-guard/hol-guard/validation-driver/workspace-constructor-validation/constructor/capture.py:77:70 - warning: Type `Any` is not allowed (reportExplicitAny)
::warning file=/home/runner/work/hol-guard/hol-guard/validation-driver/workspace-constructor-validation/constructor/capture.py,line=77,col=70::Type `Any` is not allowed (reportExplicitAny)
/home/runner/work/hol-guard/hol-guard/validation-driver/workspace-constructor-validation/constructor/capture.py:77:99 - warning: Type `Any` is not allowed (reportExplicitAny)
::warning file=/home/runner/work/hol-guard/hol-guard/validation-driver/workspace-constructor-validation/constructor/capture.py,line=77,col=99::Type `Any` is not allowed (reportExplicitAny)
/home/runner/work/hol-guard/hol-guard/validation-driver/workspace-constructor-validation/constructor/capture.py:77:108 - warning: Type `Any` is not allowed (reportExplicitAny)
::warning file=/home/runner/work/hol-guard/hol-guard/validation-driver/workspace-constructor-validation/constructor/capture.py,line=77,col=108::Type `Any` is not allowed (reportExplicitAny)
/home/runner/work/hol-guard/hol-guard/validation-driver/workspace-constructor-validation/constructor/capture.py:78:24 - warning: Type `Any` is not allowed (reportExplicitAny)
::warning file=/home/runner/work/hol-guard/hol-guard/validation-driver/workspace-constructor-validation/constructor/capture.py,line=78,col=24::Type `Any` is not allowed (reportExplicitAny)
/home/runner/work/hol-guard/hol-guard/validation-driver/workspace-constructor-validation/constructor/capture.py:105:31 - warning: Argument type is Any
  Argument corresponds to parameter "object" in function "append" (reportAny)
::warning file=/home/runner/work/hol-guard/hol-guard/validation-driver/workspace-constructor-validation/constructor/capture.py,line=105,col=31::Argument type is Any%0A  Argument corresponds to parameter "object" in function "append" (reportAny)
/home/runner/work/hol-guard/hol-guard/validation-driver/workspace-constructor-validation/constructor/capture.py:109:13 - warning: Type of "result" is Any (reportAny)
::warning file=/home/runner/work/hol-guard/hol-guard/validation-driver/workspace-constructor-validation/constructor/capture.py,line=109,col=13::Type of "result" is Any (reportAny)
/home/runner/work/hol-guard/hol-guard/validation-driver/workspace-constructor-validation/constructor/capture.py:146:9 - warning: Return type is Any (reportAny)
::warning file=/home/runner/work/hol-guard/hol-guard/validation-driver/workspace-constructor-validation/constructor/capture.py,line=146,col=9::Return type is Any (reportAny)
/home/runner/work/hol-guard/hol-guard/validation-driver/workspace-constructor-validation/constructor/capture.py:146:27 - warning: Type of parameter "original" is Any (reportAny)
::warning file=/home/runner/work/hol-guard/hol-guard/validation-driver/workspace-constructor-validation/constructor/capture.py,line=146,col=27::Type of parameter "original" is Any (reportAny)
/home/runner/work/hol-guard/hol-guard/validation-driver/workspace-constructor-validation/constructor/capture.py:146:37 - warning: Type `Any` is not allowed (reportExplicitAny)
::warning file=/home/runner/work/hol-guard/hol-guard/validation-driver/workspace-constructor-validation/constructor/capture.py,line=146,col=37::Type `Any` is not allowed (reportExplicitAny)
/home/runner/work/hol-guard/hol-guard/validation-driver/workspace-constructor-validation/constructor/capture.py:146:54 - warning: Type `Any` is not allowed (reportExplicitAny)
::warning file=/home/runner/work/hol-guard/hol-guard/validation-driver/workspace-constructor-validation/constructor/capture.py,line=146,col=54::Type `Any` is not allowed (reportExplicitAny)
/home/runner/work/hol-guard/hol-guard/validation-driver/workspace-constructor-validation/constructor/capture.py:146:83 - warning: Type `Any` is not allowed (reportExplicitAny)
::warning file=/home/runner/work/hol-guard/hol-guard/validation-driver/workspace-constructor-validation/constructor/capture.py,line=146,col=83::Type `Any` is not allowed (reportExplicitAny)
/home/runner/work/hol-guard/hol-guard/validation-driver/workspace-constructor-validation/constructor/capture.py:146:92 - warning: Type `Any` is not allowed (reportExplicitAny)
::warning file=/home/runner/work/hol-guard/hol-guard/validation-driver/workspace-constructor-validation/constructor/capture.py,line=146,col=92::Type `Any` is not allowed (reportExplicitAny)
/home/runner/work/hol-guard/hol-guard/validation-driver/workspace-constructor-validation/constructor/capture.py:150:20 - warning: Return type is Any (reportAny)
::warning file=/home/runner/work/hol-guard/hol-guard/validation-driver/workspace-constructor-validation/constructor/capture.py,line=150,col=20::Return type is Any (reportAny)
/home/runner/work/hol-guard/hol-guard/validation-driver/workspace-constructor-validation/constructor/capture.py:153:13 - warning: Type of "result" is Any (reportAny)
::warning file=/home/runner/work/hol-guard/hol-guard/validation-driver/workspace-constructor-validation/constructor/capture.py,line=153,col=13::Type of "result" is Any (reportAny)
/home/runner/work/hol-guard/hol-guard/validation-driver/workspace-constructor-validation/constructor/capture.py:159:20 - warning: Return type is Any (reportAny)
::warning file=/home/runner/work/hol-guard/hol-guard/validation-driver/workspace-constructor-validation/constructor/capture.py,line=159,col=20::Return type is Any (reportAny)
/home/runner/work/hol-guard/hol-guard/validation-driver/workspace-constructor-validation/constructor/capture.py:163:21 - warning: Type of parameter "publisher" is Any (reportAny)
::warning file=/home/runner/work/hol-guard/hol-guard/validation-driver/workspace-constructor-validation/constructor/capture.py,line=163,col=21::Type of parameter "publisher" is Any (reportAny)
/home/runner/work/hol-guard/hol-guard/validation-driver/workspace-constructor-validation/constructor/capture.py:163:32 - warning: Type `Any` is not allowed (reportExplicitAny)
::warning file=/home/runner/work/hol-guard/hol-guard/validation-driver/workspace-constructor-validation/constructor/capture.py,line=163,col=32::Type `Any` is not allowed (reportExplicitAny)
/home/runner/work/hol-guard/hol-guard/validation-driver/workspace-constructor-validation/constructor/capture.py:163:37 - warning: Type of parameter "store" is Any (reportAny)
::warning file=/home/runner/work/hol-guard/hol-guard/validation-driver/workspace-constructor-validation/constructor/capture.py,line=163,col=37::Type of parameter "store" is Any (reportAny)
/home/runner/work/hol-guard/hol-guard/validation-driver/workspace-constructor-validation/constructor/capture.py:163:44 - warning: Type `Any` is not allowed (reportExplicitAny)
::warning file=/home/runner/work/hol-guard/hol-guard/validation-driver/workspace-constructor-validation/constructor/capture.py,line=163,col=44::Type `Any` is not allowed (reportExplicitAny)
/home/runner/work/hol-guard/hol-guard/validation-driver/workspace-constructor-validation/constructor/capture.py:164:33 - warning: Type of "store" is Any (reportAny)
::warning file=/home/runner/work/hol-guard/hol-guard/validation-driver/workspace-constructor-validation/constructor/capture.py,line=164,col=33::Type of "store" is Any (reportAny)
/home/runner/work/hol-guard/hol-guard/validation-driver/workspace-constructor-validation/constructor/capture.py:164:60 - warning: Type of "publisher" is Any (reportAny)
::warning file=/home/runner/work/hol-guard/hol-guard/validation-driver/workspace-constructor-validation/constructor/capture.py,line=164,col=60::Type of "publisher" is Any (reportAny)
/home/runner/work/hol-guard/hol-guard/validation-driver/workspace-constructor-validation/constructor/capture.py:171:26 - warning: Type of parameter "result" is Any (reportAny)
::warning file=/home/runner/work/hol-guard/hol-guard/validation-driver/workspace-constructor-validation/constructor/capture.py,line=171,col=26::Type of parameter "result" is Any (reportAny)
/home/runner/work/hol-guard/hol-guard/validation-driver/workspace-constructor-validation/constructor/capture.py:171:34 - warning: Type `Any` is not allowed (reportExplicitAny)
::warning file=/home/runner/work/hol-guard/hol-guard/validation-driver/workspace-constructor-validation/constructor/capture.py,line=171,col=34::Type `Any` is not allowed (reportExplicitAny)
/home/runner/work/hol-guard/hol-guard/validation-driver/workspace-constructor-validation/constructor/capture.py:173:33 - warning: Type of "publisher" is Any (reportAny)
::warning file=/home/runner/work/hol-guard/hol-guard/validation-driver/workspace-constructor-validation/constructor/capture.py,line=173,col=33::Type of "publisher" is Any (reportAny)
/home/runner/work/hol-guard/hol-guard/validation-driver/workspace-constructor-validation/constructor/capture.py:179:35 - warning: Type `Any` is not allowed (reportExplicitAny)
::warning file=/home/runner/work/hol-guard/hol-guard/validation-driver/workspace-constructor-validation/constructor/capture.py,line=179,col=35::Type `Any` is not allowed (reportExplicitAny)
/home/runner/work/hol-guard/hol-guard/validation-driver/workspace-constructor-validation/constructor/child.py:18:6 - warning: Stub file not found for "constructor.bindings" (reportMissingTypeStubs)
::warning file=/home/runner/work/hol-guard/hol-guard/validation-driver/workspace-constructor-validation/constructor/child.py,line=18,col=6::Stub file not found for "constructor.bindings" (reportMissingTypeStubs)
/home/runner/work/hol-guard/hol-guard/validation-driver/workspace-constructor-validation/constructor/child.py:19:6 - warning: Stub file not found for "constructor.capture" (reportMissingTypeStubs)
::warning file=/home/runner/work/hol-guard/hol-guard/validation-driver/workspace-constructor-validation/constructor/child.py,line=19,col=6::Stub file not found for "constructor.capture" (reportMissingTypeStubs)
/home/runner/work/hol-guard/hol-guard/validation-driver/workspace-constructor-validation/constructor/child.py:20:6 - warning: Stub file not found for "constructor.hooks" (reportMissingTypeStubs)
::warning file=/home/runner/work/hol-guard/hol-guard/validation-driver/workspace-constructor-validation/constructor/child.py,line=20,col=6::Stub file not found for "constructor.hooks" (reportMissingTypeStubs)
/home/runner/work/hol-guard/hol-guard/validation-driver/workspace-constructor-validation/constructor/child.py:26:48 - warning: Type `Any` is not allowed (reportExplicitAny)
::warning file=/home/runner/work/hol-guard/hol-guard/validation-driver/workspace-constructor-validation/constructor/child.py,line=26,col=48::Type `Any` is not allowed (reportExplicitAny)
/home/runner/work/hol-guard/hol-guard/validation-driver/workspace-constructor-validation/constructor/child.py:44:9 - warning: Result of call expression is of type "int" and is not used; assign to variable "_" if this is intentional (reportUnusedCallResult)
::warning file=/home/runner/work/hol-guard/hol-guard/validation-driver/workspace-constructor-validation/constructor/child.py,line=44,col=9::Result of call expression is of type "int" and is not used; assign to variable "_" if this is intentional (reportUnusedCallResult)
/home/runner/work/hol-guard/hol-guard/validation-driver/workspace-constructor-validation/constructor/child.py:49:5 - warning: Return type is Any (reportAny)
::warning file=/home/runner/work/hol-guard/hol-guard/validation-driver/workspace-constructor-validation/constructor/child.py,line=49,col=5::Return type is Any (reportAny)
/home/runner/work/hol-guard/hol-guard/validation-driver/workspace-constructor-validation/constructor/child.py:50:5 - warning: Type of parameter "original" is Any (reportAny)
::warning file=/home/runner/work/hol-guard/hol-guard/validation-driver/workspace-constructor-validation/constructor/child.py,line=50,col=5::Type of parameter "original" is Any (reportAny)
/home/runner/work/hol-guard/hol-guard/validation-driver/workspace-constructor-validation/constructor/child.py:50:15 - warning: Type `Any` is not allowed (reportExplicitAny)
::warning file=/home/runner/work/hol-guard/hol-guard/validation-driver/workspace-constructor-validation/constructor/child.py,line=50,col=15::Type `Any` is not allowed (reportExplicitAny)
/home/runner/work/hol-guard/hol-guard/validation-driver/workspace-constructor-validation/constructor/child.py:51:5 - warning: Type of parameter "fixture" is Any (reportAny)
::warning file=/home/runner/work/hol-guard/hol-guard/validation-driver/workspace-constructor-validation/constructor/child.py,line=51,col=5::Type of parameter "fixture" is Any (reportAny)
/home/runner/work/hol-guard/hol-guard/validation-driver/workspace-constructor-validation/constructor/child.py:51:14 - warning: Type `Any` is not allowed (reportExplicitAny)
::warning file=/home/runner/work/hol-guard/hol-guard/validation-driver/workspace-constructor-validation/constructor/child.py,line=51,col=14::Type `Any` is not allowed (reportExplicitAny)
/home/runner/work/hol-guard/hol-guard/validation-driver/workspace-constructor-validation/constructor/child.py:53:5 - warning: Type of parameter "request" is Any (reportAny)
::warning file=/home/runner/work/hol-guard/hol-guard/validation-driver/workspace-constructor-validation/constructor/child.py,line=53,col=5::Type of parameter "request" is Any (reportAny)
/home/runner/work/hol-guard/hol-guard/validation-driver/workspace-constructor-validation/constructor/child.py:53:14 - warning: Type `Any` is not allowed (reportExplicitAny)
::warning file=/home/runner/work/hol-guard/hol-guard/validation-driver/workspace-constructor-validation/constructor/child.py,line=53,col=14::Type `Any` is not allowed (reportExplicitAny)
/home/runner/work/hol-guard/hol-guard/validation-driver/workspace-constructor-validation/constructor/child.py:56:33 - warning: Type `Any` is not allowed (reportExplicitAny)
::warning file=/home/runner/work/hol-guard/hol-guard/validation-driver/workspace-constructor-validation/constructor/child.py,line=56,col=33::Type `Any` is not allowed (reportExplicitAny)
/home/runner/work/hol-guard/hol-guard/validation-driver/workspace-constructor-validation/constructor/child.py:58:6 - warning: Type `Any` is not allowed (reportExplicitAny)
::warning file=/home/runner/work/hol-guard/hol-guard/validation-driver/workspace-constructor-validation/constructor/child.py,line=58,col=6::Type `Any` is not allowed (reportExplicitAny)
/home/runner/work/hol-guard/hol-guard/validation-driver/workspace-constructor-validation/constructor/child.py:66:9 - warning: Type of "session" is Any (reportAny)
::warning file=/home/runner/work/hol-guard/hol-guard/validation-driver/workspace-constructor-validation/constructor/child.py,line=66,col=9::Type of "session" is Any (reportAny)
/home/runner/work/hol-guard/hol-guard/validation-driver/workspace-constructor-validation/constructor/child.py:66:19 - warning: Type of "session" is Any (reportAny)
::warning file=/home/runner/work/hol-guard/hol-guard/validation-driver/workspace-constructor-validation/constructor/child.py,line=66,col=19::Type of "session" is Any (reportAny)
/home/runner/work/hol-guard/hol-guard/validation-driver/workspace-constructor-validation/constructor/child.py:69:21 - warning: Argument type is Any
  Argument corresponds to parameter "o" in function "__init__" (reportAny)
::warning file=/home/runner/work/hol-guard/hol-guard/validation-driver/workspace-constructor-validation/constructor/child.py,line=69,col=21::Argument type is Any%0A  Argument corresponds to parameter "o" in function "__init__" (reportAny)
/home/runner/work/hol-guard/hol-guard/validation-driver/workspace-constructor-validation/constructor/child.py:70:20 - warning: Argument type is partially unknown
  Argument corresponds to parameter "iterable" in function "__init__"
  Argument type is "dict[Unknown, Unknown]" (reportUnknownArgumentType)
::warning file=/home/runner/work/hol-guard/hol-guard/validation-driver/workspace-constructor-validation/constructor/child.py,line=70,col=20::Argument type is partially unknown%0A  Argument corresponds to parameter "iterable" in function "__init__"%0A  Argument type is "dict[Unknown, Unknown]" (reportUnknownArgumentType)
/home/runner/work/hol-guard/hol-guard/validation-driver/workspace-constructor-validation/constructor/child.py:71:16 - warning: Type of "get" is partially unknown
  Type of "get" is "Overload[(key: Unknown, default: None = None, /) -> (Unknown | None), (key: Unknown, default: Unknown, /) -> Unknown, (key: Unknown, default: _T@get, /) -> (Unknown | _T@get)]" (reportUnknownMemberType)
::warning file=/home/runner/work/hol-guard/hol-guard/validation-driver/workspace-constructor-validation/constructor/child.py,line=71,col=16::Type of "get" is partially unknown%0A  Type of "get" is "Overload[(key: Unknown, default: None = None, /) -> (Unknown | None), (key: Unknown, default: Unknown, /) -> Unknown, (key: Unknown, default: _T@get, /) -> (Unknown | _T@get)]" (reportUnknownMemberType)
/home/runner/work/hol-guard/hol-guard/validation-driver/workspace-constructor-validation/constructor/child.py:72:16 - warning: Type of "get" is partially unknown
  Type of "get" is "Overload[(key: Unknown, default: None = None, /) -> (Unknown | None), (key: Unknown, default: Unknown, /) -> Unknown, (key: Unknown, default: _T@get, /) -> (Unknown | _T@get)]" (reportUnknownMemberType)
::warning file=/home/runner/work/hol-guard/hol-guard/validation-driver/workspace-constructor-validation/constructor/child.py,line=72,col=16::Type of "get" is partially unknown%0A  Type of "get" is "Overload[(key: Unknown, default: None = None, /) -> (Unknown | None), (key: Unknown, default: Unknown, /) -> Unknown, (key: Unknown, default: _T@get, /) -> (Unknown | _T@get)]" (reportUnknownMemberType)
/home/runner/work/hol-guard/hol-guard/validation-driver/workspace-constructor-validation/constructor/child.py:73:16 - warning: Type of "get" is partially unknown
  Type of "get" is "Overload[(key: Unknown, default: None = None, /) -> (Unknown | None), (key: Unknown, default: Unknown, /) -> Unknown, (key: Unknown, default: _T@get, /) -> (Unknown | _T@get)]" (reportUnknownMemberType)
::warning file=/home/runner/work/hol-guard/hol-guard/validation-driver/workspace-constructor-validation/constructor/child.py,line=73,col=16::Type of "get" is partially unknown%0A  Type of "get" is "Overload[(key: Unknown, default: None = None, /) -> (Unknown | None), (key: Unknown, default: Unknown, /) -> Unknown, (key: Unknown, default: _T@get, /) -> (Unknown | _T@get)]" (reportUnknownMemberType)
/home/runner/work/hol-guard/hol-guard/validation-driver/workspace-constructor-validation/constructor/child.py:75:20 - warning: Type of "workspaces" is Any (reportAny)
::warning file=/home/runner/work/hol-guard/hol-guard/validation-driver/workspace-constructor-validation/constructor/child.py,line=75,col=20::Type of "workspaces" is Any (reportAny)
/home/runner/work/hol-guard/hol-guard/validation-driver/workspace-constructor-validation/constructor/child.py:75:20 - warning: Argument type is Any
  Argument corresponds to parameter "obj" in function "len" (reportAny)
::warning file=/home/runner/work/hol-guard/hol-guard/validation-driver/workspace-constructor-validation/constructor/child.py,line=75,col=20::Argument type is Any%0A  Argument corresponds to parameter "obj" in function "len" (reportAny)
/home/runner/work/hol-guard/hol-guard/validation-driver/workspace-constructor-validation/constructor/child.py:80:9 - warning: Result of call expression is of type "OwnedHooks" and is not used; assign to variable "_" if this is intentional (reportUnusedCallResult)
::warning file=/home/runner/work/hol-guard/hol-guard/validation-driver/workspace-constructor-validation/constructor/child.py,line=80,col=9::Result of call expression is of type "OwnedHooks" and is not used; assign to variable "_" if this is intentional (reportUnusedCallResult)
/home/runner/work/hol-guard/hol-guard/validation-driver/workspace-constructor-validation/constructor/child.py:86:9 - warning: Type of "result" is Any (reportAny)
::warning file=/home/runner/work/hol-guard/hol-guard/validation-driver/workspace-constructor-validation/constructor/child.py,line=86,col=9::Type of "result" is Any (reportAny)
/home/runner/work/hol-guard/hol-guard/validation-driver/workspace-constructor-validation/constructor/child.py:87:16 - warning: Return type is Any (reportAny)
::warning file=/home/runner/work/hol-guard/hol-guard/validation-driver/workspace-constructor-validation/constructor/child.py,line=87,col=16::Return type is Any (reportAny)
/home/runner/work/hol-guard/hol-guard/validation-driver/workspace-constructor-validation/constructor/child.py:98:17 - warning: Type of "result_flags" is partially unknown
  Type of "result_flags" is "dict[str, Unknown | bool]" (reportUnknownVariableType)
::warning file=/home/runner/work/hol-guard/hol-guard/validation-driver/workspace-constructor-validation/constructor/child.py,line=98,col=17::Type of "result_flags" is partially unknown%0A  Type of "result_flags" is "dict[str, Unknown | bool]" (reportUnknownVariableType)
/home/runner/work/hol-guard/hol-guard/validation-driver/workspace-constructor-validation/constructor/child.py:99:46 - warning: Type of "get" is partially unknown
  Type of "get" is "Overload[(key: Unknown, default: None = None, /) -> (Unknown | None), (key: Unknown, default: Unknown, /) -> Unknown, (key: Unknown, default: _T@get, /) -> (Unknown | _T@get)]" (reportUnknownMemberType)
::warning file=/home/runner/work/hol-guard/hol-guard/validation-driver/workspace-constructor-validation/constructor/child.py,line=99,col=46::Type of "get" is partially unknown%0A  Type of "get" is "Overload[(key: Unknown, default: None = None, /) -> (Unknown | None), (key: Unknown, default: Unknown, /) -> Unknown, (key: Unknown, default: _T@get, /) -> (Unknown | _T@get)]" (reportUnknownMemberType)
/home/runner/work/hol-guard/hol-guard/validation-driver/workspace-constructor-validation/constructor/child.py:100:41 - warning: Type of "get" is partially unknown
  Type of "get" is "Overload[(key: Unknown, default: None = None, /) -> (Unknown | None), (key: Unknown, default: Unknown, /) -> Unknown, (key: Unknown, default: _T@get, /) -> (Unknown | _T@get)]" (reportUnknownMemberType)
::warning file=/home/runner/work/hol-guard/hol-guard/validation-driver/workspace-constructor-validation/constructor/child.py,line=100,col=41::Type of "get" is partially unknown%0A  Type of "get" is "Overload[(key: Unknown, default: None = None, /) -> (Unknown | None), (key: Unknown, default: Unknown, /) -> Unknown, (key: Unknown, default: _T@get, /) -> (Unknown | _T@get)]" (reportUnknownMemberType)
/home/runner/work/hol-guard/hol-guard/validation-driver/workspace-constructor-validation/constructor/child.py:101:31 - warning: Type of "get" is partially unknown
  Type of "get" is "Overload[(key: Unknown, default: None = None, /) -> (Unknown | None), (key: Unknown, default: Unknown, /) -> Unknown, (key: Unknown, default: _T@get, /) -> (Unknown | _T@get)]" (reportUnknownMemberType)
::warning file=/home/runner/work/hol-guard/hol-guard/validation-driver/workspace-constructor-validation/constructor/child.py,line=101,col=31::Type of "get" is partially unknown%0A  Type of "get" is "Overload[(key: Unknown, default: None = None, /) -> (Unknown | None), (key: Unknown, default: Unknown, /) -> Unknown, (key: Unknown, default: _T@get, /) -> (Unknown | _T@get)]" (reportUnknownMemberType)
/home/runner/work/hol-guard/hol-guard/validation-driver/workspace-constructor-validation/constructor/child.py:102:41 - warning: Type of "get" is partially unknown
  Type of "get" is "Overload[(key: Unknown, default: None = None, /) -> (Unknown | None), (key: Unknown, default: Unknown, /) -> Unknown, (key: Unknown, default: _T@get, /) -> (Unknown | _T@get)]" (reportUnknownMemberType)
::warning file=/home/runner/work/hol-guard/hol-guard/validation-driver/workspace-constructor-validation/constructor/child.py,line=102,col=41::Type of "get" is partially unknown%0A  Type of "get" is "Overload[(key: Unknown, default: None = None, /) -> (Unknown | None), (key: Unknown, default: Unknown, /) -> Unknown, (key: Unknown, default: _T@get, /) -> (Unknown | _T@get)]" (reportUnknownMemberType)
/home/runner/work/hol-guard/hol-guard/validation-driver/workspace-constructor-validation/constructor/child.py:103:44 - warning: Type of "get" is partially unknown
  Type of "get" is "Overload[(key: Unknown, default: None = None, /) -> (Unknown | None), (key: Unknown, default: Unknown, /) -> Unknown, (key: Unknown, default: _T@get, /) -> (Unknown | _T@get)]" (reportUnknownMemberType)
::warning file=/home/runner/work/hol-guard/hol-guard/validation-driver/workspace-constructor-validation/constructor/child.py,line=103,col=44::Type of "get" is partially unknown%0A  Type of "get" is "Overload[(key: Unknown, default: None = None, /) -> (Unknown | None), (key: Unknown, default: Unknown, /) -> Unknown, (key: Unknown, default: _T@get, /) -> (Unknown | _T@get)]" (reportUnknownMemberType)
/home/runner/work/hol-guard/hol-guard/validation-driver/workspace-constructor-validation/constructor/child.py:109:23 - warning: Argument type is partially unknown
  Argument corresponds to parameter "o" in function "__init__"
  Argument type is "dict[Unknown, Unknown] | Any | None" (reportUnknownArgumentType)
::warning file=/home/runner/work/hol-guard/hol-guard/validation-driver/workspace-constructor-validation/constructor/child.py,line=109,col=23::Argument type is partially unknown%0A  Argument corresponds to parameter "o" in function "__init__"%0A  Argument type is "dict[Unknown, Unknown] | Any | None" (reportUnknownArgumentType)
/home/runner/work/hol-guard/hol-guard/validation-driver/workspace-constructor-validation/constructor/child.py:113:13 - warning: Type of "report" is partially unknown
  Type of "report" is "dict[str, str | int | dict[str, Unknown | bool] | bool | dict[str, Any] | None]" (reportUnknownVariableType)
::warning file=/home/runner/work/hol-guard/hol-guard/validation-driver/workspace-constructor-validation/constructor/child.py,line=113,col=13::Type of "report" is partially unknown%0A  Type of "report" is "dict[str, str | int | dict[str, Unknown | bool] | bool | dict[str, Any] | None]" (reportUnknownVariableType)
/home/runner/work/hol-guard/hol-guard/validation-driver/workspace-constructor-validation/constructor/child.py:129:20 - warning: Argument type is partially unknown
  Argument corresponds to parameter "__p0"
  Argument type is "dict[str, str | int | dict[str, Unknown | bool] | bool | dict[str, Any] | None]" (reportUnknownArgumentType)
::warning file=/home/runner/work/hol-guard/hol-guard/validation-driver/workspace-constructor-validation/constructor/child.py,line=129,col=20::Argument type is partially unknown%0A  Argument corresponds to parameter "__p0"%0A  Argument type is "dict[str, str | int | dict[str, Unknown | bool] | bool | dict[str, Any] | None]" (reportUnknownArgumentType)
/home/runner/work/hol-guard/hol-guard/validation-driver/workspace-constructor-validation/constructor/child.py:138:5 - warning: Result of call expression is of type "Action" and is not used; assign to variable "_" if this is intentional (reportUnusedCallResult)
::warning file=/home/runner/work/hol-guard/hol-guard/validation-driver/workspace-constructor-validation/constructor/child.py,line=138,col=5::Result of call expression is of type "Action" and is not used; assign to variable "_" if this is intentional (reportUnusedCallResult)
/home/runner/work/hol-guard/hol-guard/validation-driver/workspace-constructor-validation/constructor/child.py:139:5 - warning: Result of call expression is of type "Action" and is not used; assign to variable "_" if this is intentional (reportUnusedCallResult)
::warning file=/home/runner/work/hol-guard/hol-guard/validation-driver/workspace-constructor-validation/constructor/child.py,line=139,col=5::Result of call expression is of type "Action" and is not used; assign to variable "_" if this is intentional (reportUnusedCallResult)
/home/runner/work/hol-guard/hol-guard/validation-driver/workspace-constructor-validation/constructor/child.py:140:5 - warning: Result of call expression is of type "Action" and is not used; assign to variable "_" if this is intentional (reportUnusedCallResult)
::warning file=/home/runner/work/hol-guard/hol-guard/validation-driver/workspace-constructor-validation/constructor/child.py,line=140,col=5::Result of call expression is of type "Action" and is not used; assign to variable "_" if this is intentional (reportUnusedCallResult)
/home/runner/work/hol-guard/hol-guard/validation-driver/workspace-constructor-validation/constructor/child.py:141:5 - warning: Result of call expression is of type "Action" and is not used; assign to variable "_" if this is intentional (reportUnusedCallResult)
::warning file=/home/runner/work/hol-guard/hol-guard/validation-driver/workspace-constructor-validation/constructor/child.py,line=141,col=5::Result of call expression is of type "Action" and is not used; assign to variable "_" if this is intentional (reportUnusedCallResult)
/home/runner/work/hol-guard/hol-guard/validation-driver/workspace-constructor-validation/constructor/child.py:143:5 - warning: Type of "source" is Any (reportAny)
::warning file=/home/runner/work/hol-guard/hol-guard/validation-driver/workspace-constructor-validation/constructor/child.py,line=143,col=5::Type of "source" is Any (reportAny)
/home/runner/work/hol-guard/hol-guard/validation-driver/workspace-constructor-validation/constructor/child.py:143:14 - warning: Type of "source_root" is Any (reportAny)
::warning file=/home/runner/work/hol-guard/hol-guard/validation-driver/workspace-constructor-validation/constructor/child.py,line=143,col=14::Type of "source_root" is Any (reportAny)
/home/runner/work/hol-guard/hol-guard/validation-driver/workspace-constructor-validation/constructor/child.py:143:14 - warning: Type of "resolve" is Any (reportAny)
::warning file=/home/runner/work/hol-guard/hol-guard/validation-driver/workspace-constructor-validation/constructor/child.py,line=143,col=14::Type of "resolve" is Any (reportAny)
/home/runner/work/hol-guard/hol-guard/validation-driver/workspace-constructor-validation/constructor/child.py:144:5 - warning: Type of "original_args" is Any (reportAny)
::warning file=/home/runner/work/hol-guard/hol-guard/validation-driver/workspace-constructor-validation/constructor/child.py,line=144,col=5::Type of "original_args" is Any (reportAny)
/home/runner/work/hol-guard/hol-guard/validation-driver/workspace-constructor-validation/constructor/child.py:144:21 - warning: Type of "original_args" is Any (reportAny)
::warning file=/home/runner/work/hol-guard/hol-guard/validation-driver/workspace-constructor-validation/constructor/child.py,line=144,col=21::Type of "original_args" is Any (reportAny)
/home/runner/work/hol-guard/hol-guard/validation-driver/workspace-constructor-validation/constructor/child.py:146:9 - warning: Type of "original_args" is Any (reportAny)
::warning file=/home/runner/work/hol-guard/hol-guard/validation-driver/workspace-constructor-validation/constructor/child.py,line=146,col=9::Type of "original_args" is Any (reportAny)
/home/runner/work/hol-guard/hol-guard/validation-driver/workspace-constructor-validation/constructor/child.py:147:12 - warning: Argument type is Any
  Argument corresponds to parameter "obj" in function "len" (reportAny)
::warning file=/home/runner/work/hol-guard/hol-guard/validation-driver/workspace-constructor-validation/constructor/child.py,line=147,col=12::Argument type is Any%0A  Argument corresponds to parameter "obj" in function "len" (reportAny)
/home/runner/work/hol-guard/hol-guard/validation-driver/workspace-constructor-validation/constructor/child.py:149:28 - warning: Argument type is Any
  Argument corresponds to parameter "object" in function "__new__" (reportAny)
::warning file=/home/runner/work/hol-guard/hol-guard/validation-driver/workspace-constructor-validation/constructor/child.py,line=149,col=28::Argument type is Any%0A  Argument corresponds to parameter "object" in function "__new__" (reportAny)
/home/runner/work/hol-guard/hol-guard/validation-driver/workspace-constructor-validation/constructor/child.py:154:5 - warning: Type of "expected_fixture" is Any (reportAny)
::warning file=/home/runner/work/hol-guard/hol-guard/validation-driver/workspace-constructor-validation/constructor/child.py,line=154,col=5::Type of "expected_fixture" is Any (reportAny)
/home/runner/work/hol-guard/hol-guard/validation-driver/workspace-constructor-validation/constructor/child.py:157:25 - warning: Argument type is Any
  Argument corresponds to parameter "source" in function "__init__" (reportAny)
::warning file=/home/runner/work/hol-guard/hol-guard/validation-driver/workspace-constructor-validation/constructor/child.py,line=157,col=25::Argument type is Any%0A  Argument corresponds to parameter "source" in function "__init__" (reportAny)
/home/runner/work/hol-guard/hol-guard/validation-driver/workspace-constructor-validation/constructor/child.py:160:30 - warning: Type `Any` is not allowed (reportExplicitAny)
::warning file=/home/runner/work/hol-guard/hol-guard/validation-driver/workspace-constructor-validation/constructor/child.py,line=160,col=30::Type `Any` is not allowed (reportExplicitAny)
/home/runner/work/hol-guard/hol-guard/validation-driver/workspace-constructor-validation/constructor/child.py:162:9 - warning: Return type is Any (reportAny)
::warning file=/home/runner/work/hol-guard/hol-guard/validation-driver/workspace-constructor-validation/constructor/child.py,line=162,col=9::Return type is Any (reportAny)
/home/runner/work/hol-guard/hol-guard/validation-driver/workspace-constructor-validation/constructor/child.py:162:18 - warning: Type of parameter "fixture" is Any (reportAny)
::warning file=/home/runner/work/hol-guard/hol-guard/validation-driver/workspace-constructor-validation/constructor/child.py,line=162,col=18::Type of parameter "fixture" is Any (reportAny)
/home/runner/work/hol-guard/hol-guard/validation-driver/workspace-constructor-validation/constructor/child.py:162:27 - warning: Type `Any` is not allowed (reportExplicitAny)
::warning file=/home/runner/work/hol-guard/hol-guard/validation-driver/workspace-constructor-validation/constructor/child.py,line=162,col=27::Type `Any` is not allowed (reportExplicitAny)
/home/runner/work/hol-guard/hol-guard/validation-driver/workspace-constructor-validation/constructor/child.py:162:48 - warning: Type of parameter "request" is Any (reportAny)
::warning file=/home/runner/work/hol-guard/hol-guard/validation-driver/workspace-constructor-validation/constructor/child.py,line=162,col=48::Type of parameter "request" is Any (reportAny)
/home/runner/work/hol-guard/hol-guard/validation-driver/workspace-constructor-validation/constructor/child.py:162:57 - warning: Type `Any` is not allowed (reportExplicitAny)
::warning file=/home/runner/work/hol-guard/hol-guard/validation-driver/workspace-constructor-validation/constructor/child.py,line=162,col=57::Type `Any` is not allowed (reportExplicitAny)
/home/runner/work/hol-guard/hol-guard/validation-driver/workspace-constructor-validation/constructor/child.py:162:65 - warning: Type `Any` is not allowed (reportExplicitAny)
::warning file=/home/runner/work/hol-guard/hol-guard/validation-driver/workspace-constructor-validation/constructor/child.py,line=162,col=65::Type `Any` is not allowed (reportExplicitAny)
/home/runner/work/hol-guard/hol-guard/validation-driver/workspace-constructor-validation/constructor/child.py:165:29 - warning: Argument type is Any
  Argument corresponds to parameter "self" in function "dispatch" (reportAny)
::warning file=/home/runner/work/hol-guard/hol-guard/validation-driver/workspace-constructor-validation/constructor/child.py,line=165,col=29::Argument type is Any%0A  Argument corresponds to parameter "self" in function "dispatch" (reportAny)
/home/runner/work/hol-guard/hol-guard/validation-driver/workspace-constructor-validation/constructor/child.py:165:49 - warning: Argument type is Any
  Argument corresponds to parameter "request" in function "dispatch" (reportAny)
::warning file=/home/runner/work/hol-guard/hol-guard/validation-driver/workspace-constructor-validation/constructor/child.py,line=165,col=49::Argument type is Any%0A  Argument corresponds to parameter "request" in function "dispatch" (reportAny)
/home/runner/work/hol-guard/hol-guard/validation-driver/workspace-constructor-validation/constructor/child.py:169:29 - warning: Argument type is Any
  Argument corresponds to parameter "self" in function "dispatch" (reportAny)
::warning file=/home/runner/work/hol-guard/hol-guard/validation-driver/workspace-constructor-validation/constructor/child.py,line=169,col=29::Argument type is Any%0A  Argument corresponds to parameter "self" in function "dispatch" (reportAny)
/home/runner/work/hol-guard/hol-guard/validation-driver/workspace-constructor-validation/constructor/child.py:169:49 - warning: Argument type is Any
  Argument corresponds to parameter "request" in function "dispatch" (reportAny)
::warning file=/home/runner/work/hol-guard/hol-guard/validation-driver/workspace-constructor-validation/constructor/child.py,line=169,col=49::Argument type is Any%0A  Argument corresponds to parameter "request" in function "dispatch" (reportAny)
/home/runner/work/hol-guard/hol-guard/validation-driver/workspace-constructor-validation/constructor/child.py:170:16 - warning: Return type is Any (reportAny)
::warning file=/home/runner/work/hol-guard/hol-guard/validation-driver/workspace-constructor-validation/constructor/child.py,line=170,col=16::Return type is Any (reportAny)
/home/runner/work/hol-guard/hol-guard/validation-driver/workspace-constructor-validation/constructor/child.py:175:22 - warning: Type of "scenario" is Any (reportAny)
::warning file=/home/runner/work/hol-guard/hol-guard/validation-driver/workspace-constructor-validation/constructor/child.py,line=175,col=22::Type of "scenario" is Any (reportAny)
/home/runner/work/hol-guard/hol-guard/validation-driver/workspace-constructor-validation/constructor/child.py:175:22 - warning: Argument type is Any
  Argument corresponds to parameter "scenario" in function "observe_dispatch" (reportAny)
::warning file=/home/runner/work/hol-guard/hol-guard/validation-driver/workspace-constructor-validation/constructor/child.py,line=175,col=22::Argument type is Any%0A  Argument corresponds to parameter "scenario" in function "observe_dispatch" (reportAny)
/home/runner/work/hol-guard/hol-guard/validation-driver/workspace-constructor-validation/constructor/child.py:183:25 - warning: Argument type is Any
  Argument corresponds to parameter "object" in function "__new__" (reportAny)
::warning file=/home/runner/work/hol-guard/hol-guard/validation-driver/workspace-constructor-validation/constructor/child.py,line=183,col=25::Argument type is Any%0A  Argument corresponds to parameter "object" in function "__new__" (reportAny)
/home/runner/work/hol-guard/hol-guard/validation-driver/workspace-constructor-validation/constructor/child.py:185:57 - warning: "_serve" is private and used outside of the module in which it is declared (reportPrivateUsage)
::warning file=/home/runner/work/hol-guard/hol-guard/validation-driver/workspace-constructor-validation/constructor/child.py,line=185,col=57::"_serve" is private and used outside of the module in which it is declared (reportPrivateUsage)
/home/runner/work/hol-guard/hol-guard/validation-driver/workspace-constructor-validation/constructor/child.py:185:80 - warning: "_emit" is private and used outside of the module in which it is declared (reportPrivateUsage)
::warning file=/home/runner/work/hol-guard/hol-guard/validation-driver/workspace-constructor-validation/constructor/child.py,line=185,col=80::"_emit" is private and used outside of the module in which it is declared (reportPrivateUsage)
/home/runner/work/hol-guard/hol-guard/validation-driver/workspace-constructor-validation/constructor/child.py:197:30 - warning: Type of "output" is Any (reportAny)
::warning file=/home/runner/work/hol-guard/hol-guard/validation-driver/workspace-constructor-validation/constructor/child.py,line=197,col=30::Type of "output" is Any (reportAny)
/home/runner/work/hol-guard/hol-guard/validation-driver/workspace-constructor-validation/constructor/child.py:197:30 - warning: Argument type is Any
  Argument corresponds to parameter "path" in function "write_report" (reportAny)
::warning file=/home/runner/work/hol-guard/hol-guard/validation-driver/workspace-constructor-validation/constructor/child.py,line=197,col=30::Argument type is Any%0A  Argument corresponds to parameter "path" in function "write_report" (reportAny)
/home/runner/work/hol-guard/hol-guard/validation-driver/workspace-constructor-validation/constructor/hooks.py:32:24 - warning: Type of parameter "original" is Any (reportAny)
::warning file=/home/runner/work/hol-guard/hol-guard/validation-driver/workspace-constructor-validation/constructor/hooks.py,line=32,col=24::Type of parameter "original" is Any (reportAny)
/home/runner/work/hol-guard/hol-guard/validation-driver/workspace-constructor-validation/constructor/hooks.py:32:34 - warning: Type `Any` is not allowed (reportExplicitAny)
::warning file=/home/runner/work/hol-guard/hol-guard/validation-driver/workspace-constructor-validation/constructor/hooks.py,line=32,col=34::Type `Any` is not allowed (reportExplicitAny)
/home/runner/work/hol-guard/hol-guard/validation-driver/workspace-constructor-validation/constructor/hooks.py:33:9 - warning: Type of "original" is Any (reportAny)
::warning file=/home/runner/work/hol-guard/hol-guard/validation-driver/workspace-constructor-validation/constructor/hooks.py,line=33,col=9::Type of "original" is Any (reportAny)
/home/runner/work/hol-guard/hol-guard/validation-driver/workspace-constructor-validation/constructor/hooks.py:33:14 - warning: Type annotation for attribute `original` is required because this class is not decorated with `@final` (reportUnannotatedClassAttribute)
::warning file=/home/runner/work/hol-guard/hol-guard/validation-driver/workspace-constructor-validation/constructor/hooks.py,line=33,col=14::Type annotation for attribute `original` is required because this class is not decorated with `@final` (reportUnannotatedClassAttribute)
/home/runner/work/hol-guard/hol-guard/validation-driver/workspace-constructor-validation/constructor/hooks.py:33:29 - warning: Type annotation for attribute `capture` is required because this class is not decorated with `@final` (reportUnannotatedClassAttribute)
::warning file=/home/runner/work/hol-guard/hol-guard/validation-driver/workspace-constructor-validation/constructor/hooks.py,line=33,col=29::Type annotation for attribute `capture` is required because this class is not decorated with `@final` (reportUnannotatedClassAttribute)
/home/runner/work/hol-guard/hol-guard/validation-driver/workspace-constructor-validation/constructor/hooks.py:33:43 - warning: Type annotation for attribute `registry` is required because this class is not decorated with `@final` (reportUnannotatedClassAttribute)
::warning file=/home/runner/work/hol-guard/hol-guard/validation-driver/workspace-constructor-validation/constructor/hooks.py,line=33,col=43::Type annotation for attribute `registry` is required because this class is not decorated with `@final` (reportUnannotatedClassAttribute)
/home/runner/work/hol-guard/hol-guard/validation-driver/workspace-constructor-validation/constructor/hooks.py:36:9 - warning: Type of "result" is Any (reportAny)
::warning file=/home/runner/work/hol-guard/hol-guard/validation-driver/workspace-constructor-validation/constructor/hooks.py,line=36,col=9::Type of "result" is Any (reportAny)
/home/runner/work/hol-guard/hol-guard/validation-driver/workspace-constructor-validation/constructor/hooks.py:36:18 - warning: Type of "original" is Any (reportAny)
::warning file=/home/runner/work/hol-guard/hol-guard/validation-driver/workspace-constructor-validation/constructor/hooks.py,line=36,col=18::Type of "original" is Any (reportAny)
/home/runner/work/hol-guard/hol-guard/validation-driver/workspace-constructor-validation/constructor/hooks.py:36:18 - warning: Type of "monotonic" is Any (reportAny)
::warning file=/home/runner/work/hol-guard/hol-guard/validation-driver/workspace-constructor-validation/constructor/hooks.py,line=36,col=18::Type of "monotonic" is Any (reportAny)
/home/runner/work/hol-guard/hol-guard/validation-driver/workspace-constructor-validation/constructor/hooks.py:39:43 - warning: "_getframe" is private and used outside of the module in which it is declared (reportPrivateUsage)
::warning file=/home/runner/work/hol-guard/hol-guard/validation-driver/workspace-constructor-validation/constructor/hooks.py,line=39,col=43::"_getframe" is private and used outside of the module in which it is declared (reportPrivateUsage)
/home/runner/work/hol-guard/hol-guard/validation-driver/workspace-constructor-validation/constructor/hooks.py:43:16 - warning: Return type is Any (reportAny)
::warning file=/home/runner/work/hol-guard/hol-guard/validation-driver/workspace-constructor-validation/constructor/hooks.py,line=43,col=16::Return type is Any (reportAny)
/home/runner/work/hol-guard/hol-guard/validation-driver/workspace-constructor-validation/constructor/hooks.py:45:9 - warning: Return type is Any (reportAny)
::warning file=/home/runner/work/hol-guard/hol-guard/validation-driver/workspace-constructor-validation/constructor/hooks.py,line=45,col=9::Return type is Any (reportAny)
/home/runner/work/hol-guard/hol-guard/validation-driver/workspace-constructor-validation/constructor/hooks.py:45:22 - warning: Type of parameter "args" is Any (reportAny)
::warning file=/home/runner/work/hol-guard/hol-guard/validation-driver/workspace-constructor-validation/constructor/hooks.py,line=45,col=22::Type of parameter "args" is Any (reportAny)
/home/runner/work/hol-guard/hol-guard/validation-driver/workspace-constructor-validation/constructor/hooks.py:45:28 - warning: Type `Any` is not allowed (reportExplicitAny)
::warning file=/home/runner/work/hol-guard/hol-guard/validation-driver/workspace-constructor-validation/constructor/hooks.py,line=45,col=28::Type `Any` is not allowed (reportExplicitAny)
/home/runner/work/hol-guard/hol-guard/validation-driver/workspace-constructor-validation/constructor/hooks.py:45:35 - warning: Type of parameter "kwargs" is Any (reportAny)
::warning file=/home/runner/work/hol-guard/hol-guard/validation-driver/workspace-constructor-validation/constructor/hooks.py,line=45,col=35::Type of parameter "kwargs" is Any (reportAny)
/home/runner/work/hol-guard/hol-guard/validation-driver/workspace-constructor-validation/constructor/hooks.py:45:43 - warning: Type `Any` is not allowed (reportExplicitAny)
::warning file=/home/runner/work/hol-guard/hol-guard/validation-driver/workspace-constructor-validation/constructor/hooks.py,line=45,col=43::Type `Any` is not allowed (reportExplicitAny)
/home/runner/work/hol-guard/hol-guard/validation-driver/workspace-constructor-validation/constructor/hooks.py:45:51 - warning: Type `Any` is not allowed (reportExplicitAny)
::warning file=/home/runner/work/hol-guard/hol-guard/validation-driver/workspace-constructor-validation/constructor/hooks.py,line=45,col=51::Type `Any` is not allowed (reportExplicitAny)
/home/runner/work/hol-guard/hol-guard/validation-driver/workspace-constructor-validation/constructor/hooks.py:46:16 - warning: Type of "original" is Any (reportAny)
::warning file=/home/runner/work/hol-guard/hol-guard/validation-driver/workspace-constructor-validation/constructor/hooks.py,line=46,col=16::Type of "original" is Any (reportAny)
/home/runner/work/hol-guard/hol-guard/validation-driver/workspace-constructor-validation/constructor/hooks.py:46:16 - warning: Type of "sleep" is Any (reportAny)
::warning file=/home/runner/work/hol-guard/hol-guard/validation-driver/workspace-constructor-validation/constructor/hooks.py,line=46,col=16::Type of "sleep" is Any (reportAny)
/home/runner/work/hol-guard/hol-guard/validation-driver/workspace-constructor-validation/constructor/hooks.py:46:16 - warning: Return type is Any (reportAny)
::warning file=/home/runner/work/hol-guard/hol-guard/validation-driver/workspace-constructor-validation/constructor/hooks.py,line=46,col=16::Return type is Any (reportAny)
/home/runner/work/hol-guard/hol-guard/validation-driver/workspace-constructor-validation/constructor/hooks.py:51:14 - warning: Type annotation for attribute `capture` is required because this class is not decorated with `@final` (reportUnannotatedClassAttribute)
::warning file=/home/runner/work/hol-guard/hol-guard/validation-driver/workspace-constructor-validation/constructor/hooks.py,line=51,col=14::Type annotation for attribute `capture` is required because this class is not decorated with `@final` (reportUnannotatedClassAttribute)
/home/runner/work/hol-guard/hol-guard/validation-driver/workspace-constructor-validation/constructor/hooks.py:51:28 - warning: Type annotation for attribute `registry` is required because this class is not decorated with `@final` (reportUnannotatedClassAttribute)
::warning file=/home/runner/work/hol-guard/hol-guard/validation-driver/workspace-constructor-validation/constructor/hooks.py,line=51,col=28::Type annotation for attribute `registry` is required because this class is not decorated with `@final` (reportUnannotatedClassAttribute)
/home/runner/work/hol-guard/hol-guard/validation-driver/workspace-constructor-validation/constructor/hooks.py:52:14 - warning: Type annotation for attribute `stack` is required because this class is not decorated with `@final` (reportUnannotatedClassAttribute)
::warning file=/home/runner/work/hol-guard/hol-guard/validation-driver/workspace-constructor-validation/constructor/hooks.py,line=52,col=14::Type annotation for attribute `stack` is required because this class is not decorated with `@final` (reportUnannotatedClassAttribute)
/home/runner/work/hol-guard/hol-guard/validation-driver/workspace-constructor-validation/constructor/hooks.py:53:35 - warning: Type `Any` is not allowed (reportExplicitAny)
::warning file=/home/runner/work/hol-guard/hol-guard/validation-driver/workspace-constructor-validation/constructor/hooks.py,line=53,col=35::Type `Any` is not allowed (reportExplicitAny)
/home/runner/work/hol-guard/hol-guard/validation-driver/workspace-constructor-validation/constructor/hooks.py:53:45 - warning: Type `Any` is not allowed (reportExplicitAny)
::warning file=/home/runner/work/hol-guard/hol-guard/validation-driver/workspace-constructor-validation/constructor/hooks.py,line=53,col=45::Type `Any` is not allowed (reportExplicitAny)
/home/runner/work/hol-guard/hol-guard/validation-driver/workspace-constructor-validation/constructor/hooks.py:54:14 - warning: Type annotation for attribute `restored` is required because this class is not decorated with `@final` (reportUnannotatedClassAttribute)
::warning file=/home/runner/work/hol-guard/hol-guard/validation-driver/workspace-constructor-validation/constructor/hooks.py,line=54,col=14::Type annotation for attribute `restored` is required because this class is not decorated with `@final` (reportUnannotatedClassAttribute)
/home/runner/work/hol-guard/hol-guard/validation-driver/workspace-constructor-validation/constructor/hooks.py:56:20 - warning: Type of parameter "owner" is Any (reportAny)
::warning file=/home/runner/work/hol-guard/hol-guard/validation-driver/workspace-constructor-validation/constructor/hooks.py,line=56,col=20::Type of parameter "owner" is Any (reportAny)
/home/runner/work/hol-guard/hol-guard/validation-driver/workspace-constructor-validation/constructor/hooks.py:56:27 - warning: Type `Any` is not allowed (reportExplicitAny)
::warning file=/home/runner/work/hol-guard/hol-guard/validation-driver/workspace-constructor-validation/constructor/hooks.py,line=56,col=27::Type `Any` is not allowed (reportExplicitAny)
/home/runner/work/hol-guard/hol-guard/validation-driver/workspace-constructor-validation/constructor/hooks.py:56:43 - warning: Type of parameter "replacement" is Any (reportAny)
::warning file=/home/runner/work/hol-guard/hol-guard/validation-driver/workspace-constructor-validation/constructor/hooks.py,line=56,col=43::Type of parameter "replacement" is Any (reportAny)
/home/runner/work/hol-guard/hol-guard/validation-driver/workspace-constructor-validation/constructor/hooks.py:56:56 - warning: Type `Any` is not allowed (reportExplicitAny)
::warning file=/home/runner/work/hol-guard/hol-guard/validation-driver/workspace-constructor-validation/constructor/hooks.py,line=56,col=56::Type `Any` is not allowed (reportExplicitAny)
/home/runner/work/hol-guard/hol-guard/validation-driver/workspace-constructor-validation/constructor/hooks.py:57:9 - warning: Type of "original" is Any (reportAny)
::warning file=/home/runner/work/hol-guard/hol-guard/validation-driver/workspace-constructor-validation/constructor/hooks.py,line=57,col=9::Type of "original" is Any (reportAny)
/home/runner/work/hol-guard/hol-guard/validation-driver/workspace-constructor-validation/constructor/hooks.py:57:28 - warning: Argument type is Any
  Argument corresponds to parameter "o" in function "getattr" (reportAny)
::warning file=/home/runner/work/hol-guard/hol-guard/validation-driver/workspace-constructor-validation/constructor/hooks.py,line=57,col=28::Argument type is Any%0A  Argument corresponds to parameter "o" in function "getattr" (reportAny)
/home/runner/work/hol-guard/hol-guard/validation-driver/workspace-constructor-validation/constructor/hooks.py:58:60 - warning: Argument type is Any
  Argument corresponds to parameter "new" in function "object" (reportAny)
::warning file=/home/runner/work/hol-guard/hol-guard/validation-driver/workspace-constructor-validation/constructor/hooks.py,line=58,col=60::Argument type is Any%0A  Argument corresponds to parameter "new" in function "object" (reportAny)
/home/runner/work/hol-guard/hol-guard/validation-driver/workspace-constructor-validation/constructor/hooks.py:61:45 - warning: Type `Any` is not allowed (reportExplicitAny)
::warning file=/home/runner/work/hol-guard/hol-guard/validation-driver/workspace-constructor-validation/constructor/hooks.py,line=61,col=45::Type `Any` is not allowed (reportExplicitAny)
/home/runner/work/hol-guard/hol-guard/validation-driver/workspace-constructor-validation/constructor/hooks.py:61:74 - warning: Type `Any` is not allowed (reportExplicitAny)
::warning file=/home/runner/work/hol-guard/hol-guard/validation-driver/workspace-constructor-validation/constructor/hooks.py,line=61,col=74::Type `Any` is not allowed (reportExplicitAny)
/home/runner/work/hol-guard/hol-guard/validation-driver/workspace-constructor-validation/constructor/hooks.py:64:18 - warning: Type of "instance" is Any (reportAny)
::warning file=/home/runner/work/hol-guard/hol-guard/validation-driver/workspace-constructor-validation/constructor/hooks.py,line=64,col=18::Type of "instance" is Any (reportAny)
/home/runner/work/hol-guard/hol-guard/validation-driver/workspace-constructor-validation/constructor/hooks.py:67:16 - warning: Type of "service" is Any (reportAny)
::warning file=/home/runner/work/hol-guard/hol-guard/validation-driver/workspace-constructor-validation/constructor/hooks.py,line=67,col=16::Type of "service" is Any (reportAny)
/home/runner/work/hol-guard/hol-guard/validation-driver/workspace-constructor-validation/constructor/hooks.py:71:16 - warning: Type of "http" is Any (reportAny)
::warning file=/home/runner/work/hol-guard/hol-guard/validation-driver/workspace-constructor-validation/constructor/hooks.py,line=71,col=16::Type of "http" is Any (reportAny)
/home/runner/work/hol-guard/hol-guard/validation-driver/workspace-constructor-validation/constructor/hooks.py:71:71 - warning: Type of "store" is Any (reportAny)
::warning file=/home/runner/work/hol-guard/hol-guard/validation-driver/workspace-constructor-validation/constructor/hooks.py,line=71,col=71::Type of "store" is Any (reportAny)
/home/runner/work/hol-guard/hol-guard/validation-driver/workspace-constructor-validation/constructor/hooks.py:75:32 - warning: Type of "http" is Any (reportAny)
::warning file=/home/runner/work/hol-guard/hol-guard/validation-driver/workspace-constructor-validation/constructor/hooks.py,line=75,col=32::Type of "http" is Any (reportAny)
/home/runner/work/hol-guard/hol-guard/validation-driver/workspace-constructor-validation/constructor/hooks.py:78:16 - warning: Type of "worker" is Any (reportAny)
::warning file=/home/runner/work/hol-guard/hol-guard/validation-driver/workspace-constructor-validation/constructor/hooks.py,line=78,col=16::Type of "worker" is Any (reportAny)
/home/runner/work/hol-guard/hol-guard/validation-driver/workspace-constructor-validation/constructor/hooks.py:78:73 - warning: Type of "store" is Any (reportAny)
::warning file=/home/runner/work/hol-guard/hol-guard/validation-driver/workspace-constructor-validation/constructor/hooks.py,line=78,col=73::Type of "store" is Any (reportAny)
/home/runner/work/hol-guard/hol-guard/validation-driver/workspace-constructor-validation/constructor/hooks.py:82:32 - warning: Type of "publisher" is Any (reportAny)
::warning file=/home/runner/work/hol-guard/hol-guard/validation-driver/workspace-constructor-validation/constructor/hooks.py,line=82,col=32::Type of "publisher" is Any (reportAny)
/home/runner/work/hol-guard/hol-guard/validation-driver/workspace-constructor-validation/constructor/hooks.py:87:19 - warning: Type of parameter "owner" is Any (reportAny)
::warning file=/home/runner/work/hol-guard/hol-guard/validation-driver/workspace-constructor-validation/constructor/hooks.py,line=87,col=19::Type of parameter "owner" is Any (reportAny)
/home/runner/work/hol-guard/hol-guard/validation-driver/workspace-constructor-validation/constructor/hooks.py:87:26 - warning: Type `Any` is not allowed (reportExplicitAny)
::warning file=/home/runner/work/hol-guard/hol-guard/validation-driver/workspace-constructor-validation/constructor/hooks.py,line=87,col=26::Type `Any` is not allowed (reportExplicitAny)
/home/runner/work/hol-guard/hol-guard/validation-driver/workspace-constructor-validation/constructor/hooks.py:88:9 - warning: Type of "original" is Any (reportAny)
::warning file=/home/runner/work/hol-guard/hol-guard/validation-driver/workspace-constructor-validation/constructor/hooks.py,line=88,col=9::Type of "original" is Any (reportAny)
/home/runner/work/hol-guard/hol-guard/validation-driver/workspace-constructor-validation/constructor/hooks.py:88:28 - warning: Argument type is Any
  Argument corresponds to parameter "o" in function "getattr" (reportAny)
::warning file=/home/runner/work/hol-guard/hol-guard/validation-driver/workspace-constructor-validation/constructor/hooks.py,line=88,col=28::Argument type is Any%0A  Argument corresponds to parameter "o" in function "getattr" (reportAny)
/home/runner/work/hol-guard/hol-guard/validation-driver/workspace-constructor-validation/constructor/hooks.py:90:16 - warning: Argument type is Any
  Argument corresponds to parameter "wrapped" in function "wraps" (reportAny)
::warning file=/home/runner/work/hol-guard/hol-guard/validation-driver/workspace-constructor-validation/constructor/hooks.py,line=90,col=16::Argument type is Any%0A  Argument corresponds to parameter "wrapped" in function "wraps" (reportAny)
/home/runner/work/hol-guard/hol-guard/validation-driver/workspace-constructor-validation/constructor/hooks.py:91:13 - warning: Return type is Any (reportAny)
::warning file=/home/runner/work/hol-guard/hol-guard/validation-driver/workspace-constructor-validation/constructor/hooks.py,line=91,col=13::Return type is Any (reportAny)
/home/runner/work/hol-guard/hol-guard/validation-driver/workspace-constructor-validation/constructor/hooks.py:91:23 - warning: Type of parameter "args" is Any (reportAny)
::warning file=/home/runner/work/hol-guard/hol-guard/validation-driver/workspace-constructor-validation/constructor/hooks.py,line=91,col=23::Type of parameter "args" is Any (reportAny)
/home/runner/work/hol-guard/hol-guard/validation-driver/workspace-constructor-validation/constructor/hooks.py:91:29 - warning: Type `Any` is not allowed (reportExplicitAny)
::warning file=/home/runner/work/hol-guard/hol-guard/validation-driver/workspace-constructor-validation/constructor/hooks.py,line=91,col=29::Type `Any` is not allowed (reportExplicitAny)
/home/runner/work/hol-guard/hol-guard/validation-driver/workspace-constructor-validation/constructor/hooks.py:91:36 - warning: Type of parameter "kwargs" is Any (reportAny)
::warning file=/home/runner/work/hol-guard/hol-guard/validation-driver/workspace-constructor-validation/constructor/hooks.py,line=91,col=36::Type of parameter "kwargs" is Any (reportAny)
/home/runner/work/hol-guard/hol-guard/validation-driver/workspace-constructor-validation/constructor/hooks.py:91:44 - warning: Type `Any` is not allowed (reportExplicitAny)
::warning file=/home/runner/work/hol-guard/hol-guard/validation-driver/workspace-constructor-validation/constructor/hooks.py,line=91,col=44::Type `Any` is not allowed (reportExplicitAny)
/home/runner/work/hol-guard/hol-guard/validation-driver/workspace-constructor-validation/constructor/hooks.py:91:52 - warning: Type `Any` is not allowed (reportExplicitAny)
::warning file=/home/runner/work/hol-guard/hol-guard/validation-driver/workspace-constructor-validation/constructor/hooks.py,line=91,col=52::Type `Any` is not allowed (reportExplicitAny)
/home/runner/work/hol-guard/hol-guard/validation-driver/workspace-constructor-validation/constructor/hooks.py:93:24 - warning: Return type is Any (reportAny)
::warning file=/home/runner/work/hol-guard/hol-guard/validation-driver/workspace-constructor-validation/constructor/hooks.py,line=93,col=24::Return type is Any (reportAny)
/home/runner/work/hol-guard/hol-guard/validation-driver/workspace-constructor-validation/constructor/hooks.py:95:47 - warning: "_getframe" is private and used outside of the module in which it is declared (reportPrivateUsage)
::warning file=/home/runner/work/hol-guard/hol-guard/validation-driver/workspace-constructor-validation/constructor/hooks.py,line=95,col=47::"_getframe" is private and used outside of the module in which it is declared (reportPrivateUsage)
/home/runner/work/hol-guard/hol-guard/validation-driver/workspace-constructor-validation/constructor/hooks.py:101:24 - warning: Return type is Any (reportAny)
::warning file=/home/runner/work/hol-guard/hol-guard/validation-driver/workspace-constructor-validation/constructor/hooks.py,line=101,col=24::Return type is Any (reportAny)
/home/runner/work/hol-guard/hol-guard/validation-driver/workspace-constructor-validation/constructor/hooks.py:102:20 - warning: Return type is Any (reportAny)
::warning file=/home/runner/work/hol-guard/hol-guard/validation-driver/workspace-constructor-validation/constructor/hooks.py,line=102,col=20::Return type is Any (reportAny)
/home/runner/work/hol-guard/hol-guard/validation-driver/workspace-constructor-validation/constructor/hooks.py:114:27 - warning: "_GuardDaemonHttpServer" is private and used outside of the module in which it is declared (reportPrivateUsage)
::warning file=/home/runner/work/hol-guard/hol-guard/validation-driver/workspace-constructor-validation/constructor/hooks.py,line=114,col=27::"_GuardDaemonHttpServer" is private and used outside of the module in which it is declared (reportPrivateUsage)
/home/runner/work/hol-guard/hol-guard/validation-driver/workspace-constructor-validation/constructor/hooks.py:114:69 - warning: "_GuardDaemonHTTPServer" is private and used outside of the module in which it is declared (reportPrivateUsage)
::warning file=/home/runner/work/hol-guard/hol-guard/validation-driver/workspace-constructor-validation/constructor/hooks.py,line=114,col=69::"_GuardDaemonHTTPServer" is private and used outside of the module in which it is declared (reportPrivateUsage)
/home/runner/work/hol-guard/hol-guard/validation-driver/workspace-constructor-validation/constructor/hooks.py:118:34 - warning: "_GuardDaemonHTTPServer" is private and used outside of the module in which it is declared (reportPrivateUsage)
::warning file=/home/runner/work/hol-guard/hol-guard/validation-driver/workspace-constructor-validation/constructor/hooks.py,line=118,col=34::"_GuardDaemonHTTPServer" is private and used outside of the module in which it is declared (reportPrivateUsage)
/home/runner/work/hol-guard/hol-guard/validation-driver/workspace-constructor-validation/constructor/hooks.py:119:34 - warning: "_GuardDaemonHTTPServer" is private and used outside of the module in which it is declared (reportPrivateUsage)
::warning file=/home/runner/work/hol-guard/hol-guard/validation-driver/workspace-constructor-validation/constructor/hooks.py,line=119,col=34::"_GuardDaemonHTTPServer" is private and used outside of the module in which it is declared (reportPrivateUsage)
/home/runner/work/hol-guard/hol-guard/validation-driver/workspace-constructor-validation/constructor/hooks.py:122:37 - warning: "replace_service" is not exported from module "scripts.native_slo_workspace_lifecycle" (reportPrivateLocalImportUsage)
::warning file=/home/runner/work/hol-guard/hol-guard/validation-driver/workspace-constructor-validation/constructor/hooks.py,line=122,col=37::"replace_service" is not exported from module "scripts.native_slo_workspace_lifecycle" (reportPrivateLocalImportUsage)
/home/runner/work/hol-guard/hol-guard/validation-driver/workspace-constructor-validation/constructor/hooks.py:125:17 - warning: Return type is Any (reportAny)
::warning file=/home/runner/work/hol-guard/hol-guard/validation-driver/workspace-constructor-validation/constructor/hooks.py,line=125,col=17::Return type is Any (reportAny)
/home/runner/work/hol-guard/hol-guard/validation-driver/workspace-constructor-validation/constructor/hooks.py:125:26 - warning: Type of parameter "args" is Any (reportAny)
::warning file=/home/runner/work/hol-guard/hol-guard/validation-driver/workspace-constructor-validation/constructor/hooks.py,line=125,col=26::Type of parameter "args" is Any (reportAny)
/home/runner/work/hol-guard/hol-guard/validation-driver/workspace-constructor-validation/constructor/hooks.py:125:32 - warning: Type `Any` is not allowed (reportExplicitAny)
::warning file=/home/runner/work/hol-guard/hol-guard/validation-driver/workspace-constructor-validation/constructor/hooks.py,line=125,col=32::Type `Any` is not allowed (reportExplicitAny)
/home/runner/work/hol-guard/hol-guard/validation-driver/workspace-constructor-validation/constructor/hooks.py:125:39 - warning: Type of parameter "kwargs" is Any (reportAny)
::warning file=/home/runner/work/hol-guard/hol-guard/validation-driver/workspace-constructor-validation/constructor/hooks.py,line=125,col=39::Type of parameter "kwargs" is Any (reportAny)
/home/runner/work/hol-guard/hol-guard/validation-driver/workspace-constructor-validation/constructor/hooks.py:125:47 - warning: Type `Any` is not allowed (reportExplicitAny)
::warning file=/home/runner/work/hol-guard/hol-guard/validation-driver/workspace-constructor-validation/constructor/hooks.py,line=125,col=47::Type `Any` is not allowed (reportExplicitAny)
/home/runner/work/hol-guard/hol-guard/validation-driver/workspace-constructor-validation/constructor/hooks.py:125:55 - warning: Type `Any` is not allowed (reportExplicitAny)
::warning file=/home/runner/work/hol-guard/hol-guard/validation-driver/workspace-constructor-validation/constructor/hooks.py,line=125,col=55::Type `Any` is not allowed (reportExplicitAny)
/home/runner/work/hol-guard/hol-guard/validation-driver/workspace-constructor-validation/constructor/hooks.py:126:47 - warning: Type of "session" is Any (reportAny)
::warning file=/home/runner/work/hol-guard/hol-guard/validation-driver/workspace-constructor-validation/constructor/hooks.py,line=126,col=47::Type of "session" is Any (reportAny)
/home/runner/work/hol-guard/hol-guard/validation-driver/workspace-constructor-validation/constructor/hooks.py:127:41 - warning: Argument type is Any
  Argument corresponds to parameter "workspaces" in function "replace_service" (reportAny)
::warning file=/home/runner/work/hol-guard/hol-guard/validation-driver/workspace-constructor-validation/constructor/hooks.py,line=127,col=41::Argument type is Any%0A  Argument corresponds to parameter "workspaces" in function "replace_service" (reportAny)
/home/runner/work/hol-guard/hol-guard/validation-driver/workspace-constructor-validation/constructor/hooks.py:129:51 - warning: "_getframe" is private and used outside of the module in which it is declared (reportPrivateUsage)
::warning file=/home/runner/work/hol-guard/hol-guard/validation-driver/workspace-constructor-validation/constructor/hooks.py,line=129,col=51::"_getframe" is private and used outside of the module in which it is declared (reportPrivateUsage)
/home/runner/work/hol-guard/hol-guard/validation-driver/workspace-constructor-validation/constructor/hooks.py:134:41 - warning: Argument type is Any
  Argument corresponds to parameter "workspaces" in function "replace_service" (reportAny)
::warning file=/home/runner/work/hol-guard/hol-guard/validation-driver/workspace-constructor-validation/constructor/hooks.py,line=134,col=41::Argument type is Any%0A  Argument corresponds to parameter "workspaces" in function "replace_service" (reportAny)
/home/runner/work/hol-guard/hol-guard/validation-driver/workspace-constructor-validation/constructor/hooks.py:135:24 - warning: Return type is Any (reportAny)
::warning file=/home/runner/work/hol-guard/hol-guard/validation-driver/workspace-constructor-validation/constructor/hooks.py,line=135,col=24::Return type is Any (reportAny)
/home/runner/work/hol-guard/hol-guard/validation-driver/workspace-constructor-validation/constructor/hooks.py:138:35 - warning: "get_native_policy_snapshot_publisher" is not exported from module "codex_plugin_scanner.guard.daemon.hook_worker" (reportPrivateLocalImportUsage)
::warning file=/home/runner/work/hol-guard/hol-guard/validation-driver/workspace-constructor-validation/constructor/hooks.py,line=138,col=35::"get_native_policy_snapshot_publisher" is not exported from module "codex_plugin_scanner.guard.daemon.hook_worker" (reportPrivateLocalImportUsage)
/home/runner/work/hol-guard/hol-guard/validation-driver/workspace-constructor-validation/constructor/hooks.py:141:17 - warning: Return type is Any (reportAny)
::warning file=/home/runner/work/hol-guard/hol-guard/validation-driver/workspace-constructor-validation/constructor/hooks.py,line=141,col=17::Return type is Any (reportAny)
/home/runner/work/hol-guard/hol-guard/validation-driver/workspace-constructor-validation/constructor/hooks.py:141:28 - warning: Type of parameter "args" is Any (reportAny)
::warning file=/home/runner/work/hol-guard/hol-guard/validation-driver/workspace-constructor-validation/constructor/hooks.py,line=141,col=28::Type of parameter "args" is Any (reportAny)
/home/runner/work/hol-guard/hol-guard/validation-driver/workspace-constructor-validation/constructor/hooks.py:141:34 - warning: Type `Any` is not allowed (reportExplicitAny)
::warning file=/home/runner/work/hol-guard/hol-guard/validation-driver/workspace-constructor-validation/constructor/hooks.py,line=141,col=34::Type `Any` is not allowed (reportExplicitAny)
/home/runner/work/hol-guard/hol-guard/validation-driver/workspace-constructor-validation/constructor/hooks.py:141:41 - warning: Type of parameter "kwargs" is Any (reportAny)
::warning file=/home/runner/work/hol-guard/hol-guard/validation-driver/workspace-constructor-validation/constructor/hooks.py,line=141,col=41::Type of parameter "kwargs" is Any (reportAny)
/home/runner/work/hol-guard/hol-guard/validation-driver/workspace-constructor-validation/constructor/hooks.py:141:49 - warning: Type `Any` is not allowed (reportExplicitAny)
::warning file=/home/runner/work/hol-guard/hol-guard/validation-driver/workspace-constructor-validation/constructor/hooks.py,line=141,col=49::Type `Any` is not allowed (reportExplicitAny)
/home/runner/work/hol-guard/hol-guard/validation-driver/workspace-constructor-validation/constructor/hooks.py:141:57 - warning: Type `Any` is not allowed (reportExplicitAny)
::warning file=/home/runner/work/hol-guard/hol-guard/validation-driver/workspace-constructor-validation/constructor/hooks.py,line=141,col=57::Type `Any` is not allowed (reportExplicitAny)
/home/runner/work/hol-guard/hol-guard/validation-driver/workspace-constructor-validation/constructor/hooks.py:142:35 - warning: Argument type is Any
  Argument corresponds to parameter "store" in function "get_native_policy_snapshot_publisher" (reportAny)
::warning file=/home/runner/work/hol-guard/hol-guard/validation-driver/workspace-constructor-validation/constructor/hooks.py,line=142,col=35::Argument type is Any%0A  Argument corresponds to parameter "store" in function "get_native_policy_snapshot_publisher" (reportAny)
/home/runner/work/hol-guard/hol-guard/validation-driver/workspace-constructor-validation/constructor/hooks.py:145:55 - warning: "_getframe" is private and used outside of the module in which it is declared (reportPrivateUsage)
::warning file=/home/runner/work/hol-guard/hol-guard/validation-driver/workspace-constructor-validation/constructor/hooks.py,line=145,col=55::"_getframe" is private and used outside of the module in which it is declared (reportPrivateUsage)
/home/runner/work/hol-guard/hol-guard/validation-driver/workspace-constructor-validation/constructor/hooks.py:154:62 - warning: "time" is not exported from module "scripts.native_slo_workspace_lifecycle" (reportPrivateLocalImportUsage)
::warning file=/home/runner/work/hol-guard/hol-guard/validation-driver/workspace-constructor-validation/constructor/hooks.py,line=154,col=62::"time" is not exported from module "scripts.native_slo_workspace_lifecycle" (reportPrivateLocalImportUsage)
/home/runner/work/hol-guard/hol-guard/validation-driver/workspace-constructor-validation/constructor/hooks.py:166:41 - warning: Argument type is Any
  Argument corresponds to parameter "o" in function "getattr" (reportAny)
::warning file=/home/runner/work/hol-guard/hol-guard/validation-driver/workspace-constructor-validation/constructor/hooks.py,line=166,col=41::Argument type is Any%0A  Argument corresponds to parameter "o" in function "getattr" (reportAny)
/home/runner/work/hol-guard/hol-guard/validation-driver/workspace-constructor-validation/constructor/hooks.py:166:70 - warning: Type of "owner" is Any (reportAny)
::warning file=/home/runner/work/hol-guard/hol-guard/validation-driver/workspace-constructor-validation/constructor/hooks.py,line=166,col=70::Type of "owner" is Any (reportAny)
/home/runner/work/hol-guard/hol-guard/validation-driver/workspace-constructor-validation/constructor/hooks.py:166:83 - warning: Type of "original" is Any (reportAny)
::warning file=/home/runner/work/hol-guard/hol-guard/validation-driver/workspace-constructor-validation/constructor/hooks.py,line=166,col=83::Type of "original" is Any (reportAny)
/home/runner/work/hol-guard/hol-guard/validation-driver/workspace-constructor-validation/constructor/hooks.py:172:25 - warning: Type of parameter "_args" is Any (reportAny)
::warning file=/home/runner/work/hol-guard/hol-guard/validation-driver/workspace-constructor-validation/constructor/hooks.py,line=172,col=25::Type of parameter "_args" is Any (reportAny)
/home/runner/work/hol-guard/hol-guard/validation-driver/workspace-constructor-validation/constructor/hooks.py:172:32 - warning: Type `Any` is not allowed (reportExplicitAny)
::warning file=/home/runner/work/hol-guard/hol-guard/validation-driver/workspace-constructor-validation/constructor/hooks.py,line=172,col=32::Type `Any` is not allowed (reportExplicitAny)
/home/runner/work/hol-guard/hol-guard/validation-driver/workspace-constructor-validation/constructor/parent.py:17:14 - warning: Type annotation for attribute `source` is required because this class is not decorated with `@final` (reportUnannotatedClassAttribute)
::warning file=/home/runner/work/hol-guard/hol-guard/validation-driver/workspace-constructor-validation/constructor/parent.py,line=17,col=14::Type annotation for attribute `source` is required because this class is not decorated with `@final` (reportUnannotatedClassAttribute)
/home/runner/work/hol-guard/hol-guard/validation-driver/workspace-constructor-validation/constructor/parent.py:18:14 - warning: Type annotation for attribute `output` is required because this class is not decorated with `@final` (reportUnannotatedClassAttribute)
::warning file=/home/runner/work/hol-guard/hol-guard/validation-driver/workspace-constructor-validation/constructor/parent.py,line=18,col=14::Type annotation for attribute `output` is required because this class is not decorated with `@final` (reportUnannotatedClassAttribute)
/home/runner/work/hol-guard/hol-guard/validation-driver/workspace-constructor-validation/constructor/parent.py:19:14 - warning: Type annotation for attribute `child` is required because this class is not decorated with `@final` (reportUnannotatedClassAttribute)
::warning file=/home/runner/work/hol-guard/hol-guard/validation-driver/workspace-constructor-validation/constructor/parent.py,line=19,col=14::Type annotation for attribute `child` is required because this class is not decorated with `@final` (reportUnannotatedClassAttribute)
/home/runner/work/hol-guard/hol-guard/validation-driver/workspace-constructor-validation/constructor/parent.py:20:14 - warning: Type annotation for attribute `stack` is required because this class is not decorated with `@final` (reportUnannotatedClassAttribute)
::warning file=/home/runner/work/hol-guard/hol-guard/validation-driver/workspace-constructor-validation/constructor/parent.py,line=20,col=14::Type annotation for attribute `stack` is required because this class is not decorated with `@final` (reportUnannotatedClassAttribute)
/home/runner/work/hol-guard/hol-guard/validation-driver/workspace-constructor-validation/constructor/parent.py:21:14 - warning: Type annotation for attribute `created` is required because this class is not decorated with `@final` (reportUnannotatedClassAttribute)
::warning file=/home/runner/work/hol-guard/hol-guard/validation-driver/workspace-constructor-validation/constructor/parent.py,line=21,col=14::Type annotation for attribute `created` is required because this class is not decorated with `@final` (reportUnannotatedClassAttribute)
/home/runner/work/hol-guard/hol-guard/validation-driver/workspace-constructor-validation/constructor/parent.py:22:14 - warning: Type annotation for attribute `forwarded` is required because this class is not decorated with `@final` (reportUnannotatedClassAttribute)
::warning file=/home/runner/work/hol-guard/hol-guard/validation-driver/workspace-constructor-validation/constructor/parent.py,line=22,col=14::Type annotation for attribute `forwarded` is required because this class is not decorated with `@final` (reportUnannotatedClassAttribute)
/home/runner/work/hol-guard/hol-guard/validation-driver/workspace-constructor-validation/constructor/parent.py:23:14 - warning: Type annotation for attribute `restored` is required because this class is not decorated with `@final` (reportUnannotatedClassAttribute)
::warning file=/home/runner/work/hol-guard/hol-guard/validation-driver/workspace-constructor-validation/constructor/parent.py,line=23,col=14::Type annotation for attribute `restored` is required because this class is not decorated with `@final` (reportUnannotatedClassAttribute)
/home/runner/work/hol-guard/hol-guard/validation-driver/workspace-constructor-validation/constructor/parent.py:24:14 - warning: Type annotation for attribute `_original_factory` is required because this class is not decorated with `@final` (reportUnannotatedClassAttribute)
::warning file=/home/runner/work/hol-guard/hol-guard/validation-driver/workspace-constructor-validation/constructor/parent.py,line=24,col=14::Type annotation for attribute `_original_factory` is required because this class is not decorated with `@final` (reportUnannotatedClassAttribute)
/home/runner/work/hol-guard/hol-guard/validation-driver/workspace-constructor-validation/constructor/parent.py:25:14 - warning: Type annotation for attribute `_original_spawn` is required because this class is not decorated with `@final` (reportUnannotatedClassAttribute)
::warning file=/home/runner/work/hol-guard/hol-guard/validation-driver/workspace-constructor-validation/constructor/parent.py,line=25,col=14::Type annotation for attribute `_original_spawn` is required because this class is not decorated with `@final` (reportUnannotatedClassAttribute)
/home/runner/work/hol-guard/hol-guard/validation-driver/workspace-constructor-validation/constructor/parent.py:27:23 - warning: Type of parameter "argv" is Any (reportAny)
::warning file=/home/runner/work/hol-guard/hol-guard/validation-driver/workspace-constructor-validation/constructor/parent.py,line=27,col=23::Type of parameter "argv" is Any (reportAny)
/home/runner/work/hol-guard/hol-guard/validation-driver/workspace-constructor-validation/constructor/parent.py:27:29 - warning: Type `Any` is not allowed (reportExplicitAny)
::warning file=/home/runner/work/hol-guard/hol-guard/validation-driver/workspace-constructor-validation/constructor/parent.py,line=27,col=29::Type `Any` is not allowed (reportExplicitAny)
/home/runner/work/hol-guard/hol-guard/validation-driver/workspace-constructor-validation/constructor/parent.py:30:18 - warning: Argument type is Any
  Argument corresponds to parameter "o" in function "__init__" (reportAny)
::warning file=/home/runner/work/hol-guard/hol-guard/validation-driver/workspace-constructor-validation/constructor/parent.py,line=30,col=18::Argument type is Any%0A  Argument corresponds to parameter "o" in function "__init__" (reportAny)
/home/runner/work/hol-guard/hol-guard/validation-driver/workspace-constructor-validation/constructor/parent.py:31:20 - warning: Argument type is partially unknown
  Argument corresponds to parameter "obj" in function "len"
  Argument type is "tuple[Unknown, ...]" (reportUnknownArgumentType)
::warning file=/home/runner/work/hol-guard/hol-guard/validation-driver/workspace-constructor-validation/constructor/parent.py,line=31,col=20::Argument type is partially unknown%0A  Argument corresponds to parameter "obj" in function "len"%0A  Argument type is "tuple[Unknown, ...]" (reportUnknownArgumentType)
/home/runner/work/hol-guard/hol-guard/validation-driver/workspace-constructor-validation/constructor/parent.py:33:21 - warning: Argument type is unknown
  Argument corresponds to parameter "args" in function "__init__" (reportUnknownArgumentType)
::warning file=/home/runner/work/hol-guard/hol-guard/validation-driver/workspace-constructor-validation/constructor/parent.py,line=33,col=21::Argument type is unknown%0A  Argument corresponds to parameter "args" in function "__init__" (reportUnknownArgumentType)
/home/runner/work/hol-guard/hol-guard/validation-driver/workspace-constructor-validation/constructor/parent.py:39:16 - warning: Return type, "tuple[Unknown, Literal['-u'], str, Literal['--source-root'], str, Literal['--output'], str, Literal['--scenario'], Literal['first_admission_fault'], Literal['--'], Unknown, Unknown, Unknown, Unknown, Unknown]", is partially unknown (reportUnknownVariableType)
::warning file=/home/runner/work/hol-guard/hol-guard/validation-driver/workspace-constructor-validation/constructor/parent.py,line=39,col=16::Return type, "tuple[Unknown, Literal['-u'], str, Literal['--source-root'], str, Literal['--output'], str, Literal['--scenario'], Literal['first_admission_fault'], Literal['--'], Unknown, Unknown, Unknown, Unknown, Unknown]", is partially unknown (reportUnknownVariableType)
/home/runner/work/hol-guard/hol-guard/validation-driver/workspace-constructor-validation/constructor/parent.py:57:35 - warning: "DaemonFixture" is not exported from module "scripts.native_slo_workspace_lifecycle_runner" (reportPrivateLocalImportUsage)
::warning file=/home/runner/work/hol-guard/hol-guard/validation-driver/workspace-constructor-validation/constructor/parent.py,line=57,col=35::"DaemonFixture" is not exported from module "scripts.native_slo_workspace_lifecycle_runner" (reportPrivateLocalImportUsage)
/home/runner/work/hol-guard/hol-guard/validation-driver/workspace-constructor-validation/constructor/parent.py:58:33 - warning: "_spawn_hook_process" is private and used outside of the module in which it is declared (reportPrivateUsage)
::warning file=/home/runner/work/hol-guard/hol-guard/validation-driver/workspace-constructor-validation/constructor/parent.py,line=58,col=33::"_spawn_hook_process" is private and used outside of the module in which it is declared (reportPrivateUsage)
/home/runner/work/hol-guard/hol-guard/validation-driver/workspace-constructor-validation/constructor/parent.py:58:33 - warning: "_spawn_hook_process" is not exported from module "scripts.native_slo_daemon_fixture" (reportPrivateLocalImportUsage)
::warning file=/home/runner/work/hol-guard/hol-guard/validation-driver/workspace-constructor-validation/constructor/parent.py,line=58,col=33::"_spawn_hook_process" is not exported from module "scripts.native_slo_daemon_fixture" (reportPrivateLocalImportUsage)
/home/runner/work/hol-guard/hol-guard/validation-driver/workspace-constructor-validation/constructor/parent.py:63:32 - warning: Type of parameter "inner" is Any (reportAny)
::warning file=/home/runner/work/hol-guard/hol-guard/validation-driver/workspace-constructor-validation/constructor/parent.py,line=63,col=32::Type of parameter "inner" is Any (reportAny)
/home/runner/work/hol-guard/hol-guard/validation-driver/workspace-constructor-validation/constructor/parent.py:63:39 - warning: Type `Any` is not allowed (reportExplicitAny)
::warning file=/home/runner/work/hol-guard/hol-guard/validation-driver/workspace-constructor-validation/constructor/parent.py,line=63,col=39::Type `Any` is not allowed (reportExplicitAny)
/home/runner/work/hol-guard/hol-guard/validation-driver/workspace-constructor-validation/constructor/parent.py:64:17 - warning: Type of "inner" is Any (reportAny)
::warning file=/home/runner/work/hol-guard/hol-guard/validation-driver/workspace-constructor-validation/constructor/parent.py,line=64,col=17::Type of "inner" is Any (reportAny)
/home/runner/work/hol-guard/hol-guard/validation-driver/workspace-constructor-validation/constructor/parent.py:64:22 - warning: Type annotation for attribute `inner` is required because this class is not decorated with `@final` (reportUnannotatedClassAttribute)
::warning file=/home/runner/work/hol-guard/hol-guard/validation-driver/workspace-constructor-validation/constructor/parent.py,line=64,col=22::Type annotation for attribute `inner` is required because this class is not decorated with `@final` (reportUnannotatedClassAttribute)
/home/runner/work/hol-guard/hol-guard/validation-driver/workspace-constructor-validation/constructor/parent.py:64:34 - warning: Type annotation for attribute `index` is required because this class is not decorated with `@final` (reportUnannotatedClassAttribute)
::warning file=/home/runner/work/hol-guard/hol-guard/validation-driver/workspace-constructor-validation/constructor/parent.py,line=64,col=34::Type annotation for attribute `index` is required because this class is not decorated with `@final` (reportUnannotatedClassAttribute)
/home/runner/work/hol-guard/hol-guard/validation-driver/workspace-constructor-validation/constructor/parent.py:66:17 - warning: Return type is Any (reportAny)
::warning file=/home/runner/work/hol-guard/hol-guard/validation-driver/workspace-constructor-validation/constructor/parent.py,line=66,col=17::Return type is Any (reportAny)
/home/runner/work/hol-guard/hol-guard/validation-driver/workspace-constructor-validation/constructor/parent.py:66:36 - warning: Type `Any` is not allowed (reportExplicitAny)
::warning file=/home/runner/work/hol-guard/hol-guard/validation-driver/workspace-constructor-validation/constructor/parent.py,line=66,col=36::Type `Any` is not allowed (reportExplicitAny)
/home/runner/work/hol-guard/hol-guard/validation-driver/workspace-constructor-validation/constructor/parent.py:67:21 - warning: Return type is Any (reportAny)
::warning file=/home/runner/work/hol-guard/hol-guard/validation-driver/workspace-constructor-validation/constructor/parent.py,line=67,col=21::Return type is Any (reportAny)
/home/runner/work/hol-guard/hol-guard/validation-driver/workspace-constructor-validation/constructor/parent.py:67:27 - warning: Type of parameter "argv" is Any (reportAny)
::warning file=/home/runner/work/hol-guard/hol-guard/validation-driver/workspace-constructor-validation/constructor/parent.py,line=67,col=27::Type of parameter "argv" is Any (reportAny)
/home/runner/work/hol-guard/hol-guard/validation-driver/workspace-constructor-validation/constructor/parent.py:67:33 - warning: Type `Any` is not allowed (reportExplicitAny)
::warning file=/home/runner/work/hol-guard/hol-guard/validation-driver/workspace-constructor-validation/constructor/parent.py,line=67,col=33::Type `Any` is not allowed (reportExplicitAny)
/home/runner/work/hol-guard/hol-guard/validation-driver/workspace-constructor-validation/constructor/parent.py:67:40 - warning: Type of parameter "kwargs" is Any (reportAny)
::warning file=/home/runner/work/hol-guard/hol-guard/validation-driver/workspace-constructor-validation/constructor/parent.py,line=67,col=40::Type of parameter "kwargs" is Any (reportAny)
/home/runner/work/hol-guard/hol-guard/validation-driver/workspace-constructor-validation/constructor/parent.py:67:48 - warning: Type `Any` is not allowed (reportExplicitAny)
::warning file=/home/runner/work/hol-guard/hol-guard/validation-driver/workspace-constructor-validation/constructor/parent.py,line=67,col=48::Type `Any` is not allowed (reportExplicitAny)
/home/runner/work/hol-guard/hol-guard/validation-driver/workspace-constructor-validation/constructor/parent.py:67:56 - warning: Type `Any` is not allowed (reportExplicitAny)
::warning file=/home/runner/work/hol-guard/hol-guard/validation-driver/workspace-constructor-validation/constructor/parent.py,line=67,col=56::Type `Any` is not allowed (reportExplicitAny)
/home/runner/work/hol-guard/hol-guard/validation-driver/workspace-constructor-validation/constructor/parent.py:72:56 - warning: Argument type is Any
  Argument corresponds to parameter "cwd" in function "_spawn_hook_process" (reportAny)
::warning file=/home/runner/work/hol-guard/hol-guard/validation-driver/workspace-constructor-validation/constructor/parent.py,line=72,col=56::Argument type is Any%0A  Argument corresponds to parameter "cwd" in function "_spawn_hook_process" (reportAny)
/home/runner/work/hol-guard/hol-guard/validation-driver/workspace-constructor-validation/constructor/parent.py:72:56 - warning: Argument type is Any
  Argument corresponds to parameter "environment" in function "_spawn_hook_process" (reportAny)
::warning file=/home/runner/work/hol-guard/hol-guard/validation-driver/workspace-constructor-validation/constructor/parent.py,line=72,col=56::Argument type is Any%0A  Argument corresponds to parameter "environment" in function "_spawn_hook_process" (reportAny)
/home/runner/work/hol-guard/hol-guard/validation-driver/workspace-constructor-validation/constructor/parent.py:72:56 - warning: Argument type is Any
  Argument corresponds to parameter "allow_windows_breakaway" in function "_spawn_hook_process" (reportAny)
::warning file=/home/runner/work/hol-guard/hol-guard/validation-driver/workspace-constructor-validation/constructor/parent.py,line=72,col=56::Argument type is Any%0A  Argument corresponds to parameter "allow_windows_breakaway" in function "_spawn_hook_process" (reportAny)
/home/runner/work/hol-guard/hol-guard/validation-driver/workspace-constructor-validation/constructor/parent.py:72:56 - warning: Argument type is Any
  Argument corresponds to parameter "windows_kill_on_job_close" in function "_spawn_hook_process" (reportAny)
::warning file=/home/runner/work/hol-guard/hol-guard/validation-driver/workspace-constructor-validation/constructor/parent.py,line=72,col=56::Argument type is Any%0A  Argument corresponds to parameter "windows_kill_on_job_close" in function "_spawn_hook_process" (reportAny)
/home/runner/work/hol-guard/hol-guard/validation-driver/workspace-constructor-validation/constructor/parent.py:72:56 - warning: Argument type is Any
  Argument corresponds to parameter "parent_liveness" in function "_spawn_hook_process" (reportAny)
::warning file=/home/runner/work/hol-guard/hol-guard/validation-driver/workspace-constructor-validation/constructor/parent.py,line=72,col=56::Argument type is Any%0A  Argument corresponds to parameter "parent_liveness" in function "_spawn_hook_process" (reportAny)
/home/runner/work/hol-guard/hol-guard/validation-driver/workspace-constructor-validation/constructor/parent.py:75:28 - warning: Type of "inner" is Any (reportAny)
::warning file=/home/runner/work/hol-guard/hol-guard/validation-driver/workspace-constructor-validation/constructor/parent.py,line=75,col=28::Type of "inner" is Any (reportAny)
/home/runner/work/hol-guard/hol-guard/validation-driver/workspace-constructor-validation/constructor/parent.py:75:28 - warning: Type of "__enter__" is Any (reportAny)
::warning file=/home/runner/work/hol-guard/hol-guard/validation-driver/workspace-constructor-validation/constructor/parent.py,line=75,col=28::Type of "__enter__" is Any (reportAny)
/home/runner/work/hol-guard/hol-guard/validation-driver/workspace-constructor-validation/constructor/parent.py:75:28 - warning: Return type is Any (reportAny)
::warning file=/home/runner/work/hol-guard/hol-guard/validation-driver/workspace-constructor-validation/constructor/parent.py,line=75,col=28::Return type is Any (reportAny)
/home/runner/work/hol-guard/hol-guard/validation-driver/workspace-constructor-validation/constructor/parent.py:77:17 - warning: Return type is Any (reportAny)
::warning file=/home/runner/work/hol-guard/hol-guard/validation-driver/workspace-constructor-validation/constructor/parent.py,line=77,col=17::Return type is Any (reportAny)
/home/runner/work/hol-guard/hol-guard/validation-driver/workspace-constructor-validation/constructor/parent.py:77:33 - warning: Type of parameter "args" is Any (reportAny)
::warning file=/home/runner/work/hol-guard/hol-guard/validation-driver/workspace-constructor-validation/constructor/parent.py,line=77,col=33::Type of parameter "args" is Any (reportAny)
/home/runner/work/hol-guard/hol-guard/validation-driver/workspace-constructor-validation/constructor/parent.py:77:39 - warning: Type `Any` is not allowed (reportExplicitAny)
::warning file=/home/runner/work/hol-guard/hol-guard/validation-driver/workspace-constructor-validation/constructor/parent.py,line=77,col=39::Type `Any` is not allowed (reportExplicitAny)
/home/runner/work/hol-guard/hol-guard/validation-driver/workspace-constructor-validation/constructor/parent.py:77:47 - warning: Type `Any` is not allowed (reportExplicitAny)
::warning file=/home/runner/work/hol-guard/hol-guard/validation-driver/workspace-constructor-validation/constructor/parent.py,line=77,col=47::Type `Any` is not allowed (reportExplicitAny)
/home/runner/work/hol-guard/hol-guard/validation-driver/workspace-constructor-validation/constructor/parent.py:78:24 - warning: Type of "inner" is Any (reportAny)
::warning file=/home/runner/work/hol-guard/hol-guard/validation-driver/workspace-constructor-validation/constructor/parent.py,line=78,col=24::Type of "inner" is Any (reportAny)
/home/runner/work/hol-guard/hol-guard/validation-driver/workspace-constructor-validation/constructor/parent.py:78:24 - warning: Type of "__exit__" is Any (reportAny)
::warning file=/home/runner/work/hol-guard/hol-guard/validation-driver/workspace-constructor-validation/constructor/parent.py,line=78,col=24::Type of "__exit__" is Any (reportAny)
/home/runner/work/hol-guard/hol-guard/validation-driver/workspace-constructor-validation/constructor/parent.py:78:24 - warning: Return type is Any (reportAny)
::warning file=/home/runner/work/hol-guard/hol-guard/validation-driver/workspace-constructor-validation/constructor/parent.py,line=78,col=24::Return type is Any (reportAny)
/home/runner/work/hol-guard/hol-guard/validation-driver/workspace-constructor-validation/constructor/parent.py:80:13 - warning: Return type is Any (reportAny)
::warning file=/home/runner/work/hol-guard/hol-guard/validation-driver/workspace-constructor-validation/constructor/parent.py,line=80,col=13::Return type is Any (reportAny)
/home/runner/work/hol-guard/hol-guard/validation-driver/workspace-constructor-validation/constructor/parent.py:80:22 - warning: Type of parameter "args" is Any (reportAny)
::warning file=/home/runner/work/hol-guard/hol-guard/validation-driver/workspace-constructor-validation/constructor/parent.py,line=80,col=22::Type of parameter "args" is Any (reportAny)
/home/runner/work/hol-guard/hol-guard/validation-driver/workspace-constructor-validation/constructor/parent.py:80:28 - warning: Type `Any` is not allowed (reportExplicitAny)
::warning file=/home/runner/work/hol-guard/hol-guard/validation-driver/workspace-constructor-validation/constructor/parent.py,line=80,col=28::Type `Any` is not allowed (reportExplicitAny)
/home/runner/work/hol-guard/hol-guard/validation-driver/workspace-constructor-validation/constructor/parent.py:80:35 - warning: Type of parameter "kwargs" is Any (reportAny)
::warning file=/home/runner/work/hol-guard/hol-guard/validation-driver/workspace-constructor-validation/constructor/parent.py,line=80,col=35::Type of parameter "kwargs" is Any (reportAny)
/home/runner/work/hol-guard/hol-guard/validation-driver/workspace-constructor-validation/constructor/parent.py:80:43 - warning: Type `Any` is not allowed (reportExplicitAny)
::warning file=/home/runner/work/hol-guard/hol-guard/validation-driver/workspace-constructor-validation/constructor/parent.py,line=80,col=43::Type `Any` is not allowed (reportExplicitAny)
/home/runner/work/hol-guard/hol-guard/validation-driver/workspace-constructor-validation/constructor/parent.py:80:51 - warning: Type `Any` is not allowed (reportExplicitAny)
::warning file=/home/runner/work/hol-guard/hol-guard/validation-driver/workspace-constructor-validation/constructor/parent.py,line=80,col=51::Type `Any` is not allowed (reportExplicitAny)
/home/runner/work/hol-guard/hol-guard/validation-driver/workspace-constructor-validation/constructor/parent.py:85:44 - warning: Argument type is Any
  Argument corresponds to parameter "runtime" in function "__init__" (reportAny)
::warning file=/home/runner/work/hol-guard/hol-guard/validation-driver/workspace-constructor-validation/constructor/parent.py,line=85,col=44::Argument type is Any%0A  Argument corresponds to parameter "runtime" in function "__init__" (reportAny)
/home/runner/work/hol-guard/hol-guard/validation-driver/workspace-constructor-validation/constructor/parent.py:87:9 - warning: Result of call expression is of type "(...) -> Any" and is not used; assign to variable "_" if this is intentional (reportUnusedCallResult)
::warning file=/home/runner/work/hol-guard/hol-guard/validation-driver/workspace-constructor-validation/constructor/parent.py,line=87,col=9::Result of call expression is of type "(...) -> Any" and is not used; assign to variable "_" if this is intentional (reportUnusedCallResult)
/home/runner/work/hol-guard/hol-guard/validation-driver/workspace-constructor-validation/constructor/parent.py:90:25 - warning: Type of parameter "_args" is Any (reportAny)
::warning file=/home/runner/work/hol-guard/hol-guard/validation-driver/workspace-constructor-validation/constructor/parent.py,line=90,col=25::Type of parameter "_args" is Any (reportAny)
/home/runner/work/hol-guard/hol-guard/validation-driver/workspace-constructor-validation/constructor/parent.py:90:32 - warning: Type `Any` is not allowed (reportExplicitAny)
::warning file=/home/runner/work/hol-guard/hol-guard/validation-driver/workspace-constructor-validation/constructor/parent.py,line=90,col=32::Type `Any` is not allowed (reportExplicitAny)
/home/runner/work/hol-guard/hol-guard/validation-driver/workspace-constructor-validation/constructor/parent.py:96:20 - warning: "DaemonFixture" is not exported from module "scripts.native_slo_workspace_lifecycle_runner" (reportPrivateLocalImportUsage)
::warning file=/home/runner/work/hol-guard/hol-guard/validation-driver/workspace-constructor-validation/constructor/parent.py,line=96,col=20::"DaemonFixture" is not exported from module "scripts.native_slo_workspace_lifecycle_runner" (reportPrivateLocalImportUsage)
/home/runner/work/hol-guard/hol-guard/validation-driver/workspace-constructor-validation/constructor/parent.py:96:71 - warning: "_spawn_hook_process" is private and used outside of the module in which it is declared (reportPrivateUsage)
::warning file=/home/runner/work/hol-guard/hol-guard/validation-driver/workspace-constructor-validation/constructor/parent.py,line=96,col=71::"_spawn_hook_process" is private and used outside of the module in which it is declared (reportPrivateUsage)
/home/runner/work/hol-guard/hol-guard/validation-driver/workspace-constructor-validation/constructor/parent.py:96:71 - warning: "_spawn_hook_process" is not exported from module "scripts.native_slo_daemon_fixture" (reportPrivateLocalImportUsage)
::warning file=/home/runner/work/hol-guard/hol-guard/validation-driver/workspace-constructor-validation/constructor/parent.py,line=96,col=71::"_spawn_hook_process" is not exported from module "scripts.native_slo_daemon_fixture" (reportPrivateLocalImportUsage)
/home/runner/work/hol-guard/hol-guard/validation-driver/workspace-constructor-validation/constructor/reader.py:39:13 - warning: Type of parameter "value" is Any (reportAny)
::warning file=/home/runner/work/hol-guard/hol-guard/validation-driver/workspace-constructor-validation/constructor/reader.py,line=39,col=13::Type of parameter "value" is Any (reportAny)
/home/runner/work/hol-guard/hol-guard/validation-driver/workspace-constructor-validation/constructor/reader.py:39:20 - warning: Type `Any` is not allowed (reportExplicitAny)
::warning file=/home/runner/work/hol-guard/hol-guard/validation-driver/workspace-constructor-validation/constructor/reader.py,line=39,col=20::Type `Any` is not allowed (reportExplicitAny)
/home/runner/work/hol-guard/hol-guard/validation-driver/workspace-constructor-validation/constructor/reader.py:44:18 - warning: Type of parameter "value" is Any (reportAny)
::warning file=/home/runner/work/hol-guard/hol-guard/validation-driver/workspace-constructor-validation/constructor/reader.py,line=44,col=18::Type of parameter "value" is Any (reportAny)
/home/runner/work/hol-guard/hol-guard/validation-driver/workspace-constructor-validation/constructor/reader.py:44:25 - warning: Type `Any` is not allowed (reportExplicitAny)
::warning file=/home/runner/work/hol-guard/hol-guard/validation-driver/workspace-constructor-validation/constructor/reader.py,line=44,col=25::Type `Any` is not allowed (reportExplicitAny)
/home/runner/work/hol-guard/hol-guard/validation-driver/workspace-constructor-validation/constructor/reader.py:44:43 - warning: Type `Any` is not allowed (reportExplicitAny)
::warning file=/home/runner/work/hol-guard/hol-guard/validation-driver/workspace-constructor-validation/constructor/reader.py,line=44,col=43::Type `Any` is not allowed (reportExplicitAny)
/home/runner/work/hol-guard/hol-guard/validation-driver/workspace-constructor-validation/constructor/reader.py:45:18 - warning: Argument type is Any
  Argument corresponds to parameter "o" in function "__init__" (reportAny)
::warning file=/home/runner/work/hol-guard/hol-guard/validation-driver/workspace-constructor-validation/constructor/reader.py,line=45,col=18::Argument type is Any%0A  Argument corresponds to parameter "o" in function "__init__" (reportAny)
/home/runner/work/hol-guard/hol-guard/validation-driver/workspace-constructor-validation/constructor/reader.py:65:22 - warning: Argument type is Any
  Argument corresponds to parameter "o" in function "__init__" (reportAny)
::warning file=/home/runner/work/hol-guard/hol-guard/validation-driver/workspace-constructor-validation/constructor/reader.py,line=65,col=22::Argument type is Any%0A  Argument corresponds to parameter "o" in function "__init__" (reportAny)
/home/runner/work/hol-guard/hol-guard/validation-driver/workspace-constructor-validation/constructor/reader.py:65:39 - warning: Type of "row" is Any (reportAny)
::warning file=/home/runner/work/hol-guard/hol-guard/validation-driver/workspace-constructor-validation/constructor/reader.py,line=65,col=39::Type of "row" is Any (reportAny)
/home/runner/work/hol-guard/hol-guard/validation-driver/workspace-constructor-validation/constructor/reader.py:65:56 - warning: Type `Any` is not allowed (reportExplicitAny)
::warning file=/home/runner/work/hol-guard/hol-guard/validation-driver/workspace-constructor-validation/constructor/reader.py,line=65,col=56::Type `Any` is not allowed (reportExplicitAny)
/home/runner/work/hol-guard/hol-guard/validation-driver/workspace-constructor-validation/constructor/reader.py:66:32 - warning: Type `Any` is not allowed (reportExplicitAny)
::warning file=/home/runner/work/hol-guard/hol-guard/validation-driver/workspace-constructor-validation/constructor/reader.py,line=66,col=32::Type `Any` is not allowed (reportExplicitAny)
/home/runner/work/hol-guard/hol-guard/validation-driver/workspace-constructor-validation/constructor/reader.py:73:18 - warning: Argument type is Any
  Argument corresponds to parameter "o" in function "__init__" (reportAny)
::warning file=/home/runner/work/hol-guard/hol-guard/validation-driver/workspace-constructor-validation/constructor/reader.py,line=73,col=18::Argument type is Any%0A  Argument corresponds to parameter "o" in function "__init__" (reportAny)
/home/runner/work/hol-guard/hol-guard/validation-driver/workspace-constructor-validation/constructor/reader.py:76:9 - warning: Type of "parent" is Any (reportAny)
::warning file=/home/runner/work/hol-guard/hol-guard/validation-driver/workspace-constructor-validation/constructor/reader.py,line=76,col=9::Type of "parent" is Any (reportAny)
/home/runner/work/hol-guard/hol-guard/validation-driver/workspace-constructor-validation/constructor/reader.py:77:56 - warning: Argument type is Any
  Argument corresponds to parameter "o" in function "__init__" (reportAny)
::warning file=/home/runner/work/hol-guard/hol-guard/validation-driver/workspace-constructor-validation/constructor/reader.py,line=77,col=56::Argument type is Any%0A  Argument corresponds to parameter "o" in function "__init__" (reportAny)
/home/runner/work/hol-guard/hol-guard/validation-driver/workspace-constructor-validation/constructor/reader.py:112:9 - warning: Type of "worker" is unknown (reportUnknownVariableType)
::warning file=/home/runner/work/hol-guard/hol-guard/validation-driver/workspace-constructor-validation/constructor/reader.py,line=112,col=9::Type of "worker" is unknown (reportUnknownVariableType)
/home/runner/work/hol-guard/hol-guard/validation-driver/workspace-constructor-validation/constructor/reader.py:120:9 - warning: Type of "outer" is partially unknown
  Type of "outer" is "Unknown | None" (reportUnknownVariableType)
::warning file=/home/runner/work/hol-guard/hol-guard/validation-driver/workspace-constructor-validation/constructor/reader.py,line=120,col=9::Type of "outer" is partially unknown%0A  Type of "outer" is "Unknown | None" (reportUnknownVariableType)
/home/runner/work/hol-guard/hol-guard/validation-driver/workspace-constructor-validation/constructor/reader.py:120:16 - warning: Type of "inner" is partially unknown
  Type of "inner" is "Unknown | None" (reportUnknownVariableType)
::warning file=/home/runner/work/hol-guard/hol-guard/validation-driver/workspace-constructor-validation/constructor/reader.py,line=120,col=16::Type of "inner" is partially unknown%0A  Type of "inner" is "Unknown | None" (reportUnknownVariableType)
/home/runner/work/hol-guard/hol-guard/validation-driver/workspace-constructor-validation/constructor/reader.py:120:24 - warning: Type of "get" is partially unknown
  Type of "get" is "Overload[(key: Unknown, default: None = None, /) -> (Unknown | None), (key: Unknown, default: Unknown, /) -> Unknown, (key: Unknown, default: _T@get, /) -> (Unknown | _T@get)]" (reportUnknownMemberType)
::warning file=/home/runner/work/hol-guard/hol-guard/validation-driver/workspace-constructor-validation/constructor/reader.py,line=120,col=24::Type of "get" is partially unknown%0A  Type of "get" is "Overload[(key: Unknown, default: None = None, /) -> (Unknown | None), (key: Unknown, default: Unknown, /) -> Unknown, (key: Unknown, default: _T@get, /) -> (Unknown | _T@get)]" (reportUnknownMemberType)
/home/runner/work/hol-guard/hol-guard/validation-driver/workspace-constructor-validation/constructor/reader.py:120:49 - warning: Type of "get" is partially unknown
  Type of "get" is "Overload[(key: Unknown, default: None = None, /) -> (Unknown | None), (key: Unknown, default: Unknown, /) -> Unknown, (key: Unknown, default: _T@get, /) -> (Unknown | _T@get)]" (reportUnknownMemberType)
::warning file=/home/runner/work/hol-guard/hol-guard/validation-driver/workspace-constructor-validation/constructor/reader.py,line=120,col=49::Type of "get" is partially unknown%0A  Type of "get" is "Overload[(key: Unknown, default: None = None, /) -> (Unknown | None), (key: Unknown, default: Unknown, /) -> Unknown, (key: Unknown, default: _T@get, /) -> (Unknown | _T@get)]" (reportUnknownMemberType)
/home/runner/work/hol-guard/hol-guard/validation-driver/workspace-constructor-validation/install.py:21:6 - warning: Stub file not found for "common" (reportMissingTypeStubs)
::warning file=/home/runner/work/hol-guard/hol-guard/validation-driver/workspace-constructor-validation/install.py,line=21,col=6::Stub file not found for "common" (reportMissingTypeStubs)
/home/runner/work/hol-guard/hol-guard/validation-driver/workspace-constructor-validation/install.py:31:60 - warning: Type `Any` is not allowed (reportExplicitAny)
::warning file=/home/runner/work/hol-guard/hol-guard/validation-driver/workspace-constructor-validation/install.py,line=31,col=60::Type `Any` is not allowed (reportExplicitAny)
/home/runner/work/hol-guard/hol-guard/validation-driver/workspace-constructor-validation/install.py:31:106 - warning: Type `Any` is not allowed (reportExplicitAny)
::warning file=/home/runner/work/hol-guard/hol-guard/validation-driver/workspace-constructor-validation/install.py,line=31,col=106::Type `Any` is not allowed (reportExplicitAny)
/home/runner/work/hol-guard/hol-guard/validation-driver/workspace-constructor-validation/install.py:32:13 - warning: Argument type is Any
  Argument corresponds to parameter "condition" in function "require" (reportAny)
::warning file=/home/runner/work/hol-guard/hol-guard/validation-driver/workspace-constructor-validation/install.py,line=32,col=13::Argument type is Any%0A  Argument corresponds to parameter "condition" in function "require" (reportAny)
/home/runner/work/hol-guard/hol-guard/validation-driver/workspace-constructor-validation/install.py:36:9 - warning: Type of "name" is Any (reportAny)
::warning file=/home/runner/work/hol-guard/hol-guard/validation-driver/workspace-constructor-validation/install.py,line=36,col=9::Type of "name" is Any (reportAny)
/home/runner/work/hol-guard/hol-guard/validation-driver/workspace-constructor-validation/install.py:37:17 - warning: Argument type is Any
  Argument corresponds to parameter "condition" in function "require" (reportAny)
::warning file=/home/runner/work/hol-guard/hol-guard/validation-driver/workspace-constructor-validation/install.py,line=37,col=17::Argument type is Any%0A  Argument corresponds to parameter "condition" in function "require" (reportAny)
/home/runner/work/hol-guard/hol-guard/validation-driver/workspace-constructor-validation/install.py:37:32 - warning: Argument type is Any
  Argument corresponds to parameter "name" in function "getinfo" (reportAny)
::warning file=/home/runner/work/hol-guard/hol-guard/validation-driver/workspace-constructor-validation/install.py,line=37,col=32::Argument type is Any%0A  Argument corresponds to parameter "name" in function "getinfo" (reportAny)
/home/runner/work/hol-guard/hol-guard/validation-driver/workspace-constructor-validation/install.py:38:29 - warning: Argument type is Any
  Argument corresponds to parameter "name" in function "read" (reportAny)
::warning file=/home/runner/work/hol-guard/hol-guard/validation-driver/workspace-constructor-validation/install.py,line=38,col=29::Argument type is Any%0A  Argument corresponds to parameter "name" in function "read" (reportAny)
/home/runner/work/hol-guard/hol-guard/validation-driver/workspace-constructor-validation/install.py:40:9 - warning: Argument type is Any
  Argument corresponds to parameter "condition" in function "require" (reportAny)
::warning file=/home/runner/work/hol-guard/hol-guard/validation-driver/workspace-constructor-validation/install.py,line=40,col=9::Argument type is Any%0A  Argument corresponds to parameter "condition" in function "require" (reportAny)
/home/runner/work/hol-guard/hol-guard/validation-driver/workspace-constructor-validation/install.py:46:28 - warning: Type `Any` is not allowed (reportExplicitAny)
::warning file=/home/runner/work/hol-guard/hol-guard/validation-driver/workspace-constructor-validation/install.py,line=46,col=28::Type `Any` is not allowed (reportExplicitAny)
/home/runner/work/hol-guard/hol-guard/validation-driver/workspace-constructor-validation/install.py:56:17 - warning: Argument type is Any
  Argument corresponds to parameter "condition" in function "require" (reportAny)
::warning file=/home/runner/work/hol-guard/hol-guard/validation-driver/workspace-constructor-validation/install.py,line=56,col=17::Argument type is Any%0A  Argument corresponds to parameter "condition" in function "require" (reportAny)
/home/runner/work/hol-guard/hol-guard/validation-driver/workspace-constructor-validation/install.py:57:9 - warning: Type of "manifest" is Any (reportAny)
::warning file=/home/runner/work/hol-guard/hol-guard/validation-driver/workspace-constructor-validation/install.py,line=57,col=9::Type of "manifest" is Any (reportAny)
/home/runner/work/hol-guard/hol-guard/validation-driver/workspace-constructor-validation/install.py:58:17 - warning: Argument type is Any
  Argument corresponds to parameter "condition" in function "require" (reportAny)
::warning file=/home/runner/work/hol-guard/hol-guard/validation-driver/workspace-constructor-validation/install.py,line=58,col=17::Argument type is Any%0A  Argument corresponds to parameter "condition" in function "require" (reportAny)
/home/runner/work/hol-guard/hol-guard/validation-driver/workspace-constructor-validation/install.py:65:9 - warning: Type of "exclusions" is Any (reportAny)
::warning file=/home/runner/work/hol-guard/hol-guard/validation-driver/workspace-constructor-validation/install.py,line=65,col=9::Type of "exclusions" is Any (reportAny)
/home/runner/work/hol-guard/hol-guard/validation-driver/workspace-constructor-validation/install.py:66:22 - warning: Argument type is Any
  Argument corresponds to parameter "o" in function "__init__" (reportAny)
::warning file=/home/runner/work/hol-guard/hol-guard/validation-driver/workspace-constructor-validation/install.py,line=66,col=22::Argument type is Any%0A  Argument corresponds to parameter "o" in function "__init__" (reportAny)
/home/runner/work/hol-guard/hol-guard/validation-driver/workspace-constructor-validation/install.py:75:21 - warning: Argument type is Any
  Argument corresponds to parameter "condition" in function "require" (reportAny)
::warning file=/home/runner/work/hol-guard/hol-guard/validation-driver/workspace-constructor-validation/install.py,line=75,col=21::Argument type is Any%0A  Argument corresponds to parameter "condition" in function "require" (reportAny)
/home/runner/work/hol-guard/hol-guard/validation-driver/workspace-constructor-validation/install.py:84:55 - warning: Type `Any` is not allowed (reportExplicitAny)
::warning file=/home/runner/work/hol-guard/hol-guard/validation-driver/workspace-constructor-validation/install.py,line=84,col=55::Type `Any` is not allowed (reportExplicitAny)
/home/runner/work/hol-guard/hol-guard/validation-driver/workspace-constructor-validation/install.py:84:74 - warning: Type `Any` is not allowed (reportExplicitAny)
::warning file=/home/runner/work/hol-guard/hol-guard/validation-driver/workspace-constructor-validation/install.py,line=84,col=74::Type `Any` is not allowed (reportExplicitAny)
/home/runner/work/hol-guard/hol-guard/validation-driver/workspace-constructor-validation/install.py:86:5 - warning: Type of "direct" is Any (reportAny)
::warning file=/home/runner/work/hol-guard/hol-guard/validation-driver/workspace-constructor-validation/install.py,line=86,col=5::Type of "direct" is Any (reportAny)
/home/runner/work/hol-guard/hol-guard/validation-driver/workspace-constructor-validation/install.py:87:13 - warning: Type of "get" is Any (reportAny)
::warning file=/home/runner/work/hol-guard/hol-guard/validation-driver/workspace-constructor-validation/install.py,line=87,col=13::Type of "get" is Any (reportAny)
/home/runner/work/hol-guard/hol-guard/validation-driver/workspace-constructor-validation/install.py:87:13 - warning: Type of "get" is Any (reportAny)
::warning file=/home/runner/work/hol-guard/hol-guard/validation-driver/workspace-constructor-validation/install.py,line=87,col=13::Type of "get" is Any (reportAny)
/home/runner/work/hol-guard/hol-guard/validation-driver/workspace-constructor-validation/install.py:96:30 - warning: Argument type is Any
  Argument corresponds to parameter "iterable" in function "__init__" (reportAny)
::warning file=/home/runner/work/hol-guard/hol-guard/validation-driver/workspace-constructor-validation/install.py,line=96,col=30::Argument type is Any%0A  Argument corresponds to parameter "iterable" in function "__init__" (reportAny)
/home/runner/work/hol-guard/hol-guard/validation-driver/workspace-constructor-validation/install.py:97:9 - warning: Type of "name" is Any (reportAny)
::warning file=/home/runner/work/hol-guard/hol-guard/validation-driver/workspace-constructor-validation/install.py,line=97,col=9::Type of "name" is Any (reportAny)
/home/runner/work/hol-guard/hol-guard/validation-driver/workspace-constructor-validation/install.py:97:15 - warning: Type of "identity" is Any (reportAny)
::warning file=/home/runner/work/hol-guard/hol-guard/validation-driver/workspace-constructor-validation/install.py,line=97,col=15::Type of "identity" is Any (reportAny)
/home/runner/work/hol-guard/hol-guard/validation-driver/workspace-constructor-validation/install.py:97:27 - warning: Type of "items" is Any (reportAny)
::warning file=/home/runner/work/hol-guard/hol-guard/validation-driver/workspace-constructor-validation/install.py,line=97,col=27::Type of "items" is Any (reportAny)
/home/runner/work/hol-guard/hol-guard/validation-driver/workspace-constructor-validation/install.py:98:50 - warning: Argument type is Any
  Argument corresponds to parameter "path" in function "locate_file" (reportAny)
::warning file=/home/runner/work/hol-guard/hol-guard/validation-driver/workspace-constructor-validation/install.py,line=98,col=50::Argument type is Any%0A  Argument corresponds to parameter "path" in function "locate_file" (reportAny)
/home/runner/work/hol-guard/hol-guard/validation-driver/workspace-constructor-validation/install.py:100:17 - warning: Argument type is Any
  Argument corresponds to parameter "condition" in function "require" (reportAny)
::warning file=/home/runner/work/hol-guard/hol-guard/validation-driver/workspace-constructor-validation/install.py,line=100,col=17::Argument type is Any%0A  Argument corresponds to parameter "condition" in function "require" (reportAny)
/home/runner/work/hol-guard/hol-guard/validation-driver/workspace-constructor-validation/install.py:112:67 - warning: Type `Any` is not allowed (reportExplicitAny)
::warning file=/home/runner/work/hol-guard/hol-guard/validation-driver/workspace-constructor-validation/install.py,line=112,col=67::Type `Any` is not allowed (reportExplicitAny)
/home/runner/work/hol-guard/hol-guard/validation-driver/workspace-constructor-validation/install.py:112:112 - warning: Type `Any` is not allowed (reportExplicitAny)
::warning file=/home/runner/work/hol-guard/hol-guard/validation-driver/workspace-constructor-validation/install.py,line=112,col=112::Type `Any` is not allowed (reportExplicitAny)
/home/runner/work/hol-guard/hol-guard/validation-driver/workspace-constructor-validation/install.py:114:5 - warning: Type of "wheel" is Any (reportAny)
::warning file=/home/runner/work/hol-guard/hol-guard/validation-driver/workspace-constructor-validation/install.py,line=114,col=5::Type of "wheel" is Any (reportAny)
/home/runner/work/hol-guard/hol-guard/validation-driver/workspace-constructor-validation/install.py:115:10 - warning: Type of "open" is Any (reportAny)
::warning file=/home/runner/work/hol-guard/hol-guard/validation-driver/workspace-constructor-validation/install.py,line=115,col=10::Type of "open" is Any (reportAny)
/home/runner/work/hol-guard/hol-guard/validation-driver/workspace-constructor-validation/install.py:115:30 - warning: Type of "stream" is Any (reportAny)
::warning file=/home/runner/work/hol-guard/hol-guard/validation-driver/workspace-constructor-validation/install.py,line=115,col=30::Type of "stream" is Any (reportAny)
/home/runner/work/hol-guard/hol-guard/validation-driver/workspace-constructor-validation/install.py:116:9 - warning: Type of "write" is Any (reportAny)
::warning file=/home/runner/work/hol-guard/hol-guard/validation-driver/workspace-constructor-validation/install.py,line=116,col=9::Type of "write" is Any (reportAny)
/home/runner/work/hol-guard/hol-guard/validation-driver/workspace-constructor-validation/install.py:118:5 - warning: Result of call expression is of type "int" and is not used; assign to variable "_" if this is intentional (reportUnusedCallResult)
::warning file=/home/runner/work/hol-guard/hol-guard/validation-driver/workspace-constructor-validation/install.py,line=118,col=5::Result of call expression is of type "int" and is not used; assign to variable "_" if this is intentional (reportUnusedCallResult)
/home/runner/work/hol-guard/hol-guard/validation-driver/workspace-constructor-validation/install.py:122:5 - warning: Result of call expression is of type "int" and is not used; assign to variable "_" if this is intentional (reportUnusedCallResult)
::warning file=/home/runner/work/hol-guard/hol-guard/validation-driver/workspace-constructor-validation/install.py,line=122,col=5::Result of call expression is of type "int" and is not used; assign to variable "_" if this is intentional (reportUnusedCallResult)
/home/runner/work/hol-guard/hol-guard/validation-driver/workspace-constructor-validation/install.py:123:5 - warning: Result of call expression is of type "int" and is not used; assign to variable "_" if this is intentional (reportUnusedCallResult)
::warning file=/home/runner/work/hol-guard/hol-guard/validation-driver/workspace-constructor-validation/install.py,line=123,col=5::Result of call expression is of type "int" and is not used; assign to variable "_" if this is intentional (reportUnusedCallResult)
/home/runner/work/hol-guard/hol-guard/validation-driver/workspace-constructor-validation/install.py:125:97 - warning: Argument type is Any
  Argument corresponds to parameter "object" in function "__new__" (reportAny)
::warning file=/home/runner/work/hol-guard/hol-guard/validation-driver/workspace-constructor-validation/install.py,line=125,col=97::Argument type is Any%0A  Argument corresponds to parameter "object" in function "__new__" (reportAny)
/home/runner/work/hol-guard/hol-guard/validation-driver/workspace-constructor-validation/install.py:134:5 - warning: Result of call expression is of type "Action" and is not used; assign to variable "_" if this is intentional (reportUnusedCallResult)
::warning file=/home/runner/work/hol-guard/hol-guard/validation-driver/workspace-constructor-validation/install.py,line=134,col=5::Result of call expression is of type "Action" and is not used; assign to variable "_" if this is intentional (reportUnusedCallResult)
/home/runner/work/hol-guard/hol-guard/validation-driver/workspace-constructor-validation/install.py:135:5 - warning: Result of call expression is of type "Action" and is not used; assign to variable "_" if this is intentional (reportUnusedCallResult)
::warning file=/home/runner/work/hol-guard/hol-guard/validation-driver/workspace-constructor-validation/install.py,line=135,col=5::Result of call expression is of type "Action" and is not used; assign to variable "_" if this is intentional (reportUnusedCallResult)
/home/runner/work/hol-guard/hol-guard/validation-driver/workspace-constructor-validation/install.py:136:5 - warning: Result of call expression is of type "Action" and is not used; assign to variable "_" if this is intentional (reportUnusedCallResult)
::warning file=/home/runner/work/hol-guard/hol-guard/validation-driver/workspace-constructor-validation/install.py,line=136,col=5::Result of call expression is of type "Action" and is not used; assign to variable "_" if this is intentional (reportUnusedCallResult)
/home/runner/work/hol-guard/hol-guard/validation-driver/workspace-constructor-validation/install.py:139:30 - warning: Type of "source" is Any (reportAny)
::warning file=/home/runner/work/hol-guard/hol-guard/validation-driver/workspace-constructor-validation/install.py,line=139,col=30::Type of "source" is Any (reportAny)
/home/runner/work/hol-guard/hol-guard/validation-driver/workspace-constructor-validation/install.py:139:30 - warning: Type of "resolve" is Any (reportAny)
::warning file=/home/runner/work/hol-guard/hol-guard/validation-driver/workspace-constructor-validation/install.py,line=139,col=30::Type of "resolve" is Any (reportAny)
/home/runner/work/hol-guard/hol-guard/validation-driver/workspace-constructor-validation/install.py:139:30 - warning: Argument type is Any
  Argument corresponds to parameter "source" in function "inspect_install" (reportAny)
::warning file=/home/runner/work/hol-guard/hol-guard/validation-driver/workspace-constructor-validation/install.py,line=139,col=30::Argument type is Any%0A  Argument corresponds to parameter "source" in function "inspect_install" (reportAny)
/home/runner/work/hol-guard/hol-guard/validation-driver/workspace-constructor-validation/install.py:139:64 - warning: Argument type is Any
  Argument corresponds to parameter "expected" in function "inspect_install" (reportAny)
::warning file=/home/runner/work/hol-guard/hol-guard/validation-driver/workspace-constructor-validation/install.py,line=139,col=64::Argument type is Any%0A  Argument corresponds to parameter "expected" in function "inspect_install" (reportAny)
/home/runner/work/hol-guard/hol-guard/validation-driver/workspace-constructor-validation/install.py:139:75 - warning: Type of "expected" is Any (reportAny)
::warning file=/home/runner/work/hol-guard/hol-guard/validation-driver/workspace-constructor-validation/install.py,line=139,col=75::Type of "expected" is Any (reportAny)
/home/runner/work/hol-guard/hol-guard/validation-driver/workspace-constructor-validation/install.py:139:75 - warning: Type of "read_text" is Any (reportAny)
::warning file=/home/runner/work/hol-guard/hol-guard/validation-driver/workspace-constructor-validation/install.py,line=139,col=75::Type of "read_text" is Any (reportAny)
/home/runner/work/hol-guard/hol-guard/validation-driver/workspace-constructor-validation/install.py:139:75 - warning: Argument type is Any
  Argument corresponds to parameter "s" in function "loads" (reportAny)
::warning file=/home/runner/work/hol-guard/hol-guard/validation-driver/workspace-constructor-validation/install.py,line=139,col=75::Argument type is Any%0A  Argument corresponds to parameter "s" in function "loads" (reportAny)
/home/runner/work/hol-guard/hol-guard/validation-driver/workspace-constructor-validation/install.py:140:11 - warning: Type of "output" is Any (reportAny)
::warning file=/home/runner/work/hol-guard/hol-guard/validation-driver/workspace-constructor-validation/install.py,line=140,col=11::Type of "output" is Any (reportAny)
/home/runner/work/hol-guard/hol-guard/validation-driver/workspace-constructor-validation/install.py:140:11 - warning: Argument type is Any
  Argument corresponds to parameter "path" in function "write" (reportAny)
::warning file=/home/runner/work/hol-guard/hol-guard/validation-driver/workspace-constructor-validation/install.py,line=140,col=11::Argument type is Any%0A  Argument corresponds to parameter "path" in function "write" (reportAny)
/home/runner/work/hol-guard/hol-guard/validation-driver/workspace-constructor-validation/read_result.py:10:6 - warning: Stub file not found for "admission" (reportMissingTypeStubs)
::warning file=/home/runner/work/hol-guard/hol-guard/validation-driver/workspace-constructor-validation/read_result.py,line=10,col=6::Stub file not found for "admission" (reportMissingTypeStubs)
/home/runner/work/hol-guard/hol-guard/validation-driver/workspace-constructor-validation/read_result.py:11:6 - warning: Stub file not found for "common" (reportMissingTypeStubs)
::warning file=/home/runner/work/hol-guard/hol-guard/validation-driver/workspace-constructor-validation/read_result.py,line=11,col=6::Stub file not found for "common" (reportMissingTypeStubs)
/home/runner/work/hol-guard/hol-guard/validation-driver/workspace-constructor-validation/read_result.py:12:6 - warning: Stub file not found for "constructor.child" (reportMissingTypeStubs)
::warning file=/home/runner/work/hol-guard/hol-guard/validation-driver/workspace-constructor-validation/read_result.py,line=12,col=6::Stub file not found for "constructor.child" (reportMissingTypeStubs)
/home/runner/work/hol-guard/hol-guard/validation-driver/workspace-constructor-validation/read_result.py:13:6 - warning: Stub file not found for "constructor.reader" (reportMissingTypeStubs)
::warning file=/home/runner/work/hol-guard/hol-guard/validation-driver/workspace-constructor-validation/read_result.py,line=13,col=6::Stub file not found for "constructor.reader" (reportMissingTypeStubs)
/home/runner/work/hol-guard/hol-guard/validation-driver/workspace-constructor-validation/read_result.py:16:40 - warning: Type `Any` is not allowed (reportExplicitAny)
::warning file=/home/runner/work/hol-guard/hol-guard/validation-driver/workspace-constructor-validation/read_result.py,line=16,col=40::Type `Any` is not allowed (reportExplicitAny)
/home/runner/work/hol-guard/hol-guard/validation-driver/workspace-constructor-validation/read_result.py:16:77 - warning: Type `Any` is not allowed (reportExplicitAny)
::warning file=/home/runner/work/hol-guard/hol-guard/validation-driver/workspace-constructor-validation/read_result.py,line=16,col=77::Type `Any` is not allowed (reportExplicitAny)
/home/runner/work/hol-guard/hol-guard/validation-driver/workspace-constructor-validation/read_result.py:16:96 - warning: Type `Any` is not allowed (reportExplicitAny)
::warning file=/home/runner/work/hol-guard/hol-guard/validation-driver/workspace-constructor-validation/read_result.py,line=16,col=96::Type `Any` is not allowed (reportExplicitAny)
/home/runner/work/hol-guard/hol-guard/validation-driver/workspace-constructor-validation/read_result.py:39:18 - warning: Argument type is Any
  Argument corresponds to parameter "o" in function "__init__" (reportAny)
::warning file=/home/runner/work/hol-guard/hol-guard/validation-driver/workspace-constructor-validation/read_result.py,line=39,col=18::Argument type is Any%0A  Argument corresponds to parameter "o" in function "__init__" (reportAny)
/home/runner/work/hol-guard/hol-guard/validation-driver/workspace-constructor-validation/read_result.py:51:13 - warning: Argument type is Any
  Argument corresponds to parameter "condition" in function "require" (reportAny)
::warning file=/home/runner/work/hol-guard/hol-guard/validation-driver/workspace-constructor-validation/read_result.py,line=51,col=13::Argument type is Any%0A  Argument corresponds to parameter "condition" in function "require" (reportAny)
/home/runner/work/hol-guard/hol-guard/validation-driver/workspace-constructor-validation/read_result.py:52:13 - warning: Argument type is Any
  Argument corresponds to parameter "condition" in function "require" (reportAny)
::warning file=/home/runner/work/hol-guard/hol-guard/validation-driver/workspace-constructor-validation/read_result.py,line=52,col=13::Argument type is Any%0A  Argument corresponds to parameter "condition" in function "require" (reportAny)
/home/runner/work/hol-guard/hol-guard/validation-driver/workspace-constructor-validation/read_result.py:53:13 - warning: Argument type is Any
  Argument corresponds to parameter "condition" in function "require" (reportAny)
::warning file=/home/runner/work/hol-guard/hol-guard/validation-driver/workspace-constructor-validation/read_result.py,line=53,col=13::Argument type is Any%0A  Argument corresponds to parameter "condition" in function "require" (reportAny)
/home/runner/work/hol-guard/hol-guard/validation-driver/workspace-constructor-validation/read_result.py:54:13 - warning: Argument type is Any
  Argument corresponds to parameter "condition" in function "require" (reportAny)
::warning file=/home/runner/work/hol-guard/hol-guard/validation-driver/workspace-constructor-validation/read_result.py,line=54,col=13::Argument type is Any%0A  Argument corresponds to parameter "condition" in function "require" (reportAny)
/home/runner/work/hol-guard/hol-guard/validation-driver/workspace-constructor-validation/read_result.py:59:13 - warning: Argument type is Any
  Argument corresponds to parameter "condition" in function "require" (reportAny)
::warning file=/home/runner/work/hol-guard/hol-guard/validation-driver/workspace-constructor-validation/read_result.py,line=59,col=13::Argument type is Any%0A  Argument corresponds to parameter "condition" in function "require" (reportAny)
/home/runner/work/hol-guard/hol-guard/validation-driver/workspace-constructor-validation/read_result.py:66:5 - warning: Type of "flags" is Any (reportAny)
::warning file=/home/runner/work/hol-guard/hol-guard/validation-driver/workspace-constructor-validation/read_result.py,line=66,col=5::Type of "flags" is Any (reportAny)
/home/runner/work/hol-guard/hol-guard/validation-driver/workspace-constructor-validation/read_result.py:68:14 - warning: Argument type is Any
  Argument corresponds to parameter "o" in function "__init__" (reportAny)
::warning file=/home/runner/work/hol-guard/hol-guard/validation-driver/workspace-constructor-validation/read_result.py,line=68,col=14::Argument type is Any%0A  Argument corresponds to parameter "o" in function "__init__" (reportAny)
/home/runner/work/hol-guard/hol-guard/validation-driver/workspace-constructor-validation/read_result.py:124:17 - warning: Type of "get" is Any (reportAny)
::warning file=/home/runner/work/hol-guard/hol-guard/validation-driver/workspace-constructor-validation/read_result.py,line=124,col=17::Type of "get" is Any (reportAny)
/home/runner/work/hol-guard/hol-guard/validation-driver/workspace-constructor-validation/read_result.py:135:13 - warning: Type of "get" is Any (reportAny)
::warning file=/home/runner/work/hol-guard/hol-guard/validation-driver/workspace-constructor-validation/read_result.py,line=135,col=13::Type of "get" is Any (reportAny)
/home/runner/work/hol-guard/hol-guard/validation-driver/workspace-constructor-validation/read_result.py:135:73 - warning: Type of "get" is Any (reportAny)
::warning file=/home/runner/work/hol-guard/hol-guard/validation-driver/workspace-constructor-validation/read_result.py,line=135,col=73::Type of "get" is Any (reportAny)
/home/runner/work/hol-guard/hol-guard/validation-driver/workspace-constructor-validation/read_result.py:142:23 - warning: Type `Any` is not allowed (reportExplicitAny)
::warning file=/home/runner/work/hol-guard/hol-guard/validation-driver/workspace-constructor-validation/read_result.py,line=142,col=23::Type `Any` is not allowed (reportExplicitAny)
/home/runner/work/hol-guard/hol-guard/validation-driver/workspace-constructor-validation/read_result.py:143:27 - warning: Type `Any` is not allowed (reportExplicitAny)
::warning file=/home/runner/work/hol-guard/hol-guard/validation-driver/workspace-constructor-validation/read_result.py,line=143,col=27::Type `Any` is not allowed (reportExplicitAny)
/home/runner/work/hol-guard/hol-guard/validation-driver/workspace-constructor-validation/read_result.py:144:27 - warning: Type `Any` is not allowed (reportExplicitAny)
::warning file=/home/runner/work/hol-guard/hol-guard/validation-driver/workspace-constructor-validation/read_result.py,line=144,col=27::Type `Any` is not allowed (reportExplicitAny)
/home/runner/work/hol-guard/hol-guard/validation-driver/workspace-constructor-validation/read_result.py:145:34 - warning: Type `Any` is not allowed (reportExplicitAny)
::warning file=/home/runner/work/hol-guard/hol-guard/validation-driver/workspace-constructor-validation/read_result.py,line=145,col=34::Type `Any` is not allowed (reportExplicitAny)
/home/runner/work/hol-guard/hol-guard/validation-driver/workspace-constructor-validation/read_result.py:148:24 - warning: Type `Any` is not allowed (reportExplicitAny)
::warning file=/home/runner/work/hol-guard/hol-guard/validation-driver/workspace-constructor-validation/read_result.py,line=148,col=24::Type `Any` is not allowed (reportExplicitAny)
/home/runner/work/hol-guard/hol-guard/validation-driver/workspace-constructor-validation/read_result.py:149:16 - warning: Type `Any` is not allowed (reportExplicitAny)
::warning file=/home/runner/work/hol-guard/hol-guard/validation-driver/workspace-constructor-validation/read_result.py,line=149,col=16::Type `Any` is not allowed (reportExplicitAny)
/home/runner/work/hol-guard/hol-guard/validation-driver/workspace-constructor-validation/read_result.py:177:17 - warning: Argument type is Any
  Argument corresponds to parameter "condition" in function "require" (reportAny)
::warning file=/home/runner/work/hol-guard/hol-guard/validation-driver/workspace-constructor-validation/read_result.py,line=177,col=17::Argument type is Any%0A  Argument corresponds to parameter "condition" in function "require" (reportAny)
/home/runner/work/hol-guard/hol-guard/validation-driver/workspace-constructor-validation/read_result.py:179:9 - warning: Argument type is Any
  Argument corresponds to parameter "condition" in function "require" (reportAny)
::warning file=/home/runner/work/hol-guard/hol-guard/validation-driver/workspace-constructor-validation/read_result.py,line=179,col=9::Argument type is Any%0A  Argument corresponds to parameter "condition" in function "require" (reportAny)
/home/runner/work/hol-guard/hol-guard/validation-driver/workspace-constructor-validation/read_result.py:189:22 - warning: Argument type is Any
  Argument corresponds to parameter "o" in function "__init__" (reportAny)
::warning file=/home/runner/work/hol-guard/hol-guard/validation-driver/workspace-constructor-validation/read_result.py,line=189,col=22::Argument type is Any%0A  Argument corresponds to parameter "o" in function "__init__" (reportAny)
/home/runner/work/hol-guard/hol-guard/validation-driver/workspace-constructor-validation/read_result.py:192:17 - warning: Argument type is Any
  Argument corresponds to parameter "condition" in function "require" (reportAny)
::warning file=/home/runner/work/hol-guard/hol-guard/validation-driver/workspace-constructor-validation/read_result.py,line=192,col=17::Argument type is Any%0A  Argument corresponds to parameter "condition" in function "require" (reportAny)
/home/runner/work/hol-guard/hol-guard/validation-driver/workspace-constructor-validation/read_result.py:193:9 - warning: Type of "append" is partially unknown
  Type of "append" is "(object: Unknown, /) -> None" (reportUnknownMemberType)
::warning file=/home/runner/work/hol-guard/hol-guard/validation-driver/workspace-constructor-validation/read_result.py,line=193,col=9::Type of "append" is partially unknown%0A  Type of "append" is "(object: Unknown, /) -> None" (reportUnknownMemberType)
/home/runner/work/hol-guard/hol-guard/validation-driver/workspace-constructor-validation/read_result.py:208:5 - warning: Result of call expression is of type "Action" and is not used; assign to variable "_" if this is intentional (reportUnusedCallResult)
::warning file=/home/runner/work/hol-guard/hol-guard/validation-driver/workspace-constructor-validation/read_result.py,line=208,col=5::Result of call expression is of type "Action" and is not used; assign to variable "_" if this is intentional (reportUnusedCallResult)
/home/runner/work/hol-guard/hol-guard/validation-driver/workspace-constructor-validation/read_result.py:209:5 - warning: Result of call expression is of type "Action" and is not used; assign to variable "_" if this is intentional (reportUnusedCallResult)
::warning file=/home/runner/work/hol-guard/hol-guard/validation-driver/workspace-constructor-validation/read_result.py,line=209,col=5::Result of call expression is of type "Action" and is not used; assign to variable "_" if this is intentional (reportUnusedCallResult)
/home/runner/work/hol-guard/hol-guard/validation-driver/workspace-constructor-validation/read_result.py:210:5 - warning: Result of call expression is of type "Action" and is not used; assign to variable "_" if this is intentional (reportUnusedCallResult)
::warning file=/home/runner/work/hol-guard/hol-guard/validation-driver/workspace-constructor-validation/read_result.py,line=210,col=5::Result of call expression is of type "Action" and is not used; assign to variable "_" if this is intentional (reportUnusedCallResult)
/home/runner/work/hol-guard/hol-guard/validation-driver/workspace-constructor-validation/read_result.py:212:5 - warning: Type of "source" is Any (reportAny)
::warning file=/home/runner/work/hol-guard/hol-guard/validation-driver/workspace-constructor-validation/read_result.py,line=212,col=5::Type of "source" is Any (reportAny)
/home/runner/work/hol-guard/hol-guard/validation-driver/workspace-constructor-validation/read_result.py:212:13 - warning: Type of "output" is Any (reportAny)
::warning file=/home/runner/work/hol-guard/hol-guard/validation-driver/workspace-constructor-validation/read_result.py,line=212,col=13::Type of "output" is Any (reportAny)
/home/runner/work/hol-guard/hol-guard/validation-driver/workspace-constructor-validation/read_result.py:212:22 - warning: Type of "source" is Any (reportAny)
::warning file=/home/runner/work/hol-guard/hol-guard/validation-driver/workspace-constructor-validation/read_result.py,line=212,col=22::Type of "source" is Any (reportAny)
/home/runner/work/hol-guard/hol-guard/validation-driver/workspace-constructor-validation/read_result.py:212:22 - warning: Type of "resolve" is Any (reportAny)
::warning file=/home/runner/work/hol-guard/hol-guard/validation-driver/workspace-constructor-validation/read_result.py,line=212,col=22::Type of "resolve" is Any (reportAny)
/home/runner/work/hol-guard/hol-guard/validation-driver/workspace-constructor-validation/read_result.py:212:56 - warning: Type of "output" is Any (reportAny)
::warning file=/home/runner/work/hol-guard/hol-guard/validation-driver/workspace-constructor-validation/read_result.py,line=212,col=56::Type of "output" is Any (reportAny)
/home/runner/work/hol-guard/hol-guard/validation-driver/workspace-constructor-validation/read_result.py:212:56 - warning: Type of "resolve" is Any (reportAny)
::warning file=/home/runner/work/hol-guard/hol-guard/validation-driver/workspace-constructor-validation/read_result.py,line=212,col=56::Type of "resolve" is Any (reportAny)
/home/runner/work/hol-guard/hol-guard/validation-driver/workspace-constructor-validation/read_result.py:213:28 - warning: Argument type is Any
  Argument corresponds to parameter "object" in function "__new__" (reportAny)
::warning file=/home/runner/work/hol-guard/hol-guard/validation-driver/workspace-constructor-validation/read_result.py,line=213,col=28::Argument type is Any%0A  Argument corresponds to parameter "object" in function "__new__" (reportAny)
/home/runner/work/hol-guard/hol-guard/validation-driver/workspace-constructor-validation/read_result.py:214:5 - warning: Type of "report_path" is Any (reportAny)
::warning file=/home/runner/work/hol-guard/hol-guard/validation-driver/workspace-constructor-validation/read_result.py,line=214,col=5::Type of "report_path" is Any (reportAny)
/home/runner/work/hol-guard/hol-guard/validation-driver/workspace-constructor-validation/read_result.py:214:18 - warning: Type of "ledger_path" is Any (reportAny)
::warning file=/home/runner/work/hol-guard/hol-guard/validation-driver/workspace-constructor-validation/read_result.py,line=214,col=18::Type of "ledger_path" is Any (reportAny)
/home/runner/work/hol-guard/hol-guard/validation-driver/workspace-constructor-validation/read_result.py:215:5 - warning: Result of call expression is of type "dict[str, Any]" and is not used; assign to variable "_" if this is intentional (reportUnusedCallResult)
::warning file=/home/runner/work/hol-guard/hol-guard/validation-driver/workspace-constructor-validation/read_result.py,line=215,col=5::Result of call expression is of type "dict[str, Any]" and is not used; assign to variable "_" if this is intentional (reportUnusedCallResult)
/home/runner/work/hol-guard/hol-guard/validation-driver/workspace-constructor-validation/read_result.py:215:12 - warning: Argument type is Any
  Argument corresponds to parameter "path" in function "digest" (reportAny)
::warning file=/home/runner/work/hol-guard/hol-guard/validation-driver/workspace-constructor-validation/read_result.py,line=215,col=12::Argument type is Any%0A  Argument corresponds to parameter "path" in function "digest" (reportAny)
/home/runner/work/hol-guard/hol-guard/validation-driver/workspace-constructor-validation/read_result.py:216:5 - warning: Result of call expression is of type "dict[str, Any]" and is not used; assign to variable "_" if this is intentional (reportUnusedCallResult)
::warning file=/home/runner/work/hol-guard/hol-guard/validation-driver/workspace-constructor-validation/read_result.py,line=216,col=5::Result of call expression is of type "dict[str, Any]" and is not used; assign to variable "_" if this is intentional (reportUnusedCallResult)
/home/runner/work/hol-guard/hol-guard/validation-driver/workspace-constructor-validation/read_result.py:216:12 - warning: Argument type is Any
  Argument corresponds to parameter "path" in function "digest" (reportAny)
::warning file=/home/runner/work/hol-guard/hol-guard/validation-driver/workspace-constructor-validation/read_result.py,line=216,col=12::Argument type is Any%0A  Argument corresponds to parameter "path" in function "digest" (reportAny)
/home/runner/work/hol-guard/hol-guard/validation-driver/workspace-constructor-validation/read_result.py:217:5 - warning: Type of "report" is Any (reportAny)
::warning file=/home/runner/work/hol-guard/hol-guard/validation-driver/workspace-constructor-validation/read_result.py,line=217,col=5::Type of "report" is Any (reportAny)
/home/runner/work/hol-guard/hol-guard/validation-driver/workspace-constructor-validation/read_result.py:217:21 - warning: Type of "read_bytes" is Any (reportAny)
::warning file=/home/runner/work/hol-guard/hol-guard/validation-driver/workspace-constructor-validation/read_result.py,line=217,col=21::Type of "read_bytes" is Any (reportAny)
/home/runner/work/hol-guard/hol-guard/validation-driver/workspace-constructor-validation/read_result.py:217:21 - warning: Argument type is Any
  Argument corresponds to parameter "raw" in function "decode" (reportAny)
::warning file=/home/runner/work/hol-guard/hol-guard/validation-driver/workspace-constructor-validation/read_result.py,line=217,col=21::Argument type is Any%0A  Argument corresponds to parameter "raw" in function "decode" (reportAny)
/home/runner/work/hol-guard/hol-guard/validation-driver/workspace-constructor-validation/read_result.py:218:25 - warning: Argument type is Any
  Argument corresponds to parameter "report" in function "reconstruct" (reportAny)
::warning file=/home/runner/work/hol-guard/hol-guard/validation-driver/workspace-constructor-validation/read_result.py,line=218,col=25::Argument type is Any%0A  Argument corresponds to parameter "report" in function "reconstruct" (reportAny)
/home/runner/work/hol-guard/hol-guard/validation-driver/workspace-constructor-validation/read_result.py:218:33 - warning: Type of "read_bytes" is Any (reportAny)
::warning file=/home/runner/work/hol-guard/hol-guard/validation-driver/workspace-constructor-validation/read_result.py,line=218,col=33::Type of "read_bytes" is Any (reportAny)
/home/runner/work/hol-guard/hol-guard/validation-driver/workspace-constructor-validation/read_result.py:218:33 - warning: Argument type is Any
  Argument corresponds to parameter "raw" in function "reconstruct" (reportAny)
::warning file=/home/runner/work/hol-guard/hol-guard/validation-driver/workspace-constructor-validation/read_result.py,line=218,col=33::Argument type is Any%0A  Argument corresponds to parameter "raw" in function "reconstruct" (reportAny)
/home/runner/work/hol-guard/hol-guard/validation-driver/workspace-constructor-validation/read_result.py:219:11 - warning: Argument type is Any
  Argument corresponds to parameter "path" in function "write" (reportAny)
::warning file=/home/runner/work/hol-guard/hol-guard/validation-driver/workspace-constructor-validation/read_result.py,line=219,col=11::Argument type is Any%0A  Argument corresponds to parameter "path" in function "write" (reportAny)
/home/runner/work/hol-guard/hol-guard/validation-driver/workspace-constructor-validation/read_result.py:222:9 - warning: Type of "path" is Any (reportAny)
::warning file=/home/runner/work/hol-guard/hol-guard/validation-driver/workspace-constructor-validation/read_result.py,line=222,col=9::Type of "path" is Any (reportAny)
/home/runner/work/hol-guard/hol-guard/validation-driver/workspace-constructor-validation/read_result.py:223:9 - warning: Result of call expression is of type "dict[str, Any]" and is not used; assign to variable "_" if this is intentional (reportUnusedCallResult)
::warning file=/home/runner/work/hol-guard/hol-guard/validation-driver/workspace-constructor-validation/read_result.py,line=223,col=9::Result of call expression is of type "dict[str, Any]" and is not used; assign to variable "_" if this is intentional (reportUnusedCallResult)
/home/runner/work/hol-guard/hol-guard/validation-driver/workspace-constructor-validation/read_result.py:223:16 - warning: Argument type is Any
  Argument corresponds to parameter "path" in function "digest" (reportAny)
::warning file=/home/runner/work/hol-guard/hol-guard/validation-driver/workspace-constructor-validation/read_result.py,line=223,col=16::Argument type is Any%0A  Argument corresponds to parameter "path" in function "digest" (reportAny)
/home/runner/work/hol-guard/hol-guard/validation-driver/workspace-constructor-validation/read_result.py:224:9 - warning: Type of "append" is partially unknown
  Type of "append" is "(object: Unknown, /) -> None" (reportUnknownMemberType)
::warning file=/home/runner/work/hol-guard/hol-guard/validation-driver/workspace-constructor-validation/read_result.py,line=224,col=9::Type of "append" is partially unknown%0A  Type of "append" is "(object: Unknown, /) -> None" (reportUnknownMemberType)
/home/runner/work/hol-guard/hol-guard/validation-driver/workspace-constructor-validation/read_result.py:224:29 - warning: Argument type is Any
  Argument corresponds to parameter "object" in function "append" (reportAny)
::warning file=/home/runner/work/hol-guard/hol-guard/validation-driver/workspace-constructor-validation/read_result.py,line=224,col=29::Argument type is Any%0A  Argument corresponds to parameter "object" in function "append" (reportAny)
/home/runner/work/hol-guard/hol-guard/validation-driver/workspace-constructor-validation/read_result.py:224:36 - warning: Type of "read_bytes" is Any (reportAny)
::warning file=/home/runner/work/hol-guard/hol-guard/validation-driver/workspace-constructor-validation/read_result.py,line=224,col=36::Type of "read_bytes" is Any (reportAny)
/home/runner/work/hol-guard/hol-guard/validation-driver/workspace-constructor-validation/read_result.py:224:36 - warning: Argument type is Any
  Argument corresponds to parameter "raw" in function "decode" (reportAny)
::warning file=/home/runner/work/hol-guard/hol-guard/validation-driver/workspace-constructor-validation/read_result.py,line=224,col=36::Argument type is Any%0A  Argument corresponds to parameter "raw" in function "decode" (reportAny)
/home/runner/work/hol-guard/hol-guard/validation-driver/workspace-constructor-validation/read_result.py:225:5 - warning: Type of "invocation" is Any (reportAny)
::warning file=/home/runner/work/hol-guard/hol-guard/validation-driver/workspace-constructor-validation/read_result.py,line=225,col=5::Type of "invocation" is Any (reportAny)
/home/runner/work/hol-guard/hol-guard/validation-driver/workspace-constructor-validation/read_result.py:225:25 - warning: Type of "read_bytes" is Any (reportAny)
::warning file=/home/runner/work/hol-guard/hol-guard/validation-driver/workspace-constructor-validation/read_result.py,line=225,col=25::Type of "read_bytes" is Any (reportAny)
/home/runner/work/hol-guard/hol-guard/validation-driver/workspace-constructor-validation/read_result.py:225:25 - warning: Argument type is Any
  Argument corresponds to parameter "raw" in function "decode" (reportAny)
::warning file=/home/runner/work/hol-guard/hol-guard/validation-driver/workspace-constructor-validation/read_result.py,line=225,col=25::Argument type is Any%0A  Argument corresponds to parameter "raw" in function "decode" (reportAny)
/home/runner/work/hol-guard/hol-guard/validation-driver/workspace-constructor-validation/read_result.py:226:5 - warning: Type of "installed" is Any (reportAny)
::warning file=/home/runner/work/hol-guard/hol-guard/validation-driver/workspace-constructor-validation/read_result.py,line=226,col=5::Type of "installed" is Any (reportAny)
/home/runner/work/hol-guard/hol-guard/validation-driver/workspace-constructor-validation/read_result.py:226:24 - warning: Type of "read_bytes" is Any (reportAny)
::warning file=/home/runner/work/hol-guard/hol-guard/validation-driver/workspace-constructor-validation/read_result.py,line=226,col=24::Type of "read_bytes" is Any (reportAny)
/home/runner/work/hol-guard/hol-guard/validation-driver/workspace-constructor-validation/read_result.py:226:24 - warning: Argument type is Any
  Argument corresponds to parameter "raw" in function "decode" (reportAny)
::warning file=/home/runner/work/hol-guard/hol-guard/validation-driver/workspace-constructor-validation/read_result.py,line=226,col=24::Argument type is Any%0A  Argument corresponds to parameter "raw" in function "decode" (reportAny)
/home/runner/work/hol-guard/hol-guard/validation-driver/workspace-constructor-validation/read_result.py:232:20 - warning: Argument type is Any
  Argument corresponds to parameter "report" in function "admit" (reportAny)
::warning file=/home/runner/work/hol-guard/hol-guard/validation-driver/workspace-constructor-validation/read_result.py,line=232,col=20::Argument type is Any%0A  Argument corresponds to parameter "report" in function "admit" (reportAny)
/home/runner/work/hol-guard/hol-guard/validation-driver/workspace-constructor-validation/read_result.py:232:35 - warning: Argument type is Any
  Argument corresponds to parameter "invocation" in function "admit" (reportAny)
::warning file=/home/runner/work/hol-guard/hol-guard/validation-driver/workspace-constructor-validation/read_result.py,line=232,col=35::Argument type is Any%0A  Argument corresponds to parameter "invocation" in function "admit" (reportAny)
/home/runner/work/hol-guard/hol-guard/validation-driver/workspace-constructor-validation/read_result.py:232:47 - warning: Argument type is partially unknown
  Argument corresponds to parameter "observations" in function "admit"
  Argument type is "list[Unknown]" (reportUnknownArgumentType)
::warning file=/home/runner/work/hol-guard/hol-guard/validation-driver/workspace-constructor-validation/read_result.py,line=232,col=47::Argument type is partially unknown%0A  Argument corresponds to parameter "observations" in function "admit"%0A  Argument type is "list[Unknown]" (reportUnknownArgumentType)
/home/runner/work/hol-guard/hol-guard/validation-driver/workspace-constructor-validation/read_result.py:232:72 - warning: Type of "returncode" is Any (reportAny)
::warning file=/home/runner/work/hol-guard/hol-guard/validation-driver/workspace-constructor-validation/read_result.py,line=232,col=72::Type of "returncode" is Any (reportAny)
/home/runner/work/hol-guard/hol-guard/validation-driver/workspace-constructor-validation/read_result.py:232:72 - warning: Argument type is Any
  Argument corresponds to parameter "returncode" in function "admit" (reportAny)
::warning file=/home/runner/work/hol-guard/hol-guard/validation-driver/workspace-constructor-validation/read_result.py,line=232,col=72::Argument type is Any%0A  Argument corresponds to parameter "returncode" in function "admit" (reportAny)
/home/runner/work/hol-guard/hol-guard/validation-driver/workspace-constructor-validation/read_result.py:233:11 - warning: Argument type is Any
  Argument corresponds to parameter "path" in function "write" (reportAny)
::warning file=/home/runner/work/hol-guard/hol-guard/validation-driver/workspace-constructor-validation/read_result.py,line=233,col=11::Argument type is Any%0A  Argument corresponds to parameter "path" in function "write" (reportAny)
/home/runner/work/hol-guard/hol-guard/validation-driver/workspace-constructor-validation/reader_controls/test_capture.py:11:6 - warning: Stub file not found for "constructor.capture" (reportMissingTypeStubs)
::warning file=/home/runner/work/hol-guard/hol-guard/validation-driver/workspace-constructor-validation/reader_controls/test_capture.py,line=11,col=6::Stub file not found for "constructor.capture" (reportMissingTypeStubs)
/home/runner/work/hol-guard/hol-guard/validation-driver/workspace-constructor-validation/reader_controls/test_capture.py:12:6 - warning: Stub file not found for "constructor.hooks" (reportMissingTypeStubs)
::warning file=/home/runner/work/hol-guard/hol-guard/validation-driver/workspace-constructor-validation/reader_controls/test_capture.py,line=12,col=6::Stub file not found for "constructor.hooks" (reportMissingTypeStubs)
/home/runner/work/hol-guard/hol-guard/validation-driver/workspace-constructor-validation/reader_controls/test_capture.py:21:9 - warning: Return type is Any (reportAny)
::warning file=/home/runner/work/hol-guard/hol-guard/validation-driver/workspace-constructor-validation/reader_controls/test_capture.py,line=21,col=9::Return type is Any (reportAny)
/home/runner/work/hol-guard/hol-guard/validation-driver/workspace-constructor-validation/reader_controls/test_capture.py:21:27 - warning: Type `Any` is not allowed (reportExplicitAny)
::warning file=/home/runner/work/hol-guard/hol-guard/validation-driver/workspace-constructor-validation/reader_controls/test_capture.py,line=21,col=27::Type `Any` is not allowed (reportExplicitAny)
/home/runner/work/hol-guard/hol-guard/validation-driver/workspace-constructor-validation/reader_controls/test_capture.py:24:13 - warning: Return type is Any (reportAny)
::warning file=/home/runner/work/hol-guard/hol-guard/validation-driver/workspace-constructor-validation/reader_controls/test_capture.py,line=24,col=13::Return type is Any (reportAny)
/home/runner/work/hol-guard/hol-guard/validation-driver/workspace-constructor-validation/reader_controls/test_capture.py:24:27 - warning: Type `Any` is not allowed (reportExplicitAny)
::warning file=/home/runner/work/hol-guard/hol-guard/validation-driver/workspace-constructor-validation/reader_controls/test_capture.py,line=24,col=27::Type `Any` is not allowed (reportExplicitAny)
/home/runner/work/hol-guard/hol-guard/validation-driver/workspace-constructor-validation/reader_controls/test_capture.py:28:43 - warning: Type of "store" is Any (reportAny)
::warning file=/home/runner/work/hol-guard/hol-guard/validation-driver/workspace-constructor-validation/reader_controls/test_capture.py,line=28,col=43::Type of "store" is Any (reportAny)
/home/runner/work/hol-guard/hol-guard/validation-driver/workspace-constructor-validation/reader_controls/test_capture.py:29:38 - warning: Type of "clock" is Any (reportAny)
::warning file=/home/runner/work/hol-guard/hol-guard/validation-driver/workspace-constructor-validation/reader_controls/test_capture.py,line=29,col=38::Type of "clock" is Any (reportAny)
/home/runner/work/hol-guard/hol-guard/validation-driver/workspace-constructor-validation/reader_controls/test_capture.py:36:16 - warning: Return type is Any (reportAny)
::warning file=/home/runner/work/hol-guard/hol-guard/validation-driver/workspace-constructor-validation/reader_controls/test_capture.py,line=36,col=16::Return type is Any (reportAny)
/home/runner/work/hol-guard/hol-guard/validation-driver/workspace-constructor-validation/reader_controls/test_capture.py:46:30 - warning: Type of "row" is Any (reportAny)
::warning file=/home/runner/work/hol-guard/hol-guard/validation-driver/workspace-constructor-validation/reader_controls/test_capture.py,line=46,col=30::Type of "row" is Any (reportAny)
/home/runner/work/hol-guard/hol-guard/validation-driver/workspace-constructor-validation/reader_controls/test_capture.py:47:31 - warning: Type of "row" is Any (reportAny)
::warning file=/home/runner/work/hol-guard/hol-guard/validation-driver/workspace-constructor-validation/reader_controls/test_capture.py,line=47,col=31::Type of "row" is Any (reportAny)
/home/runner/work/hol-guard/hol-guard/validation-driver/workspace-constructor-validation/reader_controls/test_capture.py:48:33 - warning: Type of "row" is Any (reportAny)
::warning file=/home/runner/work/hol-guard/hol-guard/validation-driver/workspace-constructor-validation/reader_controls/test_capture.py,line=48,col=33::Type of "row" is Any (reportAny)
/home/runner/work/hol-guard/hol-guard/validation-driver/workspace-constructor-validation/reader_controls/test_capture.py:68:9 - warning: Return type is Any (reportAny)
::warning file=/home/runner/work/hol-guard/hol-guard/validation-driver/workspace-constructor-validation/reader_controls/test_capture.py,line=68,col=9::Return type is Any (reportAny)
/home/runner/work/hol-guard/hol-guard/validation-driver/workspace-constructor-validation/reader_controls/test_capture.py:68:21 - warning: Type `Any` is not allowed (reportExplicitAny)
::warning file=/home/runner/work/hol-guard/hol-guard/validation-driver/workspace-constructor-validation/reader_controls/test_capture.py,line=68,col=21::Type `Any` is not allowed (reportExplicitAny)
/home/runner/work/hol-guard/hol-guard/validation-driver/workspace-constructor-validation/reader_controls/test_capture.py:83:9 - warning: Return type is Any (reportAny)
::warning file=/home/runner/work/hol-guard/hol-guard/validation-driver/workspace-constructor-validation/reader_controls/test_capture.py,line=83,col=9::Return type is Any (reportAny)
/home/runner/work/hol-guard/hol-guard/validation-driver/workspace-constructor-validation/reader_controls/test_capture.py:83:19 - warning: Type of parameter "args" is Any (reportAny)
::warning file=/home/runner/work/hol-guard/hol-guard/validation-driver/workspace-constructor-validation/reader_controls/test_capture.py,line=83,col=19::Type of parameter "args" is Any (reportAny)
/home/runner/work/hol-guard/hol-guard/validation-driver/workspace-constructor-validation/reader_controls/test_capture.py:83:25 - warning: Type `Any` is not allowed (reportExplicitAny)
::warning file=/home/runner/work/hol-guard/hol-guard/validation-driver/workspace-constructor-validation/reader_controls/test_capture.py,line=83,col=25::Type `Any` is not allowed (reportExplicitAny)
/home/runner/work/hol-guard/hol-guard/validation-driver/workspace-constructor-validation/reader_controls/test_capture.py:83:32 - warning: Type of parameter "kwargs" is Any (reportAny)
::warning file=/home/runner/work/hol-guard/hol-guard/validation-driver/workspace-constructor-validation/reader_controls/test_capture.py,line=83,col=32::Type of parameter "kwargs" is Any (reportAny)
/home/runner/work/hol-guard/hol-guard/validation-driver/workspace-constructor-validation/reader_controls/test_capture.py:83:40 - warning: Type `Any` is not allowed (reportExplicitAny)
::warning file=/home/runner/work/hol-guard/hol-guard/validation-driver/workspace-constructor-validation/reader_controls/test_capture.py,line=83,col=40::Type `Any` is not allowed (reportExplicitAny)
/home/runner/work/hol-guard/hol-guard/validation-driver/workspace-constructor-validation/reader_controls/test_capture.py:83:48 - warning: Type `Any` is not allowed (reportExplicitAny)
::warning file=/home/runner/work/hol-guard/hol-guard/validation-driver/workspace-constructor-validation/reader_controls/test_capture.py,line=83,col=48::Type `Any` is not allowed (reportExplicitAny)
/home/runner/work/hol-guard/hol-guard/validation-driver/workspace-constructor-validation/reader_controls/test_capture.py:84:9 - warning: Type of "append" is partially unknown
  Type of "append" is "(object: Unknown, /) -> None" (reportUnknownMemberType)
::warning file=/home/runner/work/hol-guard/hol-guard/validation-driver/workspace-constructor-validation/reader_controls/test_capture.py,line=84,col=9::Type of "append" is partially unknown%0A  Type of "append" is "(object: Unknown, /) -> None" (reportUnknownMemberType)
/home/runner/work/hol-guard/hol-guard/validation-driver/workspace-constructor-validation/reader_controls/test_capture.py:87:5 - warning: Type of "actual" is Any (reportAny)
::warning file=/home/runner/work/hol-guard/hol-guard/validation-driver/workspace-constructor-validation/reader_controls/test_capture.py,line=87,col=5::Type of "actual" is Any (reportAny)
/home/runner/work/hol-guard/hol-guard/validation-driver/workspace-constructor-validation/reader_controls/test_capture.py:87:40 - warning: Return type of lambda is Any (reportAny)
::warning file=/home/runner/work/hol-guard/hol-guard/validation-driver/workspace-constructor-validation/reader_controls/test_capture.py,line=87,col=40::Return type of lambda is Any (reportAny)
/home/runner/work/hol-guard/hol-guard/validation-driver/workspace-constructor-validation/reader_controls/test_capture.py:97:9 - warning: Type of "append" is partially unknown
  Type of "append" is "(object: Unknown, /) -> None" (reportUnknownMemberType)
::warning file=/home/runner/work/hol-guard/hol-guard/validation-driver/workspace-constructor-validation/reader_controls/test_capture.py,line=97,col=9::Type of "append" is partially unknown%0A  Type of "append" is "(object: Unknown, /) -> None" (reportUnknownMemberType)
/home/runner/work/hol-guard/hol-guard/validation-driver/workspace-constructor-validation/reader_controls/test_capture.py:106:46 - warning: Return type of lambda is Any (reportAny)
::warning file=/home/runner/work/hol-guard/hol-guard/validation-driver/workspace-constructor-validation/reader_controls/test_capture.py,line=106,col=46::Return type of lambda is Any (reportAny)
/home/runner/work/hol-guard/hol-guard/validation-driver/workspace-constructor-validation/reader_controls/test_capture.py:118:13 - warning: Type of "append" is partially unknown
  Type of "append" is "(object: Unknown, /) -> None" (reportUnknownMemberType)
::warning file=/home/runner/work/hol-guard/hol-guard/validation-driver/workspace-constructor-validation/reader_controls/test_capture.py,line=118,col=13::Type of "append" is partially unknown%0A  Type of "append" is "(object: Unknown, /) -> None" (reportUnknownMemberType)
/home/runner/work/hol-guard/hol-guard/validation-driver/workspace-constructor-validation/reader_controls/test_capture.py:122:24 - warning: Type of parameter "_frame" is Any (reportAny)
::warning file=/home/runner/work/hol-guard/hol-guard/validation-driver/workspace-constructor-validation/reader_controls/test_capture.py,line=122,col=24::Type of parameter "_frame" is Any (reportAny)
/home/runner/work/hol-guard/hol-guard/validation-driver/workspace-constructor-validation/reader_controls/test_capture.py:122:32 - warning: Type `Any` is not allowed (reportExplicitAny)
::warning file=/home/runner/work/hol-guard/hol-guard/validation-driver/workspace-constructor-validation/reader_controls/test_capture.py,line=122,col=32::Type `Any` is not allowed (reportExplicitAny)
/home/runner/work/hol-guard/hol-guard/validation-driver/workspace-constructor-validation/reader_controls/test_capture.py:155:12 - warning: Type of "publisher" is Any (reportAny)
::warning file=/home/runner/work/hol-guard/hol-guard/validation-driver/workspace-constructor-validation/reader_controls/test_capture.py,line=155,col=12::Type of "publisher" is Any (reportAny)
/home/runner/work/hol-guard/hol-guard/validation-driver/workspace-constructor-validation/reader_controls/test_capture.py:159:10 - warning: Stub file not found for "constructor" (reportMissingTypeStubs)
::warning file=/home/runner/work/hol-guard/hol-guard/validation-driver/workspace-constructor-validation/reader_controls/test_capture.py,line=159,col=10::Stub file not found for "constructor" (reportMissingTypeStubs)
/home/runner/work/hol-guard/hol-guard/validation-driver/workspace-constructor-validation/reader_controls/test_capture.py:172:13 - warning: Return type is Any (reportAny)
::warning file=/home/runner/work/hol-guard/hol-guard/validation-driver/workspace-constructor-validation/reader_controls/test_capture.py,line=172,col=13::Return type is Any (reportAny)
/home/runner/work/hol-guard/hol-guard/validation-driver/workspace-constructor-validation/reader_controls/test_capture.py:172:33 - warning: Type `Any` is not allowed (reportExplicitAny)
::warning file=/home/runner/work/hol-guard/hol-guard/validation-driver/workspace-constructor-validation/reader_controls/test_capture.py,line=172,col=33::Type `Any` is not allowed (reportExplicitAny)
/home/runner/work/hol-guard/hol-guard/validation-driver/workspace-constructor-validation/reader_controls/test_capture.py:175:13 - warning: Method "__repr__" is not marked as override but is overriding a method in class "object" (reportImplicitOverride)
::warning file=/home/runner/work/hol-guard/hol-guard/validation-driver/workspace-constructor-validation/reader_controls/test_capture.py,line=175,col=13::Method "__repr__" is not marked as override but is overriding a method in class "object" (reportImplicitOverride)
/home/runner/work/hol-guard/hol-guard/validation-driver/workspace-constructor-validation/reader_controls/test_capture.py:189:13 - warning: Return type is Any (reportAny)
::warning file=/home/runner/work/hol-guard/hol-guard/validation-driver/workspace-constructor-validation/reader_controls/test_capture.py,line=189,col=13::Return type is Any (reportAny)
/home/runner/work/hol-guard/hol-guard/validation-driver/workspace-constructor-validation/reader_controls/test_capture.py:189:13 - warning: Method "__getattribute__" is not marked as override but is overriding a method in class "object" (reportImplicitOverride)
::warning file=/home/runner/work/hol-guard/hol-guard/validation-driver/workspace-constructor-validation/reader_controls/test_capture.py,line=189,col=13::Method "__getattribute__" is not marked as override but is overriding a method in class "object" (reportImplicitOverride)
/home/runner/work/hol-guard/hol-guard/validation-driver/workspace-constructor-validation/reader_controls/test_capture.py:189:49 - warning: Type `Any` is not allowed (reportExplicitAny)
::warning file=/home/runner/work/hol-guard/hol-guard/validation-driver/workspace-constructor-validation/reader_controls/test_capture.py,line=189,col=49::Type `Any` is not allowed (reportExplicitAny)
/home/runner/work/hol-guard/hol-guard/validation-driver/workspace-constructor-validation/reader_controls/test_capture.py:194:13 - warning: Return type is Any (reportAny)
::warning file=/home/runner/work/hol-guard/hol-guard/validation-driver/workspace-constructor-validation/reader_controls/test_capture.py,line=194,col=13::Return type is Any (reportAny)
/home/runner/work/hol-guard/hol-guard/validation-driver/workspace-constructor-validation/reader_controls/test_capture.py:194:13 - warning: Method "__getattribute__" is not marked as override but is overriding a method in class "object" (reportImplicitOverride)
::warning file=/home/runner/work/hol-guard/hol-guard/validation-driver/workspace-constructor-validation/reader_controls/test_capture.py,line=194,col=13::Method "__getattribute__" is not marked as override but is overriding a method in class "object" (reportImplicitOverride)
/home/runner/work/hol-guard/hol-guard/validation-driver/workspace-constructor-validation/reader_controls/test_capture.py:194:50 - warning: Type `Any` is not allowed (reportExplicitAny)
::warning file=/home/runner/work/hol-guard/hol-guard/validation-driver/workspace-constructor-validation/reader_controls/test_capture.py,line=194,col=50::Type `Any` is not allowed (reportExplicitAny)
/home/runner/work/hol-guard/hol-guard/validation-driver/workspace-constructor-validation/reader_controls/test_capture.py:210:10 - warning: Stub file not found for "constructor.bindings" (reportMissingTypeStubs)
::warning file=/home/runner/work/hol-guard/hol-guard/validation-driver/workspace-constructor-validation/reader_controls/test_capture.py,line=210,col=10::Stub file not found for "constructor.bindings" (reportMissingTypeStubs)
/home/runner/work/hol-guard/hol-guard/validation-driver/workspace-constructor-validation/reader_controls/test_capture.py:215:13 - warning: Method "__hash__" is not marked as override but is overriding a method in class "object" (reportImplicitOverride)
::warning file=/home/runner/work/hol-guard/hol-guard/validation-driver/workspace-constructor-validation/reader_controls/test_capture.py,line=215,col=13::Method "__hash__" is not marked as override but is overriding a method in class "object" (reportImplicitOverride)
/home/runner/work/hol-guard/hol-guard/validation-driver/workspace-constructor-validation/reader_controls/test_capture.py:220:13 - warning: Return type is Any (reportAny)
::warning file=/home/runner/work/hol-guard/hol-guard/validation-driver/workspace-constructor-validation/reader_controls/test_capture.py,line=220,col=13::Return type is Any (reportAny)
/home/runner/work/hol-guard/hol-guard/validation-driver/workspace-constructor-validation/reader_controls/test_capture.py:220:13 - warning: Method "__getattribute__" is not marked as override but is overriding a method in class "object" (reportImplicitOverride)
::warning file=/home/runner/work/hol-guard/hol-guard/validation-driver/workspace-constructor-validation/reader_controls/test_capture.py,line=220,col=13::Method "__getattribute__" is not marked as override but is overriding a method in class "object" (reportImplicitOverride)
/home/runner/work/hol-guard/hol-guard/validation-driver/workspace-constructor-validation/reader_controls/test_capture.py:220:50 - warning: Type `Any` is not allowed (reportExplicitAny)
::warning file=/home/runner/work/hol-guard/hol-guard/validation-driver/workspace-constructor-validation/reader_controls/test_capture.py,line=220,col=50::Type `Any` is not allowed (reportExplicitAny)
/home/runner/work/hol-guard/hol-guard/validation-driver/workspace-constructor-validation/reader_controls/test_capture.py:227:9 - warning: Result of call expression is of type "tuple[Any, ...]" and is not used; assign to variable "_" if this is intentional (reportUnusedCallResult)
::warning file=/home/runner/work/hol-guard/hol-guard/validation-driver/workspace-constructor-validation/reader_controls/test_capture.py,line=227,col=9::Result of call expression is of type "tuple[Any, ...]" and is not used; assign to variable "_" if this is intentional (reportUnusedCallResult)
/home/runner/work/hol-guard/hol-guard/validation-driver/workspace-constructor-validation/reader_controls/test_dispatch.py:12:6 - warning: Stub file not found for "constructor" (reportMissingTypeStubs)
::warning file=/home/runner/work/hol-guard/hol-guard/validation-driver/workspace-constructor-validation/reader_controls/test_dispatch.py,line=12,col=6::Stub file not found for "constructor" (reportMissingTypeStubs)
/home/runner/work/hol-guard/hol-guard/validation-driver/workspace-constructor-validation/reader_controls/test_dispatch.py:13:6 - warning: Stub file not found for "constructor.bindings" (reportMissingTypeStubs)
::warning file=/home/runner/work/hol-guard/hol-guard/validation-driver/workspace-constructor-validation/reader_controls/test_dispatch.py,line=13,col=6::Stub file not found for "constructor.bindings" (reportMissingTypeStubs)
/home/runner/work/hol-guard/hol-guard/validation-driver/workspace-constructor-validation/reader_controls/test_dispatch.py:14:6 - warning: Stub file not found for "constructor.parent" (reportMissingTypeStubs)
::warning file=/home/runner/work/hol-guard/hol-guard/validation-driver/workspace-constructor-validation/reader_controls/test_dispatch.py,line=14,col=6::Stub file not found for "constructor.parent" (reportMissingTypeStubs)
/home/runner/work/hol-guard/hol-guard/validation-driver/workspace-constructor-validation/reader_controls/test_dispatch.py:21:9 - warning: Return type is Any (reportAny)
::warning file=/home/runner/work/hol-guard/hol-guard/validation-driver/workspace-constructor-validation/reader_controls/test_dispatch.py,line=21,col=9::Return type is Any (reportAny)
/home/runner/work/hol-guard/hol-guard/validation-driver/workspace-constructor-validation/reader_controls/test_dispatch.py:21:19 - warning: Type of parameter "args" is Any (reportAny)
::warning file=/home/runner/work/hol-guard/hol-guard/validation-driver/workspace-constructor-validation/reader_controls/test_dispatch.py,line=21,col=19::Type of parameter "args" is Any (reportAny)
/home/runner/work/hol-guard/hol-guard/validation-driver/workspace-constructor-validation/reader_controls/test_dispatch.py:21:25 - warning: Type `Any` is not allowed (reportExplicitAny)
::warning file=/home/runner/work/hol-guard/hol-guard/validation-driver/workspace-constructor-validation/reader_controls/test_dispatch.py,line=21,col=25::Type `Any` is not allowed (reportExplicitAny)
/home/runner/work/hol-guard/hol-guard/validation-driver/workspace-constructor-validation/reader_controls/test_dispatch.py:21:33 - warning: Type `Any` is not allowed (reportExplicitAny)
::warning file=/home/runner/work/hol-guard/hol-guard/validation-driver/workspace-constructor-validation/reader_controls/test_dispatch.py,line=21,col=33::Type `Any` is not allowed (reportExplicitAny)
/home/runner/work/hol-guard/hol-guard/validation-driver/workspace-constructor-validation/reader_controls/test_dispatch.py:22:9 - warning: Type of "append" is partially unknown
  Type of "append" is "(object: Unknown, /) -> None" (reportUnknownMemberType)
::warning file=/home/runner/work/hol-guard/hol-guard/validation-driver/workspace-constructor-validation/reader_controls/test_dispatch.py,line=22,col=9::Type of "append" is partially unknown%0A  Type of "append" is "(object: Unknown, /) -> None" (reportUnknownMemberType)
/home/runner/work/hol-guard/hol-guard/validation-driver/workspace-constructor-validation/reader_controls/test_dispatch.py:25:5 - warning: Type of "observed" is Any (reportAny)
::warning file=/home/runner/work/hol-guard/hol-guard/validation-driver/workspace-constructor-validation/reader_controls/test_dispatch.py,line=25,col=5::Type of "observed" is Any (reportAny)
/home/runner/work/hol-guard/hol-guard/validation-driver/workspace-constructor-validation/reader_controls/test_dispatch.py:31:16 - warning: Type of "append" is partially unknown
  Type of "append" is "(object: Unknown, /) -> None" (reportUnknownMemberType)
::warning file=/home/runner/work/hol-guard/hol-guard/validation-driver/workspace-constructor-validation/reader_controls/test_dispatch.py,line=31,col=16::Type of "append" is partially unknown%0A  Type of "append" is "(object: Unknown, /) -> None" (reportUnknownMemberType)
/home/runner/work/hol-guard/hol-guard/validation-driver/workspace-constructor-validation/reader_controls/test_dispatch.py:31:16 - warning: Argument type is partially unknown
  Argument corresponds to parameter "retain" in function "observe_dispatch"
  Argument type is "(object: Unknown, /) -> None" (reportUnknownArgumentType)
::warning file=/home/runner/work/hol-guard/hol-guard/validation-driver/workspace-constructor-validation/reader_controls/test_dispatch.py,line=31,col=16::Argument type is partially unknown%0A  Argument corresponds to parameter "retain" in function "observe_dispatch"%0A  Argument type is "(object: Unknown, /) -> None" (reportUnknownArgumentType)
/home/runner/work/hol-guard/hol-guard/validation-driver/workspace-constructor-validation/reader_controls/test_dispatch.py:43:9 - warning: Return type is Any (reportAny)
::warning file=/home/runner/work/hol-guard/hol-guard/validation-driver/workspace-constructor-validation/reader_controls/test_dispatch.py,line=43,col=9::Return type is Any (reportAny)
/home/runner/work/hol-guard/hol-guard/validation-driver/workspace-constructor-validation/reader_controls/test_dispatch.py:43:19 - warning: Type of parameter "args" is Any (reportAny)
::warning file=/home/runner/work/hol-guard/hol-guard/validation-driver/workspace-constructor-validation/reader_controls/test_dispatch.py,line=43,col=19::Type of parameter "args" is Any (reportAny)
/home/runner/work/hol-guard/hol-guard/validation-driver/workspace-constructor-validation/reader_controls/test_dispatch.py:43:25 - warning: Type `Any` is not allowed (reportExplicitAny)
::warning file=/home/runner/work/hol-guard/hol-guard/validation-driver/workspace-constructor-validation/reader_controls/test_dispatch.py,line=43,col=25::Type `Any` is not allowed (reportExplicitAny)
/home/runner/work/hol-guard/hol-guard/validation-driver/workspace-constructor-validation/reader_controls/test_dispatch.py:43:33 - warning: Type `Any` is not allowed (reportExplicitAny)
::warning file=/home/runner/work/hol-guard/hol-guard/validation-driver/workspace-constructor-validation/reader_controls/test_dispatch.py,line=43,col=33::Type `Any` is not allowed (reportExplicitAny)
/home/runner/work/hol-guard/hol-guard/validation-driver/workspace-constructor-validation/reader_controls/test_dispatch.py:44:9 - warning: Type of "append" is partially unknown
  Type of "append" is "(object: Unknown, /) -> None" (reportUnknownMemberType)
::warning file=/home/runner/work/hol-guard/hol-guard/validation-driver/workspace-constructor-validation/reader_controls/test_dispatch.py,line=44,col=9::Type of "append" is partially unknown%0A  Type of "append" is "(object: Unknown, /) -> None" (reportUnknownMemberType)
/home/runner/work/hol-guard/hol-guard/validation-driver/workspace-constructor-validation/reader_controls/test_dispatch.py:47:23 - warning: Type of parameter "_value" is Any (reportAny)
::warning file=/home/runner/work/hol-guard/hol-guard/validation-driver/workspace-constructor-validation/reader_controls/test_dispatch.py,line=47,col=23::Type of parameter "_value" is Any (reportAny)
/home/runner/work/hol-guard/hol-guard/validation-driver/workspace-constructor-validation/reader_controls/test_dispatch.py:47:31 - warning: Type `Any` is not allowed (reportExplicitAny)
::warning file=/home/runner/work/hol-guard/hol-guard/validation-driver/workspace-constructor-validation/reader_controls/test_dispatch.py,line=47,col=31::Type `Any` is not allowed (reportExplicitAny)
/home/runner/work/hol-guard/hol-guard/validation-driver/workspace-constructor-validation/reader_controls/test_dispatch.py:60:42 - warning: Argument type is partially unknown
  Argument corresponds to parameter "obj" in function "len"
  Argument type is "list[Unknown]" (reportUnknownArgumentType)
::warning file=/home/runner/work/hol-guard/hol-guard/validation-driver/workspace-constructor-validation/reader_controls/test_dispatch.py,line=60,col=42::Argument type is partially unknown%0A  Argument corresponds to parameter "obj" in function "len"%0A  Argument type is "list[Unknown]" (reportUnknownArgumentType)
/home/runner/work/hol-guard/hol-guard/validation-driver/workspace-constructor-validation/reader_controls/test_dispatch.py:63:48 - warning: Type of parameter "monkeypatch" is Any (reportAny)
::warning file=/home/runner/work/hol-guard/hol-guard/validation-driver/workspace-constructor-validation/reader_controls/test_dispatch.py,line=63,col=48::Type of parameter "monkeypatch" is Any (reportAny)
/home/runner/work/hol-guard/hol-guard/validation-driver/workspace-constructor-validation/reader_controls/test_dispatch.py:63:61 - warning: Type `Any` is not allowed (reportExplicitAny)
::warning file=/home/runner/work/hol-guard/hol-guard/validation-driver/workspace-constructor-validation/reader_controls/test_dispatch.py,line=63,col=61::Type `Any` is not allowed (reportExplicitAny)
/home/runner/work/hol-guard/hol-guard/validation-driver/workspace-constructor-validation/reader_controls/test_dispatch.py:67:9 - warning: Type annotation for attribute `restored` is required because this class is not decorated with `@final` (reportUnannotatedClassAttribute)
::warning file=/home/runner/work/hol-guard/hol-guard/validation-driver/workspace-constructor-validation/reader_controls/test_dispatch.py,line=67,col=9::Type annotation for attribute `restored` is required because this class is not decorated with `@final` (reportUnannotatedClassAttribute)
/home/runner/work/hol-guard/hol-guard/validation-driver/workspace-constructor-validation/reader_controls/test_dispatch.py:69:29 - warning: Type of parameter "_args" is Any (reportAny)
::warning file=/home/runner/work/hol-guard/hol-guard/validation-driver/workspace-constructor-validation/reader_controls/test_dispatch.py,line=69,col=29::Type of parameter "_args" is Any (reportAny)
/home/runner/work/hol-guard/hol-guard/validation-driver/workspace-constructor-validation/reader_controls/test_dispatch.py:69:36 - warning: Type `Any` is not allowed (reportExplicitAny)
::warning file=/home/runner/work/hol-guard/hol-guard/validation-driver/workspace-constructor-validation/reader_controls/test_dispatch.py,line=69,col=36::Type `Any` is not allowed (reportExplicitAny)
/home/runner/work/hol-guard/hol-guard/validation-driver/workspace-constructor-validation/reader_controls/test_dispatch.py:72:13 - warning: Return type is Any (reportAny)
::warning file=/home/runner/work/hol-guard/hol-guard/validation-driver/workspace-constructor-validation/reader_controls/test_dispatch.py,line=72,col=13::Return type is Any (reportAny)
/home/runner/work/hol-guard/hol-guard/validation-driver/workspace-constructor-validation/reader_controls/test_dispatch.py:72:32 - warning: Type `Any` is not allowed (reportExplicitAny)
::warning file=/home/runner/work/hol-guard/hol-guard/validation-driver/workspace-constructor-validation/reader_controls/test_dispatch.py,line=72,col=32::Type `Any` is not allowed (reportExplicitAny)
/home/runner/work/hol-guard/hol-guard/validation-driver/workspace-constructor-validation/reader_controls/test_dispatch.py:78:5 - warning: Type of "setattr" is Any (reportAny)
::warning file=/home/runner/work/hol-guard/hol-guard/validation-driver/workspace-constructor-validation/reader_controls/test_dispatch.py,line=78,col=5::Type of "setattr" is Any (reportAny)
/home/runner/work/hol-guard/hol-guard/validation-driver/workspace-constructor-validation/reader_controls/test_dispatch.py:79:5 - warning: Type of "setattr" is Any (reportAny)
::warning file=/home/runner/work/hol-guard/hol-guard/validation-driver/workspace-constructor-validation/reader_controls/test_dispatch.py,line=79,col=5::Type of "setattr" is Any (reportAny)
/home/runner/work/hol-guard/hol-guard/validation-driver/workspace-constructor-validation/reader_controls/test_dispatch.py:79:50 - warning: Type of parameter "_session" is unknown (reportUnknownLambdaType)
::warning file=/home/runner/work/hol-guard/hol-guard/validation-driver/workspace-constructor-validation/reader_controls/test_dispatch.py,line=79,col=50::Type of parameter "_session" is unknown (reportUnknownLambdaType)
/home/runner/work/hol-guard/hol-guard/validation-driver/workspace-constructor-validation/reader_controls/test_dispatch.py:84:21 - warning: Type of parameter "_args" is partially unknown (reportUnknownLambdaType)
::warning file=/home/runner/work/hol-guard/hol-guard/validation-driver/workspace-constructor-validation/reader_controls/test_dispatch.py,line=84,col=21::Type of parameter "_args" is partially unknown (reportUnknownLambdaType)
/home/runner/work/hol-guard/hol-guard/validation-driver/workspace-constructor-validation/reader_controls/test_dispatch.py:89:20 - warning: Type of "append" is partially unknown
  Type of "append" is "(object: Unknown, /) -> None" (reportUnknownMemberType)
::warning file=/home/runner/work/hol-guard/hol-guard/validation-driver/workspace-constructor-validation/reader_controls/test_dispatch.py,line=89,col=20::Type of "append" is partially unknown%0A  Type of "append" is "(object: Unknown, /) -> None" (reportUnknownMemberType)
/home/runner/work/hol-guard/hol-guard/validation-driver/workspace-constructor-validation/reader_controls/test_dispatch.py:89:20 - warning: Argument type is partially unknown
  Argument corresponds to parameter "retain" in function "observe_dispatch"
  Argument type is "(object: Unknown, /) -> None" (reportUnknownArgumentType)
::warning file=/home/runner/work/hol-guard/hol-guard/validation-driver/workspace-constructor-validation/reader_controls/test_dispatch.py,line=89,col=20::Argument type is partially unknown%0A  Argument corresponds to parameter "retain" in function "observe_dispatch"%0A  Argument type is "(object: Unknown, /) -> None" (reportUnknownArgumentType)
/home/runner/work/hol-guard/hol-guard/validation-driver/workspace-constructor-validation/reader_controls/test_dispatch.py:100:5 - warning: Result of call expression is of type "int" and is not used; assign to variable "_" if this is intentional (reportUnusedCallResult)
::warning file=/home/runner/work/hol-guard/hol-guard/validation-driver/workspace-constructor-validation/reader_controls/test_dispatch.py,line=100,col=5::Result of call expression is of type "int" and is not used; assign to variable "_" if this is intentional (reportUnusedCallResult)
/home/runner/work/hol-guard/hol-guard/validation-driver/workspace-constructor-validation/reader_controls/test_dispatch.py:108:9 - warning: Result of call expression is of type "tuple[str, ...]" and is not used; assign to variable "_" if this is intentional (reportUnusedCallResult)
::warning file=/home/runner/work/hol-guard/hol-guard/validation-driver/workspace-constructor-validation/reader_controls/test_dispatch.py,line=108,col=9::Result of call expression is of type "tuple[str, ...]" and is not used; assign to variable "_" if this is intentional (reportUnusedCallResult)
/home/runner/work/hol-guard/hol-guard/validation-driver/workspace-constructor-validation/reader_controls/test_dispatch.py:110:9 - warning: Result of call expression is of type "tuple[str, ...]" and is not used; assign to variable "_" if this is intentional (reportUnusedCallResult)
::warning file=/home/runner/work/hol-guard/hol-guard/validation-driver/workspace-constructor-validation/reader_controls/test_dispatch.py,line=110,col=9::Result of call expression is of type "tuple[str, ...]" and is not used; assign to variable "_" if this is intentional (reportUnusedCallResult)
/home/runner/work/hol-guard/hol-guard/validation-driver/workspace-constructor-validation/reader_controls/test_dispatch.py:117:5 - warning: Type of "rows" is Any (reportAny)
::warning file=/home/runner/work/hol-guard/hol-guard/validation-driver/workspace-constructor-validation/reader_controls/test_dispatch.py,line=117,col=5::Type of "rows" is Any (reportAny)
/home/runner/work/hol-guard/hol-guard/validation-driver/workspace-constructor-validation/reader_controls/test_dispatch.py:120:5 - warning: Result of call expression is of type "int" and is not used; assign to variable "_" if this is intentional (reportUnusedCallResult)
::warning file=/home/runner/work/hol-guard/hol-guard/validation-driver/workspace-constructor-validation/reader_controls/test_dispatch.py,line=120,col=5::Result of call expression is of type "int" and is not used; assign to variable "_" if this is intentional (reportUnusedCallResult)
/home/runner/work/hol-guard/hol-guard/validation-driver/workspace-constructor-validation/reader_controls/test_dispatch.py:122:9 - warning: Result of call expression is of type "Registry" and is not used; assign to variable "_" if this is intentional (reportUnusedCallResult)
::warning file=/home/runner/work/hol-guard/hol-guard/validation-driver/workspace-constructor-validation/reader_controls/test_dispatch.py,line=122,col=9::Result of call expression is of type "Registry" and is not used; assign to variable "_" if this is intentional (reportUnusedCallResult)
/home/runner/work/hol-guard/hol-guard/validation-driver/workspace-constructor-validation/reader_controls/test_hooks.py:17:56 - warning: "_ack" is private and used outside of the module in which it is declared (reportPrivateUsage)
::warning file=/home/runner/work/hol-guard/hol-guard/validation-driver/workspace-constructor-validation/reader_controls/test_hooks.py,line=17,col=56::"_ack" is private and used outside of the module in which it is declared (reportPrivateUsage)
/home/runner/work/hol-guard/hol-guard/validation-driver/workspace-constructor-validation/reader_controls/test_hooks.py:17:62 - warning: "_status" is private and used outside of the module in which it is declared (reportPrivateUsage)
::warning file=/home/runner/work/hol-guard/hol-guard/validation-driver/workspace-constructor-validation/reader_controls/test_hooks.py,line=17,col=62::"_status" is private and used outside of the module in which it is declared (reportPrivateUsage)
/home/runner/work/hol-guard/hol-guard/validation-driver/workspace-constructor-validation/reader_controls/test_hooks.py:19:6 - warning: Stub file not found for "constructor.bindings" (reportMissingTypeStubs)
::warning file=/home/runner/work/hol-guard/hol-guard/validation-driver/workspace-constructor-validation/reader_controls/test_hooks.py,line=19,col=6::Stub file not found for "constructor.bindings" (reportMissingTypeStubs)
/home/runner/work/hol-guard/hol-guard/validation-driver/workspace-constructor-validation/reader_controls/test_hooks.py:20:6 - warning: Stub file not found for "constructor.capture" (reportMissingTypeStubs)
::warning file=/home/runner/work/hol-guard/hol-guard/validation-driver/workspace-constructor-validation/reader_controls/test_hooks.py,line=20,col=6::Stub file not found for "constructor.capture" (reportMissingTypeStubs)
/home/runner/work/hol-guard/hol-guard/validation-driver/workspace-constructor-validation/reader_controls/test_hooks.py:21:6 - warning: Stub file not found for "constructor.hooks" (reportMissingTypeStubs)
::warning file=/home/runner/work/hol-guard/hol-guard/validation-driver/workspace-constructor-validation/reader_controls/test_hooks.py,line=21,col=6::Stub file not found for "constructor.hooks" (reportMissingTypeStubs)
/home/runner/work/hol-guard/hol-guard/validation-driver/workspace-constructor-validation/reader_controls/test_hooks.py:22:6 - warning: Stub file not found for "constructor.reader" (reportMissingTypeStubs)
::warning file=/home/runner/work/hol-guard/hol-guard/validation-driver/workspace-constructor-validation/reader_controls/test_hooks.py,line=22,col=6::Stub file not found for "constructor.reader" (reportMissingTypeStubs)
/home/runner/work/hol-guard/hol-guard/validation-driver/workspace-constructor-validation/reader_controls/test_hooks.py:33:50 - warning: "_GuardDaemonHttpServer" is private and used outside of the module in which it is declared (reportPrivateUsage)
::warning file=/home/runner/work/hol-guard/hol-guard/validation-driver/workspace-constructor-validation/reader_controls/test_hooks.py,line=33,col=50::"_GuardDaemonHttpServer" is private and used outside of the module in which it is declared (reportPrivateUsage)
/home/runner/work/hol-guard/hol-guard/validation-driver/workspace-constructor-validation/reader_controls/test_hooks.py:34:50 - warning: "_initialize_request_services" is protected and used outside of the class in which it is declared (reportPrivateUsage)
::warning file=/home/runner/work/hol-guard/hol-guard/validation-driver/workspace-constructor-validation/reader_controls/test_hooks.py,line=34,col=50::"_initialize_request_services" is protected and used outside of the class in which it is declared (reportPrivateUsage)
/home/runner/work/hol-guard/hol-guard/validation-driver/workspace-constructor-validation/reader_controls/test_hooks.py:37:23 - warning: "_GuardDaemonHttpServer" is private and used outside of the module in which it is declared (reportPrivateUsage)
::warning file=/home/runner/work/hol-guard/hol-guard/validation-driver/workspace-constructor-validation/reader_controls/test_hooks.py,line=37,col=23::"_GuardDaemonHttpServer" is private and used outside of the module in which it is declared (reportPrivateUsage)
/home/runner/work/hol-guard/hol-guard/validation-driver/workspace-constructor-validation/reader_controls/test_hooks.py:37:69 - warning: "_GuardDaemonHTTPServer" is private and used outside of the module in which it is declared (reportPrivateUsage)
::warning file=/home/runner/work/hol-guard/hol-guard/validation-driver/workspace-constructor-validation/reader_controls/test_hooks.py,line=37,col=69::"_GuardDaemonHTTPServer" is private and used outside of the module in which it is declared (reportPrivateUsage)
/home/runner/work/hol-guard/hol-guard/validation-driver/workspace-constructor-validation/reader_controls/test_hooks.py:40:58 - warning: "_initialize_request_services" is protected and used outside of the class in which it is declared (reportPrivateUsage)
::warning file=/home/runner/work/hol-guard/hol-guard/validation-driver/workspace-constructor-validation/reader_controls/test_hooks.py,line=40,col=58::"_initialize_request_services" is protected and used outside of the class in which it is declared (reportPrivateUsage)
/home/runner/work/hol-guard/hol-guard/validation-driver/workspace-constructor-validation/reader_controls/test_hooks.py:46:5 - warning: Type of "manifest" is Any (reportAny)
::warning file=/home/runner/work/hol-guard/hol-guard/validation-driver/workspace-constructor-validation/reader_controls/test_hooks.py,line=46,col=5::Type of "manifest" is Any (reportAny)
/home/runner/work/hol-guard/hol-guard/validation-driver/workspace-constructor-validation/reader_controls/test_hooks.py:49:5 - warning: Result of call expression is of type "int" and is not used; assign to variable "_" if this is intentional (reportUnusedCallResult)
::warning file=/home/runner/work/hol-guard/hol-guard/validation-driver/workspace-constructor-validation/reader_controls/test_hooks.py,line=49,col=5::Result of call expression is of type "int" and is not used; assign to variable "_" if this is intentional (reportUnusedCallResult)
/home/runner/work/hol-guard/hol-guard/validation-driver/workspace-constructor-validation/reader_controls/test_hooks.py:52:9 - warning: Result of call expression is of type "Registry" and is not used; assign to variable "_" if this is intentional (reportUnusedCallResult)
::warning file=/home/runner/work/hol-guard/hol-guard/validation-driver/workspace-constructor-validation/reader_controls/test_hooks.py,line=52,col=9::Result of call expression is of type "Registry" and is not used; assign to variable "_" if this is intentional (reportUnusedCallResult)
/home/runner/work/hol-guard/hol-guard/validation-driver/workspace-constructor-validation/reader_controls/test_hooks.py:59:35 - warning: Type of "item" is Any (reportAny)
::warning file=/home/runner/work/hol-guard/hol-guard/validation-driver/workspace-constructor-validation/reader_controls/test_hooks.py,line=59,col=35::Type of "item" is Any (reportAny)
/home/runner/work/hol-guard/hol-guard/validation-driver/workspace-constructor-validation/reader_controls/test_hooks.py:59:69 - warning: Argument type is Any
  Argument corresponds to parameter "o" in function "__init__" (reportAny)
::warning file=/home/runner/work/hol-guard/hol-guard/validation-driver/workspace-constructor-validation/reader_controls/test_hooks.py,line=59,col=69::Argument type is Any%0A  Argument corresponds to parameter "o" in function "__init__" (reportAny)
/home/runner/work/hol-guard/hol-guard/validation-driver/workspace-constructor-validation/reader_controls/test_hooks.py:65:9 - warning: Result of call expression is of type "Registry" and is not used; assign to variable "_" if this is intentional (reportUnusedCallResult)
::warning file=/home/runner/work/hol-guard/hol-guard/validation-driver/workspace-constructor-validation/reader_controls/test_hooks.py,line=65,col=9::Result of call expression is of type "Registry" and is not used; assign to variable "_" if this is intentional (reportUnusedCallResult)
/home/runner/work/hol-guard/hol-guard/validation-driver/workspace-constructor-validation/reader_controls/test_hooks.py:74:21 - warning: Type of parameter "args" is Any (reportAny)
::warning file=/home/runner/work/hol-guard/hol-guard/validation-driver/workspace-constructor-validation/reader_controls/test_hooks.py,line=74,col=21::Type of parameter "args" is Any (reportAny)
/home/runner/work/hol-guard/hol-guard/validation-driver/workspace-constructor-validation/reader_controls/test_hooks.py:74:27 - warning: Type `Any` is not allowed (reportExplicitAny)
::warning file=/home/runner/work/hol-guard/hol-guard/validation-driver/workspace-constructor-validation/reader_controls/test_hooks.py,line=74,col=27::Type `Any` is not allowed (reportExplicitAny)
/home/runner/work/hol-guard/hol-guard/validation-driver/workspace-constructor-validation/reader_controls/test_hooks.py:79:15 - warning: Argument type is Any
  Argument corresponds to parameter "name" in function "bind" (reportAny)
::warning file=/home/runner/work/hol-guard/hol-guard/validation-driver/workspace-constructor-validation/reader_controls/test_hooks.py,line=79,col=15::Argument type is Any%0A  Argument corresponds to parameter "name" in function "bind" (reportAny)
/home/runner/work/hol-guard/hol-guard/validation-driver/workspace-constructor-validation/reader_controls/test_hooks.py:83:9 - warning: Result of call expression is of type "OwnedHooks" and is not used; assign to variable "_" if this is intentional (reportUnusedCallResult)
::warning file=/home/runner/work/hol-guard/hol-guard/validation-driver/workspace-constructor-validation/reader_controls/test_hooks.py,line=83,col=9::Result of call expression is of type "OwnedHooks" and is not used; assign to variable "_" if this is intentional (reportUnusedCallResult)
/home/runner/work/hol-guard/hol-guard/validation-driver/workspace-constructor-validation/reader_controls/test_hooks.py:90:9 - warning: Return type is Any (reportAny)
::warning file=/home/runner/work/hol-guard/hol-guard/validation-driver/workspace-constructor-validation/reader_controls/test_hooks.py,line=90,col=9::Return type is Any (reportAny)
/home/runner/work/hol-guard/hol-guard/validation-driver/workspace-constructor-validation/reader_controls/test_hooks.py:90:19 - warning: Type of parameter "args" is Any (reportAny)
::warning file=/home/runner/work/hol-guard/hol-guard/validation-driver/workspace-constructor-validation/reader_controls/test_hooks.py,line=90,col=19::Type of parameter "args" is Any (reportAny)
/home/runner/work/hol-guard/hol-guard/validation-driver/workspace-constructor-validation/reader_controls/test_hooks.py:90:25 - warning: Type `Any` is not allowed (reportExplicitAny)
::warning file=/home/runner/work/hol-guard/hol-guard/validation-driver/workspace-constructor-validation/reader_controls/test_hooks.py,line=90,col=25::Type `Any` is not allowed (reportExplicitAny)
/home/runner/work/hol-guard/hol-guard/validation-driver/workspace-constructor-validation/reader_controls/test_hooks.py:90:32 - warning: Type of parameter "kwargs" is Any (reportAny)
::warning file=/home/runner/work/hol-guard/hol-guard/validation-driver/workspace-constructor-validation/reader_controls/test_hooks.py,line=90,col=32::Type of parameter "kwargs" is Any (reportAny)
/home/runner/work/hol-guard/hol-guard/validation-driver/workspace-constructor-validation/reader_controls/test_hooks.py:90:40 - warning: Type `Any` is not allowed (reportExplicitAny)
::warning file=/home/runner/work/hol-guard/hol-guard/validation-driver/workspace-constructor-validation/reader_controls/test_hooks.py,line=90,col=40::Type `Any` is not allowed (reportExplicitAny)
/home/runner/work/hol-guard/hol-guard/validation-driver/workspace-constructor-validation/reader_controls/test_hooks.py:90:48 - warning: Type `Any` is not allowed (reportExplicitAny)
::warning file=/home/runner/work/hol-guard/hol-guard/validation-driver/workspace-constructor-validation/reader_controls/test_hooks.py,line=90,col=48::Type `Any` is not allowed (reportExplicitAny)
/home/runner/work/hol-guard/hol-guard/validation-driver/workspace-constructor-validation/reader_controls/test_hooks.py:91:9 - warning: Type of "append" is partially unknown
  Type of "append" is "(object: Unknown, /) -> None" (reportUnknownMemberType)
::warning file=/home/runner/work/hol-guard/hol-guard/validation-driver/workspace-constructor-validation/reader_controls/test_hooks.py,line=91,col=9::Type of "append" is partially unknown%0A  Type of "append" is "(object: Unknown, /) -> None" (reportUnknownMemberType)
/home/runner/work/hol-guard/hol-guard/validation-driver/workspace-constructor-validation/reader_controls/test_hooks.py:98:26 - warning: "replace_service" is not exported from module "scripts.native_slo_workspace_lifecycle" (reportPrivateLocalImportUsage)
::warning file=/home/runner/work/hol-guard/hol-guard/validation-driver/workspace-constructor-validation/reader_controls/test_hooks.py,line=98,col=26::"replace_service" is not exported from module "scripts.native_slo_workspace_lifecycle" (reportPrivateLocalImportUsage)
/home/runner/work/hol-guard/hol-guard/validation-driver/workspace-constructor-validation/reader_controls/test_hooks.py:108:69 - warning: Argument type is partially unknown
  Argument corresponds to parameter "value" in function "setattr"
  Argument type is "(*, create: Unknown) -> tuple[bytes, Literal['test']]" (reportUnknownArgumentType)
::warning file=/home/runner/work/hol-guard/hol-guard/validation-driver/workspace-constructor-validation/reader_controls/test_hooks.py,line=108,col=69::Argument type is partially unknown%0A  Argument corresponds to parameter "value" in function "setattr"%0A  Argument type is "(*, create: Unknown) -> tuple[bytes, Literal['test']]" (reportUnknownArgumentType)
/home/runner/work/hol-guard/hol-guard/validation-driver/workspace-constructor-validation/reader_controls/test_hooks.py:108:79 - warning: Type of parameter "create" is unknown (reportUnknownLambdaType)
::warning file=/home/runner/work/hol-guard/hol-guard/validation-driver/workspace-constructor-validation/reader_controls/test_hooks.py,line=108,col=79::Type of parameter "create" is unknown (reportUnknownLambdaType)
/home/runner/work/hol-guard/hol-guard/validation-driver/workspace-constructor-validation/reader_controls/test_hooks.py:109:5 - warning: Result of call expression is of type "dict[str, str]" and is not used; assign to variable "_" if this is intentional (reportUnusedCallResult)
::warning file=/home/runner/work/hol-guard/hol-guard/validation-driver/workspace-constructor-validation/reader_controls/test_hooks.py,line=109,col=5::Result of call expression is of type "dict[str, str]" and is not used; assign to variable "_" if this is intentional (reportUnusedCallResult)
/home/runner/work/hol-guard/hol-guard/validation-driver/workspace-constructor-validation/reader_controls/test_hooks.py:112:21 - warning: Type of parameter "kwargs" is Any (reportAny)
::warning file=/home/runner/work/hol-guard/hol-guard/validation-driver/workspace-constructor-validation/reader_controls/test_hooks.py,line=112,col=21::Type of parameter "kwargs" is Any (reportAny)
/home/runner/work/hol-guard/hol-guard/validation-driver/workspace-constructor-validation/reader_controls/test_hooks.py:112:29 - warning: Type `Any` is not allowed (reportExplicitAny)
::warning file=/home/runner/work/hol-guard/hol-guard/validation-driver/workspace-constructor-validation/reader_controls/test_hooks.py,line=112,col=29::Type `Any` is not allowed (reportExplicitAny)
/home/runner/work/hol-guard/hol-guard/validation-driver/workspace-constructor-validation/reader_controls/test_hooks.py:114:21 - warning: Argument type is Any
  Argument corresponds to parameter "payload" in function "_ack" (reportAny)
::warning file=/home/runner/work/hol-guard/hol-guard/validation-driver/workspace-constructor-validation/reader_controls/test_hooks.py,line=114,col=21::Argument type is Any%0A  Argument corresponds to parameter "payload" in function "_ack" (reportAny)
/home/runner/work/hol-guard/hol-guard/validation-driver/workspace-constructor-validation/reader_controls/test_hooks.py:119:9 - warning: Return type is Any (reportAny)
::warning file=/home/runner/work/hol-guard/hol-guard/validation-driver/workspace-constructor-validation/reader_controls/test_hooks.py,line=119,col=9::Return type is Any (reportAny)
/home/runner/work/hol-guard/hol-guard/validation-driver/workspace-constructor-validation/reader_controls/test_hooks.py:119:15 - warning: Type of parameter "instance" is Any (reportAny)
::warning file=/home/runner/work/hol-guard/hol-guard/validation-driver/workspace-constructor-validation/reader_controls/test_hooks.py,line=119,col=15::Type of parameter "instance" is Any (reportAny)
/home/runner/work/hol-guard/hol-guard/validation-driver/workspace-constructor-validation/reader_controls/test_hooks.py:119:25 - warning: Type `Any` is not allowed (reportExplicitAny)
::warning file=/home/runner/work/hol-guard/hol-guard/validation-driver/workspace-constructor-validation/reader_controls/test_hooks.py,line=119,col=25::Type `Any` is not allowed (reportExplicitAny)
/home/runner/work/hol-guard/hol-guard/validation-driver/workspace-constructor-validation/reader_controls/test_hooks.py:119:33 - warning: Type `Any` is not allowed (reportExplicitAny)
::warning file=/home/runner/work/hol-guard/hol-guard/validation-driver/workspace-constructor-validation/reader_controls/test_hooks.py,line=119,col=33::Type `Any` is not allowed (reportExplicitAny)
/home/runner/work/hol-guard/hol-guard/validation-driver/workspace-constructor-validation/reader_controls/test_hooks.py:121:31 - warning: Argument type is Any
  Argument corresponds to parameter "self" in function "start" (reportAny)
::warning file=/home/runner/work/hol-guard/hol-guard/validation-driver/workspace-constructor-validation/reader_controls/test_hooks.py,line=121,col=31::Argument type is Any%0A  Argument corresponds to parameter "self" in function "start" (reportAny)
/home/runner/work/hol-guard/hol-guard/validation-driver/workspace-constructor-validation/reader_controls/test_hooks.py:123:9 - warning: Return type is Any (reportAny)
::warning file=/home/runner/work/hol-guard/hol-guard/validation-driver/workspace-constructor-validation/reader_controls/test_hooks.py,line=123,col=9::Return type is Any (reportAny)
/home/runner/work/hol-guard/hol-guard/validation-driver/workspace-constructor-validation/reader_controls/test_hooks.py:123:14 - warning: Type of parameter "instance" is Any (reportAny)
::warning file=/home/runner/work/hol-guard/hol-guard/validation-driver/workspace-constructor-validation/reader_controls/test_hooks.py,line=123,col=14::Type of parameter "instance" is Any (reportAny)
/home/runner/work/hol-guard/hol-guard/validation-driver/workspace-constructor-validation/reader_controls/test_hooks.py:123:24 - warning: Type `Any` is not allowed (reportExplicitAny)
::warning file=/home/runner/work/hol-guard/hol-guard/validation-driver/workspace-constructor-validation/reader_controls/test_hooks.py,line=123,col=24::Type `Any` is not allowed (reportExplicitAny)
/home/runner/work/hol-guard/hol-guard/validation-driver/workspace-constructor-validation/reader_controls/test_hooks.py:123:30 - warning: Type of parameter "args" is Any (reportAny)
::warning file=/home/runner/work/hol-guard/hol-guard/validation-driver/workspace-constructor-validation/reader_controls/test_hooks.py,line=123,col=30::Type of parameter "args" is Any (reportAny)
/home/runner/work/hol-guard/hol-guard/validation-driver/workspace-constructor-validation/reader_controls/test_hooks.py:123:36 - warning: Type `Any` is not allowed (reportExplicitAny)
::warning file=/home/runner/work/hol-guard/hol-guard/validation-driver/workspace-constructor-validation/reader_controls/test_hooks.py,line=123,col=36::Type `Any` is not allowed (reportExplicitAny)
/home/runner/work/hol-guard/hol-guard/validation-driver/workspace-constructor-validation/reader_controls/test_hooks.py:123:43 - warning: Type of parameter "kwargs" is Any (reportAny)
::warning file=/home/runner/work/hol-guard/hol-guard/validation-driver/workspace-constructor-validation/reader_controls/test_hooks.py,line=123,col=43::Type of parameter "kwargs" is Any (reportAny)
/home/runner/work/hol-guard/hol-guard/validation-driver/workspace-constructor-validation/reader_controls/test_hooks.py:123:51 - warning: Type `Any` is not allowed (reportExplicitAny)
::warning file=/home/runner/work/hol-guard/hol-guard/validation-driver/workspace-constructor-validation/reader_controls/test_hooks.py,line=123,col=51::Type `Any` is not allowed (reportExplicitAny)
/home/runner/work/hol-guard/hol-guard/validation-driver/workspace-constructor-validation/reader_controls/test_hooks.py:123:59 - warning: Type `Any` is not allowed (reportExplicitAny)
::warning file=/home/runner/work/hol-guard/hol-guard/validation-driver/workspace-constructor-validation/reader_controls/test_hooks.py,line=123,col=59::Type `Any` is not allowed (reportExplicitAny)
/home/runner/work/hol-guard/hol-guard/validation-driver/workspace-constructor-validation/reader_controls/test_hooks.py:125:30 - warning: Argument type is Any
  Argument corresponds to parameter "self" in function "wait_until_ready" (reportAny)
::warning file=/home/runner/work/hol-guard/hol-guard/validation-driver/workspace-constructor-validation/reader_controls/test_hooks.py,line=125,col=30::Argument type is Any%0A  Argument corresponds to parameter "self" in function "wait_until_ready" (reportAny)
/home/runner/work/hol-guard/hol-guard/validation-driver/workspace-constructor-validation/reader_controls/test_hooks.py:125:41 - warning: Argument type is Any
  Argument corresponds to parameter "deadline_monotonic" in function "wait_until_ready" (reportAny)
::warning file=/home/runner/work/hol-guard/hol-guard/validation-driver/workspace-constructor-validation/reader_controls/test_hooks.py,line=125,col=41::Argument type is Any%0A  Argument corresponds to parameter "deadline_monotonic" in function "wait_until_ready" (reportAny)
/home/runner/work/hol-guard/hol-guard/validation-driver/workspace-constructor-validation/reader_controls/test_hooks.py:127:9 - warning: Return type is Any (reportAny)
::warning file=/home/runner/work/hol-guard/hol-guard/validation-driver/workspace-constructor-validation/reader_controls/test_hooks.py,line=127,col=9::Return type is Any (reportAny)
/home/runner/work/hol-guard/hol-guard/validation-driver/workspace-constructor-validation/reader_controls/test_hooks.py:127:17 - warning: Type of parameter "candidate" is Any (reportAny)
::warning file=/home/runner/work/hol-guard/hol-guard/validation-driver/workspace-constructor-validation/reader_controls/test_hooks.py,line=127,col=17::Type of parameter "candidate" is Any (reportAny)
/home/runner/work/hol-guard/hol-guard/validation-driver/workspace-constructor-validation/reader_controls/test_hooks.py:127:28 - warning: Type `Any` is not allowed (reportExplicitAny)
::warning file=/home/runner/work/hol-guard/hol-guard/validation-driver/workspace-constructor-validation/reader_controls/test_hooks.py,line=127,col=28::Type `Any` is not allowed (reportExplicitAny)
/home/runner/work/hol-guard/hol-guard/validation-driver/workspace-constructor-validation/reader_controls/test_hooks.py:127:35 - warning: Type of parameter "_kwargs" is Any (reportAny)
::warning file=/home/runner/work/hol-guard/hol-guard/validation-driver/workspace-constructor-validation/reader_controls/test_hooks.py,line=127,col=35::Type of parameter "_kwargs" is Any (reportAny)
/home/runner/work/hol-guard/hol-guard/validation-driver/workspace-constructor-validation/reader_controls/test_hooks.py:127:44 - warning: Type `Any` is not allowed (reportExplicitAny)
::warning file=/home/runner/work/hol-guard/hol-guard/validation-driver/workspace-constructor-validation/reader_controls/test_hooks.py,line=127,col=44::Type `Any` is not allowed (reportExplicitAny)
/home/runner/work/hol-guard/hol-guard/validation-driver/workspace-constructor-validation/reader_controls/test_hooks.py:127:52 - warning: Type `Any` is not allowed (reportExplicitAny)
::warning file=/home/runner/work/hol-guard/hol-guard/validation-driver/workspace-constructor-validation/reader_controls/test_hooks.py,line=127,col=52::Type `Any` is not allowed (reportExplicitAny)
/home/runner/work/hol-guard/hol-guard/validation-driver/workspace-constructor-validation/reader_controls/test_hooks.py:143:60 - warning: Type of parameter "_publisher" is Any (reportAny)
::warning file=/home/runner/work/hol-guard/hol-guard/validation-driver/workspace-constructor-validation/reader_controls/test_hooks.py,line=143,col=60::Type of parameter "_publisher" is Any (reportAny)
/home/runner/work/hol-guard/hol-guard/validation-driver/workspace-constructor-validation/reader_controls/test_hooks.py:144:13 - warning: Type of "append" is partially unknown
  Type of "append" is "(object: Unknown, /) -> None" (reportUnknownMemberType)
::warning file=/home/runner/work/hol-guard/hol-guard/validation-driver/workspace-constructor-validation/reader_controls/test_hooks.py,line=144,col=13::Type of "append" is partially unknown%0A  Type of "append" is "(object: Unknown, /) -> None" (reportUnknownMemberType)
/home/runner/work/hol-guard/hol-guard/validation-driver/workspace-constructor-validation/reader_controls/test_hooks.py:146:22 - warning: Type of parameter "frame" is Any (reportAny)
::warning file=/home/runner/work/hol-guard/hol-guard/validation-driver/workspace-constructor-validation/reader_controls/test_hooks.py,line=146,col=22::Type of parameter "frame" is Any (reportAny)
/home/runner/work/hol-guard/hol-guard/validation-driver/workspace-constructor-validation/reader_controls/test_hooks.py:146:29 - warning: Type `Any` is not allowed (reportExplicitAny)
::warning file=/home/runner/work/hol-guard/hol-guard/validation-driver/workspace-constructor-validation/reader_controls/test_hooks.py,line=146,col=29::Type `Any` is not allowed (reportExplicitAny)
/home/runner/work/hol-guard/hol-guard/validation-driver/workspace-constructor-validation/reader_controls/test_hooks.py:147:12 - warning: Type of "f_code" is Any (reportAny)
::warning file=/home/runner/work/hol-guard/hol-guard/validation-driver/workspace-constructor-validation/reader_controls/test_hooks.py,line=147,col=12::Type of "f_code" is Any (reportAny)
/home/runner/work/hol-guard/hol-guard/validation-driver/workspace-constructor-validation/reader_controls/test_hooks.py:149:30 - warning: Argument type is Any
  Argument corresponds to parameter "frame" in function "site" (reportAny)
::warning file=/home/runner/work/hol-guard/hol-guard/validation-driver/workspace-constructor-validation/reader_controls/test_hooks.py,line=149,col=30::Argument type is Any%0A  Argument corresponds to parameter "frame" in function "site" (reportAny)
/home/runner/work/hol-guard/hol-guard/validation-driver/workspace-constructor-validation/reader_controls/test_hooks.py:161:35 - warning: Type of "policy_snapshot_publisher" is unknown (reportUnknownMemberType)
::warning file=/home/runner/work/hol-guard/hol-guard/validation-driver/workspace-constructor-validation/reader_controls/test_hooks.py,line=161,col=35::Type of "policy_snapshot_publisher" is unknown (reportUnknownMemberType)
/home/runner/work/hol-guard/hol-guard/validation-driver/workspace-constructor-validation/reader_controls/test_hooks.py:167:48 - warning: "_thread" is protected and used outside of the class in which it is declared (reportPrivateUsage)
::warning file=/home/runner/work/hol-guard/hol-guard/validation-driver/workspace-constructor-validation/reader_controls/test_hooks.py,line=167,col=48::"_thread" is protected and used outside of the class in which it is declared (reportPrivateUsage)
/home/runner/work/hol-guard/hol-guard/validation-driver/workspace-constructor-validation/reader_controls/test_hooks.py:167:81 - warning: "_thread" is protected and used outside of the class in which it is declared (reportPrivateUsage)
::warning file=/home/runner/work/hol-guard/hol-guard/validation-driver/workspace-constructor-validation/reader_controls/test_hooks.py,line=167,col=81::"_thread" is protected and used outside of the class in which it is declared (reportPrivateUsage)
/home/runner/work/hol-guard/hol-guard/validation-driver/workspace-constructor-validation/reader_controls/test_install.py:14:6 - warning: Stub file not found for "install" (reportMissingTypeStubs)
::warning file=/home/runner/work/hol-guard/hol-guard/validation-driver/workspace-constructor-validation/reader_controls/test_install.py,line=14,col=6::Stub file not found for "install" (reportMissingTypeStubs)
/home/runner/work/hol-guard/hol-guard/validation-driver/workspace-constructor-validation/reader_controls/test_install.py:17:39 - warning: Type `Any` is not allowed (reportExplicitAny)
::warning file=/home/runner/work/hol-guard/hol-guard/validation-driver/workspace-constructor-validation/reader_controls/test_install.py,line=17,col=39::Type `Any` is not allowed (reportExplicitAny)
/home/runner/work/hol-guard/hol-guard/validation-driver/workspace-constructor-validation/reader_controls/test_install.py:21:87 - warning: Type `Any` is not allowed (reportExplicitAny)
::warning file=/home/runner/work/hol-guard/hol-guard/validation-driver/workspace-constructor-validation/reader_controls/test_install.py,line=21,col=87::Type `Any` is not allowed (reportExplicitAny)
/home/runner/work/hol-guard/hol-guard/validation-driver/workspace-constructor-validation/reader_controls/test_install.py:25:5 - warning: Result of call expression is of type "int" and is not used; assign to variable "_" if this is intentional (reportUnusedCallResult)
::warning file=/home/runner/work/hol-guard/hol-guard/validation-driver/workspace-constructor-validation/reader_controls/test_install.py,line=25,col=5::Result of call expression is of type "int" and is not used; assign to variable "_" if this is intentional (reportUnusedCallResult)
/home/runner/work/hol-guard/hol-guard/validation-driver/workspace-constructor-validation/reader_controls/test_install.py:26:5 - warning: Result of call expression is of type "int" and is not used; assign to variable "_" if this is intentional (reportUnusedCallResult)
::warning file=/home/runner/work/hol-guard/hol-guard/validation-driver/workspace-constructor-validation/reader_controls/test_install.py,line=26,col=5::Result of call expression is of type "int" and is not used; assign to variable "_" if this is intentional (reportUnusedCallResult)
/home/runner/work/hol-guard/hol-guard/validation-driver/workspace-constructor-validation/reader_controls/test_install.py:29:5 - warning: Result of call expression is of type "int" and is not used; assign to variable "_" if this is intentional (reportUnusedCallResult)
::warning file=/home/runner/work/hol-guard/hol-guard/validation-driver/workspace-constructor-validation/reader_controls/test_install.py,line=29,col=5::Result of call expression is of type "int" and is not used; assign to variable "_" if this is intentional (reportUnusedCallResult)
/home/runner/work/hol-guard/hol-guard/validation-driver/workspace-constructor-validation/reader_controls/test_install.py:33:5 - warning: Result of call expression is of type "int" and is not used; assign to variable "_" if this is intentional (reportUnusedCallResult)
::warning file=/home/runner/work/hol-guard/hol-guard/validation-driver/workspace-constructor-validation/reader_controls/test_install.py,line=33,col=5::Result of call expression is of type "int" and is not used; assign to variable "_" if this is intentional (reportUnusedCallResult)
/home/runner/work/hol-guard/hol-guard/validation-driver/workspace-constructor-validation/reader_controls/test_install.py:63:9 - warning: Result of call expression is of type "int" and is not used; assign to variable "_" if this is intentional (reportUnusedCallResult)
::warning file=/home/runner/work/hol-guard/hol-guard/validation-driver/workspace-constructor-validation/reader_controls/test_install.py,line=63,col=9::Result of call expression is of type "int" and is not used; assign to variable "_" if this is intentional (reportUnusedCallResult)
/home/runner/work/hol-guard/hol-guard/validation-driver/workspace-constructor-validation/reader_controls/test_install.py:65:9 - warning: Result of call expression is of type "int" and is not used; assign to variable "_" if this is intentional (reportUnusedCallResult)
::warning file=/home/runner/work/hol-guard/hol-guard/validation-driver/workspace-constructor-validation/reader_controls/test_install.py,line=65,col=9::Result of call expression is of type "int" and is not used; assign to variable "_" if this is intentional (reportUnusedCallResult)
/home/runner/work/hol-guard/hol-guard/validation-driver/workspace-constructor-validation/reader_controls/test_install.py:96:9 - warning: Result of call expression is of type "tuple[bytes, dict[str, Any]]" and is not used; assign to variable "_" if this is intentional (reportUnusedCallResult)
::warning file=/home/runner/work/hol-guard/hol-guard/validation-driver/workspace-constructor-validation/reader_controls/test_install.py,line=96,col=9::Result of call expression is of type "tuple[bytes, dict[str, Any]]" and is not used; assign to variable "_" if this is intentional (reportUnusedCallResult)
/home/runner/work/hol-guard/hol-guard/validation-driver/workspace-constructor-validation/reader_controls/test_reader.py:10:6 - warning: Stub file not found for "constructor.reader" (reportMissingTypeStubs)
::warning file=/home/runner/work/hol-guard/hol-guard/validation-driver/workspace-constructor-validation/reader_controls/test_reader.py,line=10,col=6::Stub file not found for "constructor.reader" (reportMissingTypeStubs)
/home/runner/work/hol-guard/hol-guard/validation-driver/workspace-constructor-validation/reader_controls/test_reader.py:11:6 - warning: Stub file not found for "reader_controls.test_capture" (reportMissingTypeStubs)
::warning file=/home/runner/work/hol-guard/hol-guard/validation-driver/workspace-constructor-validation/reader_controls/test_reader.py,line=11,col=6::Stub file not found for "reader_controls.test_capture" (reportMissingTypeStubs)
/home/runner/work/hol-guard/hol-guard/validation-driver/workspace-constructor-validation/reader_controls/test_reader.py:14:25 - warning: Type `Any` is not allowed (reportExplicitAny)
::warning file=/home/runner/work/hol-guard/hol-guard/validation-driver/workspace-constructor-validation/reader_controls/test_reader.py,line=14,col=25::Type `Any` is not allowed (reportExplicitAny)
/home/runner/work/hol-guard/hol-guard/validation-driver/workspace-constructor-validation/reader_controls/test_reader.py:23:16 - warning: Argument type is Any
  Argument corresponds to parameter "iterable" in function "__init__" (reportAny)
::warning file=/home/runner/work/hol-guard/hol-guard/validation-driver/workspace-constructor-validation/reader_controls/test_reader.py,line=23,col=16::Argument type is Any%0A  Argument corresponds to parameter "iterable" in function "__init__" (reportAny)
/home/runner/work/hol-guard/hol-guard/validation-driver/workspace-constructor-validation/reader_controls/test_reader.py:29:16 - warning: Type of "values" is Any (reportAny)
::warning file=/home/runner/work/hol-guard/hol-guard/validation-driver/workspace-constructor-validation/reader_controls/test_reader.py,line=29,col=16::Type of "values" is Any (reportAny)
/home/runner/work/hol-guard/hol-guard/validation-driver/workspace-constructor-validation/reader_controls/test_reader.py:29:16 - warning: Argument type is Any
  Argument corresponds to parameter "iterable" in function "__init__" (reportAny)
::warning file=/home/runner/work/hol-guard/hol-guard/validation-driver/workspace-constructor-validation/reader_controls/test_reader.py,line=29,col=16::Argument type is Any%0A  Argument corresponds to parameter "iterable" in function "__init__" (reportAny)
/home/runner/work/hol-guard/hol-guard/validation-driver/workspace-constructor-validation/reader_controls/test_reader.py:55:10 - warning: Stub file not found for "constructor.hooks" (reportMissingTypeStubs)
::warning file=/home/runner/work/hol-guard/hol-guard/validation-driver/workspace-constructor-validation/reader_controls/test_reader.py,line=55,col=10::Stub file not found for "constructor.hooks" (reportMissingTypeStubs)
/home/runner/work/hol-guard/hol-guard/validation-driver/workspace-constructor-validation/reader_controls/test_reader.py:60:9 - warning: Type of "append" is partially unknown
  Type of "append" is "(object: Unknown, /) -> None" (reportUnknownMemberType)
::warning file=/home/runner/work/hol-guard/hol-guard/validation-driver/workspace-constructor-validation/reader_controls/test_reader.py,line=60,col=9::Type of "append" is partially unknown%0A  Type of "append" is "(object: Unknown, /) -> None" (reportUnknownMemberType)
/home/runner/work/hol-guard/hol-guard/validation-driver/workspace-constructor-validation/reader_controls/test_reader.py:64:9 - warning: Type of "append" is partially unknown
  Type of "append" is "(object: Unknown, /) -> None" (reportUnknownMemberType)
::warning file=/home/runner/work/hol-guard/hol-guard/validation-driver/workspace-constructor-validation/reader_controls/test_reader.py,line=64,col=9::Type of "append" is partially unknown%0A  Type of "append" is "(object: Unknown, /) -> None" (reportUnknownMemberType)
/home/runner/work/hol-guard/hol-guard/validation-driver/workspace-constructor-validation/reader_controls/test_reader.py:69:21 - warning: Return type of lambda is Any (reportAny)
::warning file=/home/runner/work/hol-guard/hol-guard/validation-driver/workspace-constructor-validation/reader_controls/test_reader.py,line=69,col=21::Return type of lambda is Any (reportAny)
/home/runner/work/hol-guard/hol-guard/validation-driver/workspace-constructor-validation/reader_controls/test_reader.py:94:46 - warning: Type of parameter "value" is Any (reportAny)
::warning file=/home/runner/work/hol-guard/hol-guard/validation-driver/workspace-constructor-validation/reader_controls/test_reader.py,line=94,col=46::Type of parameter "value" is Any (reportAny)
/home/runner/work/hol-guard/hol-guard/validation-driver/workspace-constructor-validation/reader_controls/test_reader.py:94:53 - warning: Type `Any` is not allowed (reportExplicitAny)
::warning file=/home/runner/work/hol-guard/hol-guard/validation-driver/workspace-constructor-validation/reader_controls/test_reader.py,line=94,col=53::Type `Any` is not allowed (reportExplicitAny)
/home/runner/work/hol-guard/hol-guard/validation-driver/workspace-constructor-validation/reader_controls/test_reader.py:98:9 - warning: Result of call expression is of type "dict[str, Any]" and is not used; assign to variable "_" if this is intentional (reportUnusedCallResult)
::warning file=/home/runner/work/hol-guard/hol-guard/validation-driver/workspace-constructor-validation/reader_controls/test_reader.py,line=98,col=9::Result of call expression is of type "dict[str, Any]" and is not used; assign to variable "_" if this is intentional (reportUnusedCallResult)
/home/runner/work/hol-guard/hol-guard/validation-driver/workspace-constructor-validation/reader_controls/test_reader.py:118:57 - warning: Type of parameter "value" is Any (reportAny)
::warning file=/home/runner/work/hol-guard/hol-guard/validation-driver/workspace-constructor-validation/reader_controls/test_reader.py,line=118,col=57::Type of parameter "value" is Any (reportAny)
/home/runner/work/hol-guard/hol-guard/validation-driver/workspace-constructor-validation/reader_controls/test_reader.py:118:64 - warning: Type `Any` is not allowed (reportExplicitAny)
::warning file=/home/runner/work/hol-guard/hol-guard/validation-driver/workspace-constructor-validation/reader_controls/test_reader.py,line=118,col=64::Type `Any` is not allowed (reportExplicitAny)
/home/runner/work/hol-guard/hol-guard/validation-driver/workspace-constructor-validation/reader_controls/test_reader.py:122:9 - warning: Result of call expression is of type "dict[str, Any]" and is not used; assign to variable "_" if this is intentional (reportUnusedCallResult)
::warning file=/home/runner/work/hol-guard/hol-guard/validation-driver/workspace-constructor-validation/reader_controls/test_reader.py,line=122,col=9::Result of call expression is of type "dict[str, Any]" and is not used; assign to variable "_" if this is intentional (reportUnusedCallResult)
/home/runner/work/hol-guard/hol-guard/validation-driver/workspace-constructor-validation/reader_controls/test_reader.py:128:5 - warning: Type of "append" is Any (reportAny)
::warning file=/home/runner/work/hol-guard/hol-guard/validation-driver/workspace-constructor-validation/reader_controls/test_reader.py,line=128,col=5::Type of "append" is Any (reportAny)
/home/runner/work/hol-guard/hol-guard/validation-driver/workspace-constructor-validation/reader_controls/test_reader.py:128:35 - warning: Argument type is Any
  Argument corresponds to parameter "map" in function "__init__" (reportAny)
::warning file=/home/runner/work/hol-guard/hol-guard/validation-driver/workspace-constructor-validation/reader_controls/test_reader.py,line=128,col=35::Argument type is Any%0A  Argument corresponds to parameter "map" in function "__init__" (reportAny)
/home/runner/work/hol-guard/hol-guard/validation-driver/workspace-constructor-validation/reader_controls/test_reader.py:130:9 - warning: Result of call expression is of type "dict[str, Any]" and is not used; assign to variable "_" if this is intentional (reportUnusedCallResult)
::warning file=/home/runner/work/hol-guard/hol-guard/validation-driver/workspace-constructor-validation/reader_controls/test_reader.py,line=130,col=9::Result of call expression is of type "dict[str, Any]" and is not used; assign to variable "_" if this is intentional (reportUnusedCallResult)
/home/runner/work/hol-guard/hol-guard/validation-driver/workspace-constructor-validation/reader_controls/test_reader.py:131:5 - warning: Type of "pop" is Any (reportAny)
::warning file=/home/runner/work/hol-guard/hol-guard/validation-driver/workspace-constructor-validation/reader_controls/test_reader.py,line=131,col=5::Type of "pop" is Any (reportAny)
/home/runner/work/hol-guard/hol-guard/validation-driver/workspace-constructor-validation/reader_controls/test_reader.py:133:9 - warning: Result of call expression is of type "dict[str, Any]" and is not used; assign to variable "_" if this is intentional (reportUnusedCallResult)
::warning file=/home/runner/work/hol-guard/hol-guard/validation-driver/workspace-constructor-validation/reader_controls/test_reader.py,line=133,col=9::Result of call expression is of type "dict[str, Any]" and is not used; assign to variable "_" if this is intentional (reportUnusedCallResult)
/home/runner/work/hol-guard/hol-guard/validation-driver/workspace-constructor-validation/reader_controls/test_reader.py:139:9 - warning: Type of "row" is Any (reportAny)
::warning file=/home/runner/work/hol-guard/hol-guard/validation-driver/workspace-constructor-validation/reader_controls/test_reader.py,line=139,col=9::Type of "row" is Any (reportAny)
/home/runner/work/hol-guard/hol-guard/validation-driver/workspace-constructor-validation/reader_controls/test_reader.py:140:9 - warning: Type of "update" is Any (reportAny)
::warning file=/home/runner/work/hol-guard/hol-guard/validation-driver/workspace-constructor-validation/reader_controls/test_reader.py,line=140,col=9::Type of "update" is Any (reportAny)
/home/runner/work/hol-guard/hol-guard/validation-driver/workspace-constructor-validation/reader_controls/test_reader.py:145:9 - warning: Result of call expression is of type "dict[str, Any]" and is not used; assign to variable "_" if this is intentional (reportUnusedCallResult)
::warning file=/home/runner/work/hol-guard/hol-guard/validation-driver/workspace-constructor-validation/reader_controls/test_reader.py,line=145,col=9::Result of call expression is of type "dict[str, Any]" and is not used; assign to variable "_" if this is intentional (reportUnusedCallResult)
/home/runner/work/hol-guard/hol-guard/validation-driver/workspace-constructor-validation/reader_controls/test_reader.py:161:71 - warning: Type of parameter "value" is Any (reportAny)
::warning file=/home/runner/work/hol-guard/hol-guard/validation-driver/workspace-constructor-validation/reader_controls/test_reader.py,line=161,col=71::Type of parameter "value" is Any (reportAny)
/home/runner/work/hol-guard/hol-guard/validation-driver/workspace-constructor-validation/reader_controls/test_reader.py:161:78 - warning: Type `Any` is not allowed (reportExplicitAny)
::warning file=/home/runner/work/hol-guard/hol-guard/validation-driver/workspace-constructor-validation/reader_controls/test_reader.py,line=161,col=78::Type `Any` is not allowed (reportExplicitAny)
/home/runner/work/hol-guard/hol-guard/validation-driver/workspace-constructor-validation/reader_controls/test_reader.py:162:10 - warning: Stub file not found for "read_result" (reportMissingTypeStubs)
::warning file=/home/runner/work/hol-guard/hol-guard/validation-driver/workspace-constructor-validation/reader_controls/test_reader.py,line=162,col=10::Stub file not found for "read_result" (reportMissingTypeStubs)
/home/runner/work/hol-guard/hol-guard/validation-driver/workspace-constructor-validation/reader_controls/test_reader.py:165:5 - warning: Type of "cell" is partially unknown
  Type of "cell" is "dict[str, bool | dict[Unknown, Unknown]]" (reportUnknownVariableType)
::warning file=/home/runner/work/hol-guard/hol-guard/validation-driver/workspace-constructor-validation/reader_controls/test_reader.py,line=165,col=5::Type of "cell" is partially unknown%0A  Type of "cell" is "dict[str, bool | dict[Unknown, Unknown]]" (reportUnknownVariableType)
/home/runner/work/hol-guard/hol-guard/validation-driver/workspace-constructor-validation/reader_controls/test_reader.py:193:48 - warning: Argument type is partially unknown
  Argument corresponds to parameter "cell" in function "admit_observation"
  Argument type is "dict[str, bool | dict[Unknown, Unknown]]" (reportUnknownArgumentType)
::warning file=/home/runner/work/hol-guard/hol-guard/validation-driver/workspace-constructor-validation/reader_controls/test_reader.py,line=193,col=48::Argument type is partially unknown%0A  Argument corresponds to parameter "cell" in function "admit_observation"%0A  Argument type is "dict[str, bool | dict[Unknown, Unknown]]" (reportUnknownArgumentType)
/home/runner/work/hol-guard/hol-guard/validation-driver/workspace-constructor-validation/reader_controls/test_reader.py:196:9 - warning: Result of call expression is of type "dict[str, Any]" and is not used; assign to variable "_" if this is intentional (reportUnusedCallResult)
::warning file=/home/runner/work/hol-guard/hol-guard/validation-driver/workspace-constructor-validation/reader_controls/test_reader.py,line=196,col=9::Result of call expression is of type "dict[str, Any]" and is not used; assign to variable "_" if this is intentional (reportUnusedCallResult)
/home/runner/work/hol-guard/hol-guard/validation-driver/workspace-constructor-validation/reader_controls/test_reader.py:196:45 - warning: Argument type is partially unknown
  Argument corresponds to parameter "cell" in function "admit_observation"
  Argument type is "dict[str, bool | dict[Unknown, Unknown]]" (reportUnknownArgumentType)
::warning file=/home/runner/work/hol-guard/hol-guard/validation-driver/workspace-constructor-validation/reader_controls/test_reader.py,line=196,col=45::Argument type is partially unknown%0A  Argument corresponds to parameter "cell" in function "admit_observation"%0A  Argument type is "dict[str, bool | dict[Unknown, Unknown]]" (reportUnknownArgumentType)
/home/runner/work/hol-guard/hol-guard/validation-driver/workspace-constructor-validation/reader_controls/test_workload.py:13:8 - warning: Stub file not found for "workload" (reportMissingTypeStubs)
::warning file=/home/runner/work/hol-guard/hol-guard/validation-driver/workspace-constructor-validation/reader_controls/test_workload.py,line=13,col=8::Stub file not found for "workload" (reportMissingTypeStubs)
/home/runner/work/hol-guard/hol-guard/validation-driver/workspace-constructor-validation/reader_controls/test_workload.py:17:77 - warning: Type of parameter "monkeypatch" is Any (reportAny)
::warning file=/home/runner/work/hol-guard/hol-guard/validation-driver/workspace-constructor-validation/reader_controls/test_workload.py,line=17,col=77::Type of parameter "monkeypatch" is Any (reportAny)
/home/runner/work/hol-guard/hol-guard/validation-driver/workspace-constructor-validation/reader_controls/test_workload.py:17:90 - warning: Type `Any` is not allowed (reportExplicitAny)
::warning file=/home/runner/work/hol-guard/hol-guard/validation-driver/workspace-constructor-validation/reader_controls/test_workload.py,line=17,col=90::Type `Any` is not allowed (reportExplicitAny)
/home/runner/work/hol-guard/hol-guard/validation-driver/workspace-constructor-validation/reader_controls/test_workload.py:24:29 - warning: Type of parameter "args" is Any (reportAny)
::warning file=/home/runner/work/hol-guard/hol-guard/validation-driver/workspace-constructor-validation/reader_controls/test_workload.py,line=24,col=29::Type of parameter "args" is Any (reportAny)
/home/runner/work/hol-guard/hol-guard/validation-driver/workspace-constructor-validation/reader_controls/test_workload.py:24:35 - warning: Type `Any` is not allowed (reportExplicitAny)
::warning file=/home/runner/work/hol-guard/hol-guard/validation-driver/workspace-constructor-validation/reader_controls/test_workload.py,line=24,col=35::Type `Any` is not allowed (reportExplicitAny)
/home/runner/work/hol-guard/hol-guard/validation-driver/workspace-constructor-validation/reader_controls/test_workload.py:27:13 - warning: Return type is Any (reportAny)
::warning file=/home/runner/work/hol-guard/hol-guard/validation-driver/workspace-constructor-validation/reader_controls/test_workload.py,line=27,col=13::Return type is Any (reportAny)
/home/runner/work/hol-guard/hol-guard/validation-driver/workspace-constructor-validation/reader_controls/test_workload.py:27:32 - warning: Type `Any` is not allowed (reportExplicitAny)
::warning file=/home/runner/work/hol-guard/hol-guard/validation-driver/workspace-constructor-validation/reader_controls/test_workload.py,line=27,col=32::Type `Any` is not allowed (reportExplicitAny)
/home/runner/work/hol-guard/hol-guard/validation-driver/workspace-constructor-validation/reader_controls/test_workload.py:32:29 - warning: Type of parameter "args" is Any (reportAny)
::warning file=/home/runner/work/hol-guard/hol-guard/validation-driver/workspace-constructor-validation/reader_controls/test_workload.py,line=32,col=29::Type of parameter "args" is Any (reportAny)
/home/runner/work/hol-guard/hol-guard/validation-driver/workspace-constructor-validation/reader_controls/test_workload.py:32:35 - warning: Type `Any` is not allowed (reportExplicitAny)
::warning file=/home/runner/work/hol-guard/hol-guard/validation-driver/workspace-constructor-validation/reader_controls/test_workload.py,line=32,col=35::Type `Any` is not allowed (reportExplicitAny)
/home/runner/work/hol-guard/hol-guard/validation-driver/workspace-constructor-validation/reader_controls/test_workload.py:35:39 - warning: Type `Any` is not allowed (reportExplicitAny)
::warning file=/home/runner/work/hol-guard/hol-guard/validation-driver/workspace-constructor-validation/reader_controls/test_workload.py,line=35,col=39::Type `Any` is not allowed (reportExplicitAny)
/home/runner/work/hol-guard/hol-guard/validation-driver/workspace-constructor-validation/reader_controls/test_workload.py:39:9 - warning: Type of "append" is partially unknown
  Type of "append" is "(object: Unknown, /) -> None" (reportUnknownMemberType)
::warning file=/home/runner/work/hol-guard/hol-guard/validation-driver/workspace-constructor-validation/reader_controls/test_workload.py,line=39,col=9::Type of "append" is partially unknown%0A  Type of "append" is "(object: Unknown, /) -> None" (reportUnknownMemberType)
/home/runner/work/hol-guard/hol-guard/validation-driver/workspace-constructor-validation/reader_controls/test_workload.py:44:5 - warning: Type of "setattr" is Any (reportAny)
::warning file=/home/runner/work/hol-guard/hol-guard/validation-driver/workspace-constructor-validation/reader_controls/test_workload.py,line=44,col=5::Type of "setattr" is Any (reportAny)
/home/runner/work/hol-guard/hol-guard/validation-driver/workspace-constructor-validation/reader_controls/test_workload.py:45:5 - warning: Type of "setattr" is Any (reportAny)
::warning file=/home/runner/work/hol-guard/hol-guard/validation-driver/workspace-constructor-validation/reader_controls/test_workload.py,line=45,col=5::Type of "setattr" is Any (reportAny)
/home/runner/work/hol-guard/hol-guard/validation-driver/workspace-constructor-validation/reader_controls/test_workload.py:48:24 - warning: Type of parameter "_args" is Any (reportAny)
::warning file=/home/runner/work/hol-guard/hol-guard/validation-driver/workspace-constructor-validation/reader_controls/test_workload.py,line=48,col=24::Type of parameter "_args" is Any (reportAny)
/home/runner/work/hol-guard/hol-guard/validation-driver/workspace-constructor-validation/reader_controls/test_workload.py:48:31 - warning: Type `Any` is not allowed (reportExplicitAny)
::warning file=/home/runner/work/hol-guard/hol-guard/validation-driver/workspace-constructor-validation/reader_controls/test_workload.py,line=48,col=31::Type `Any` is not allowed (reportExplicitAny)
/home/runner/work/hol-guard/hol-guard/validation-driver/workspace-constructor-validation/reader_controls/test_workload.py:51:9 - warning: Type of "setattr" is Any (reportAny)
::warning file=/home/runner/work/hol-guard/hol-guard/validation-driver/workspace-constructor-validation/reader_controls/test_workload.py,line=51,col=9::Type of "setattr" is Any (reportAny)
/home/runner/work/hol-guard/hol-guard/validation-driver/workspace-constructor-validation/reader_controls/test_workload.py:54:13 - warning: Result of call expression is of type "int" and is not used; assign to variable "_" if this is intentional (reportUnusedCallResult)
::warning file=/home/runner/work/hol-guard/hol-guard/validation-driver/workspace-constructor-validation/reader_controls/test_workload.py,line=54,col=13::Result of call expression is of type "int" and is not used; assign to variable "_" if this is intentional (reportUnusedCallResult)
/home/runner/work/hol-guard/hol-guard/validation-driver/workspace-constructor-validation/reader_controls/test_workload.py:59:16 - warning: Argument type is partially unknown
  Argument corresponds to parameter "obj" in function "len"
  Argument type is "list[Unknown]" (reportUnknownArgumentType)
::warning file=/home/runner/work/hol-guard/hol-guard/validation-driver/workspace-constructor-validation/reader_controls/test_workload.py,line=59,col=16::Argument type is partially unknown%0A  Argument corresponds to parameter "obj" in function "len"%0A  Argument type is "list[Unknown]" (reportUnknownArgumentType)
/home/runner/work/hol-guard/hol-guard/validation-driver/workspace-constructor-validation/reader_controls/test_workload.py:75:9 - warning: Type of "record" is Any (reportAny)
::warning file=/home/runner/work/hol-guard/hol-guard/validation-driver/workspace-constructor-validation/reader_controls/test_workload.py,line=75,col=9::Type of "record" is Any (reportAny)
/home/runner/work/hol-guard/hol-guard/validation-driver/workspace-constructor-validation/reader_controls/test_workload.py:76:53 - warning: Argument type is partially unknown
  Argument corresponds to parameter "obj" in function "len"
  Argument type is "list[Unknown]" (reportUnknownArgumentType)
::warning file=/home/runner/work/hol-guard/hol-guard/validation-driver/workspace-constructor-validation/reader_controls/test_workload.py,line=76,col=53::Argument type is partially unknown%0A  Argument corresponds to parameter "obj" in function "len"%0A  Argument type is "list[Unknown]" (reportUnknownArgumentType)
/home/runner/work/hol-guard/hol-guard/validation-driver/workspace-constructor-validation/reader_controls/test_workload.py:83:12 - warning: Stub file not found for "admission" (reportMissingTypeStubs)
::warning file=/home/runner/work/hol-guard/hol-guard/validation-driver/workspace-constructor-validation/reader_controls/test_workload.py,line=83,col=12::Stub file not found for "admission" (reportMissingTypeStubs)
/home/runner/work/hol-guard/hol-guard/validation-driver/workspace-constructor-validation/reader_controls/test_workload.py:84:10 - warning: Stub file not found for "constructor.child" (reportMissingTypeStubs)
::warning file=/home/runner/work/hol-guard/hol-guard/validation-driver/workspace-constructor-validation/reader_controls/test_workload.py,line=84,col=10::Stub file not found for "constructor.child" (reportMissingTypeStubs)
/home/runner/work/hol-guard/hol-guard/validation-driver/workspace-constructor-validation/reader_controls/test_workload.py:86:44 - warning: "LIFECYCLE_SCENARIOS" is not exported from module "scripts.native_slo_workspace_lifecycle_runner" (reportPrivateLocalImportUsage)
::warning file=/home/runner/work/hol-guard/hol-guard/validation-driver/workspace-constructor-validation/reader_controls/test_workload.py,line=86,col=44::"LIFECYCLE_SCENARIOS" is not exported from module "scripts.native_slo_workspace_lifecycle_runner" (reportPrivateLocalImportUsage)
/home/runner/work/hol-guard/hol-guard/validation-driver/workspace-constructor-validation/reader_controls/test_workload.py:87:21 - warning: "WORKSPACE_COUNTS" is not exported from module "scripts.native_slo_workspace_lifecycle_runner" (reportPrivateLocalImportUsage)
::warning file=/home/runner/work/hol-guard/hol-guard/validation-driver/workspace-constructor-validation/reader_controls/test_workload.py,line=87,col=21::"WORKSPACE_COUNTS" is not exported from module "scripts.native_slo_workspace_lifecycle_runner" (reportPrivateLocalImportUsage)
/home/runner/work/hol-guard/hol-guard/validation-driver/workspace-constructor-validation/reader_controls/test_workload.py:88:55 - warning: "WORKSPACE_COUNTS" is not exported from module "scripts.native_slo_workspace_lifecycle_runner" (reportPrivateLocalImportUsage)
::warning file=/home/runner/work/hol-guard/hol-guard/validation-driver/workspace-constructor-validation/reader_controls/test_workload.py,line=88,col=55::"WORKSPACE_COUNTS" is not exported from module "scripts.native_slo_workspace_lifecycle_runner" (reportPrivateLocalImportUsage)
/home/runner/work/hol-guard/hol-guard/validation-driver/workspace-constructor-validation/reader_controls/test_workload.py:94:82 - warning: Type of parameter "monkeypatch" is Any (reportAny)
::warning file=/home/runner/work/hol-guard/hol-guard/validation-driver/workspace-constructor-validation/reader_controls/test_workload.py,line=94,col=82::Type of parameter "monkeypatch" is Any (reportAny)
/home/runner/work/hol-guard/hol-guard/validation-driver/workspace-constructor-validation/reader_controls/test_workload.py:94:95 - warning: Type `Any` is not allowed (reportExplicitAny)
::warning file=/home/runner/work/hol-guard/hol-guard/validation-driver/workspace-constructor-validation/reader_controls/test_workload.py,line=94,col=95::Type `Any` is not allowed (reportExplicitAny)
/home/runner/work/hol-guard/hol-guard/validation-driver/workspace-constructor-validation/reader_controls/test_workload.py:96:5 - warning: Type of "setattr" is Any (reportAny)
::warning file=/home/runner/work/hol-guard/hol-guard/validation-driver/workspace-constructor-validation/reader_controls/test_workload.py,line=96,col=5::Type of "setattr" is Any (reportAny)
/home/runner/work/hol-guard/hol-guard/validation-driver/workspace-constructor-validation/reader_controls/test_workload.py:96:69 - warning: Type of "append" is partially unknown
  Type of "append" is "(object: Unknown, /) -> None" (reportUnknownMemberType)
::warning file=/home/runner/work/hol-guard/hol-guard/validation-driver/workspace-constructor-validation/reader_controls/test_workload.py,line=96,col=69::Type of "append" is partially unknown%0A  Type of "append" is "(object: Unknown, /) -> None" (reportUnknownMemberType)
/home/runner/work/hol-guard/hol-guard/validation-driver/workspace-constructor-validation/reader_controls/test_workload.py:106:9 - warning: Result of call expression is of type "dict[str, object]" and is not used; assign to variable "_" if this is intentional (reportUnusedCallResult)
::warning file=/home/runner/work/hol-guard/hol-guard/validation-driver/workspace-constructor-validation/reader_controls/test_workload.py,line=106,col=9::Result of call expression is of type "dict[str, object]" and is not used; assign to variable "_" if this is intentional (reportUnusedCallResult)
/home/runner/work/hol-guard/hol-guard/validation-driver/workspace-constructor-validation/retain_results.py:53:27 - warning: Type `Any` is not allowed (reportExplicitAny)
::warning file=/home/runner/work/hol-guard/hol-guard/validation-driver/workspace-constructor-validation/retain_results.py,line=53,col=27::Type `Any` is not allowed (reportExplicitAny)
/home/runner/work/hol-guard/hol-guard/validation-driver/workspace-constructor-validation/retain_results.py:57:47 - warning: Type `Any` is not allowed (reportExplicitAny)
::warning file=/home/runner/work/hol-guard/hol-guard/validation-driver/workspace-constructor-validation/retain_results.py,line=57,col=47::Type `Any` is not allowed (reportExplicitAny)
/home/runner/work/hol-guard/hol-guard/validation-driver/workspace-constructor-validation/retain_results.py:80:5 - warning: Result of call expression is of type "Action" and is not used; assign to variable "_" if this is intentional (reportUnusedCallResult)
::warning file=/home/runner/work/hol-guard/hol-guard/validation-driver/workspace-constructor-validation/retain_results.py,line=80,col=5::Result of call expression is of type "Action" and is not used; assign to variable "_" if this is intentional (reportUnusedCallResult)
/home/runner/work/hol-guard/hol-guard/validation-driver/workspace-constructor-validation/retain_results.py:82:5 - warning: Type of "root" is Any (reportAny)
::warning file=/home/runner/work/hol-guard/hol-guard/validation-driver/workspace-constructor-validation/retain_results.py,line=82,col=5::Type of "root" is Any (reportAny)
/home/runner/work/hol-guard/hol-guard/validation-driver/workspace-constructor-validation/retain_results.py:82:12 - warning: Type of "output" is Any (reportAny)
::warning file=/home/runner/work/hol-guard/hol-guard/validation-driver/workspace-constructor-validation/retain_results.py,line=82,col=12::Type of "output" is Any (reportAny)
/home/runner/work/hol-guard/hol-guard/validation-driver/workspace-constructor-validation/retain_results.py:82:12 - warning: Type of "absolute" is Any (reportAny)
::warning file=/home/runner/work/hol-guard/hol-guard/validation-driver/workspace-constructor-validation/retain_results.py,line=82,col=12::Type of "absolute" is Any (reportAny)
/home/runner/work/hol-guard/hol-guard/validation-driver/workspace-constructor-validation/retain_results.py:86:9 - warning: Type of "path" is Any (reportAny)
::warning file=/home/runner/work/hol-guard/hol-guard/validation-driver/workspace-constructor-validation/retain_results.py,line=86,col=9::Type of "path" is Any (reportAny)
/home/runner/work/hol-guard/hol-guard/validation-driver/workspace-constructor-validation/retain_results.py:88:13 - warning: Type of "metadata" is Any (reportAny)
::warning file=/home/runner/work/hol-guard/hol-guard/validation-driver/workspace-constructor-validation/retain_results.py,line=88,col=13::Type of "metadata" is Any (reportAny)
/home/runner/work/hol-guard/hol-guard/validation-driver/workspace-constructor-validation/retain_results.py:88:24 - warning: Type of "lstat" is Any (reportAny)
::warning file=/home/runner/work/hol-guard/hol-guard/validation-driver/workspace-constructor-validation/retain_results.py,line=88,col=24::Type of "lstat" is Any (reportAny)
/home/runner/work/hol-guard/hol-guard/validation-driver/workspace-constructor-validation/retain_results.py:90:34 - warning: Type of "st_mode" is Any (reportAny)
::warning file=/home/runner/work/hol-guard/hol-guard/validation-driver/workspace-constructor-validation/retain_results.py,line=90,col=34::Type of "st_mode" is Any (reportAny)
/home/runner/work/hol-guard/hol-guard/validation-driver/workspace-constructor-validation/retain_results.py:90:34 - warning: Argument type is Any
  Argument corresponds to parameter "mode" in function "S_ISREG" (reportAny)
::warning file=/home/runner/work/hol-guard/hol-guard/validation-driver/workspace-constructor-validation/retain_results.py,line=90,col=34::Argument type is Any%0A  Argument corresponds to parameter "mode" in function "S_ISREG" (reportAny)
/home/runner/work/hol-guard/hol-guard/validation-driver/workspace-constructor-validation/retain_results.py:91:20 - warning: Type of "is_symlink" is Any (reportAny)
::warning file=/home/runner/work/hol-guard/hol-guard/validation-driver/workspace-constructor-validation/retain_results.py,line=91,col=20::Type of "is_symlink" is Any (reportAny)
/home/runner/work/hol-guard/hol-guard/validation-driver/workspace-constructor-validation/retain_results.py:92:20 - warning: Type of "st_size" is Any (reportAny)
::warning file=/home/runner/work/hol-guard/hol-guard/validation-driver/workspace-constructor-validation/retain_results.py,line=92,col=20::Type of "st_size" is Any (reportAny)
/home/runner/work/hol-guard/hol-guard/validation-driver/workspace-constructor-validation/retain_results.py:93:28 - warning: Type of "st_size" is Any (reportAny)
::warning file=/home/runner/work/hol-guard/hol-guard/validation-driver/workspace-constructor-validation/retain_results.py,line=93,col=28::Type of "st_size" is Any (reportAny)
/home/runner/work/hol-guard/hol-guard/validation-driver/workspace-constructor-validation/retain_results.py:96:18 - warning: Type of "open" is Any (reportAny)
::warning file=/home/runner/work/hol-guard/hol-guard/validation-driver/workspace-constructor-validation/retain_results.py,line=96,col=18::Type of "open" is Any (reportAny)
/home/runner/work/hol-guard/hol-guard/validation-driver/workspace-constructor-validation/retain_results.py:96:37 - warning: Type of "stream" is Any (reportAny)
::warning file=/home/runner/work/hol-guard/hol-guard/validation-driver/workspace-constructor-validation/retain_results.py,line=96,col=37::Type of "stream" is Any (reportAny)
/home/runner/work/hol-guard/hol-guard/validation-driver/workspace-constructor-validation/retain_results.py:97:17 - warning: Type of "raw" is Any (reportAny)
::warning file=/home/runner/work/hol-guard/hol-guard/validation-driver/workspace-constructor-validation/retain_results.py,line=97,col=17::Type of "raw" is Any (reportAny)
/home/runner/work/hol-guard/hol-guard/validation-driver/workspace-constructor-validation/retain_results.py:97:23 - warning: Type of "read" is Any (reportAny)
::warning file=/home/runner/work/hol-guard/hol-guard/validation-driver/workspace-constructor-validation/retain_results.py,line=97,col=23::Type of "read" is Any (reportAny)
/home/runner/work/hol-guard/hol-guard/validation-driver/workspace-constructor-validation/retain_results.py:98:20 - warning: Argument type is Any
  Argument corresponds to parameter "obj" in function "len" (reportAny)
::warning file=/home/runner/work/hol-guard/hol-guard/validation-driver/workspace-constructor-validation/retain_results.py,line=98,col=20::Argument type is Any%0A  Argument corresponds to parameter "obj" in function "len" (reportAny)
/home/runner/work/hol-guard/hol-guard/validation-driver/workspace-constructor-validation/retain_results.py:98:28 - warning: Type of "st_size" is Any (reportAny)
::warning file=/home/runner/work/hol-guard/hol-guard/validation-driver/workspace-constructor-validation/retain_results.py,line=98,col=28::Type of "st_size" is Any (reportAny)
/home/runner/work/hol-guard/hol-guard/validation-driver/workspace-constructor-validation/retain_results.py:100:13 - warning: Type of "append" is partially unknown
  Type of "append" is "(object: Unknown, /) -> None" (reportUnknownMemberType)
::warning file=/home/runner/work/hol-guard/hol-guard/validation-driver/workspace-constructor-validation/retain_results.py,line=100,col=13::Type of "append" is partially unknown%0A  Type of "append" is "(object: Unknown, /) -> None" (reportUnknownMemberType)
/home/runner/work/hol-guard/hol-guard/validation-driver/workspace-constructor-validation/retain_results.py:100:41 - warning: Argument type is Any
  Argument corresponds to parameter "raw" in function "frame" (reportAny)
::warning file=/home/runner/work/hol-guard/hol-guard/validation-driver/workspace-constructor-validation/retain_results.py,line=100,col=41::Argument type is Any%0A  Argument corresponds to parameter "raw" in function "frame" (reportAny)
/home/runner/work/hol-guard/hol-guard/validation-driver/workspace-constructor-validation/retain_results.py:101:26 - warning: Argument type is Any
  Argument corresponds to parameter "obj" in function "len" (reportAny)
::warning file=/home/runner/work/hol-guard/hol-guard/validation-driver/workspace-constructor-validation/retain_results.py,line=101,col=26::Argument type is Any%0A  Argument corresponds to parameter "obj" in function "len" (reportAny)
/home/runner/work/hol-guard/hol-guard/validation-driver/workspace-constructor-validation/retain_results.py:103:13 - warning: Type of "append" is partially unknown
  Type of "append" is "(object: Unknown, /) -> None" (reportUnknownMemberType)
::warning file=/home/runner/work/hol-guard/hol-guard/validation-driver/workspace-constructor-validation/retain_results.py,line=103,col=13::Type of "append" is partially unknown%0A  Type of "append" is "(object: Unknown, /) -> None" (reportUnknownMemberType)
/home/runner/work/hol-guard/hol-guard/validation-driver/workspace-constructor-validation/retain_results.py:105:13 - warning: Type of "append" is partially unknown
  Type of "append" is "(object: Unknown, /) -> None" (reportUnknownMemberType)
::warning file=/home/runner/work/hol-guard/hol-guard/validation-driver/workspace-constructor-validation/retain_results.py,line=105,col=13::Type of "append" is partially unknown%0A  Type of "append" is "(object: Unknown, /) -> None" (reportUnknownMemberType)
/home/runner/work/hol-guard/hol-guard/validation-driver/workspace-constructor-validation/retain_results.py:106:5 - warning: Type of "index" is partially unknown
  Type of "index" is "dict[str, str | int | bool | list[Unknown]]" (reportUnknownVariableType)
::warning file=/home/runner/work/hol-guard/hol-guard/validation-driver/workspace-constructor-validation/retain_results.py,line=106,col=5::Type of "index" is partially unknown%0A  Type of "index" is "dict[str, str | int | bool | list[Unknown]]" (reportUnknownVariableType)
/home/runner/work/hol-guard/hol-guard/validation-driver/workspace-constructor-validation/retain_results.py:117:5 - warning: Result of call expression is of type "dict[str, Any]" and is not used; assign to variable "_" if this is intentional (reportUnusedCallResult)
::warning file=/home/runner/work/hol-guard/hol-guard/validation-driver/workspace-constructor-validation/retain_results.py,line=117,col=5::Result of call expression is of type "dict[str, Any]" and is not used; assign to variable "_" if this is intentional (reportUnusedCallResult)
/home/runner/work/hol-guard/hol-guard/validation-driver/workspace-constructor-validation/run.py:12:6 - warning: Stub file not found for "common" (reportMissingTypeStubs)
::warning file=/home/runner/work/hol-guard/hol-guard/validation-driver/workspace-constructor-validation/run.py,line=12,col=6::Stub file not found for "common" (reportMissingTypeStubs)
/home/runner/work/hol-guard/hol-guard/validation-driver/workspace-constructor-validation/run.py:13:6 - warning: Stub file not found for "install" (reportMissingTypeStubs)
::warning file=/home/runner/work/hol-guard/hol-guard/validation-driver/workspace-constructor-validation/run.py,line=13,col=6::Stub file not found for "install" (reportMissingTypeStubs)
/home/runner/work/hol-guard/hol-guard/validation-driver/workspace-constructor-validation/run.py:34:5 - warning: Result of call expression is of type "int" and is not used; assign to variable "_" if this is intentional (reportUnusedCallResult)
::warning file=/home/runner/work/hol-guard/hol-guard/validation-driver/workspace-constructor-validation/run.py,line=34,col=5::Result of call expression is of type "int" and is not used; assign to variable "_" if this is intentional (reportUnusedCallResult)
/home/runner/work/hol-guard/hol-guard/validation-driver/workspace-constructor-validation/run.py:42:5 - warning: Result of call expression is of type "int" and is not used; assign to variable "_" if this is intentional (reportUnusedCallResult)
::warning file=/home/runner/work/hol-guard/hol-guard/validation-driver/workspace-constructor-validation/run.py,line=42,col=5::Result of call expression is of type "int" and is not used; assign to variable "_" if this is intentional (reportUnusedCallResult)
/home/runner/work/hol-guard/hol-guard/validation-driver/workspace-constructor-validation/run.py:69:5 - warning: Result of call expression is of type "Action" and is not used; assign to variable "_" if this is intentional (reportUnusedCallResult)
::warning file=/home/runner/work/hol-guard/hol-guard/validation-driver/workspace-constructor-validation/run.py,line=69,col=5::Result of call expression is of type "Action" and is not used; assign to variable "_" if this is intentional (reportUnusedCallResult)
/home/runner/work/hol-guard/hol-guard/validation-driver/workspace-constructor-validation/run.py:70:5 - warning: Result of call expression is of type "Action" and is not used; assign to variable "_" if this is intentional (reportUnusedCallResult)
::warning file=/home/runner/work/hol-guard/hol-guard/validation-driver/workspace-constructor-validation/run.py,line=70,col=5::Result of call expression is of type "Action" and is not used; assign to variable "_" if this is intentional (reportUnusedCallResult)
/home/runner/work/hol-guard/hol-guard/validation-driver/workspace-constructor-validation/run.py:71:5 - warning: Result of call expression is of type "Action" and is not used; assign to variable "_" if this is intentional (reportUnusedCallResult)
::warning file=/home/runner/work/hol-guard/hol-guard/validation-driver/workspace-constructor-validation/run.py,line=71,col=5::Result of call expression is of type "Action" and is not used; assign to variable "_" if this is intentional (reportUnusedCallResult)
/home/runner/work/hol-guard/hol-guard/validation-driver/workspace-constructor-validation/run.py:72:5 - warning: Result of call expression is of type "Action" and is not used; assign to variable "_" if this is intentional (reportUnusedCallResult)
::warning file=/home/runner/work/hol-guard/hol-guard/validation-driver/workspace-constructor-validation/run.py,line=72,col=5::Result of call expression is of type "Action" and is not used; assign to variable "_" if this is intentional (reportUnusedCallResult)
/home/runner/work/hol-guard/hol-guard/validation-driver/workspace-constructor-validation/run.py:73:5 - warning: Result of call expression is of type "Action" and is not used; assign to variable "_" if this is intentional (reportUnusedCallResult)
::warning file=/home/runner/work/hol-guard/hol-guard/validation-driver/workspace-constructor-validation/run.py,line=73,col=5::Result of call expression is of type "Action" and is not used; assign to variable "_" if this is intentional (reportUnusedCallResult)
/home/runner/work/hol-guard/hol-guard/validation-driver/workspace-constructor-validation/run.py:74:5 - warning: Result of call expression is of type "Action" and is not used; assign to variable "_" if this is intentional (reportUnusedCallResult)
::warning file=/home/runner/work/hol-guard/hol-guard/validation-driver/workspace-constructor-validation/run.py,line=74,col=5::Result of call expression is of type "Action" and is not used; assign to variable "_" if this is intentional (reportUnusedCallResult)
/home/runner/work/hol-guard/hol-guard/validation-driver/workspace-constructor-validation/run.py:76:5 - warning: Type of "source" is Any (reportAny)
::warning file=/home/runner/work/hol-guard/hol-guard/validation-driver/workspace-constructor-validation/run.py,line=76,col=5::Type of "source" is Any (reportAny)
/home/runner/work/hol-guard/hol-guard/validation-driver/workspace-constructor-validation/run.py:76:13 - warning: Type of "root" is Any (reportAny)
::warning file=/home/runner/work/hol-guard/hol-guard/validation-driver/workspace-constructor-validation/run.py,line=76,col=13::Type of "root" is Any (reportAny)
/home/runner/work/hol-guard/hol-guard/validation-driver/workspace-constructor-validation/run.py:76:20 - warning: Type of "source" is Any (reportAny)
::warning file=/home/runner/work/hol-guard/hol-guard/validation-driver/workspace-constructor-validation/run.py,line=76,col=20::Type of "source" is Any (reportAny)
/home/runner/work/hol-guard/hol-guard/validation-driver/workspace-constructor-validation/run.py:76:20 - warning: Type of "resolve" is Any (reportAny)
::warning file=/home/runner/work/hol-guard/hol-guard/validation-driver/workspace-constructor-validation/run.py,line=76,col=20::Type of "resolve" is Any (reportAny)
/home/runner/work/hol-guard/hol-guard/validation-driver/workspace-constructor-validation/run.py:76:54 - warning: Type of "driver" is Any (reportAny)
::warning file=/home/runner/work/hol-guard/hol-guard/validation-driver/workspace-constructor-validation/run.py,line=76,col=54::Type of "driver" is Any (reportAny)
/home/runner/work/hol-guard/hol-guard/validation-driver/workspace-constructor-validation/run.py:76:54 - warning: Type of "resolve" is Any (reportAny)
::warning file=/home/runner/work/hol-guard/hol-guard/validation-driver/workspace-constructor-validation/run.py,line=76,col=54::Type of "resolve" is Any (reportAny)
/home/runner/work/hol-guard/hol-guard/validation-driver/workspace-constructor-validation/run.py:77:5 - warning: Type of "driver" is Any (reportAny)
::warning file=/home/runner/work/hol-guard/hol-guard/validation-driver/workspace-constructor-validation/run.py,line=77,col=5::Type of "driver" is Any (reportAny)
/home/runner/work/hol-guard/hol-guard/validation-driver/workspace-constructor-validation/run.py:78:5 - warning: Type of "output" is Any (reportAny)
::warning file=/home/runner/work/hol-guard/hol-guard/validation-driver/workspace-constructor-validation/run.py,line=78,col=5::Type of "output" is Any (reportAny)
/home/runner/work/hol-guard/hol-guard/validation-driver/workspace-constructor-validation/run.py:78:14 - warning: Type of "output" is Any (reportAny)
::warning file=/home/runner/work/hol-guard/hol-guard/validation-driver/workspace-constructor-validation/run.py,line=78,col=14::Type of "output" is Any (reportAny)
/home/runner/work/hol-guard/hol-guard/validation-driver/workspace-constructor-validation/run.py:78:14 - warning: Type of "absolute" is Any (reportAny)
::warning file=/home/runner/work/hol-guard/hol-guard/validation-driver/workspace-constructor-validation/run.py,line=78,col=14::Type of "absolute" is Any (reportAny)
/home/runner/work/hol-guard/hol-guard/validation-driver/workspace-constructor-validation/run.py:79:5 - warning: Type of "mkdir" is Any (reportAny)
::warning file=/home/runner/work/hol-guard/hol-guard/validation-driver/workspace-constructor-validation/run.py,line=79,col=5::Type of "mkdir" is Any (reportAny)
/home/runner/work/hol-guard/hol-guard/validation-driver/workspace-constructor-validation/run.py:80:5 - warning: Type of "mkdir" is Any (reportAny)
::warning file=/home/runner/work/hol-guard/hol-guard/validation-driver/workspace-constructor-validation/run.py,line=80,col=5::Type of "mkdir" is Any (reportAny)
/home/runner/work/hol-guard/hol-guard/validation-driver/workspace-constructor-validation/run.py:81:5 - warning: Type of "manifest_path" is Any (reportAny)
::warning file=/home/runner/work/hol-guard/hol-guard/validation-driver/workspace-constructor-validation/run.py,line=81,col=5::Type of "manifest_path" is Any (reportAny)
/home/runner/work/hol-guard/hol-guard/validation-driver/workspace-constructor-validation/run.py:82:15 - warning: Argument type is Any
  Argument corresponds to parameter "path" in function "digest" (reportAny)
::warning file=/home/runner/work/hol-guard/hol-guard/validation-driver/workspace-constructor-validation/run.py,line=82,col=15::Argument type is Any%0A  Argument corresponds to parameter "path" in function "digest" (reportAny)
/home/runner/work/hol-guard/hol-guard/validation-driver/workspace-constructor-validation/run.py:82:43 - warning: Type of "manifest_sha256" is Any (reportAny)
::warning file=/home/runner/work/hol-guard/hol-guard/validation-driver/workspace-constructor-validation/run.py,line=82,col=43::Type of "manifest_sha256" is Any (reportAny)
/home/runner/work/hol-guard/hol-guard/validation-driver/workspace-constructor-validation/run.py:84:5 - warning: Type of "manifest" is Any (reportAny)
::warning file=/home/runner/work/hol-guard/hol-guard/validation-driver/workspace-constructor-validation/run.py,line=84,col=5::Type of "manifest" is Any (reportAny)
/home/runner/work/hol-guard/hol-guard/validation-driver/workspace-constructor-validation/run.py:84:27 - warning: Type of "read_text" is Any (reportAny)
::warning file=/home/runner/work/hol-guard/hol-guard/validation-driver/workspace-constructor-validation/run.py,line=84,col=27::Type of "read_text" is Any (reportAny)
/home/runner/work/hol-guard/hol-guard/validation-driver/workspace-constructor-validation/run.py:84:27 - warning: Argument type is Any
  Argument corresponds to parameter "s" in function "loads" (reportAny)
::warning file=/home/runner/work/hol-guard/hol-guard/validation-driver/workspace-constructor-validation/run.py,line=84,col=27::Argument type is Any%0A  Argument corresponds to parameter "s" in function "loads" (reportAny)
/home/runner/work/hol-guard/hol-guard/validation-driver/workspace-constructor-validation/run.py:86:32 - warning: Argument type is Any
  Argument corresponds to parameter "path" in function "source_state" (reportAny)
::warning file=/home/runner/work/hol-guard/hol-guard/validation-driver/workspace-constructor-validation/run.py,line=86,col=32::Argument type is Any%0A  Argument corresponds to parameter "path" in function "source_state" (reportAny)
/home/runner/work/hol-guard/hol-guard/validation-driver/workspace-constructor-validation/run.py:87:32 - warning: Argument type is Any
  Argument corresponds to parameter "path" in function "source_state" (reportAny)
::warning file=/home/runner/work/hol-guard/hol-guard/validation-driver/workspace-constructor-validation/run.py,line=87,col=32::Argument type is Any%0A  Argument corresponds to parameter "path" in function "source_state" (reportAny)
/home/runner/work/hol-guard/hol-guard/validation-driver/workspace-constructor-validation/run.py:87:38 - warning: Type of "driver_sha" is Any (reportAny)
::warning file=/home/runner/work/hol-guard/hol-guard/validation-driver/workspace-constructor-validation/run.py,line=87,col=38::Type of "driver_sha" is Any (reportAny)
/home/runner/work/hol-guard/hol-guard/validation-driver/workspace-constructor-validation/run.py:87:38 - warning: Argument type is Any
  Argument corresponds to parameter "expected_sha" in function "source_state" (reportAny)
::warning file=/home/runner/work/hol-guard/hol-guard/validation-driver/workspace-constructor-validation/run.py,line=87,col=38::Argument type is Any%0A  Argument corresponds to parameter "expected_sha" in function "source_state" (reportAny)
/home/runner/work/hol-guard/hol-guard/validation-driver/workspace-constructor-validation/run.py:88:31 - warning: Argument type is Any
  Argument corresponds to parameter "root" in function "verify_files" (reportAny)
::warning file=/home/runner/work/hol-guard/hol-guard/validation-driver/workspace-constructor-validation/run.py,line=88,col=31::Argument type is Any%0A  Argument corresponds to parameter "root" in function "verify_files" (reportAny)
/home/runner/work/hol-guard/hol-guard/validation-driver/workspace-constructor-validation/run.py:88:37 - warning: Argument type is Any
  Argument corresponds to parameter "entries" in function "verify_files" (reportAny)
::warning file=/home/runner/work/hol-guard/hol-guard/validation-driver/workspace-constructor-validation/run.py,line=88,col=37::Argument type is Any%0A  Argument corresponds to parameter "entries" in function "verify_files" (reportAny)
/home/runner/work/hol-guard/hol-guard/validation-driver/workspace-constructor-validation/run.py:89:38 - warning: Argument type is Any
  Argument corresponds to parameter "root" in function "verify_files" (reportAny)
::warning file=/home/runner/work/hol-guard/hol-guard/validation-driver/workspace-constructor-validation/run.py,line=89,col=38::Argument type is Any%0A  Argument corresponds to parameter "root" in function "verify_files" (reportAny)
/home/runner/work/hol-guard/hol-guard/validation-driver/workspace-constructor-validation/run.py:89:46 - warning: Argument type is Any
  Argument corresponds to parameter "entries" in function "verify_files" (reportAny)
::warning file=/home/runner/work/hol-guard/hol-guard/validation-driver/workspace-constructor-validation/run.py,line=89,col=46::Argument type is Any%0A  Argument corresponds to parameter "entries" in function "verify_files" (reportAny)
/home/runner/work/hol-guard/hol-guard/validation-driver/workspace-constructor-validation/run.py:91:11 - warning: Argument type is Any
  Argument corresponds to parameter "path" in function "write" (reportAny)
::warning file=/home/runner/work/hol-guard/hol-guard/validation-driver/workspace-constructor-validation/run.py,line=91,col=11::Argument type is Any%0A  Argument corresponds to parameter "path" in function "write" (reportAny)
/home/runner/work/hol-guard/hol-guard/validation-driver/workspace-constructor-validation/run.py:94:33 - warning: Type `Any` is not allowed (reportExplicitAny)
::warning file=/home/runner/work/hol-guard/hol-guard/validation-driver/workspace-constructor-validation/run.py,line=94,col=33::Type `Any` is not allowed (reportExplicitAny)
/home/runner/work/hol-guard/hol-guard/validation-driver/workspace-constructor-validation/run.py:99:15 - warning: Argument type is Any
  Argument corresponds to parameter "path" in function "write" (reportAny)
::warning file=/home/runner/work/hol-guard/hol-guard/validation-driver/workspace-constructor-validation/run.py,line=99,col=15::Argument type is Any%0A  Argument corresponds to parameter "path" in function "write" (reportAny)
/home/runner/work/hol-guard/hol-guard/validation-driver/workspace-constructor-validation/run.py:100:37 - warning: Argument type is Any
  Argument corresponds to parameter "source" in function "install" (reportAny)
::warning file=/home/runner/work/hol-guard/hol-guard/validation-driver/workspace-constructor-validation/run.py,line=100,col=37::Argument type is Any%0A  Argument corresponds to parameter "source" in function "install" (reportAny)
/home/runner/work/hol-guard/hol-guard/validation-driver/workspace-constructor-validation/run.py:100:45 - warning: Type of "archive" is Any (reportAny)
::warning file=/home/runner/work/hol-guard/hol-guard/validation-driver/workspace-constructor-validation/run.py,line=100,col=45::Type of "archive" is Any (reportAny)
/home/runner/work/hol-guard/hol-guard/validation-driver/workspace-constructor-validation/run.py:100:45 - warning: Argument type is Any
  Argument corresponds to parameter "archive" in function "install" (reportAny)
::warning file=/home/runner/work/hol-guard/hol-guard/validation-driver/workspace-constructor-validation/run.py,line=100,col=45::Argument type is Any%0A  Argument corresponds to parameter "archive" in function "install" (reportAny)
/home/runner/work/hol-guard/hol-guard/validation-driver/workspace-constructor-validation/run.py:100:59 - warning: Argument type is Any
  Argument corresponds to parameter "specification" in function "install" (reportAny)
::warning file=/home/runner/work/hol-guard/hol-guard/validation-driver/workspace-constructor-validation/run.py,line=100,col=59::Argument type is Any%0A  Argument corresponds to parameter "specification" in function "install" (reportAny)
/home/runner/work/hol-guard/hol-guard/validation-driver/workspace-constructor-validation/run.py:100:87 - warning: Argument type is Any
  Argument corresponds to parameter "output" in function "install" (reportAny)
::warning file=/home/runner/work/hol-guard/hol-guard/validation-driver/workspace-constructor-validation/run.py,line=100,col=87::Argument type is Any%0A  Argument corresponds to parameter "output" in function "install" (reportAny)
/home/runner/work/hol-guard/hol-guard/validation-driver/workspace-constructor-validation/run.py:102:9 - warning: Result of call expression is of type "str | None" and is not used; assign to variable "_" if this is intentional (reportUnusedCallResult)
::warning file=/home/runner/work/hol-guard/hol-guard/validation-driver/workspace-constructor-validation/run.py,line=102,col=9::Result of call expression is of type "str | None" and is not used; assign to variable "_" if this is intentional (reportUnusedCallResult)
/home/runner/work/hol-guard/hol-guard/validation-driver/workspace-constructor-validation/run.py:103:22 - warning: Argument type is Any
  Argument corresponds to parameter "object" in function "__new__" (reportAny)
::warning file=/home/runner/work/hol-guard/hol-guard/validation-driver/workspace-constructor-validation/run.py,line=103,col=22::Argument type is Any%0A  Argument corresponds to parameter "object" in function "__new__" (reportAny)
/home/runner/work/hol-guard/hol-guard/validation-driver/workspace-constructor-validation/run.py:103:46 - warning: Type of "row" is Any (reportAny)
::warning file=/home/runner/work/hol-guard/hol-guard/validation-driver/workspace-constructor-validation/run.py,line=103,col=46::Type of "row" is Any (reportAny)
/home/runner/work/hol-guard/hol-guard/validation-driver/workspace-constructor-validation/run.py:103:81 - warning: Type of "endswith" is Any (reportAny)
::warning file=/home/runner/work/hol-guard/hol-guard/validation-driver/workspace-constructor-validation/run.py,line=103,col=81::Type of "endswith" is Any (reportAny)
/home/runner/work/hol-guard/hol-guard/validation-driver/workspace-constructor-validation/run.py:107:84 - warning: Argument type is Any
  Argument corresponds to parameter "object" in function "__new__" (reportAny)
::warning file=/home/runner/work/hol-guard/hol-guard/validation-driver/workspace-constructor-validation/run.py,line=107,col=84::Argument type is Any%0A  Argument corresponds to parameter "object" in function "__new__" (reportAny)
/home/runner/work/hol-guard/hol-guard/validation-driver/workspace-constructor-validation/run.py:119:25 - warning: Argument type is Any
  Argument corresponds to parameter "object" in function "__new__" (reportAny)
::warning file=/home/runner/work/hol-guard/hol-guard/validation-driver/workspace-constructor-validation/run.py,line=119,col=25::Argument type is Any%0A  Argument corresponds to parameter "object" in function "__new__" (reportAny)
/home/runner/work/hol-guard/hol-guard/validation-driver/workspace-constructor-validation/run.py:126:25 - warning: Argument type is Any
  Argument corresponds to parameter "object" in function "__new__" (reportAny)
::warning file=/home/runner/work/hol-guard/hol-guard/validation-driver/workspace-constructor-validation/run.py,line=126,col=25::Argument type is Any%0A  Argument corresponds to parameter "object" in function "__new__" (reportAny)
/home/runner/work/hol-guard/hol-guard/validation-driver/workspace-constructor-validation/run.py:135:13 - warning: Result of call expression is of type "int" and is not used; assign to variable "_" if this is intentional (reportUnusedCallResult)
::warning file=/home/runner/work/hol-guard/hol-guard/validation-driver/workspace-constructor-validation/run.py,line=135,col=13::Result of call expression is of type "int" and is not used; assign to variable "_" if this is intentional (reportUnusedCallResult)
/home/runner/work/hol-guard/hol-guard/validation-driver/workspace-constructor-validation/run.py:138:21 - warning: Argument type is Any
  Argument corresponds to parameter "cwd" in function "run" (reportAny)
::warning file=/home/runner/work/hol-guard/hol-guard/validation-driver/workspace-constructor-validation/run.py,line=138,col=21::Argument type is Any%0A  Argument corresponds to parameter "cwd" in function "run" (reportAny)
/home/runner/work/hol-guard/hol-guard/validation-driver/workspace-constructor-validation/run.py:139:24 - warning: Argument type is Any
  Argument corresponds to parameter "output" in function "run" (reportAny)
::warning file=/home/runner/work/hol-guard/hol-guard/validation-driver/workspace-constructor-validation/run.py,line=139,col=24::Argument type is Any%0A  Argument corresponds to parameter "output" in function "run" (reportAny)
/home/runner/work/hol-guard/hol-guard/validation-driver/workspace-constructor-validation/run.py:140:80 - warning: Argument type is Any
  Argument corresponds to parameter "object" in function "__new__" (reportAny)
::warning file=/home/runner/work/hol-guard/hol-guard/validation-driver/workspace-constructor-validation/run.py,line=140,col=80::Argument type is Any%0A  Argument corresponds to parameter "object" in function "__new__" (reportAny)
/home/runner/work/hol-guard/hol-guard/validation-driver/workspace-constructor-validation/run.py:140:93 - warning: Argument type is Any
  Argument corresponds to parameter "object" in function "__new__" (reportAny)
::warning file=/home/runner/work/hol-guard/hol-guard/validation-driver/workspace-constructor-validation/run.py,line=140,col=93::Argument type is Any%0A  Argument corresponds to parameter "object" in function "__new__" (reportAny)
/home/runner/work/hol-guard/hol-guard/validation-driver/workspace-constructor-validation/run.py:142:33 - warning: Argument type is Any
  Argument corresponds to parameter "source" in function "reader_controls" (reportAny)
::warning file=/home/runner/work/hol-guard/hol-guard/validation-driver/workspace-constructor-validation/run.py,line=142,col=33::Argument type is Any%0A  Argument corresponds to parameter "source" in function "reader_controls" (reportAny)
/home/runner/work/hol-guard/hol-guard/validation-driver/workspace-constructor-validation/run.py:142:41 - warning: Argument type is Any
  Argument corresponds to parameter "driver" in function "reader_controls" (reportAny)
::warning file=/home/runner/work/hol-guard/hol-guard/validation-driver/workspace-constructor-validation/run.py,line=142,col=41::Argument type is Any%0A  Argument corresponds to parameter "driver" in function "reader_controls" (reportAny)
/home/runner/work/hol-guard/hol-guard/validation-driver/workspace-constructor-validation/run.py:142:49 - warning: Argument type is Any
  Argument corresponds to parameter "output" in function "reader_controls" (reportAny)
::warning file=/home/runner/work/hol-guard/hol-guard/validation-driver/workspace-constructor-validation/run.py,line=142,col=49::Argument type is Any%0A  Argument corresponds to parameter "output" in function "reader_controls" (reportAny)
/home/runner/work/hol-guard/hol-guard/validation-driver/workspace-constructor-validation/run.py:142:57 - warning: Argument type is Any
  Argument corresponds to parameter "expected" in function "reader_controls" (reportAny)
::warning file=/home/runner/work/hol-guard/hol-guard/validation-driver/workspace-constructor-validation/run.py,line=142,col=57::Argument type is Any%0A  Argument corresponds to parameter "expected" in function "reader_controls" (reportAny)
/home/runner/work/hol-guard/hol-guard/validation-driver/workspace-constructor-validation/run.py:146:17 - warning: Argument type is Any
  Argument corresponds to parameter "object" in function "__new__" (reportAny)
::warning file=/home/runner/work/hol-guard/hol-guard/validation-driver/workspace-constructor-validation/run.py,line=146,col=17::Argument type is Any%0A  Argument corresponds to parameter "object" in function "__new__" (reportAny)
/home/runner/work/hol-guard/hol-guard/validation-driver/workspace-constructor-validation/run.py:148:17 - warning: Argument type is Any
  Argument corresponds to parameter "object" in function "__new__" (reportAny)
::warning file=/home/runner/work/hol-guard/hol-guard/validation-driver/workspace-constructor-validation/run.py,line=148,col=17::Argument type is Any%0A  Argument corresponds to parameter "object" in function "__new__" (reportAny)
/home/runner/work/hol-guard/hol-guard/validation-driver/workspace-constructor-validation/run.py:150:17 - warning: Argument type is Any
  Argument corresponds to parameter "object" in function "__new__" (reportAny)
::warning file=/home/runner/work/hol-guard/hol-guard/validation-driver/workspace-constructor-validation/run.py,line=150,col=17::Argument type is Any%0A  Argument corresponds to parameter "object" in function "__new__" (reportAny)
/home/runner/work/hol-guard/hol-guard/validation-driver/workspace-constructor-validation/run.py:152:9 - warning: Result of call expression is of type "int" and is not used; assign to variable "_" if this is intentional (reportUnusedCallResult)
::warning file=/home/runner/work/hol-guard/hol-guard/validation-driver/workspace-constructor-validation/run.py,line=152,col=9::Result of call expression is of type "int" and is not used; assign to variable "_" if this is intentional (reportUnusedCallResult)
/home/runner/work/hol-guard/hol-guard/validation-driver/workspace-constructor-validation/run.py:154:49 - warning: Argument type is Any
  Argument corresponds to parameter "object" in function "__new__" (reportAny)
::warning file=/home/runner/work/hol-guard/hol-guard/validation-driver/workspace-constructor-validation/run.py,line=154,col=49::Argument type is Any%0A  Argument corresponds to parameter "object" in function "__new__" (reportAny)
/home/runner/work/hol-guard/hol-guard/validation-driver/workspace-constructor-validation/run.py:155:17 - warning: Argument type is Any
  Argument corresponds to parameter "cwd" in function "run" (reportAny)
::warning file=/home/runner/work/hol-guard/hol-guard/validation-driver/workspace-constructor-validation/run.py,line=155,col=17::Argument type is Any%0A  Argument corresponds to parameter "cwd" in function "run" (reportAny)
/home/runner/work/hol-guard/hol-guard/validation-driver/workspace-constructor-validation/run.py:156:20 - warning: Argument type is Any
  Argument corresponds to parameter "output" in function "run" (reportAny)
::warning file=/home/runner/work/hol-guard/hol-guard/validation-driver/workspace-constructor-validation/run.py,line=156,col=20::Argument type is Any%0A  Argument corresponds to parameter "output" in function "run" (reportAny)
/home/runner/work/hol-guard/hol-guard/validation-driver/workspace-constructor-validation/run.py:159:43 - warning: Type `Any` is not allowed (reportExplicitAny)
::warning file=/home/runner/work/hol-guard/hol-guard/validation-driver/workspace-constructor-validation/run.py,line=159,col=43::Type `Any` is not allowed (reportExplicitAny)
/home/runner/work/hol-guard/hol-guard/validation-driver/workspace-constructor-validation/run.py:159:60 - warning: Type of "read_text" is Any (reportAny)
::warning file=/home/runner/work/hol-guard/hol-guard/validation-driver/workspace-constructor-validation/run.py,line=159,col=60::Type of "read_text" is Any (reportAny)
/home/runner/work/hol-guard/hol-guard/validation-driver/workspace-constructor-validation/run.py:159:60 - warning: Argument type is Any
  Argument corresponds to parameter "s" in function "loads" (reportAny)
::warning file=/home/runner/work/hol-guard/hol-guard/validation-driver/workspace-constructor-validation/run.py,line=159,col=60::Argument type is Any%0A  Argument corresponds to parameter "s" in function "loads" (reportAny)
/home/runner/work/hol-guard/hol-guard/validation-driver/workspace-constructor-validation/run.py:160:9 - warning: Type of "runtime" is Any (reportAny)
::warning file=/home/runner/work/hol-guard/hol-guard/validation-driver/workspace-constructor-validation/run.py,line=160,col=9::Type of "runtime" is Any (reportAny)
/home/runner/work/hol-guard/hol-guard/validation-driver/workspace-constructor-validation/run.py:166:21 - warning: Argument type is Any
  Argument corresponds to parameter "object" in function "__new__" (reportAny)
::warning file=/home/runner/work/hol-guard/hol-guard/validation-driver/workspace-constructor-validation/run.py,line=166,col=21::Argument type is Any%0A  Argument corresponds to parameter "object" in function "__new__" (reportAny)
/home/runner/work/hol-guard/hol-guard/validation-driver/workspace-constructor-validation/run.py:168:21 - warning: Argument type is Any
  Argument corresponds to parameter "object" in function "__new__" (reportAny)
::warning file=/home/runner/work/hol-guard/hol-guard/validation-driver/workspace-constructor-validation/run.py,line=168,col=21::Argument type is Any%0A  Argument corresponds to parameter "object" in function "__new__" (reportAny)
/home/runner/work/hol-guard/hol-guard/validation-driver/workspace-constructor-validation/run.py:170:21 - warning: Argument type is Any
  Argument corresponds to parameter "object" in function "__new__" (reportAny)
::warning file=/home/runner/work/hol-guard/hol-guard/validation-driver/workspace-constructor-validation/run.py,line=170,col=21::Argument type is Any%0A  Argument corresponds to parameter "object" in function "__new__" (reportAny)
/home/runner/work/hol-guard/hol-guard/validation-driver/workspace-constructor-validation/run.py:172:21 - warning: Argument type is Any
  Argument corresponds to parameter "object" in function "__new__" (reportAny)
::warning file=/home/runner/work/hol-guard/hol-guard/validation-driver/workspace-constructor-validation/run.py,line=172,col=21::Argument type is Any%0A  Argument corresponds to parameter "object" in function "__new__" (reportAny)
/home/runner/work/hol-guard/hol-guard/validation-driver/workspace-constructor-validation/run.py:174:17 - warning: Argument type is Any
  Argument corresponds to parameter "cwd" in function "run" (reportAny)
::warning file=/home/runner/work/hol-guard/hol-guard/validation-driver/workspace-constructor-validation/run.py,line=174,col=17::Argument type is Any%0A  Argument corresponds to parameter "cwd" in function "run" (reportAny)
/home/runner/work/hol-guard/hol-guard/validation-driver/workspace-constructor-validation/run.py:175:20 - warning: Argument type is Any
  Argument corresponds to parameter "output" in function "run" (reportAny)
::warning file=/home/runner/work/hol-guard/hol-guard/validation-driver/workspace-constructor-validation/run.py,line=175,col=20::Argument type is Any%0A  Argument corresponds to parameter "output" in function "run" (reportAny)
/home/runner/work/hol-guard/hol-guard/validation-driver/workspace-constructor-validation/run.py:180:9 - warning: Result of call expression is of type "int" and is not used; assign to variable "_" if this is intentional (reportUnusedCallResult)
::warning file=/home/runner/work/hol-guard/hol-guard/validation-driver/workspace-constructor-validation/run.py,line=180,col=9::Result of call expression is of type "int" and is not used; assign to variable "_" if this is intentional (reportUnusedCallResult)
/home/runner/work/hol-guard/hol-guard/validation-driver/workspace-constructor-validation/run.py:184:21 - warning: Argument type is Any
  Argument corresponds to parameter "object" in function "__new__" (reportAny)
::warning file=/home/runner/work/hol-guard/hol-guard/validation-driver/workspace-constructor-validation/run.py,line=184,col=21::Argument type is Any%0A  Argument corresponds to parameter "object" in function "__new__" (reportAny)
/home/runner/work/hol-guard/hol-guard/validation-driver/workspace-constructor-validation/run.py:186:21 - warning: Argument type is Any
  Argument corresponds to parameter "object" in function "__new__" (reportAny)
::warning file=/home/runner/work/hol-guard/hol-guard/validation-driver/workspace-constructor-validation/run.py,line=186,col=21::Argument type is Any%0A  Argument corresponds to parameter "object" in function "__new__" (reportAny)
/home/runner/work/hol-guard/hol-guard/validation-driver/workspace-constructor-validation/run.py:188:21 - warning: Argument type is Any
  Argument corresponds to parameter "object" in function "__new__" (reportAny)
::warning file=/home/runner/work/hol-guard/hol-guard/validation-driver/workspace-constructor-validation/run.py,line=188,col=21::Argument type is Any%0A  Argument corresponds to parameter "object" in function "__new__" (reportAny)
/home/runner/work/hol-guard/hol-guard/validation-driver/workspace-constructor-validation/run.py:192:17 - warning: Argument type is Any
  Argument corresponds to parameter "cwd" in function "run" (reportAny)
::warning file=/home/runner/work/hol-guard/hol-guard/validation-driver/workspace-constructor-validation/run.py,line=192,col=17::Argument type is Any%0A  Argument corresponds to parameter "cwd" in function "run" (reportAny)
/home/runner/work/hol-guard/hol-guard/validation-driver/workspace-constructor-validation/run.py:193:20 - warning: Argument type is Any
  Argument corresponds to parameter "output" in function "run" (reportAny)
::warning file=/home/runner/work/hol-guard/hol-guard/validation-driver/workspace-constructor-validation/run.py,line=193,col=20::Argument type is Any%0A  Argument corresponds to parameter "output" in function "run" (reportAny)
/home/runner/work/hol-guard/hol-guard/validation-driver/workspace-constructor-validation/run.py:201:17 - warning: Result of call expression is of type "int" and is not used; assign to variable "_" if this is intentional (reportUnusedCallResult)
::warning file=/home/runner/work/hol-guard/hol-guard/validation-driver/workspace-constructor-validation/run.py,line=201,col=17::Result of call expression is of type "int" and is not used; assign to variable "_" if this is intentional (reportUnusedCallResult)
/home/runner/work/hol-guard/hol-guard/validation-driver/workspace-constructor-validation/run.py:206:29 - warning: Argument type is Any
  Argument corresponds to parameter "object" in function "__new__" (reportAny)
::warning file=/home/runner/work/hol-guard/hol-guard/validation-driver/workspace-constructor-validation/run.py,line=206,col=29::Argument type is Any%0A  Argument corresponds to parameter "object" in function "__new__" (reportAny)
/home/runner/work/hol-guard/hol-guard/validation-driver/workspace-constructor-validation/run.py:208:29 - warning: Argument type is Any
  Argument corresponds to parameter "object" in function "__new__" (reportAny)
::warning file=/home/runner/work/hol-guard/hol-guard/validation-driver/workspace-constructor-validation/run.py,line=208,col=29::Argument type is Any%0A  Argument corresponds to parameter "object" in function "__new__" (reportAny)
/home/runner/work/hol-guard/hol-guard/validation-driver/workspace-constructor-validation/run.py:210:29 - warning: Argument type is Any
  Argument corresponds to parameter "object" in function "__new__" (reportAny)
::warning file=/home/runner/work/hol-guard/hol-guard/validation-driver/workspace-constructor-validation/run.py,line=210,col=29::Argument type is Any%0A  Argument corresponds to parameter "object" in function "__new__" (reportAny)
/home/runner/work/hol-guard/hol-guard/validation-driver/workspace-constructor-validation/run.py:212:29 - warning: Argument type is Any
  Argument corresponds to parameter "object" in function "__new__" (reportAny)
::warning file=/home/runner/work/hol-guard/hol-guard/validation-driver/workspace-constructor-validation/run.py,line=212,col=29::Argument type is Any%0A  Argument corresponds to parameter "object" in function "__new__" (reportAny)
/home/runner/work/hol-guard/hol-guard/validation-driver/workspace-constructor-validation/run.py:214:25 - warning: Argument type is Any
  Argument corresponds to parameter "cwd" in function "run" (reportAny)
::warning file=/home/runner/work/hol-guard/hol-guard/validation-driver/workspace-constructor-validation/run.py,line=214,col=25::Argument type is Any%0A  Argument corresponds to parameter "cwd" in function "run" (reportAny)
/home/runner/work/hol-guard/hol-guard/validation-driver/workspace-constructor-validation/run.py:215:28 - warning: Argument type is Any
  Argument corresponds to parameter "output" in function "run" (reportAny)
::warning file=/home/runner/work/hol-guard/hol-guard/validation-driver/workspace-constructor-validation/run.py,line=215,col=28::Argument type is Any%0A  Argument corresponds to parameter "output" in function "run" (reportAny)
/home/runner/work/hol-guard/hol-guard/validation-driver/workspace-constructor-validation/run.py:217:31 - warning: Type of "read_text" is Any (reportAny)
::warning file=/home/runner/work/hol-guard/hol-guard/validation-driver/workspace-constructor-validation/run.py,line=217,col=31::Type of "read_text" is Any (reportAny)
/home/runner/work/hol-guard/hol-guard/validation-driver/workspace-constructor-validation/run.py:217:31 - warning: Argument type is Any
  Argument corresponds to parameter "s" in function "loads" (reportAny)
::warning file=/home/runner/work/hol-guard/hol-guard/validation-driver/workspace-constructor-validation/run.py,line=217,col=31::Argument type is Any%0A  Argument corresponds to parameter "s" in function "loads" (reportAny)
/home/runner/work/hol-guard/hol-guard/validation-driver/workspace-constructor-validation/run.py:220:40 - warning: Argument type is Any
  Argument corresponds to parameter "path" in function "source_state" (reportAny)
::warning file=/home/runner/work/hol-guard/hol-guard/validation-driver/workspace-constructor-validation/run.py,line=220,col=40::Argument type is Any%0A  Argument corresponds to parameter "path" in function "source_state" (reportAny)
/home/runner/work/hol-guard/hol-guard/validation-driver/workspace-constructor-validation/run.py:221:40 - warning: Argument type is Any
  Argument corresponds to parameter "path" in function "source_state" (reportAny)
::warning file=/home/runner/work/hol-guard/hol-guard/validation-driver/workspace-constructor-validation/run.py,line=221,col=40::Argument type is Any%0A  Argument corresponds to parameter "path" in function "source_state" (reportAny)
/home/runner/work/hol-guard/hol-guard/validation-driver/workspace-constructor-validation/run.py:221:46 - warning: Type of "driver_sha" is Any (reportAny)
::warning file=/home/runner/work/hol-guard/hol-guard/validation-driver/workspace-constructor-validation/run.py,line=221,col=46::Type of "driver_sha" is Any (reportAny)
/home/runner/work/hol-guard/hol-guard/validation-driver/workspace-constructor-validation/run.py:221:46 - warning: Argument type is Any
  Argument corresponds to parameter "expected_sha" in function "source_state" (reportAny)
::warning file=/home/runner/work/hol-guard/hol-guard/validation-driver/workspace-constructor-validation/run.py,line=221,col=46::Argument type is Any%0A  Argument corresponds to parameter "expected_sha" in function "source_state" (reportAny)
/home/runner/work/hol-guard/hol-guard/validation-driver/workspace-constructor-validation/run.py:222:39 - warning: Argument type is Any
  Argument corresponds to parameter "root" in function "verify_files" (reportAny)
::warning file=/home/runner/work/hol-guard/hol-guard/validation-driver/workspace-constructor-validation/run.py,line=222,col=39::Argument type is Any%0A  Argument corresponds to parameter "root" in function "verify_files" (reportAny)
/home/runner/work/hol-guard/hol-guard/validation-driver/workspace-constructor-validation/run.py:222:45 - warning: Argument type is Any
  Argument corresponds to parameter "entries" in function "verify_files" (reportAny)
::warning file=/home/runner/work/hol-guard/hol-guard/validation-driver/workspace-constructor-validation/run.py,line=222,col=45::Argument type is Any%0A  Argument corresponds to parameter "entries" in function "verify_files" (reportAny)
/home/runner/work/hol-guard/hol-guard/validation-driver/workspace-constructor-validation/run.py:223:46 - warning: Argument type is Any
  Argument corresponds to parameter "root" in function "verify_files" (reportAny)
::warning file=/home/runner/work/hol-guard/hol-guard/validation-driver/workspace-constructor-validation/run.py,line=223,col=46::Argument type is Any%0A  Argument corresponds to parameter "root" in function "verify_files" (reportAny)
/home/runner/work/hol-guard/hol-guard/validation-driver/workspace-constructor-validation/run.py:223:54 - warning: Argument type is Any
  Argument corresponds to parameter "entries" in function "verify_files" (reportAny)
::warning file=/home/runner/work/hol-guard/hol-guard/validation-driver/workspace-constructor-validation/run.py,line=223,col=54::Argument type is Any%0A  Argument corresponds to parameter "entries" in function "verify_files" (reportAny)
/home/runner/work/hol-guard/hol-guard/validation-driver/workspace-constructor-validation/run.py:225:19 - warning: Argument type is Any
  Argument corresponds to parameter "path" in function "write" (reportAny)
::warning file=/home/runner/work/hol-guard/hol-guard/validation-driver/workspace-constructor-validation/run.py,line=225,col=19::Argument type is Any%0A  Argument corresponds to parameter "path" in function "write" (reportAny)
/home/runner/work/hol-guard/hol-guard/validation-driver/workspace-constructor-validation/run.py:230:13 - warning: Argument type is Any
  Argument corresponds to parameter "path" in function "write" (reportAny)
::warning file=/home/runner/work/hol-guard/hol-guard/validation-driver/workspace-constructor-validation/run.py,line=230,col=13::Argument type is Any%0A  Argument corresponds to parameter "path" in function "write" (reportAny)
/home/runner/work/hol-guard/hol-guard/validation-driver/workspace-constructor-validation/run.py:235:31 - warning: Type of "driver_sha" is Any (reportAny)
::warning file=/home/runner/work/hol-guard/hol-guard/validation-driver/workspace-constructor-validation/run.py,line=235,col=31::Type of "driver_sha" is Any (reportAny)
/home/runner/work/hol-guard/hol-guard/validation-driver/workspace-constructor-validation/workload.py:9:6 - warning: Stub file not found for "common" (reportMissingTypeStubs)
::warning file=/home/runner/work/hol-guard/hol-guard/validation-driver/workspace-constructor-validation/workload.py,line=9,col=6::Stub file not found for "common" (reportMissingTypeStubs)
/home/runner/work/hol-guard/hol-guard/validation-driver/workspace-constructor-validation/workload.py:10:6 - warning: Stub file not found for "constructor.child" (reportMissingTypeStubs)
::warning file=/home/runner/work/hol-guard/hol-guard/validation-driver/workspace-constructor-validation/workload.py,line=10,col=6::Stub file not found for "constructor.child" (reportMissingTypeStubs)
/home/runner/work/hol-guard/hol-guard/validation-driver/workspace-constructor-validation/workload.py:11:6 - warning: Stub file not found for "constructor.parent" (reportMissingTypeStubs)
::warning file=/home/runner/work/hol-guard/hol-guard/validation-driver/workspace-constructor-validation/workload.py,line=11,col=6::Stub file not found for "constructor.parent" (reportMissingTypeStubs)
/home/runner/work/hol-guard/hol-guard/validation-driver/workspace-constructor-validation/workload.py:71:5 - warning: Result of call expression is of type "Action" and is not used; assign to variable "_" if this is intentional (reportUnusedCallResult)
::warning file=/home/runner/work/hol-guard/hol-guard/validation-driver/workspace-constructor-validation/workload.py,line=71,col=5::Result of call expression is of type "Action" and is not used; assign to variable "_" if this is intentional (reportUnusedCallResult)
/home/runner/work/hol-guard/hol-guard/validation-driver/workspace-constructor-validation/workload.py:72:5 - warning: Result of call expression is of type "Action" and is not used; assign to variable "_" if this is intentional (reportUnusedCallResult)
::warning file=/home/runner/work/hol-guard/hol-guard/validation-driver/workspace-constructor-validation/workload.py,line=72,col=5::Result of call expression is of type "Action" and is not used; assign to variable "_" if this is intentional (reportUnusedCallResult)
/home/runner/work/hol-guard/hol-guard/validation-driver/workspace-constructor-validation/workload.py:73:5 - warning: Result of call expression is of type "Action" and is not used; assign to variable "_" if this is intentional (reportUnusedCallResult)
::warning file=/home/runner/work/hol-guard/hol-guard/validation-driver/workspace-constructor-validation/workload.py,line=73,col=5::Result of call expression is of type "Action" and is not used; assign to variable "_" if this is intentional (reportUnusedCallResult)
/home/runner/work/hol-guard/hol-guard/validation-driver/workspace-constructor-validation/workload.py:75:19 - warning: Type of "source" is Any (reportAny)
::warning file=/home/runner/work/hol-guard/hol-guard/validation-driver/workspace-constructor-validation/workload.py,line=75,col=19::Type of "source" is Any (reportAny)
/home/runner/work/hol-guard/hol-guard/validation-driver/workspace-constructor-validation/workload.py:75:19 - warning: Type of "resolve" is Any (reportAny)
::warning file=/home/runner/work/hol-guard/hol-guard/validation-driver/workspace-constructor-validation/workload.py,line=75,col=19::Type of "resolve" is Any (reportAny)
/home/runner/work/hol-guard/hol-guard/validation-driver/workspace-constructor-validation/workload.py:75:19 - warning: Argument type is Any
  Argument corresponds to parameter "source" in function "invoke" (reportAny)
::warning file=/home/runner/work/hol-guard/hol-guard/validation-driver/workspace-constructor-validation/workload.py,line=75,col=19::Argument type is Any%0A  Argument corresponds to parameter "source" in function "invoke" (reportAny)
/home/runner/work/hol-guard/hol-guard/validation-driver/workspace-constructor-validation/workload.py:75:53 - warning: Type of "runtime" is Any (reportAny)
::warning file=/home/runner/work/hol-guard/hol-guard/validation-driver/workspace-constructor-validation/workload.py,line=75,col=53::Type of "runtime" is Any (reportAny)
/home/runner/work/hol-guard/hol-guard/validation-driver/workspace-constructor-validation/workload.py:75:53 - warning: Type of "resolve" is Any (reportAny)
::warning file=/home/runner/work/hol-guard/hol-guard/validation-driver/workspace-constructor-validation/workload.py,line=75,col=53::Type of "resolve" is Any (reportAny)
/home/runner/work/hol-guard/hol-guard/validation-driver/workspace-constructor-validation/workload.py:75:53 - warning: Argument type is Any
  Argument corresponds to parameter "runtime" in function "invoke" (reportAny)
::warning file=/home/runner/work/hol-guard/hol-guard/validation-driver/workspace-constructor-validation/workload.py,line=75,col=53::Argument type is Any%0A  Argument corresponds to parameter "runtime" in function "invoke" (reportAny)
/home/runner/work/hol-guard/hol-guard/validation-driver/workspace-constructor-validation/workload.py:75:88 - warning: Type of "output" is Any (reportAny)
::warning file=/home/runner/work/hol-guard/hol-guard/validation-driver/workspace-constructor-validation/workload.py,line=75,col=88::Type of "output" is Any (reportAny)
/home/runner/work/hol-guard/hol-guard/validation-driver/workspace-constructor-validation/workload.py:75:88 - warning: Type of "resolve" is Any (reportAny)
::warning file=/home/runner/work/hol-guard/hol-guard/validation-driver/workspace-constructor-validation/workload.py,line=75,col=88::Type of "resolve" is Any (reportAny)
/home/runner/work/hol-guard/hol-guard/validation-driver/workspace-constructor-validation/workload.py:75:88 - warning: Argument type is Any
  Argument corresponds to parameter "output" in function "invoke" (reportAny)
::warning file=/home/runner/work/hol-guard/hol-guard/validation-driver/workspace-constructor-validation/workload.py,line=75,col=88::Argument type is Any%0A  Argument corresponds to parameter "output" in function "invoke" (reportAny)
0 errors, 901 warnings, 0 notes
