2026-09-20T05:51:47.9795481Z Current runner version: '2.337.0'
2026-09-20T05:51:47.9841400Z ##[group]Runner Image Provisioner
2026-09-20T05:51:47.9842164Z Hosted Compute Agent
2026-09-20T05:51:47.9842785Z Version: 20260828.587
2026-09-20T05:51:47.9843318Z Commit: abac92662cab4cc7352de4f9f9d2e2419aad9c29
2026-09-20T05:51:47.9843993Z Build Date: 2026-08-28T16:44:25Z
2026-09-20T05:51:47.9844619Z Worker ID: {6515d895-e7c8-46f7-8e36-fe1200bdfa00}
2026-09-20T05:51:47.9845218Z Azure Region: westus3
2026-09-20T05:51:47.9845765Z ##[endgroup]
2026-09-20T05:51:47.9847117Z ##[group]Operating System
2026-09-20T05:51:47.9847710Z Ubuntu
2026-09-20T05:51:47.9848202Z 24.04.5
2026-09-20T05:51:47.9848629Z LTS
2026-09-20T05:51:47.9849104Z ##[endgroup]
2026-09-20T05:51:47.9849559Z ##[group]Runner Image
2026-09-20T05:51:47.9850189Z Image: ubuntu-24.04
2026-09-20T05:51:47.9850933Z Version: 20260907.300.1
2026-09-20T05:51:47.9852096Z Included Software: https://github.com/actions/runner-images/blob/ubuntu24/20260907.300/images/ubuntu/Ubuntu2404-Readme.md
2026-09-20T05:51:47.9853414Z Image Release: https://github.com/actions/runner-images/releases/tag/ubuntu24%2F20260907.300
2026-09-20T05:51:47.9854315Z ##[endgroup]
2026-09-20T05:51:47.9855286Z ##[group]GITHUB_TOKEN Permissions
2026-09-20T05:51:47.9857022Z Contents: read
2026-09-20T05:51:47.9857511Z Metadata: read
2026-09-20T05:51:47.9857969Z ##[endgroup]
2026-09-20T05:51:47.9859973Z Secret source: Actions
2026-09-20T05:51:47.9860887Z Cache mode: write
2026-09-20T05:51:47.9861579Z Prepare workflow directory
2026-09-20T05:51:48.0080782Z Prepare all required actions
2026-09-20T05:51:48.0116563Z Getting action download info
2026-09-20T05:51:48.3084017Z Download action repository 'actions/checkout@df4cb1c069e1874edd31b4311f1884172cec0e10' (SHA:df4cb1c069e1874edd31b4311f1884172cec0e10)
2026-09-20T05:51:48.4485288Z Download action repository 'actions/setup-go@4a3601121dd01d1626a1e23e37211e3254c1c06c' (SHA:4a3601121dd01d1626a1e23e37211e3254c1c06c)
2026-09-20T05:51:49.2909967Z Complete job name: Gitleaks
2026-09-20T05:51:49.3444694Z ##[group]Run actions/checkout@df4cb1c069e1874edd31b4311f1884172cec0e10
2026-09-20T05:51:49.3445243Z with:
2026-09-20T05:51:49.3445492Z   fetch-depth: 0
2026-09-20T05:51:49.3445771Z   persist-credentials: false
2026-09-20T05:51:49.3446087Z   repository: hashgraph-online/hol-guard
2026-09-20T05:51:49.3448368Z   token: ***
2026-09-20T05:51:49.3448617Z   ssh-strict: true
2026-09-20T05:51:49.3448875Z   ssh-user: git
2026-09-20T05:51:49.3449121Z   clean: true
2026-09-20T05:51:49.3449384Z   sparse-checkout-cone-mode: true
2026-09-20T05:51:49.3449685Z   fetch-tags: false
2026-09-20T05:51:49.3449950Z   show-progress: true
2026-09-20T05:51:49.3450210Z   lfs: false
2026-09-20T05:51:49.3450463Z   submodules: false
2026-09-20T05:51:49.3450950Z   set-safe-directory: true
2026-09-20T05:51:49.3451315Z ##[endgroup]
2026-09-20T05:51:49.4112889Z Syncing repository: hashgraph-online/hol-guard
2026-09-20T05:51:49.4114402Z ##[group]Getting Git version info
2026-09-20T05:51:49.4114919Z Working directory is '/home/runner/work/hol-guard/hol-guard'
2026-09-20T05:51:49.4115555Z [command]/usr/bin/git version
2026-09-20T05:51:49.4183962Z git version 2.55.0
2026-09-20T05:51:49.4203144Z ##[endgroup]
2026-09-20T05:51:49.4215557Z Temporarily overriding HOME='/home/runner/work/_temp/d11e910e-5419-43ce-8ec3-0e02d9b8819b' before making global git config changes
2026-09-20T05:51:49.4218772Z Adding repository directory to the temporary git global config as a safe directory
2026-09-20T05:51:49.4226416Z [command]/usr/bin/git config --global --add safe.directory /home/runner/work/hol-guard/hol-guard
2026-09-20T05:51:49.4265717Z Deleting the contents of '/home/runner/work/hol-guard/hol-guard'
2026-09-20T05:51:49.4268129Z ##[group]Determining repository object format
2026-09-20T05:51:49.4269331Z ##[endgroup]
2026-09-20T05:51:49.4269933Z ##[group]Initializing the repository
2026-09-20T05:51:49.4272451Z [command]/usr/bin/git init /home/runner/work/hol-guard/hol-guard
2026-09-20T05:51:49.4360823Z hint: Using 'master' as the name for the initial branch. This default branch name
2026-09-20T05:51:49.4361679Z hint: will change to "main" in Git 3.0. To configure the initial branch name
2026-09-20T05:51:49.4362639Z hint: to use in all of your new repositories, which will suppress this warning,
2026-09-20T05:51:49.4363345Z hint: call:
2026-09-20T05:51:49.4363850Z hint:
2026-09-20T05:51:49.4364388Z hint: 	git config --global init.defaultBranch <name>
2026-09-20T05:51:49.4364939Z hint:
2026-09-20T05:51:49.4365415Z hint: Names commonly chosen instead of 'master' are 'main', 'trunk' and
2026-09-20T05:51:49.4365940Z hint: 'development'. The just-created branch can be renamed via this command:
2026-09-20T05:51:49.4366362Z hint:
2026-09-20T05:51:49.4366707Z hint: 	git branch -m <name>
2026-09-20T05:51:49.4367150Z hint:
2026-09-20T05:51:49.4367567Z hint: Disable this message with "git config set advice.defaultBranchName false"
2026-09-20T05:51:49.4368390Z Initialized empty Git repository in /home/runner/work/hol-guard/hol-guard/.git/
2026-09-20T05:51:49.4373799Z [command]/usr/bin/git remote add origin https://github.com/hashgraph-online/hol-guard
2026-09-20T05:51:49.4415057Z ##[endgroup]
2026-09-20T05:51:49.4415799Z ##[group]Disabling automatic garbage collection
2026-09-20T05:51:49.4417595Z [command]/usr/bin/git config --local gc.auto 0
2026-09-20T05:51:49.4438735Z ##[endgroup]
2026-09-20T05:51:49.4439417Z ##[group]Setting up auth
2026-09-20T05:51:49.4439934Z Removing SSH command configuration
2026-09-20T05:51:49.4443306Z [command]/usr/bin/git config --local --name-only --get-regexp core\.sshCommand
2026-09-20T05:51:49.4468585Z [command]/usr/bin/git submodule foreach --recursive sh -c "git config --local --name-only --get-regexp 'core\.sshCommand' && git config --local --unset-all 'core.sshCommand' || :"
2026-09-20T05:51:49.4744087Z Removing HTTP extra header
2026-09-20T05:51:49.4747046Z [command]/usr/bin/git config --local --name-only --get-regexp http\.https\:\/\/github\.com\/\.extraheader
2026-09-20T05:51:49.4769313Z [command]/usr/bin/git submodule foreach --recursive sh -c "git config --local --name-only --get-regexp 'http\.https\:\/\/github\.com\/\.extraheader' && git config --local --unset-all 'http.https://github.com/.extraheader' || :"
2026-09-20T05:51:49.4929575Z Removing includeIf entries pointing to credentials config files
2026-09-20T05:51:49.4934175Z [command]/usr/bin/git config --local --name-only --get-regexp ^includeIf\.gitdir:
2026-09-20T05:51:49.4958073Z [command]/usr/bin/git submodule foreach --recursive git config --local --show-origin --name-only --get-regexp remote.origin.url
2026-09-20T05:51:49.5120006Z [command]/usr/bin/git config --file /home/runner/work/_temp/git-credentials-6b74ef06-9b42-42b3-bb92-9548d9d543c8.config http.https://github.com/.extraheader AUTHORIZATION: basic ***
2026-09-20T05:51:49.5146525Z [command]/usr/bin/git config --local includeIf.gitdir:/home/runner/work/hol-guard/hol-guard/.git.path /home/runner/work/_temp/git-credentials-6b74ef06-9b42-42b3-bb92-9548d9d543c8.config
2026-09-20T05:51:49.5168781Z [command]/usr/bin/git config --local includeIf.gitdir:/home/runner/work/hol-guard/hol-guard/.git/worktrees/*.path /home/runner/work/_temp/git-credentials-6b74ef06-9b42-42b3-bb92-9548d9d543c8.config
2026-09-20T05:51:49.5194821Z [command]/usr/bin/git config --local includeIf.gitdir:/github/workspace/.git.path /github/runner_temp/git-credentials-6b74ef06-9b42-42b3-bb92-9548d9d543c8.config
2026-09-20T05:51:49.5221657Z [command]/usr/bin/git config --local includeIf.gitdir:/github/workspace/.git/worktrees/*.path /github/runner_temp/git-credentials-6b74ef06-9b42-42b3-bb92-9548d9d543c8.config
2026-09-20T05:51:49.5242701Z ##[endgroup]
2026-09-20T05:51:49.5243138Z ##[group]Fetching the repository
2026-09-20T05:51:49.5247440Z [command]/usr/bin/git -c protocol.version=2 fetch --no-tags --prune --no-recurse-submodules origin +refs/heads/*:refs/remotes/origin/* +refs/tags/*:refs/tags/* +8d2ad647abd812a78e3666c8bba8eeca51fbeb9c:refs/remotes/pull/2974/merge
2026-09-20T05:52:01.4092309Z From https://github.com/hashgraph-online/hol-guard
2026-09-20T05:52:01.4093335Z  * [new branch]            ads/v213h-reddit-media  -> origin/ads/v213h-reddit-media
2026-09-20T05:52:01.4093860Z  * [new branch]            automation/apply-2325-fixes -> origin/automation/apply-2325-fixes
2026-09-20T05:52:01.4094435Z  * [new branch]            automation/apply-everyday-core-2629 -> origin/automation/apply-everyday-core-2629
2026-09-20T05:52:01.4095197Z  * [new branch]            automation/apply-everyday-core-clean-v2 -> origin/automation/apply-everyday-core-clean-v2
2026-09-20T05:52:01.4095983Z  * [new branch]            automation/everyday-101-200-final-20260829 -> origin/automation/everyday-101-200-final-20260829
2026-09-20T05:52:01.4096729Z  * [new branch]            automation/everyday-core-delivery-20260828 -> origin/automation/everyday-core-delivery-20260828
2026-09-20T05:52:01.4097427Z  * [new branch]            automation/everyday-core-seed-20260828 -> origin/automation/everyday-core-seed-20260828
2026-09-20T05:52:01.4098140Z  * [new branch]            automation/everyday-mode-finalize-20260828 -> origin/automation/everyday-mode-finalize-20260828
2026-09-20T05:52:01.4098828Z  * [new branch]            automation/finalize-pr2313-if-needed -> origin/automation/finalize-pr2313-if-needed
2026-09-20T05:52:01.4099498Z  * [new branch]            automation/finalize-pr2325-empty-refs-v3 -> origin/automation/finalize-pr2325-empty-refs-v3
2026-09-20T05:52:01.4100134Z  * [new branch]            automation/finalize-pr2325-v5 -> origin/automation/finalize-pr2325-v5
2026-09-20T05:52:01.4100786Z  * [new branch]            automation/finalize-pr2325-v7 -> origin/automation/finalize-pr2325-v7
2026-09-20T05:52:01.4101296Z  * [new branch]            automation/finalize-rust-pretool-authority-20260815 -> origin/automation/finalize-rust-pretool-authority-20260815
2026-09-20T05:52:01.4101874Z  * [new branch]            automation/finish-pr2325-v10 -> origin/automation/finish-pr2325-v10
2026-09-20T05:52:01.4102738Z  * [new branch]            automation/fix-pr2325-empty-refs-final-0814 -> origin/automation/fix-pr2325-empty-refs-final-0814
2026-09-20T05:52:01.4103508Z  * [new branch]            automation/fix-pr2325-empty-source-final-0814 -> origin/automation/fix-pr2325-empty-source-final-0814
2026-09-20T05:52:01.4104302Z  * [new branch]            automation/fix-pr2325-enums-reasons-final-0814 -> origin/automation/fix-pr2325-enums-reasons-final-0814
2026-09-20T05:52:01.4105003Z  * [new branch]            automation/fix-pr2325-final-review -> origin/automation/fix-pr2325-final-review
2026-09-20T05:52:01.4105690Z  * [new branch]            automation/fix-pr2325-sequences-final-0814 -> origin/automation/fix-pr2325-sequences-final-0814
2026-09-20T05:52:01.4106434Z  * [new branch]            automation/fix-pr2325-sequences-final-v2-0814 -> origin/automation/fix-pr2325-sequences-final-v2-0814
2026-09-20T05:52:01.4107177Z  * [new branch]            automation/harden-pr2325-coverage-final-0814 -> origin/automation/harden-pr2325-coverage-final-0814
2026-09-20T05:52:01.4108043Z  * [new branch]            automation/materialize-secrets-permanent-source-final -> origin/automation/materialize-secrets-permanent-source-final
2026-09-20T05:52:01.4108543Z  * [new branch]            automation/merge-pr2325-final-v6 -> origin/automation/merge-pr2325-final-v6
2026-09-20T05:52:01.4109029Z  * [new branch]            automation/merge-pr2325-v11 -> origin/automation/merge-pr2325-v11
2026-09-20T05:52:01.4109578Z  * [new branch]            automation/merge-pr2325-v8 -> origin/automation/merge-pr2325-v8
2026-09-20T05:52:01.4110175Z  * [new branch]            automation/merge-pr2325-v9 -> origin/automation/merge-pr2325-v9
2026-09-20T05:52:01.4111032Z  * [new branch]            automation/notify-hol-guard-plugin-runtime -> origin/automation/notify-hol-guard-plugin-runtime
2026-09-20T05:52:01.4111807Z  * [new branch]            automation/points-managed-controls-export -> origin/automation/points-managed-controls-export
2026-09-20T05:52:01.4112571Z  * [new branch]            automation/rebase-pr2325-v12 -> origin/automation/rebase-pr2325-v12
2026-09-20T05:52:01.4113394Z  * [new branch]            automation/rebuild-everyday-core-2629 -> origin/automation/rebuild-everyday-core-2629
2026-09-20T05:52:01.4114067Z  * [new branch]            automation/reconcile-pr-2797-20260917 -> origin/automation/reconcile-pr-2797-20260917
2026-09-20T05:52:01.4114582Z  * [new branch]            automation/reconcile-pr-2797-result -> origin/automation/reconcile-pr-2797-result
2026-09-20T05:52:01.4115002Z  * [new branch]            automation/release-32-source-snapshot -> origin/automation/release-32-source-snapshot
2026-09-20T05:52:01.4115622Z  * [new branch]            automation/rust-daemon-edge-hardening-watchdog-20260816 -> origin/automation/rust-daemon-edge-hardening-watchdog-20260816
2026-09-20T05:52:01.4116108Z  * [new branch]            automation/rust-p1-p2-end-to-end -> origin/automation/rust-p1-p2-end-to-end
2026-09-20T05:52:01.4117288Z  * [new branch]            automation/secrets-source-clean-v14 -> origin/automation/secrets-source-clean-v14
2026-09-20T05:52:01.4118100Z  * [new branch]            automation/shepherd-rust-pretool-authority-20260815 -> origin/automation/shepherd-rust-pretool-authority-20260815
2026-09-20T05:52:01.4118886Z  * [new branch]            automation/source-snapshot-2325-v2 -> origin/automation/source-snapshot-2325-v2
2026-09-20T05:52:01.4119586Z  * [new branch]            automation/sync-hol-guard-plugin-version -> origin/automation/sync-hol-guard-plugin-version
2026-09-20T05:52:01.4120322Z  * [new branch]            automation/validate-pr2325-current-base -> origin/automation/validate-pr2325-current-base
2026-09-20T05:52:01.4121157Z  * [new branch]            automation/validate-pr2325-stdlib -> origin/automation/validate-pr2325-stdlib
2026-09-20T05:52:01.4121864Z  * [new branch]            automation/verify-and-finish-hol-secrets-v13 -> origin/automation/verify-and-finish-hol-secrets-v13
2026-09-20T05:52:01.4122973Z  * [new branch]            backport/native-desktop-hook-proxy-release-3.0 -> origin/backport/native-desktop-hook-proxy-release-3.0
2026-09-20T05:52:01.4123828Z  * [new branch]            backport/native-desktop-hook-proxy-release-3.0-v2 -> origin/backport/native-desktop-hook-proxy-release-3.0-v2
2026-09-20T05:52:01.4124672Z  * [new branch]            backup/main-before-unmerge-release-3.0-20260827 -> origin/backup/main-before-unmerge-release-3.0-20260827
2026-09-20T05:52:01.4125325Z  * [new branch]            capy/add-omp-alias      -> origin/capy/add-omp-alias
2026-09-20T05:52:01.4125810Z  * [new branch]            capy/audit-filter-modal -> origin/capy/audit-filter-modal
2026-09-20T05:52:01.4126365Z  * [new branch]            capy/codex-hook-latency-daemon -> origin/capy/codex-hook-latency-daemon
2026-09-20T05:52:01.4126949Z  * [new branch]            capy/command-list-quoting-fix -> origin/capy/command-list-quoting-fix
2026-09-20T05:52:01.4127574Z  * [new branch]            capy/dashboard-abbreviate-queue-date -> origin/capy/dashboard-abbreviate-queue-date
2026-09-20T05:52:01.4128179Z  * [new branch]            capy/doc-secret-filtering -> origin/capy/doc-secret-filtering
2026-09-20T05:52:01.4128730Z  * [new branch]            capy/docker-compose-policy -> origin/capy/docker-compose-policy
2026-09-20T05:52:01.4129290Z  * [new branch]            capy/fix-bun-approval-replay -> origin/capy/fix-bun-approval-replay
2026-09-20T05:52:01.4129925Z  * [new branch]            capy/fix-compose-env-and-hook-block -> origin/capy/fix-compose-env-and-hook-block
2026-09-20T05:52:01.4130657Z  * [new branch]            capy/fix-install-dry-run-alias -> origin/capy/fix-install-dry-run-alias
2026-09-20T05:52:01.4131260Z  * [new branch]            capy/fix-package-scope-import -> origin/capy/fix-package-scope-import
2026-09-20T05:52:01.4131901Z  * [new branch]            capy/fix-package-worktree-approval -> origin/capy/fix-package-worktree-approval
2026-09-20T05:52:01.4132513Z  * [new branch]            capy/fix-pi-approval-browser -> origin/capy/fix-pi-approval-browser
2026-09-20T05:52:01.4133085Z  * [new branch]            capy/fix-pi-grep-command -> origin/capy/fix-pi-grep-command
2026-09-20T05:52:01.4133774Z  * [new branch]            capy/fix-pi-hook-resume-routing -> origin/capy/fix-pi-hook-resume-routing
2026-09-20T05:52:01.4134373Z  * [new branch]            capy/fix-pi-oversized-payload -> origin/capy/fix-pi-oversized-payload
2026-09-20T05:52:01.4135023Z  * [new branch]            capy/fix-pi-oversized-read-review -> origin/capy/fix-pi-oversized-read-review
2026-09-20T05:52:01.4135599Z  * [new branch]            capy/fix-pi-self-block-loop -> origin/capy/fix-pi-self-block-loop
2026-09-20T05:52:01.4136207Z  * [new branch]            capy/fix-policy-evidence-links -> origin/capy/fix-policy-evidence-links
2026-09-20T05:52:01.4136796Z  * [new branch]            capy/fix-test-suite-cleanup -> origin/capy/fix-test-suite-cleanup
2026-09-20T05:52:01.4137371Z  * [new branch]            capy/github-issue-button -> origin/capy/github-issue-button
2026-09-20T05:52:01.4138003Z  * [new branch]            capy/hol-guard-dashboard-typecheck-main -> origin/capy/hol-guard-dashboard-typecheck-main
2026-09-20T05:52:01.4138681Z  * [new branch]            capy/homebrew-firewall-support -> origin/capy/homebrew-firewall-support
2026-09-20T05:52:01.4139260Z  * [new branch]            capy/hook-transport-followup -> origin/capy/hook-transport-followup
2026-09-20T05:52:01.4139813Z  * [new branch]            capy/hook-transport-format -> origin/capy/hook-transport-format
2026-09-20T05:52:01.4140393Z  * [new branch]            capy/inbox-command-search-fields -> origin/capy/inbox-command-search-fields
2026-09-20T05:52:01.4141012Z  * [new branch]            capy/kubectl-secret-exfil-block -> origin/capy/kubectl-secret-exfil-block
2026-09-20T05:52:01.4141407Z  * [new branch]            capy/logged-action-copy-expand -> origin/capy/logged-action-copy-expand
2026-09-20T05:52:01.4141784Z  * [new branch]            capy/oh-my-pi-approval  -> origin/capy/oh-my-pi-approval
2026-09-20T05:52:01.4142257Z  * [new branch]            capy/optimize-evidence-backend -> origin/capy/optimize-evidence-backend
2026-09-20T05:52:01.4142644Z  * [new branch]            capy/perf-request-detail-ttfb -> origin/capy/perf-request-detail-ttfb
2026-09-20T05:52:01.4142996Z  * [new branch]            capy/pi-approval-link   -> origin/capy/pi-approval-link
2026-09-20T05:52:01.4143385Z  * [new branch]            capy/pi-hook-timeout-investigation -> origin/capy/pi-hook-timeout-investigation
2026-09-20T05:52:01.4144022Z  * [new branch]            capy/pi-kubectl-secret-argv-detection -> origin/capy/pi-kubectl-secret-argv-detection
2026-09-20T05:52:01.4144696Z  * [new branch]            capy/planning-write-false-positive -> origin/capy/planning-write-false-positive
2026-09-20T05:52:01.4145275Z  * [new branch]            capy/ruff-format-server -> origin/capy/ruff-format-server
2026-09-20T05:52:01.4145832Z  * [new branch]            capy/totp-precedence-override -> origin/capy/totp-precedence-override
2026-09-20T05:52:01.4146457Z  * [new branch]            chore/canonical-apache-license -> origin/chore/canonical-apache-license
2026-09-20T05:52:01.4147183Z  * [new branch]            chore/consolidate-release-2-2-into-2-1 -> origin/chore/consolidate-release-2-2-into-2-1
2026-09-20T05:52:01.4147842Z  * [new branch]            chore/ecc-2172-resolve-2185 -> origin/chore/ecc-2172-resolve-2185
2026-09-20T05:52:01.4148417Z  * [new branch]            chore/ecc-batch2-builder -> origin/chore/ecc-batch2-builder
2026-09-20T05:52:01.4149039Z  * [new branch]            chore/fec-source-export-20260827 -> origin/chore/fec-source-export-20260827
2026-09-20T05:52:01.4149801Z  * [new branch]            chore/fix-release-3-semantic-merge-artifacts -> origin/chore/fix-release-3-semantic-merge-artifacts
2026-09-20T05:52:01.4150766Z  * [new branch]            chore/guard-block-hosted-legacy-paths -> origin/chore/guard-block-hosted-legacy-paths
2026-09-20T05:52:01.4151562Z  * [new branch]            chore/guard-drop-legacy-capability-routes -> origin/chore/guard-drop-legacy-capability-routes
2026-09-20T05:52:01.4152346Z  * [new branch]            chore/network-main-snapshot-20260825 -> origin/chore/network-main-snapshot-20260825
2026-09-20T05:52:01.4153336Z  * [new branch]            chore/network-remediation-main-sync-r0-20260824 -> origin/chore/network-remediation-main-sync-r0-20260824
2026-09-20T05:52:01.4154107Z  * [new branch]            chore/openssf-security-insights -> origin/chore/openssf-security-insights
2026-09-20T05:52:01.4154723Z  * [new branch]            chore/package-security-links -> origin/chore/package-security-links
2026-09-20T05:52:01.4155307Z  * [new branch]            chore/pr-2077-clean-product -> origin/chore/pr-2077-clean-product
2026-09-20T05:52:01.4155875Z  * [new branch]            chore/pr-2077-evidence-fix -> origin/chore/pr-2077-evidence-fix
2026-09-20T05:52:01.4156439Z  * [new branch]            chore/pr-2077-shim-lock-fix -> origin/chore/pr-2077-shim-lock-fix
2026-09-20T05:52:01.4157064Z  * [new branch]            chore/pr-2077-shim-order-test-fix-v2 -> origin/chore/pr-2077-shim-order-test-fix-v2
2026-09-20T05:52:01.4157711Z  * [new branch]            chore/pr-2077-warn-receipt-fix -> origin/chore/pr-2077-warn-receipt-fix
2026-09-20T05:52:01.4158243Z  * [new branch]            chore/pr-2083-authority-updater-patch -> origin/chore/pr-2083-authority-updater-patch
2026-09-20T05:52:01.4158640Z  * [new branch]            chore/pr-2083-conflict-probe -> origin/chore/pr-2083-conflict-probe
2026-09-20T05:52:01.4159045Z  * [new branch]            chore/pr-2083-conflict-resolver-executor -> origin/chore/pr-2083-conflict-resolver-executor
2026-09-20T05:52:01.4159501Z  * [new branch]            chore/pr-2083-current-final-validation -> origin/chore/pr-2083-current-final-validation
2026-09-20T05:52:01.4159908Z  * [new branch]            chore/pr-2083-current-updater-base -> origin/chore/pr-2083-current-updater-base
2026-09-20T05:52:01.4160292Z  * [new branch]            chore/pr-2083-final-validation -> origin/chore/pr-2083-final-validation
2026-09-20T05:52:01.4160951Z  * [new branch]            chore/pr-2083-integration -> origin/chore/pr-2083-integration
2026-09-20T05:52:01.4161272Z  * [new branch]            chore/pr-2083-pi-replay -> origin/chore/pr-2083-pi-replay
2026-09-20T05:52:01.4161611Z  * [new branch]            chore/pr-2083-replay-2131-base -> origin/chore/pr-2083-replay-2131-base
2026-09-20T05:52:01.4161990Z  * [new branch]            chore/pr-2083-replay-2131-patch -> origin/chore/pr-2083-replay-2131-patch
2026-09-20T05:52:01.4162381Z  * [new branch]            chore/pr-2083-replay-2131-releasebase -> origin/chore/pr-2083-replay-2131-releasebase
2026-09-20T05:52:01.4162822Z  * [new branch]            chore/pr-2083-updater-merge-base -> origin/chore/pr-2083-updater-merge-base
2026-09-20T05:52:01.4163387Z  * [new branch]            chore/pr2172-static-rebuild -> origin/chore/pr2172-static-rebuild
2026-09-20T05:52:01.4163911Z  * [new branch]            chore/rebuild-pr-2077-clean -> origin/chore/rebuild-pr-2077-clean
2026-09-20T05:52:01.4164528Z  * [new branch]            chore/reconcile-main-into-release-3.0-2 -> origin/chore/reconcile-main-into-release-3.0-2
2026-09-20T05:52:01.4165169Z  * [new branch]            chore/reconcile-pr2359-release-3 -> origin/chore/reconcile-pr2359-release-3
2026-09-20T05:52:01.4165761Z  * [new branch]            chore/reconcile-pr2372-release-3 -> origin/chore/reconcile-pr2372-release-3
2026-09-20T05:52:01.4166321Z  * [new branch]            chore/release-22-sync-main -> origin/chore/release-22-sync-main
2026-09-20T05:52:01.4166905Z  * [new branch]            chore/release-22-sync-main-refresh -> origin/chore/release-22-sync-main-refresh
2026-09-20T05:52:01.4167548Z  * [new branch]            chore/release-22-sync-main-v2 -> origin/chore/release-22-sync-main-v2
2026-09-20T05:52:01.4168223Z  * [new branch]            chore/release-3-post-audit-cleanup-20260819 -> origin/chore/release-3-post-audit-cleanup-20260819
2026-09-20T05:52:01.4168885Z  * [new branch]            chore/resolve-2797-conflicts -> origin/chore/resolve-2797-conflicts
2026-09-20T05:52:01.4169580Z  * [new branch]            chore/resolve-release-3-main-conflicts-runner -> origin/chore/resolve-release-3-main-conflicts-runner
2026-09-20T05:52:01.4170616Z  * [new branch]            chore/resolve-secrets-v2-release-conflicts-runner -> origin/chore/resolve-secrets-v2-release-conflicts-runner
2026-09-20T05:52:01.4171435Z  * [new branch]            chore/rust-migration-cleanup-final -> origin/chore/rust-migration-cleanup-final
2026-09-20T05:52:01.4172073Z  * [new branch]            chore/sync-main-into-release-3.0 -> origin/chore/sync-main-into-release-3.0
2026-09-20T05:52:01.4172753Z  * [new branch]            chore/sync-main-into-release-3.0-20260812 -> origin/chore/sync-main-into-release-3.0-20260812
2026-09-20T05:52:01.4173466Z  * [new branch]            chore/sync-main-into-release-3.2-20260907 -> origin/chore/sync-main-into-release-3.2-20260907
2026-09-20T05:52:01.4174154Z  * [new branch]            chore/sync-release-3.0-into-3.1-everyday -> origin/chore/sync-release-3.0-into-3.1-everyday
2026-09-20T05:52:01.4174767Z  * [new branch]            ci/desktop-core-feed-request -> origin/ci/desktop-core-feed-request
2026-09-20T05:52:01.4175283Z  * [new branch]            ci/release-3-1-alpha    -> origin/ci/release-3-1-alpha
2026-09-20T05:52:01.4175809Z  * [new branch]            ci/retrigger-desktop-core-feed -> origin/ci/retrigger-desktop-core-feed
2026-09-20T05:52:01.4176420Z  * [new branch]            ci/retrigger-desktop-core-feed-v2 -> origin/ci/retrigger-desktop-core-feed-v2
2026-09-20T05:52:01.4176951Z  * [new branch]            codex/ci-speed          -> origin/codex/ci-speed
2026-09-20T05:52:01.4177465Z  * [new branch]            codex/claim-readiness-sidecars -> origin/codex/claim-readiness-sidecars
2026-09-20T05:52:01.4177989Z  * [new branch]            codex/instapods-remote-mcp-extension -> origin/codex/instapods-remote-mcp-extension
2026-09-20T05:52:01.4178606Z  * [new branch]            codex/pr2974-affected-capture-open-validation-20260920 -> origin/codex/pr2974-affected-capture-open-validation-20260920
2026-09-20T05:52:01.4179191Z  * [new branch]            codex/pr2974-affected-integration-validation-20260919 -> origin/codex/pr2974-affected-integration-validation-20260919
2026-09-20T05:52:01.4179762Z  * [new branch]            codex/pr2974-affected-retention-validation-20260919 -> origin/codex/pr2974-affected-retention-validation-20260919
2026-09-20T05:52:01.4180332Z  * [new branch]            codex/pr2974-affected-source-quality-validation-20260920 -> origin/codex/pr2974-affected-source-quality-validation-20260920
2026-09-20T05:52:01.4181073Z  * [new branch]            codex/pr2974-affected-vfs-types-validation-20260920 -> origin/codex/pr2974-affected-vfs-types-validation-20260920
2026-09-20T05:52:01.4181565Z  * [new branch]            codex/pr2974-artifact-audit-35431281846 -> origin/codex/pr2974-artifact-audit-35431281846
2026-09-20T05:52:01.4182014Z  * [new branch]            codex/pr2974-ci-repair-harvest-20260919 -> origin/codex/pr2974-ci-repair-harvest-20260919
2026-09-20T05:52:01.4182461Z  * [new branch]            codex/pr2974-codex-tmp-validation-20260919 -> origin/codex/pr2974-codex-tmp-validation-20260919
2026-09-20T05:52:01.4182940Z  * [new branch]            codex/pr2974-combined-corpus-harvest-20260919 -> origin/codex/pr2974-combined-corpus-harvest-20260919
2026-09-20T05:52:01.4183414Z  * [new branch]            codex/pr2974-combined-final-corpus-20260919 -> origin/codex/pr2974-combined-final-corpus-20260919
2026-09-20T05:52:01.4183906Z  * [new branch]            codex/pr2974-command-budget-diagnostic-20260919 -> origin/codex/pr2974-command-budget-diagnostic-20260919
2026-09-20T05:52:01.4184380Z  * [new branch]            codex/pr2974-completion-evidence-20260919 -> origin/codex/pr2974-completion-evidence-20260919
2026-09-20T05:52:01.4184888Z  * [new branch]            codex/pr2974-current-integration-validation-20260919 -> origin/codex/pr2974-current-integration-validation-20260919
2026-09-20T05:52:01.4185406Z  * [new branch]            codex/pr2974-incoming-corpus-harvest-0dd6f65c -> origin/codex/pr2974-incoming-corpus-harvest-0dd6f65c
2026-09-20T05:52:01.4185973Z  * [new branch]            codex/pr2974-incoming-final-corpus-2564d9a4 -> origin/codex/pr2974-incoming-final-corpus-2564d9a4
2026-09-20T05:52:01.4186483Z  * [new branch]            codex/pr2974-incoming-final-corpus-manifest-2564d9a4 -> origin/codex/pr2974-incoming-final-corpus-manifest-2564d9a4
2026-09-20T05:52:01.4187023Z  * [new branch]            codex/pr2974-installed-validation-20260920-017f1244 -> origin/codex/pr2974-installed-validation-20260920-017f1244
2026-09-20T05:52:01.4187545Z  * [new branch]            codex/pr2974-installed-validation-20260920-2433a8ce -> origin/codex/pr2974-installed-validation-20260920-2433a8ce
2026-09-20T05:52:01.4188073Z  * [new branch]            codex/pr2974-installed-validation-20260920-3780ad89 -> origin/codex/pr2974-installed-validation-20260920-3780ad89
2026-09-20T05:52:01.4188597Z  * [new branch]            codex/pr2974-installed-validation-20260920-8f15b37b -> origin/codex/pr2974-installed-validation-20260920-8f15b37b
2026-09-20T05:52:01.4189162Z  * [new branch]            codex/pr2974-installed-validation-20260920-ed7313df -> origin/codex/pr2974-installed-validation-20260920-ed7313df
2026-09-20T05:52:01.4189667Z  * [new branch]            codex/pr2974-integrated-source-20260920-8f15b37b -> origin/codex/pr2974-integrated-source-20260920-8f15b37b
2026-09-20T05:52:01.4190150Z  * [new branch]            codex/pr2974-intel-c16-hash-phase-2564d9a4 -> origin/codex/pr2974-intel-c16-hash-phase-2564d9a4
2026-09-20T05:52:01.4190716Z  * [new branch]            codex/pr2974-intel-c16-name-admission-2564d9a4 -> origin/codex/pr2974-intel-c16-name-admission-2564d9a4
2026-09-20T05:52:01.4191167Z  * [new branch]            codex/pr2974-intel-c16-phases-2564d9a4 -> origin/codex/pr2974-intel-c16-phases-2564d9a4
2026-09-20T05:52:01.4191589Z  * [new branch]            codex/pr2974-intel-strip-comparison -> origin/codex/pr2974-intel-strip-comparison
2026-09-20T05:52:01.4192159Z  * [new branch]            codex/pr2974-intel-strip-comparison-startup-repair -> origin/codex/pr2974-intel-strip-comparison-startup-repair
2026-09-20T05:52:01.4192675Z  * [new branch]            codex/pr2974-lazy-export-source-20260920-e2a4deca -> origin/codex/pr2974-lazy-export-source-20260920-e2a4deca
2026-09-20T05:52:01.4193152Z  * [new branch]            codex/pr2974-lsc-artifact-audit-35436715830 -> origin/codex/pr2974-lsc-artifact-audit-35436715830
2026-09-20T05:52:01.4193642Z  * [new branch]            codex/pr2974-lsc-installed-validation-35441981146 -> origin/codex/pr2974-lsc-installed-validation-35441981146
2026-09-20T05:52:01.4194133Z  * [new branch]            codex/pr2974-lsc-source-materialize-20260919 -> origin/codex/pr2974-lsc-source-materialize-20260919
2026-09-20T05:52:01.4194568Z  * [new branch]            codex/pr2974-lsc-validation-82c78d0b -> origin/codex/pr2974-lsc-validation-82c78d0b
2026-09-20T05:52:01.4195009Z  * [new branch]            codex/pr2974-mac-startup-io-20260920-0bf2452e -> origin/codex/pr2974-mac-startup-io-20260920-0bf2452e
2026-09-20T05:52:01.4195498Z  * [new branch]            codex/pr2974-mac-startup-phases-20260920-71f24e16 -> origin/codex/pr2974-mac-startup-phases-20260920-71f24e16
2026-09-20T05:52:01.4195984Z  * [new branch]            codex/pr2974-macos-endpoint-format-4b888052 -> origin/codex/pr2974-macos-endpoint-format-4b888052
2026-09-20T05:52:01.4196442Z  * [new branch]            codex/pr2974-macos-sigpipe-format-0c9f9cc0 -> origin/codex/pr2974-macos-sigpipe-format-0c9f9cc0
2026-09-20T05:52:01.4196916Z  * [new branch]            codex/pr2974-native-phase-validation-20260919 -> origin/codex/pr2974-native-phase-validation-20260919
2026-09-20T05:52:01.4197465Z  * [new branch]            codex/pr2974-native-phase-validation-backpressure-20260919 -> origin/codex/pr2974-native-phase-validation-backpressure-20260919
2026-09-20T05:52:01.4198037Z  * [new branch]            codex/pr2974-native-phase-validation-fixed-20260919 -> origin/codex/pr2974-native-phase-validation-fixed-20260919
2026-09-20T05:52:01.4198599Z  * [new branch]            codex/pr2974-native-phase-validation-typeignore-20260919 -> origin/codex/pr2974-native-phase-validation-typeignore-20260919
2026-09-20T05:52:01.4199207Z  * [new branch]            codex/pr2974-navigation-format-20260919 -> origin/codex/pr2974-navigation-format-20260919
2026-09-20T05:52:01.4199671Z  * [new branch]            codex/pr2974-package-eval-corpus-20260919 -> origin/codex/pr2974-package-eval-corpus-20260919
2026-09-20T05:52:01.4200139Z  * [new branch]            codex/pr2974-package-eval-corpus-fixed-20260919 -> origin/codex/pr2974-package-eval-corpus-fixed-20260919
2026-09-20T05:52:01.4200676Z  * [new branch]            codex/pr2974-package-eval-finite-20260919 -> origin/codex/pr2974-package-eval-finite-20260919
2026-09-20T05:52:01.4201384Z  * [new branch]            codex/pr2974-package-eval-finite-scope-20260919 -> origin/codex/pr2974-package-eval-finite-scope-20260919
2026-09-20T05:52:01.4201987Z  * [new branch]            codex/pr2974-package-eval-finite-types-20260919 -> origin/codex/pr2974-package-eval-finite-types-20260919
2026-09-20T05:52:01.4202457Z  * [new branch]            codex/pr2974-package-eval-format-20260919 -> origin/codex/pr2974-package-eval-format-20260919
2026-09-20T05:52:01.4203024Z  * [new branch]            codex/pr2974-package-eval-lint-20260919 -> origin/codex/pr2974-package-eval-lint-20260919
2026-09-20T05:52:01.4203619Z  * [new branch]            codex/pr2974-package-export-diagnostics-20260920-e2a4deca -> origin/codex/pr2974-package-export-diagnostics-20260920-e2a4deca
2026-09-20T05:52:01.4204417Z  * [new branch]            codex/pr2974-package-export-diagnostics-v2-20260920-e2a4deca -> origin/codex/pr2974-package-export-diagnostics-v2-20260920-e2a4deca
2026-09-20T05:52:01.4204955Z  * [new branch]            codex/pr2974-partition-349-validation-20260920 -> origin/codex/pr2974-partition-349-validation-20260920
2026-09-20T05:52:01.4205567Z  * [new branch]            codex/pr2974-partition-349-vfs-types-validation-20260920 -> origin/codex/pr2974-partition-349-vfs-types-validation-20260920
2026-09-20T05:52:01.4206122Z  * [new branch]            codex/pr2974-partition-corrected-validation-20260919 -> origin/codex/pr2974-partition-corrected-validation-20260919
2026-09-20T05:52:01.4206596Z  * [new branch]            codex/pr2974-partition-format-20260919 -> origin/codex/pr2974-partition-format-20260919
2026-09-20T05:52:01.4207029Z  * [new branch]            codex/pr2974-partition-validation-20260919 -> origin/codex/pr2974-partition-validation-20260919
2026-09-20T05:52:01.4207536Z  * [new branch]            codex/pr2974-rsp129-consumer-quality-validation-20260920 -> origin/codex/pr2974-rsp129-consumer-quality-validation-20260920
2026-09-20T05:52:01.4208105Z  * [new branch]            codex/pr2974-rsp129-poststart-current-retry-20260920 -> origin/codex/pr2974-rsp129-poststart-current-retry-20260920
2026-09-20T05:52:01.4208777Z  * [new branch]            codex/pr2974-rsp129-poststart-native-binding-20260920 -> origin/codex/pr2974-rsp129-poststart-native-binding-20260920
2026-09-20T05:52:01.4209305Z  * [new branch]            codex/pr2974-rsp129-poststart-validation-20260919 -> origin/codex/pr2974-rsp129-poststart-validation-20260919
2026-09-20T05:52:01.4209776Z  * [new branch]            codex/pr2974-rsp129-request-finite-20260919 -> origin/codex/pr2974-rsp129-request-finite-20260919
2026-09-20T05:52:01.4210235Z  * [new branch]            codex/pr2974-rsp129-request-followup-20260919 -> origin/codex/pr2974-rsp129-request-followup-20260919
2026-09-20T05:52:01.4210847Z  * [new branch]            codex/pr2974-rsp129-request-format-20260919 -> origin/codex/pr2974-rsp129-request-format-20260919
2026-09-20T05:52:01.4211284Z  * [new branch]            codex/pr2974-rsp130-join-format-20260919 -> origin/codex/pr2974-rsp130-join-format-20260919
2026-09-20T05:52:01.4211704Z  * [new branch]            codex/pr2974-rsp130-join-timing-20260919 -> origin/codex/pr2974-rsp130-join-timing-20260919
2026-09-20T05:52:01.4212148Z  * [new branch]            codex/pr2974-rsp130-join-validation-20260919 -> origin/codex/pr2974-rsp130-join-validation-20260919
2026-09-20T05:52:01.4212719Z  * [new branch]            codex/pr2974-rsp130-opcode-validation-20260919 -> origin/codex/pr2974-rsp130-opcode-validation-20260919
2026-09-20T05:52:01.4213189Z  * [new branch]            codex/pr2974-rsp131-artifact-audit-35436919027 -> origin/codex/pr2974-rsp131-artifact-audit-35436919027
2026-09-20T05:52:01.4213658Z  * [new branch]            codex/pr2974-rsp131-artifact-audit-35440047669 -> origin/codex/pr2974-rsp131-artifact-audit-35440047669
2026-09-20T05:52:01.4214125Z  * [new branch]            codex/pr2974-rsp131-operations-format-20260919 -> origin/codex/pr2974-rsp131-operations-format-20260919
2026-09-20T05:52:01.4214606Z  * [new branch]            codex/pr2974-rsp131-sqlite-queue-finite-20260919 -> origin/codex/pr2974-rsp131-sqlite-queue-finite-20260919
2026-09-20T05:52:01.4215111Z  * [new branch]            codex/pr2974-rsp131-sqlite-queue-followup-20260919 -> origin/codex/pr2974-rsp131-sqlite-queue-followup-20260919
2026-09-20T05:52:01.4215612Z  * [new branch]            codex/pr2974-rsp131-sqlite-queue-format-20260919 -> origin/codex/pr2974-rsp131-sqlite-queue-format-20260919
2026-09-20T05:52:01.4216108Z  * [new branch]            codex/pr2974-runtime63-artifact-audit-35433592816 -> origin/codex/pr2974-runtime63-artifact-audit-35433592816
2026-09-20T05:52:01.4216630Z  * [new branch]            codex/pr2974-runtime63-evidence-continuation-20260919 -> origin/codex/pr2974-runtime63-evidence-continuation-20260919
2026-09-20T05:52:01.4217138Z  * [new branch]            codex/pr2974-runtime63-failure-audit-35438843603 -> origin/codex/pr2974-runtime63-failure-audit-35438843603
2026-09-20T05:52:01.4217630Z  * [new branch]            codex/pr2974-runtime63-targeted-audit-35433592816 -> origin/codex/pr2974-runtime63-targeted-audit-35433592816
2026-09-20T05:52:01.4218090Z  * [new branch]            codex/pr2974-source-validation-20260919 -> origin/codex/pr2974-source-validation-20260919
2026-09-20T05:52:01.4218593Z  * [new branch]            codex/pr2974-store-base-format-20260919 -> origin/codex/pr2974-store-base-format-20260919
2026-09-20T05:52:01.4219033Z  * [new branch]            codex/pr2974-store-base-validation-20260919 -> origin/codex/pr2974-store-base-validation-20260919
2026-09-20T05:52:01.4219505Z  * [new branch]            codex/pr2974-store-base-validation-fix-20260919 -> origin/codex/pr2974-store-base-validation-fix-20260919
2026-09-20T05:52:01.4219997Z  * [new branch]            codex/pr2974-stream-diagnostics-20260920-8ffceba4 -> origin/codex/pr2974-stream-diagnostics-20260920-8ffceba4
2026-09-20T05:52:01.4220580Z  * [new branch]            codex/pr2974-supplemental-review-validation-20260920 -> origin/codex/pr2974-supplemental-review-validation-20260920
2026-09-20T05:52:01.4221148Z  * [new branch]            codex/pr2974-windows-auth-token-read-8f15b37 -> origin/codex/pr2974-windows-auth-token-read-8f15b37
2026-09-20T05:52:01.4221691Z  * [new branch]            codex/pr2974-windows-command-control-source-20260920-6f5cd352 -> origin/codex/pr2974-windows-command-control-source-20260920-6f5cd352
2026-09-20T05:52:01.4222276Z  * [new branch]            codex/pr2974-windows-command-control-source-20260920-v2 -> origin/codex/pr2974-windows-command-control-source-20260920-v2
2026-09-20T05:52:01.4222818Z  * [new branch]            codex/pr2974-windows-command-open-controls-20260920 -> origin/codex/pr2974-windows-command-open-controls-20260920
2026-09-20T05:52:01.4223358Z  * [new branch]            codex/pr2974-windows-command-open-controls-20260920-v2 -> origin/codex/pr2974-windows-command-open-controls-20260920-v2
2026-09-20T05:52:01.4223883Z  * [new branch]            codex/pr2974-windows-storage-diagnostics-20260920 -> origin/codex/pr2974-windows-storage-diagnostics-20260920
2026-09-20T05:52:01.4224395Z  * [new branch]            codex/pr2974-windows-stream-diagnostics-20260920-v2 -> origin/codex/pr2974-windows-stream-diagnostics-20260920-v2
2026-09-20T05:52:01.4224916Z  * [new branch]            codex/pr2974-windows-stream-diagnostics-20260920-v3 -> origin/codex/pr2974-windows-stream-diagnostics-20260920-v3
2026-09-20T05:52:01.4225409Z  * [new branch]            codex/pypi-quota-units  -> origin/codex/pypi-quota-units
2026-09-20T05:52:01.4225739Z  * [new branch]            codex/readme-extension-guide -> origin/codex/readme-extension-guide
2026-09-20T05:52:01.4226061Z  * [new branch]            codex/readme-refresh    -> origin/codex/readme-refresh
2026-09-20T05:52:01.4226411Z  * [new branch]            codex/release-3.2-rust-finalization -> origin/codex/release-3.2-rust-finalization
2026-09-20T05:52:01.4226797Z  * [new branch]            codex/release-3.2-rust-foundation -> origin/codex/release-3.2-rust-foundation
2026-09-20T05:52:01.4227177Z  * [new branch]            codex/release-3.2-rust-performance -> origin/codex/release-3.2-rust-performance
2026-09-20T05:52:01.4227559Z  * [new branch]            codex/rsp-20260918-review-evidence -> origin/codex/rsp-20260918-review-evidence
2026-09-20T05:52:01.4227983Z  * [new branch]            codex/rsp-codeql-materialization-20260918 -> origin/codex/rsp-codeql-materialization-20260918
2026-09-20T05:52:01.4228400Z  * [new branch]            codex/rsp-corpus-profile-a37a5df -> origin/codex/rsp-corpus-profile-a37a5df
2026-09-20T05:52:01.4228814Z  * [new branch]            codex/rsp-macos-cache-diagnostic-d104ac3 -> origin/codex/rsp-macos-cache-diagnostic-d104ac3
2026-09-20T05:52:01.4229247Z  * [new branch]            codex/rsp-macos-dnssd-endpoint-context -> origin/codex/rsp-macos-dnssd-endpoint-context
2026-09-20T05:52:01.4229683Z  * [new branch]            codex/rsp-macos-dnssd-sigpipe-condition -> origin/codex/rsp-macos-dnssd-sigpipe-condition
2026-09-20T05:52:01.4230170Z  * [new branch]            codex/rsp-macos-endpoint-artifact-audit-35453157385 -> origin/codex/rsp-macos-endpoint-artifact-audit-35453157385
2026-09-20T05:52:01.4230845Z  * [new branch]            codex/rsp-macos-endpoint-result-audit-35455096616 -> origin/codex/rsp-macos-endpoint-result-audit-35455096616
2026-09-20T05:52:01.4231355Z  * [new branch]            codex/rsp-macos-finite-artifact-audit-35435241584 -> origin/codex/rsp-macos-finite-artifact-audit-35435241584
2026-09-20T05:52:01.4231827Z  * [new branch]            codex/rsp-macos-intel-cache-only-d104ac3 -> origin/codex/rsp-macos-intel-cache-only-d104ac3
2026-09-20T05:52:01.4232276Z  * [new branch]            codex/rsp-macos-observed-cache-diagnostic -> origin/codex/rsp-macos-observed-cache-diagnostic
2026-09-20T05:52:01.4232754Z  * [new branch]            codex/rsp-macos-phase-artifact-audit-35438429333 -> origin/codex/rsp-macos-phase-artifact-audit-35438429333
2026-09-20T05:52:01.4233212Z  * [new branch]            codex/rsp-macos-phase-finite-20260919 -> origin/codex/rsp-macos-phase-finite-20260919
2026-09-20T05:52:01.4233666Z  * [new branch]            codex/rsp-macos-phase-source-validation-cf13 -> origin/codex/rsp-macos-phase-source-validation-cf13
2026-09-20T05:52:01.4234138Z  * [new branch]            codex/rsp-macos-resolver-path-diagnostic -> origin/codex/rsp-macos-resolver-path-diagnostic
2026-09-20T05:52:01.4234619Z  * [new branch]            codex/rsp-macos-service-identity-diagnostic -> origin/codex/rsp-macos-service-identity-diagnostic
2026-09-20T05:52:01.4235117Z  * [new branch]            codex/rsp-macos-sigpipe-result-audit-35462790028 -> origin/codex/rsp-macos-sigpipe-result-audit-35462790028
2026-09-20T05:52:01.4235622Z  * [new branch]            codex/rsp-qualification-preflight-d104ac3 -> origin/codex/rsp-qualification-preflight-d104ac3
2026-09-20T05:52:01.4236044Z  * [new branch]            codex/rsp-shell-candidate-a37a5df -> origin/codex/rsp-shell-candidate-a37a5df
2026-09-20T05:52:01.4236456Z  * [new branch]            codex/rsp-sqlite-host-profile-eb717 -> origin/codex/rsp-sqlite-host-profile-eb717
2026-09-20T05:52:01.4237008Z  * [new branch]            codex/rsp-sqlite-syscall-diagnostic -> origin/codex/rsp-sqlite-syscall-diagnostic
2026-09-20T05:52:01.4237423Z  * [new branch]            codex/rsp-takeover-evidence-20260917 -> origin/codex/rsp-takeover-evidence-20260917
2026-09-20T05:52:01.4237983Z  * [new branch]            codex/rsp-windows-config-diagnostic-d104ac3 -> origin/codex/rsp-windows-config-diagnostic-d104ac3
2026-09-20T05:52:01.4238422Z  * [new branch]            codex/rsp-windows-open-cause-d104ac3 -> origin/codex/rsp-windows-open-cause-d104ac3
2026-09-20T05:52:01.4238889Z  * [new branch]            codex/rsp100-risk-dependency-correctness-8afb03a2 -> origin/codex/rsp100-risk-dependency-correctness-8afb03a2
2026-09-20T05:52:01.4239506Z  * [new branch]            codex/rsp100-security-binding-20260918 -> origin/codex/rsp100-security-binding-20260918
2026-09-20T05:52:01.4239980Z  * [new branch]            codex/rsp131-owned-inode-feasibility -> origin/codex/rsp131-owned-inode-feasibility
2026-09-20T05:52:01.4240409Z  * [new branch]            codex/typed-request-identity-validation -> origin/codex/typed-request-identity-validation
2026-09-20T05:52:01.4240887Z  * [new branch]            codex/windows-open-cause-8156 -> origin/codex/windows-open-cause-8156
2026-09-20T05:52:01.4241262Z  * [new branch]            codex/windows-store-gate-60bd -> origin/codex/windows-store-gate-60bd
2026-09-20T05:52:01.4241657Z  * [new branch]            debug/package-shim-sqlite-lock-trace -> origin/debug/package-shim-sqlite-lock-trace
2026-09-20T05:52:01.4242087Z  * [new branch]            dependabot/docker/docker-all-6dafb4a59b -> origin/dependabot/docker/docker-all-6dafb4a59b
2026-09-20T05:52:01.4242637Z  * [new branch]            dependabot/github_actions/actions/attest-build-provenance-4.1.1 -> origin/dependabot/github_actions/actions/attest-build-provenance-4.1.1
2026-09-20T05:52:01.4243324Z  * [new branch]            dependabot/github_actions/actions/checkout-7 -> origin/dependabot/github_actions/actions/checkout-7
2026-09-20T05:52:01.4243988Z  * [new branch]            dependabot/github_actions/actions/setup-go-7.0.0 -> origin/dependabot/github_actions/actions/setup-go-7.0.0
2026-09-20T05:52:01.4244582Z  * [new branch]            dependabot/github_actions/actions/setup-python-7.0.0 -> origin/dependabot/github_actions/actions/setup-python-7.0.0
2026-09-20T05:52:01.4245085Z  * [new branch]            dependabot/github_actions/actions/upload-artifact-7 -> origin/dependabot/github_actions/actions/upload-artifact-7
2026-09-20T05:52:01.4245568Z  * [new branch]            dependabot/github_actions/astral-sh/setup-uv-7 -> origin/dependabot/github_actions/astral-sh/setup-uv-7
2026-09-20T05:52:01.4246143Z  * [new branch]            dependabot/github_actions/docker/setup-buildx-action-4.2.0 -> origin/dependabot/github_actions/docker/setup-buildx-action-4.2.0
2026-09-20T05:52:01.4246971Z  * [new branch]            dependabot/github_actions/github/codeql-action/analyze-4.37.3 -> origin/dependabot/github_actions/github/codeql-action/analyze-4.37.3
2026-09-20T05:52:01.4247570Z  * [new branch]            dependabot/github_actions/github/codeql-action/upload-sarif-4.37.3 -> origin/dependabot/github_actions/github/codeql-action/upload-sarif-4.37.3
2026-09-20T05:52:01.4248128Z  * [new branch]            dependabot/github_actions/ossf/scorecard-action-2.4.4 -> origin/dependabot/github_actions/ossf/scorecard-action-2.4.4
2026-09-20T05:52:01.4248578Z  * [new branch]            dependabot/pip/pip-major-1ab037995d -> origin/dependabot/pip/pip-major-1ab037995d
2026-09-20T05:52:01.4248957Z  * [new branch]            desktop/3.0-contracts-source -> origin/desktop/3.0-contracts-source
2026-09-20T05:52:01.4249295Z  * [new branch]            desktop/3.0-core-readiness -> origin/desktop/3.0-core-readiness
2026-09-20T05:52:01.4249613Z  * [new branch]            desktop/core-alpha-feed -> origin/desktop/core-alpha-feed
2026-09-20T05:52:01.4249960Z  * [new branch]            desktop/core-alpha-feed-main -> origin/desktop/core-alpha-feed-main
2026-09-20T05:52:01.4250445Z  * [new branch]            diagnostic/macos-intel-attribution-1cd -> origin/diagnostic/macos-intel-attribution-1cd
2026-09-20T05:52:01.4251058Z  * [new branch]            diagnostic/resident-registration-8156 -> origin/diagnostic/resident-registration-8156
2026-09-20T05:52:01.4251571Z  * [new branch]            diagnostic/workspace-active-stages-8156 -> origin/diagnostic/workspace-active-stages-8156
2026-09-20T05:52:01.4251999Z  * [new branch]            diagnostic/workspace-construction-8156 -> origin/diagnostic/workspace-construction-8156
2026-09-20T05:52:01.4252439Z  * [new branch]            diagnostic/workspace-early-attachment-8156 -> origin/diagnostic/workspace-early-attachment-8156
2026-09-20T05:52:01.4252862Z  * [new branch]            diagnostic/workspace-ownership-8156 -> origin/diagnostic/workspace-ownership-8156
2026-09-20T05:52:01.4253282Z  * [new branch]            diagnostic/workspace-phase-failures-8156 -> origin/diagnostic/workspace-phase-failures-8156
2026-09-20T05:52:01.4253739Z  * [new branch]            diagnostic/workspace-publication-spans-8156 -> origin/diagnostic/workspace-publication-spans-8156
2026-09-20T05:52:01.4254141Z  * [new branch]            diagnostics/pr2798-ci-898507 -> origin/diagnostics/pr2798-ci-898507
2026-09-20T05:52:01.4254499Z  * [new branch]            diagnostics/pr2798-format-5354f54 -> origin/diagnostics/pr2798-format-5354f54
2026-09-20T05:52:01.4254844Z  * [new branch]            dist/runx-hol-guard-skill -> origin/dist/runx-hol-guard-skill
2026-09-20T05:52:01.4255194Z  * [new branch]            docs/clarify-open-source-license -> origin/docs/clarify-open-source-license
2026-09-20T05:52:01.4255539Z  * [new branch]            docs/guard-evidence-links -> origin/docs/guard-evidence-links
2026-09-20T05:52:01.4255881Z  * [new branch]            docs/k0s-k0rdent-guard-demo -> origin/docs/k0s-k0rdent-guard-demo
2026-09-20T05:52:01.4256230Z  * [new branch]            docs/smithery-skill-frontmatter -> origin/docs/smithery-skill-frontmatter
2026-09-20T05:52:01.4256639Z  * [new branch]            docs/strands-agents-command-inspection -> origin/docs/strands-agents-command-inspection
2026-09-20T05:52:01.4257106Z  * [new branch]            docs/strands-alpha-install -> origin/docs/strands-alpha-install
2026-09-20T05:52:01.4257432Z  * [new branch]            docs/w5-runtime-selection -> origin/docs/w5-runtime-selection
2026-09-20T05:52:01.4257767Z  * [new branch]            factory/essh-2674-rebase-probe -> origin/factory/essh-2674-rebase-probe
2026-09-20T05:52:01.4258148Z  * [new branch]            factory/repo2nb-2541-merge-validation -> origin/factory/repo2nb-2541-merge-validation
2026-09-20T05:52:01.4258525Z  * [new branch]            feat/3.1-extension-control-api -> origin/feat/3.1-extension-control-api
2026-09-20T05:52:01.4258905Z  * [new branch]            feat/3.1-extension-control-audit -> origin/feat/3.1-extension-control-audit
2026-09-20T05:52:01.4259262Z  * [new branch]            feat/3.1-extension-control-cli -> origin/feat/3.1-extension-control-cli
2026-09-20T05:52:01.4259632Z  * [new branch]            feat/3.1-extension-control-dashboard -> origin/feat/3.1-extension-control-dashboard
2026-09-20T05:52:01.4260044Z  * [new branch]            feat/3.1-extension-control-enforcement -> origin/feat/3.1-extension-control-enforcement
2026-09-20T05:52:01.4260449Z  * [new branch]            feat/3.1-extension-control-migration -> origin/feat/3.1-extension-control-migration
2026-09-20T05:52:01.4260953Z  * [new branch]            feat/3.1-extension-control-proof -> origin/feat/3.1-extension-control-proof
2026-09-20T05:52:01.4261362Z  * [new branch]            feat/3.1-extension-control-proof-hardening -> origin/feat/3.1-extension-control-proof-hardening
2026-09-20T05:52:01.4261782Z  * [new branch]            feat/3.1-managed-extension-controls -> origin/feat/3.1-managed-extension-controls
2026-09-20T05:52:01.4262151Z  * [new branch]            feat/add-extension-fullscreen -> origin/feat/add-extension-fullscreen
2026-09-20T05:52:01.4262476Z  * [new branch]            feat/aibom-batch4-guard -> origin/feat/aibom-batch4-guard
2026-09-20T05:52:01.4262820Z  * [new branch]            feat/aibom-guard-security-phase13 -> origin/feat/aibom-guard-security-phase13
2026-09-20T05:52:01.4263171Z  * [new branch]            feat/aibom-live-trust-fix -> origin/feat/aibom-live-trust-fix
2026-09-20T05:52:01.4263613Z  * [new branch]            feat/aibom-receipt-sync-fix-guard -> origin/feat/aibom-receipt-sync-fix-guard
2026-09-20T05:52:01.4263983Z  * [new branch]            feat/aibom-skill-scan-root-fix -> origin/feat/aibom-skill-scan-root-fix
2026-09-20T05:52:01.4264365Z  * [new branch]            feat/aibom-skill-scanner-spawn-fix -> origin/feat/aibom-skill-scanner-spawn-fix
2026-09-20T05:52:01.4264836Z  * [new branch]            feat/aibom-skill-security-guard -> origin/feat/aibom-skill-security-guard
2026-09-20T05:52:01.4265216Z  * [new branch]            feat/aibom-trust-attestation-guard -> origin/feat/aibom-trust-attestation-guard
2026-09-20T05:52:01.4265646Z  * [new branch]            feat/aibom-verifiable-trust-headless-guard -> origin/feat/aibom-verifiable-trust-headless-guard
2026-09-20T05:52:01.4266059Z  * [new branch]            feat/all-harness-fast-hooks -> origin/feat/all-harness-fast-hooks
2026-09-20T05:52:01.4266412Z  * [new branch]            feat/audit-remediation-actions -> origin/feat/audit-remediation-actions
2026-09-20T05:52:01.4266735Z  * [new branch]            feat/canary-commons     -> origin/feat/canary-commons
2026-09-20T05:52:01.4267089Z  * [new branch]            feat/ci-platform-command-extensions -> origin/feat/ci-platform-command-extensions
2026-09-20T05:52:01.4267636Z  * [new branch]            feat/ci-platform-command-extensions-v2 -> origin/feat/ci-platform-command-extensions-v2
2026-09-20T05:52:01.4268230Z  * [new branch]            feat/cisco-mcp-multi-analyzer -> origin/feat/cisco-mcp-multi-analyzer
2026-09-20T05:52:01.4268624Z  * [new branch]            feat/cite-hf-dataset-pypi-url-cd97 -> origin/feat/cite-hf-dataset-pypi-url-cd97
2026-09-20T05:52:01.4269071Z  * [new branch]            feat/cite-hf-plugin-security-dataset-41a2 -> origin/feat/cite-hf-plugin-security-dataset-41a2
2026-09-20T05:52:01.4269644Z  * [new branch]            feat/cite-hf-plugin-security-dataset-dcbb -> origin/feat/cite-hf-plugin-security-dataset-dcbb
2026-09-20T05:52:01.4270197Z  * [new branch]            feat/claude-code-marketplace-plugin -> origin/feat/claude-code-marketplace-plugin
2026-09-20T05:52:01.4270724Z  * [new branch]            feat/cline-adapter      -> origin/feat/cline-adapter
2026-09-20T05:52:01.4271203Z  * [new branch]            feat/cline-mcp-marketplace -> origin/feat/cline-mcp-marketplace
2026-09-20T05:52:01.4271621Z  * [new branch]            feat/cloud-exception-request-ui -> origin/feat/cloud-exception-request-ui
2026-09-20T05:52:01.4271991Z  * [new branch]            feat/cloud-exception-sync-proof -> origin/feat/cloud-exception-sync-proof
2026-09-20T05:52:01.4272337Z  * [new branch]            feat/cloud-exceptions-tab -> origin/feat/cloud-exceptions-tab
2026-09-20T05:52:01.4272755Z  * [new branch]            feat/cloud-review-runtime-hardening-post-merge -> origin/feat/cloud-review-runtime-hardening-post-merge
2026-09-20T05:52:01.4273181Z  * [new branch]            feat/cloud-user-menu-plan-id -> origin/feat/cloud-user-menu-plan-id
2026-09-20T05:52:01.4273510Z  * [new branch]            feat/cloud-user-menu-v2 -> origin/feat/cloud-user-menu-v2
2026-09-20T05:52:01.4273839Z  * [new branch]            feat/command-cloud-exception -> origin/feat/command-cloud-exception
2026-09-20T05:52:01.4274247Z  * [new branch]            feat/command-variants-301-400-aws-long-tail -> origin/feat/command-variants-301-400-aws-long-tail
2026-09-20T05:52:01.4274777Z  * [new branch]            feat/community-ollama-extension -> origin/feat/community-ollama-extension
2026-09-20T05:52:01.4275192Z  * [new branch]            feat/composite-command-evaluation -> origin/feat/composite-command-evaluation
2026-09-20T05:52:01.4275571Z  * [new branch]            feat/database-command-extensions -> origin/feat/database-command-extensions
2026-09-20T05:52:01.4275923Z  * [new branch]            feat/deepseek-harness-dsh -> origin/feat/deepseek-harness-dsh
2026-09-20T05:52:01.4276252Z  * [new branch]            feat/default-attestation-v2 -> origin/feat/default-attestation-v2
2026-09-20T05:52:01.4276673Z  * [new branch]            feat/devcontainer-feature -> origin/feat/devcontainer-feature
2026-09-20T05:52:01.4277053Z  * [new branch]            feat/devcontainer-feature-review-fixes -> origin/feat/devcontainer-feature-review-fixes
2026-09-20T05:52:01.4277475Z  * [new branch]            feat/droid-compat-headless-fixtures -> origin/feat/droid-compat-headless-fixtures
2026-09-20T05:52:01.4277853Z  * [new branch]            feat/embedded-script-evidence -> origin/feat/embedded-script-evidence
2026-09-20T05:52:01.4278205Z  * [new branch]            feat/everyday-mode-001-100-v32 -> origin/feat/everyday-mode-001-100-v32
2026-09-20T05:52:01.4278549Z  * [new branch]            feat/everyday-mode-101-200 -> origin/feat/everyday-mode-101-200
2026-09-20T05:52:01.4278873Z  * [new branch]            feat/everyday-mode-201-300 -> origin/feat/everyday-mode-201-300
2026-09-20T05:52:01.4279293Z  * [new branch]            feat/everyday-mode-foundation-release-3.0-port -> origin/feat/everyday-mode-foundation-release-3.0-port
2026-09-20T05:52:01.4279742Z  * [new branch]            feat/everyday-mode-r32-complete-v2 -> origin/feat/everyday-mode-r32-complete-v2
2026-09-20T05:52:01.4280159Z  * [new branch]            feat/everyday-mode-release-3.2-complete -> origin/feat/everyday-mode-release-3.2-complete
2026-09-20T05:52:01.4280769Z  * [new branch]            feat/everyday-r32-surfaces-20260913 -> origin/feat/everyday-r32-surfaces-20260913
2026-09-20T05:52:01.4281176Z  * [new branch]            feat/everyday-runtime-r32-20260907 -> origin/feat/everyday-runtime-r32-20260907
2026-09-20T05:52:01.4281587Z  * [new branch]            feat/evidence-action-envelope-home-fix -> origin/feat/evidence-action-envelope-home-fix
2026-09-20T05:52:01.4281986Z  * [new branch]            feat/evidence-scanner-surfacing -> origin/feat/evidence-scanner-surfacing
2026-09-20T05:52:01.4282425Z  * [new branch]            feat/evidence-tabs-redesign -> origin/feat/evidence-tabs-redesign
2026-09-20T05:52:01.4282780Z  * [new branch]            feat/extension-claim-notice -> origin/feat/extension-claim-notice
2026-09-20T05:52:01.4283189Z  * [new branch]            feat/extension-control-center-01-details -> origin/feat/extension-control-center-01-details
2026-09-20T05:52:01.4283662Z  * [new branch]            feat/extension-control-center-03-rule-overrides -> origin/feat/extension-control-center-03-rule-overrides
2026-09-20T05:52:01.4284281Z  * [new branch]            feat/extension-directory-command-mapping -> origin/feat/extension-directory-command-mapping
2026-09-20T05:52:01.4284717Z  * [new branch]            feat/extension-publisher-profiles -> origin/feat/extension-publisher-profiles
2026-09-20T05:52:01.4285104Z  * [new branch]            feat/extensions-command-patterns -> origin/feat/extensions-command-patterns
2026-09-20T05:52:01.4285493Z  * [new branch]            feat/extensions-custom-add-command -> origin/feat/extensions-custom-add-command
2026-09-20T05:52:01.4285864Z  * [new branch]            feat/extensions-flat-surface -> origin/feat/extensions-flat-surface
2026-09-20T05:52:01.4286189Z  * [new branch]            feat/extensions-one-page -> origin/feat/extensions-one-page
2026-09-20T05:52:01.4286525Z  * [new branch]            feat/extensions-service-marks -> origin/feat/extensions-service-marks
2026-09-20T05:52:01.4286922Z  * [new branch]            feat/extensions-unlisted-cli-allowlist -> origin/feat/extensions-unlisted-cli-allowlist
2026-09-20T05:52:01.4287343Z  * [new branch]            feat/fast-hook-review-types-scanner -> origin/feat/fast-hook-review-types-scanner
2026-09-20T05:52:01.4287681Z  * [new branch]            feat/fec-001-100-core   -> origin/feat/fec-001-100-core
2026-09-20T05:52:01.4287962Z  * [new branch]            feat/fec-001-100-main   -> origin/feat/fec-001-100-main
2026-09-20T05:52:01.4288284Z  * [new branch]            feat/fec-001-100-r32-remediation -> origin/feat/fec-001-100-r32-remediation
2026-09-20T05:52:01.4288610Z  * [new branch]            feat/fec-101-200-r32    -> origin/feat/fec-101-200-r32
2026-09-20T05:52:01.4288980Z  * [new branch]            feat/fec-201-300-r32    -> origin/feat/fec-201-300-r32
2026-09-20T05:52:01.4289356Z  * [new branch]            feat/fix-portable-package-approvals-issue -> origin/feat/fix-portable-package-approvals-issue
2026-09-20T05:52:01.4289758Z  * [new branch]            feat/grok-adapter-release-3.0 -> origin/feat/grok-adapter-release-3.0
2026-09-20T05:52:01.4290088Z  * [new branch]            feat/grok-adapter-surface -> origin/feat/grok-adapter-surface
2026-09-20T05:52:01.4290442Z  * [new branch]            feat/guard-aeo-b01-truth-contract -> origin/feat/guard-aeo-b01-truth-contract
2026-09-20T05:52:01.4290908Z  * [new branch]            feat/guard-auth-cloud-handoff-disable -> origin/feat/guard-auth-cloud-handoff-disable
2026-09-20T05:52:01.4291319Z  * [new branch]            feat/guard-auth-headless-device-code -> origin/feat/guard-auth-headless-device-code
2026-09-20T05:52:01.4291725Z  * [new branch]            feat/guard-auth-phase-m-sync-refresh -> origin/feat/guard-auth-phase-m-sync-refresh
2026-09-20T05:52:01.4292131Z  * [new branch]            feat/guard-auth-phase-n-ci-safe-mode -> origin/feat/guard-auth-phase-n-ci-safe-mode
2026-09-20T05:52:01.4292550Z  * [new branch]            feat/guard-auth-phase-r-cli-reauth-only -> origin/feat/guard-auth-phase-r-cli-reauth-only
2026-09-20T05:52:01.4292949Z  * [new branch]            feat/guard-command-patterns-3-1 -> origin/feat/guard-command-patterns-3-1
2026-09-20T05:52:01.4293310Z  * [new branch]            feat/guard-daemon-oauth-cluster -> origin/feat/guard-daemon-oauth-cluster
2026-09-20T05:52:01.4293701Z  * [new branch]            feat/guard-dashboard-trust-center-nav -> origin/feat/guard-dashboard-trust-center-nav
2026-09-20T05:52:01.4294087Z  * [new branch]            feat/guard-doctor-auth-hygiene -> origin/feat/guard-doctor-auth-hygiene
2026-09-20T05:52:01.4294565Z  * [new branch]            feat/guard-insights-share-affiliate-cta -> origin/feat/guard-insights-share-affiliate-cta
2026-09-20T05:52:01.4294966Z  * [new branch]            feat/guard-insights-share-local -> origin/feat/guard-insights-share-local
2026-09-20T05:52:01.4295345Z  * [new branch]            feat/guard-kimi-cli-harness-adapter -> origin/feat/guard-kimi-cli-harness-adapter
2026-09-20T05:52:01.4295768Z  * [new branch]            feat/guard-policy-studio-multi-rule-tests -> origin/feat/guard-policy-studio-multi-rule-tests
2026-09-20T05:52:01.4296210Z  * [new branch]            feat/guard-policy-v1alpha1-public-spec -> origin/feat/guard-policy-v1alpha1-public-spec
2026-09-20T05:52:01.4296612Z  * [new branch]            feat/guard-policy-v2-capabilities -> origin/feat/guard-policy-v2-capabilities
2026-09-20T05:52:01.4296944Z  * [new branch]            feat/guard-policy-v3    -> origin/feat/guard-policy-v3
2026-09-20T05:52:01.4297258Z  * [new branch]            feat/guard-policy-v3-release -> origin/feat/guard-policy-v3-release
2026-09-20T05:52:01.4297684Z  * [new branch]            feat/guard-production-subscription-ws9-guard -> origin/feat/guard-production-subscription-ws9-guard
2026-09-20T05:52:01.4298099Z  * [new branch]            feat/guard-reviewer-role-claim -> origin/feat/guard-reviewer-role-claim
2026-09-20T05:52:01.4298459Z  * [new branch]            feat/guard-scsr071-085-lifecycle -> origin/feat/guard-scsr071-085-lifecycle
2026-09-20T05:52:01.4298811Z  * [new branch]            feat/guard-secrets-detection -> origin/feat/guard-secrets-detection
2026-09-20T05:52:01.4299176Z  * [new branch]            feat/guard-secrets-detection-clean -> origin/feat/guard-secrets-detection-clean
2026-09-20T05:52:01.4299546Z  * [new branch]            feat/guard-secrets-native-cli -> origin/feat/guard-secrets-native-cli
2026-09-20T05:52:01.4299921Z  * [new branch]            feat/guarded-repository-attestation -> origin/feat/guarded-repository-attestation
2026-09-20T05:52:01.4300338Z  * [new branch]            feat/guarded-repository-attestation-v2 -> origin/feat/guarded-repository-attestation-v2
2026-09-20T05:52:01.4300887Z  * [new branch]            feat/hgc-controls-reset-local -> origin/feat/hgc-controls-reset-local
2026-09-20T05:52:01.4301257Z  * [new branch]            feat/hgc-controls-reset-local-rest -> origin/feat/hgc-controls-reset-local-rest
2026-09-20T05:52:01.4301667Z  * [new branch]            feat/hol-guard-aibom-item-descriptions -> origin/feat/hol-guard-aibom-item-descriptions
2026-09-20T05:52:01.4302030Z  * [new branch]            feat/inbox-sync-repair  -> origin/feat/inbox-sync-repair
2026-09-20T05:52:01.4302388Z  * [new branch]            feat/laravel-artisan-command-safety -> origin/feat/laravel-artisan-command-safety
2026-09-20T05:52:01.4302789Z  * [new branch]            feat/linux-desktop-core-sidecar-feed -> origin/feat/linux-desktop-core-sidecar-feed
2026-09-20T05:52:01.4303221Z  * [new branch]            feat/managed-service-extensions-remaining -> origin/feat/managed-service-extensions-remaining
2026-09-20T05:52:01.4303647Z  * [new branch]            feat/mcp-distribution-consolidated -> origin/feat/mcp-distribution-consolidated
2026-09-20T05:52:01.4304021Z  * [new branch]            feat/mcp-enroll-steps-layout -> origin/feat/mcp-enroll-steps-layout
2026-09-20T05:52:01.4304363Z  * [new branch]            feat/mcp-extension-enroll-ux -> origin/feat/mcp-extension-enroll-ux
2026-09-20T05:52:01.4304699Z  * [new branch]            feat/mcp-harness-autodetect -> origin/feat/mcp-harness-autodetect
2026-09-20T05:52:01.4305038Z  * [new branch]            feat/mcp-registry-publishing -> origin/feat/mcp-registry-publishing
2026-09-20T05:52:01.4305380Z  * [new branch]            feat/mcp-registry-syndication -> origin/feat/mcp-registry-syndication
2026-09-20T05:52:01.4305688Z  * [new branch]            feat/mcp-server         -> origin/feat/mcp-server
2026-09-20T05:52:01.4305996Z  * [new branch]            feat/mcp-server-contributions -> origin/feat/mcp-server-contributions
2026-09-20T05:52:01.4306396Z  * [new branch]            feat/mcpb-distribution  -> origin/feat/mcpb-distribution
2026-09-20T05:52:01.4306735Z  * [new branch]            feat/mdm-cloud-multi-device-lab -> origin/feat/mdm-cloud-multi-device-lab
2026-09-20T05:52:01.4307059Z  * [new branch]            feat/mdm-ga-completion  -> origin/feat/mdm-ga-completion
2026-09-20T05:52:01.4307372Z  * [new branch]            feat/mdm-local-contract-lab -> origin/feat/mdm-local-contract-lab
2026-09-20T05:52:01.4307716Z  * [new branch]            feat/modules-2-best-in-class -> origin/feat/modules-2-best-in-class
2026-09-20T05:52:01.4308040Z  * [new branch]            feat/multi-source-connect -> origin/feat/multi-source-connect
2026-09-20T05:52:01.4308404Z  * [new branch]            feat/native-data-plane-ownership-v2 -> origin/feat/native-data-plane-ownership-v2
2026-09-20T05:52:01.4308821Z  * [new branch]            feat/native-hook-data-plane-completion -> origin/feat/native-hook-data-plane-completion
2026-09-20T05:52:01.4309247Z  * [new branch]            feat/network-isolation-r1-r3-20260824 -> origin/feat/network-isolation-r1-r3-20260824
2026-09-20T05:52:01.4309616Z  * [new branch]            feat/network-local-core-3.0 -> origin/feat/network-local-core-3.0
2026-09-20T05:52:01.4309945Z  * [new branch]            feat/openclaw-clawhub-skill -> origin/feat/openclaw-clawhub-skill
2026-09-20T05:52:01.4310312Z  * [new branch]            feat/owasp-agentic-skills-crosswalk -> origin/feat/owasp-agentic-skills-crosswalk
2026-09-20T05:52:01.4310850Z  * [new branch]            feat/package-script-extension-flow -> origin/feat/package-script-extension-flow
2026-09-20T05:52:01.4311213Z  * [new branch]            feat/package-support-matrix -> origin/feat/package-support-matrix
2026-09-20T05:52:01.4311592Z  * [new branch]            feat/paseo-native-provider-adapter -> origin/feat/paseo-native-provider-adapter
2026-09-20T05:52:01.4311973Z  * [new branch]            feat/policy-cloud-exception-dto -> origin/feat/policy-cloud-exception-dto
2026-09-20T05:52:01.4312395Z  * [new branch]            feat/policy-cloud-exceptions-final-polish -> origin/feat/policy-cloud-exceptions-final-polish
2026-09-20T05:52:01.4312880Z  * [new branch]            feat/policy-mockup-parity-m2 -> origin/feat/policy-mockup-parity-m2
2026-09-20T05:52:01.4313220Z  * [new branch]            feat/policy-mockup-parity-m3 -> origin/feat/policy-mockup-parity-m3
2026-09-20T05:52:01.4313579Z  * [new branch]            feat/policy-no-fixture-hardening -> origin/feat/policy-no-fixture-hardening
2026-09-20T05:52:01.4313942Z  * [new branch]            feat/policy-recipe-validation -> origin/feat/policy-recipe-validation
2026-09-20T05:52:01.4314306Z  * [new branch]            feat/policy-recipe-validation-v2 -> origin/feat/policy-recipe-validation-v2
2026-09-20T05:52:01.4314662Z  * [new branch]            feat/policy-workspace-parity -> origin/feat/policy-workspace-parity
2026-09-20T05:52:01.4315040Z  * [new branch]            feat/privacy-safe-local-risk-report -> origin/feat/privacy-safe-local-risk-report
2026-09-20T05:52:01.4315435Z  * [new branch]            feat/privacy-safe-outcome-receipts -> origin/feat/privacy-safe-outcome-receipts
2026-09-20T05:52:01.4315842Z  * [new branch]            feat/protection-center-01-foundation -> origin/feat/protection-center-01-foundation
2026-09-20T05:52:01.4316232Z  * [new branch]            feat/protection-center-02-landing -> origin/feat/protection-center-02-landing
2026-09-20T05:52:01.4316637Z  * [new branch]            feat/protection-center-03-module-detail -> origin/feat/protection-center-03-module-detail
2026-09-20T05:52:01.4317083Z  * [new branch]            feat/protection-center-04-friendly-settings -> origin/feat/protection-center-04-friendly-settings
2026-09-20T05:52:01.4317572Z  * [new branch]            feat/protection-center-04-friendly-settings-final -> origin/feat/protection-center-04-friendly-settings-final
2026-09-20T05:52:01.4318065Z  * [new branch]            feat/protection-center-04-policy-editor -> origin/feat/protection-center-04-policy-editor
2026-09-20T05:52:01.4318599Z  * [new branch]            feat/protection-center-04-policy-editor-final -> origin/feat/protection-center-04-policy-editor-final
2026-09-20T05:52:01.4319054Z  * [new branch]            feat/protection-center-05-test-activity -> origin/feat/protection-center-05-test-activity
2026-09-20T05:52:01.4319529Z  * [new branch]            feat/protection-center-06-cloud-boundary-hardening -> origin/feat/protection-center-06-cloud-boundary-hardening
2026-09-20T05:52:01.4320003Z  * [new branch]            feat/protection-modules-ux-release-3.0 -> origin/feat/protection-modules-ux-release-3.0
2026-09-20T05:52:01.4320356Z  * [new branch]            feat/read-state-sqlite  -> origin/feat/read-state-sqlite
2026-09-20T05:52:01.4320857Z  * [new branch]            feat/release-22-adaptive-workers -> origin/feat/release-22-adaptive-workers
2026-09-20T05:52:01.4321221Z  * [new branch]            feat/release-22-admission-final -> origin/feat/release-22-admission-final
2026-09-20T05:52:01.4321573Z  * [new branch]            feat/release-22-approval-ux -> origin/feat/release-22-approval-ux
2026-09-20T05:52:01.4321987Z  * [new branch]            feat/release-22-authorization-gates-followup -> origin/feat/release-22-authorization-gates-followup
2026-09-20T05:52:01.4322420Z  * [new branch]            feat/release-22-command-activity-api -> origin/feat/release-22-command-activity-api
2026-09-20T05:52:01.4322847Z  * [new branch]            feat/release-22-command-activity-contracts -> origin/feat/release-22-command-activity-contracts
2026-09-20T05:52:01.4323307Z  * [new branch]            feat/release-22-command-activity-persistence -> origin/feat/release-22-command-activity-persistence
2026-09-20T05:52:01.4323764Z  * [new branch]            feat/release-22-command-activity-privacy -> origin/feat/release-22-command-activity-privacy
2026-09-20T05:52:01.4324227Z  * [new branch]            feat/release-22-command-authorization-security -> origin/feat/release-22-command-authorization-security
2026-09-20T05:52:01.4324648Z  * [new branch]            feat/release-22-command-corpus -> origin/feat/release-22-command-corpus
2026-09-20T05:52:01.4325131Z  * [new branch]            feat/release-22-command-dashboard-client -> origin/feat/release-22-command-dashboard-client
2026-09-20T05:52:01.4325555Z  * [new branch]            feat/release-22-contained-local-writes -> origin/feat/release-22-contained-local-writes
2026-09-20T05:52:01.4325981Z  * [new branch]            feat/release-22-contained-routine-flows -> origin/feat/release-22-contained-routine-flows
2026-09-20T05:52:01.4326406Z  * [new branch]            feat/release-22-contained-routine-proof -> origin/feat/release-22-contained-routine-proof
2026-09-20T05:52:01.4326784Z  * [new branch]            feat/release-22-daemon-final -> origin/feat/release-22-daemon-final
2026-09-20T05:52:01.4327123Z  * [new branch]            feat/release-22-decision-diff -> origin/feat/release-22-decision-diff
2026-09-20T05:52:01.4327472Z  * [new branch]            feat/release-22-decision-plane -> origin/feat/release-22-decision-plane
2026-09-20T05:52:01.4327836Z  * [new branch]            feat/release-22-evidence-routing -> origin/feat/release-22-evidence-routing
2026-09-20T05:52:01.4328248Z  * [new branch]            feat/release-22-github-capability-floors -> origin/feat/release-22-github-capability-floors
2026-09-20T05:52:01.4328698Z  * [new branch]            feat/release-22-github-capability-floors-v2 -> origin/feat/release-22-github-capability-floors-v2
2026-09-20T05:52:01.4329097Z  * [new branch]            feat/release-22-hook-scheduler -> origin/feat/release-22-hook-scheduler
2026-09-20T05:52:01.4329467Z  * [new branch]            feat/release-22-installed-evidence -> origin/feat/release-22-installed-evidence
2026-09-20T05:52:01.4329845Z  * [new branch]            feat/release-22-launch-capability -> origin/feat/release-22-launch-capability
2026-09-20T05:52:01.4330211Z  * [new branch]            feat/release-22-launch-identity -> origin/feat/release-22-launch-identity
2026-09-20T05:52:01.4330717Z  * [new branch]            feat/release-22-safety-guidance -> origin/feat/release-22-safety-guidance
2026-09-20T05:52:01.4331092Z  * [new branch]            feat/release-22-shadow-evaluation -> origin/feat/release-22-shadow-evaluation
2026-09-20T05:52:01.4331484Z  * [new branch]            feat/release-22-supply-chain-fix-all -> origin/feat/release-22-supply-chain-fix-all
2026-09-20T05:52:01.4331880Z  * [new branch]            feat/release-22-trusted-local-tools -> origin/feat/release-22-trusted-local-tools
2026-09-20T05:52:01.4332304Z  * [new branch]            feat/release-3.2-cli-first-class-expansion -> origin/feat/release-3.2-cli-first-class-expansion
2026-09-20T05:52:01.4332747Z  * [new branch]            feat/release-30-cloud-review-v2-contract -> origin/feat/release-30-cloud-review-v2-contract
2026-09-20T05:52:01.4333211Z  * [new branch]            feat/release-30-review-batch-worker-integrated -> origin/feat/release-30-review-batch-worker-integrated
2026-09-20T05:52:01.4333655Z  * [new branch]            feat/release-30-review-event-outbox -> origin/feat/release-30-review-event-outbox
2026-09-20T05:52:01.4334035Z  * [new branch]            feat/release31-lease-operations -> origin/feat/release31-lease-operations
2026-09-20T05:52:01.4334415Z  * [new branch]            feat/release31-observer-conformance -> origin/feat/release31-observer-conformance
2026-09-20T05:52:01.4334825Z  * [new branch]            feat/release31-support-diagnostics -> origin/feat/release31-support-diagnostics
2026-09-20T05:52:01.4335212Z  * [new branch]            feat/release31-user-managed-leases -> origin/feat/release31-user-managed-leases
2026-09-20T05:52:01.4335567Z  * [new branch]            feat/review-unread-requests -> origin/feat/review-unread-requests
2026-09-20T05:52:01.4335944Z  * [new branch]            feat/rust-command-shadow-bridge-final -> origin/feat/rust-command-shadow-bridge-final
2026-09-20T05:52:01.4336380Z  * [new branch]            feat/rust-command-shadow-observation-final -> origin/feat/rust-command-shadow-observation-final
2026-09-20T05:52:01.4336787Z  * [new branch]            feat/rust-hardening-foundation -> origin/feat/rust-hardening-foundation
2026-09-20T05:52:01.4337278Z  * [new branch]            feat/rust-p0-native-core-final-v3 -> origin/feat/rust-p0-native-core-final-v3
2026-09-20T05:52:01.4337649Z  * [new branch]            feat/rust-p0-native-core-final-v4 -> origin/feat/rust-p0-native-core-final-v4
2026-09-20T05:52:01.4338017Z  * [new branch]            feat/rust-p0-native-core-final-v5 -> origin/feat/rust-p0-native-core-final-v5
2026-09-20T05:52:01.4338361Z  * [new branch]            feat/rust-p1-p2-autonomous -> origin/feat/rust-p1-p2-autonomous
2026-09-20T05:52:01.4338686Z  * [new branch]            feat/rust-p1-p2-native-core -> origin/feat/rust-p1-p2-native-core
2026-09-20T05:52:01.4339043Z  * [new branch]            feat/rust-runtime-bundle-identity -> origin/feat/rust-runtime-bundle-identity
2026-09-20T05:52:01.4339414Z  * [new branch]            feat/rust-runtime-command-model -> origin/feat/rust-runtime-command-model
2026-09-20T05:52:01.4339820Z  * [new branch]            feat/rust-runtime-command-shadow-bridge -> origin/feat/rust-runtime-command-shadow-bridge
2026-09-20T05:52:01.4340278Z  * [new branch]            feat/rust-runtime-command-shadow-observation -> origin/feat/rust-runtime-command-shadow-observation
2026-09-20T05:52:01.4340755Z  * [new branch]            feat/rust-runtime-foundation -> origin/feat/rust-runtime-foundation
2026-09-20T05:52:01.4341072Z  * [new branch]            feat/rust-runtime-gates -> origin/feat/rust-runtime-gates
2026-09-20T05:52:01.4341443Z  * [new branch]            feat/rust-runtime-mutation-differential -> origin/feat/rust-runtime-mutation-differential
2026-09-20T05:52:01.4341842Z  * [new branch]            feat/rust-runtime-native-publish -> origin/feat/rust-runtime-native-publish
2026-09-20T05:52:01.4342192Z  * [new branch]            feat/rust-runtime-packaging -> origin/feat/rust-runtime-packaging
2026-09-20T05:52:01.4342597Z  * [new branch]            feat/rust-runtime-publish -> origin/feat/rust-runtime-publish
2026-09-20T05:52:01.4342920Z  * [new branch]            feat/rust-runtime-resident -> origin/feat/rust-runtime-resident
2026-09-20T05:52:01.4343268Z  * [new branch]            feat/rust-runtime-resilience-v2 -> origin/feat/rust-runtime-resilience-v2
2026-09-20T05:52:01.4343629Z  * [new branch]            feat/rust-runtime-rule-contract -> origin/feat/rust-runtime-rule-contract
2026-09-20T05:52:01.4344012Z  * [new branch]            feat/rust-runtime-source-path-parity -> origin/feat/rust-runtime-source-path-parity
2026-09-20T05:52:01.4344448Z  * [new branch]            feat/rust-runtime-source-path-parity-clean -> origin/feat/rust-runtime-source-path-parity-clean
2026-09-20T05:52:01.4344873Z  * [new branch]            feat/rust-runtime-supervision-final -> origin/feat/rust-runtime-supervision-final
2026-09-20T05:52:01.4345308Z  * [new branch]            feat/rust-runtime-supervision-reconciled-v2 -> origin/feat/rust-runtime-supervision-reconciled-v2
2026-09-20T05:52:01.4345747Z  * [new branch]            feat/rust-runtime-supervision-release -> origin/feat/rust-runtime-supervision-release
2026-09-20T05:52:01.4346148Z  * [new branch]            feat/rust-runtime-windows-resident -> origin/feat/rust-runtime-windows-resident
2026-09-20T05:52:01.4346571Z  * [new branch]            feat/rust-safety-kernel-integration-final -> origin/feat/rust-safety-kernel-integration-final
2026-09-20T05:52:01.4347023Z  * [new branch]            feat/rust-safety-kernel-pretool-completion -> origin/feat/rust-safety-kernel-pretool-completion
2026-09-20T05:52:01.4347494Z  * [new branch]            feat/rust-safety-kernel-pretool-completion-v2 -> origin/feat/rust-safety-kernel-pretool-completion-v2
2026-09-20T05:52:01.4347916Z  * [new branch]            feat/rust-windows-resident-final -> origin/feat/rust-windows-resident-final
2026-09-20T05:52:01.4348310Z  * [new branch]            feat/scanner-assurance-rust-hardening -> origin/feat/scanner-assurance-rust-hardening
2026-09-20T05:52:01.4348763Z  * [new branch]            feat/scanner-assurance-rust-hardening-20260816 -> origin/feat/scanner-assurance-rust-hardening-20260816
2026-09-20T05:52:01.4349296Z  * [new branch]            feat/scanner-reliability-foundation-v1 -> origin/feat/scanner-reliability-foundation-v1
2026-09-20T05:52:01.4349701Z  * [new branch]            feat/scsr214-248-local-runtime-proof -> origin/feat/scsr214-248-local-runtime-proof
2026-09-20T05:52:01.4350130Z  * [new branch]            feat/search-messaging-command-extensions-v2 -> origin/feat/search-messaging-command-extensions-v2
2026-09-20T05:52:01.4350617Z  * [new branch]            feat/secrets-v2-contracts -> origin/feat/secrets-v2-contracts
2026-09-20T05:52:01.4350983Z  * [new branch]            feat/secrets-v2-contracts-v3 -> origin/feat/secrets-v2-contracts-v3
2026-09-20T05:52:01.4351371Z  * [new branch]            feat/secrets-v2-evidence-contracts-clean -> origin/feat/secrets-v2-evidence-contracts-clean
2026-09-20T05:52:01.4351842Z  * [new branch]            feat/secrets-v2-evidence-contracts-current-base -> origin/feat/secrets-v2-evidence-contracts-current-base
2026-09-20T05:52:01.4352314Z  * [new branch]            feat/secrets-v2-evidence-contracts-final -> origin/feat/secrets-v2-evidence-contracts-final
2026-09-20T05:52:01.4352761Z  * [new branch]            feat/secrets-v2-evidence-contracts-final-v4 -> origin/feat/secrets-v2-evidence-contracts-final-v4
2026-09-20T05:52:01.4353179Z  * [new branch]            feat/self-protection-contracts-v7 -> origin/feat/self-protection-contracts-v7
2026-09-20T05:52:01.4353567Z  * [new branch]            feat/self-protection-lease-delivery -> origin/feat/self-protection-lease-delivery
2026-09-20T05:52:01.4353956Z  * [new branch]            feat/server-side-source-ref-synth -> origin/feat/server-side-source-ref-synth
2026-09-20T05:52:01.4354294Z  * [new branch]            feat/sidebar-user-menu  -> origin/feat/sidebar-user-menu
2026-09-20T05:52:01.4354716Z  * [new branch]            feat/skill-evidence-capabilities -> origin/feat/skill-evidence-capabilities
2026-09-20T05:52:01.4355089Z  * [new branch]            feat/strands-vended-intervention -> origin/feat/strands-vended-intervention
2026-09-20T05:52:01.4355419Z  * [new branch]            feat/strict-config-tab  -> origin/feat/strict-config-tab
2026-09-20T05:52:01.4355732Z  * [new branch]            feat/subsecond-live-review -> origin/feat/subsecond-live-review
2026-09-20T05:52:01.4356044Z  * [new branch]            feat/test-eval-command  -> origin/feat/test-eval-command
2026-09-20T05:52:01.4356345Z  * [new branch]            feat/user-menu-sidebar-v3 -> origin/feat/user-menu-sidebar-v3
2026-09-20T05:52:01.4356645Z  * [new branch]            feat/w5-runsc-reference -> origin/feat/w5-runsc-reference
2026-09-20T05:52:01.4356953Z  * [new branch]            feat/zcode-harness-adapter -> origin/feat/zcode-harness-adapter
2026-09-20T05:52:01.4357304Z  * [new branch]            feat/zt-p08-device-claim-contract -> origin/feat/zt-p08-device-claim-contract
2026-09-20T05:52:01.4357693Z  * [new branch]            fix-policy-integrity-no-ui-signed -> origin/fix-policy-integrity-no-ui-signed
2026-09-20T05:52:01.4358091Z  * [new branch]            fix-remote-approval-envelope-scope -> origin/fix-remote-approval-envelope-scope
2026-09-20T05:52:01.4358469Z  * [new branch]            fix/3.2-command-review-followup -> origin/fix/3.2-command-review-followup
2026-09-20T05:52:01.4358836Z  * [new branch]            fix/3.2-command-review-followup-v2 -> origin/fix/3.2-command-review-followup-v2
2026-09-20T05:52:01.4359176Z  * [new branch]            fix/about-partners-link -> origin/fix/about-partners-link
2026-09-20T05:52:01.4359542Z  * [new branch]            fix/about-security-and-ui-post-update -> origin/fix/about-security-and-ui-post-update
2026-09-20T05:52:01.4359927Z  * [new branch]            fix/action-envelope-dict-type -> origin/fix/action-envelope-dict-type
2026-09-20T05:52:01.4360277Z  * [new branch]            fix/action-publish-pypi-wait -> origin/fix/action-publish-pypi-wait
2026-09-20T05:52:01.4360794Z  * [new branch]            fix/action-yaml-multiline-python -> origin/fix/action-yaml-multiline-python
2026-09-20T05:52:01.4361264Z  * [new branch]            fix/activate-oauth-cloud-app-url -> origin/fix/activate-oauth-cloud-app-url
2026-09-20T05:52:01.4361595Z  * [new branch]            fix/active-approval-url -> origin/fix/active-approval-url
2026-09-20T05:52:01.4361922Z  * [new branch]            fix/adaptive-shell-navigation -> origin/fix/adaptive-shell-navigation
2026-09-20T05:52:01.4362290Z  * [new branch]            fix/aeo-canonical-answers-20260828 -> origin/fix/aeo-canonical-answers-20260828
2026-09-20T05:52:01.4362655Z  * [new branch]            fix/aeo-license-scope-20260831 -> origin/fix/aeo-license-scope-20260831
2026-09-20T05:52:01.4363070Z  * [new branch]            fix/ai-plugin-scanner-step-summary-findings -> origin/fix/ai-plugin-scanner-step-summary-findings
2026-09-20T05:52:01.4363466Z  * [new branch]            fix/aibom-401-token-refresh -> origin/fix/aibom-401-token-refresh
2026-09-20T05:52:01.4363793Z  * [new branch]            fix/aibom-atomic-snapshots -> origin/fix/aibom-atomic-snapshots
2026-09-20T05:52:01.4364128Z  * [new branch]            fix/aibom-cisco-mcp-evidence -> origin/fix/aibom-cisco-mcp-evidence
2026-09-20T05:52:01.4364479Z  * [new branch]            fix/aibom-content-all-harnesses -> origin/fix/aibom-content-all-harnesses
2026-09-20T05:52:01.4364886Z  * [new branch]            fix/aibom-content-upload-snapshot-binding -> origin/fix/aibom-content-upload-snapshot-binding
2026-09-20T05:52:01.4365270Z  * [new branch]            fix/aibom-full-content-hash -> origin/fix/aibom-full-content-hash
2026-09-20T05:52:01.4365631Z  * [new branch]            fix/aibom-inventory-camelcase-sync -> origin/fix/aibom-inventory-camelcase-sync
2026-09-20T05:52:01.4366023Z  * [new branch]            fix/aibom-openclaw-skill-file-trust -> origin/fix/aibom-openclaw-skill-file-trust
2026-09-20T05:52:01.4366366Z  * [new branch]            fix/aibom-request-limit -> origin/fix/aibom-request-limit
2026-09-20T05:52:01.4366773Z  * [new branch]            fix/aibom-skill-contam-final -> origin/fix/aibom-skill-contam-final
2026-09-20T05:52:01.4367088Z  * [new branch]            fix/aibom-sync-batching -> origin/fix/aibom-sync-batching
2026-09-20T05:52:01.4367390Z  * [new branch]            fix/aibom-sync-hardening -> origin/fix/aibom-sync-hardening
2026-09-20T05:52:01.4367695Z  * [new branch]            fix/aibom-workspace-leak -> origin/fix/aibom-workspace-leak
2026-09-20T05:52:01.4368096Z  * [new branch]            fix/aibom-workspace-skill-cross-contamination -> origin/fix/aibom-workspace-skill-cross-contamination
2026-09-20T05:52:01.4368508Z  * [new branch]            fix/aibom-workspace-skill-v2 -> origin/fix/aibom-workspace-skill-v2
2026-09-20T05:52:01.4368823Z  * [new branch]            fix/alert-consolidation -> origin/fix/alert-consolidation
2026-09-20T05:52:01.4369118Z  * [new branch]            fix/alpha-update-pipx   -> origin/fix/alpha-update-pipx
2026-09-20T05:52:01.4369428Z  * [new branch]            fix/alpha-update-resolver -> origin/fix/alpha-update-resolver
2026-09-20T05:52:01.4369771Z  * [new branch]            fix/apache-2-license-detection -> origin/fix/apache-2-license-detection
2026-09-20T05:52:01.4388989Z  * [new branch]            fix/apache-2-license-release-3 -> origin/fix/apache-2-license-release-3
2026-09-20T05:52:01.4389463Z  * [new branch]            fix/appimage-omp-runtime-owner -> origin/fix/appimage-omp-runtime-owner
2026-09-20T05:52:01.4389803Z  * [new branch]            fix/approval-gate-mfa-ux -> origin/fix/approval-gate-mfa-ux
2026-09-20T05:52:01.4390164Z  * [new branch]            fix/approval-password-progressive -> origin/fix/approval-password-progressive
2026-09-20T05:52:01.4390662Z  * [new branch]            fix/attached-short-options -> origin/fix/attached-short-options
2026-09-20T05:52:01.4391091Z  * [new branch]            fix/audit-progressive-recovery -> origin/fix/audit-progressive-recovery
2026-09-20T05:52:01.4391440Z  * [new branch]            fix/audit-workbench-ux  -> origin/fix/audit-workbench-ux
2026-09-20T05:52:01.4391959Z  * [new branch]            fix/authenticated-approval-pause-url -> origin/fix/authenticated-approval-pause-url
2026-09-20T05:52:01.4392331Z  * [new branch]            fix/browser-scope-bypass -> origin/fix/browser-scope-bypass
2026-09-20T05:52:01.4392683Z  * [new branch]            fix/bun-lock-analysis-resilience -> origin/fix/bun-lock-analysis-resilience
2026-09-20T05:52:01.4393027Z  * [new branch]            fix/bunx-local-test-shim -> origin/fix/bunx-local-test-shim
2026-09-20T05:52:01.4393456Z  * [new branch]            fix/catalog-digest-enforcement-semantics-20260908 -> origin/fix/catalog-digest-enforcement-semantics-20260908
2026-09-20T05:52:01.4393954Z  * [new branch]            fix/catalog-manifest-same-digest-refresh -> origin/fix/catalog-manifest-same-digest-refresh
2026-09-20T05:52:01.4394323Z  * [new branch]            fix/ci-bundle-20260813  -> origin/fix/ci-bundle-20260813
2026-09-20T05:52:01.4394628Z  * [new branch]            fix/ci-cd-release-3-0   -> origin/fix/ci-cd-release-3-0
2026-09-20T05:52:01.4394961Z  * [new branch]            fix/ci-hook-peer-disconnect -> origin/fix/ci-hook-peer-disconnect
2026-09-20T05:52:01.4395349Z  * [new branch]            fix/claude-hook-bridge-loopback-proxy -> origin/fix/claude-hook-bridge-loopback-proxy
2026-09-20T05:52:01.4395800Z  * [new branch]            fix/claude-marketplace-strict-per-plugin -> origin/fix/claude-marketplace-strict-per-plugin
2026-09-20T05:52:01.4396249Z  * [new branch]            fix/claude-mcp-artifact-collision -> origin/fix/claude-mcp-artifact-collision
2026-09-20T05:52:01.4396659Z  * [new branch]            fix/claude-permission-request-visible -> origin/fix/claude-permission-request-visible
2026-09-20T05:52:01.4397049Z  * [new branch]            fix/cleanup-post-release-ci -> origin/fix/cleanup-post-release-ci
2026-09-20T05:52:01.4397426Z  * [new branch]            fix/cli-facade-late-import-isolation -> origin/fix/cli-facade-late-import-isolation
2026-09-20T05:52:01.4397918Z  * [new branch]            fix/cloud-connect-tls-recovery -> origin/fix/cloud-connect-tls-recovery
2026-09-20T05:52:01.4398270Z  * [new branch]            fix/cloud-optional-copy -> origin/fix/cloud-optional-copy
2026-09-20T05:52:01.4398636Z  * [new branch]            fix/cloud-request-snapshot-413 -> origin/fix/cloud-request-snapshot-413
2026-09-20T05:52:01.4399039Z  * [new branch]            fix/cloud-review-current-actionability -> origin/fix/cloud-review-current-actionability
2026-09-20T05:52:01.4399414Z  * [new branch]            fix/cloud-review-e2e-clean -> origin/fix/cloud-review-e2e-clean
2026-09-20T05:52:01.4399766Z  * [new branch]            fix/cloud-review-runtime-recovery -> origin/fix/cloud-review-runtime-recovery
2026-09-20T05:52:01.4400127Z  * [new branch]            fix/cloud-review-state-repair -> origin/fix/cloud-review-state-repair
2026-09-20T05:52:01.4400574Z  * [new branch]            fix/cloud-review-target-routing-id -> origin/fix/cloud-review-target-routing-id
2026-09-20T05:52:01.4400916Z  * [new branch]            fix/cloud-sync-auth     -> origin/fix/cloud-sync-auth
2026-09-20T05:52:01.4401219Z  * [new branch]            fix/codeql-required-check -> origin/fix/codeql-required-check
2026-09-20T05:52:01.4401557Z  * [new branch]            fix/codex-approval-browser-url -> origin/fix/codex-approval-browser-url
2026-09-20T05:52:01.4401889Z  * [new branch]            fix/codex-posttool-reason -> origin/fix/codex-posttool-reason
2026-09-20T05:52:01.4402258Z  * [new branch]            fix/codex-private-group-packaged-hooks -> origin/fix/codex-private-group-packaged-hooks
2026-09-20T05:52:01.4402642Z  * [new branch]            fix/command-coverage-followup -> origin/fix/command-coverage-followup
2026-09-20T05:52:01.4403032Z  * [new branch]            fix/command-display-and-skill-blocking -> origin/fix/command-display-and-skill-blocking
2026-09-20T05:52:01.4403448Z  * [new branch]            fix/command-visibility-secret-review -> origin/fix/command-visibility-secret-review
2026-09-20T05:52:01.4403845Z  * [new branch]            fix/complete-local-request-sync -> origin/fix/complete-local-request-sync
2026-09-20T05:52:01.4404317Z  * [new branch]            fix/connect-guard-cloud-oauth -> origin/fix/connect-guard-cloud-oauth
2026-09-20T05:52:01.4404631Z  * [new branch]            fix/connect-handoff     -> origin/fix/connect-handoff
2026-09-20T05:52:01.4404956Z  * [new branch]            fix/connect-progress-indicators -> origin/fix/connect-progress-indicators
2026-09-20T05:52:01.4405312Z  * [new branch]            fix/connect-rich-progress-bar -> origin/fix/connect-rich-progress-bar
2026-09-20T05:52:01.4405659Z  * [new branch]            fix/consolidate-pause-reason -> origin/fix/consolidate-pause-reason
2026-09-20T05:52:01.4405975Z  * [new branch]            fix/contracts-v2-rebase -> origin/fix/contracts-v2-rebase
2026-09-20T05:52:01.4406305Z  * [new branch]            fix/core-alpha-feed-apple-trust -> origin/fix/core-alpha-feed-apple-trust
2026-09-20T05:52:01.4406691Z  * [new branch]            fix/credential-platform-hardening-v3 -> origin/fix/credential-platform-hardening-v3
2026-09-20T05:52:01.4407119Z  * [new branch]            fix/cursor-aftershell-approval-forgery -> origin/fix/cursor-aftershell-approval-forgery
2026-09-20T05:52:01.4407508Z  * [new branch]            fix/cursor-hook-daemon-spoofing -> origin/fix/cursor-hook-daemon-spoofing
2026-09-20T05:52:01.4407875Z  * [new branch]            fix/cursor-hook-isolated-launcher -> origin/fix/cursor-hook-isolated-launcher
2026-09-20T05:52:01.4408238Z  * [new branch]            fix/cursor-native-inbox-accept -> origin/fix/cursor-native-inbox-accept
2026-09-20T05:52:01.4408602Z  * [new branch]            fix/cursor-shell-binding-fallback -> origin/fix/cursor-shell-binding-fallback
2026-09-20T05:52:01.4409000Z  * [new branch]            fix/cursor-shell-heuristics-overprompt -> origin/fix/cursor-shell-heuristics-overprompt
2026-09-20T05:52:01.4409467Z  * [new branch]            fix/daemon-aibom-home-refresh -> origin/fix/daemon-aibom-home-refresh
2026-09-20T05:52:01.4409827Z  * [new branch]            fix/daemon-auth-lifecycle-races -> origin/fix/daemon-auth-lifecycle-races
2026-09-20T05:52:01.4410191Z  * [new branch]            fix/daemon-auth-recovery-thrash -> origin/fix/daemon-auth-recovery-thrash
2026-09-20T05:52:01.4410677Z  * [new branch]            fix/daemon-background-scan-cpu -> origin/fix/daemon-background-scan-cpu
2026-09-20T05:52:01.4411009Z  * [new branch]            fix/daemon-cli-liveness -> origin/fix/daemon-cli-liveness
2026-09-20T05:52:01.4411336Z  * [new branch]            fix/daemon-csp-https-avatars -> origin/fix/daemon-csp-https-avatars
2026-09-20T05:52:01.4411658Z  * [new branch]            fix/daemon-edge-cases   -> origin/fix/daemon-edge-cases
2026-09-20T05:52:01.4411980Z  * [new branch]            fix/daemon-ipc-exposure-order -> origin/fix/daemon-ipc-exposure-order
2026-09-20T05:52:01.4412308Z  * [new branch]            fix/daemon-server-format -> origin/fix/daemon-server-format
2026-09-20T05:52:01.4412677Z  * [new branch]            fix/dashboard-approval-hook-responses -> origin/fix/dashboard-approval-hook-responses
2026-09-20T05:52:01.4413082Z  * [new branch]            fix/dashboard-compound-risk-dedupe -> origin/fix/dashboard-compound-risk-dedupe
2026-09-20T05:52:01.4413491Z  * [new branch]            fix/dashboard-connect-authorize-window -> origin/fix/dashboard-connect-authorize-window
2026-09-20T05:52:01.4413885Z  * [new branch]            fix/dashboard-responsive-layout -> origin/fix/dashboard-responsive-layout
2026-09-20T05:52:01.4414269Z  * [new branch]            fix/dashboard-settings-appview-build -> origin/fix/dashboard-settings-appview-build
2026-09-20T05:52:01.4414694Z  * [new branch]            fix/defer-extension-control-enforcement -> origin/fix/defer-extension-control-enforcement
2026-09-20T05:52:01.4415120Z  * [new branch]            fix/desktop-bootstrap-skip-cli-parser -> origin/fix/desktop-bootstrap-skip-cli-parser
2026-09-20T05:52:01.4415549Z  * [new branch]            fix/desktop-bootstrap-skip-harness-scan -> origin/fix/desktop-bootstrap-skip-harness-scan
2026-09-20T05:52:01.4415995Z  * [new branch]            fix/desktop-build-ci-cd -> origin/fix/desktop-build-ci-cd
2026-09-20T05:52:01.4416325Z  * [new branch]            fix/desktop-build-ci-cd-backup -> origin/fix/desktop-build-ci-cd-backup
2026-09-20T05:52:01.4416673Z  * [new branch]            fix/desktop-build-ci-cd-final -> origin/fix/desktop-build-ci-cd-final
2026-09-20T05:52:01.4417005Z  * [new branch]            fix/desktop-build-ci-cd-pr -> origin/fix/desktop-build-ci-cd-pr
2026-09-20T05:52:01.4417342Z  * [new branch]            fix/desktop-build-ci-cd-review -> origin/fix/desktop-build-ci-cd-review
2026-09-20T05:52:01.4417695Z  * [new branch]            fix/desktop-canonical-dashboard -> origin/fix/desktop-canonical-dashboard
2026-09-20T05:52:01.4418065Z  * [new branch]            fix/desktop-core-cert-extraction -> origin/fix/desktop-core-cert-extraction
2026-09-20T05:52:01.4418475Z  * [new branch]            fix/desktop-core-cli-notarization-check -> origin/fix/desktop-core-cli-notarization-check
2026-09-20T05:52:01.4418905Z  * [new branch]            fix/desktop-core-dashboard-cli-update -> origin/fix/desktop-core-dashboard-cli-update
2026-09-20T05:52:01.4419316Z  * [new branch]            fix/desktop-core-feed-apple-trust-3-0 -> origin/fix/desktop-core-feed-apple-trust-3-0
2026-09-20T05:52:01.4419714Z  * [new branch]            fix/desktop-core-feed-arm64-wheel -> origin/fix/desktop-core-feed-arm64-wheel
2026-09-20T05:52:01.4420093Z  * [new branch]            fix/desktop-core-feed-macos-bash3 -> origin/fix/desktop-core-feed-macos-bash3
2026-09-20T05:52:01.4420489Z  * [new branch]            fix/desktop-core-feed-signing-identity -> origin/fix/desktop-core-feed-signing-identity
2026-09-20T05:52:01.4420986Z  * [new branch]            fix/desktop-core-native-macho-headers -> origin/fix/desktop-core-native-macho-headers
2026-09-20T05:52:01.4421471Z  * [new branch]            fix/desktop-core-native-manifest-seal -> origin/fix/desktop-core-native-manifest-seal
2026-09-20T05:52:01.4421875Z  * [new branch]            fix/desktop-core-native-outer-sign -> origin/fix/desktop-core-native-outer-sign
2026-09-20T05:52:01.4422278Z  * [new branch]            fix/desktop-core-pyinstaller-signing -> origin/fix/desktop-core-pyinstaller-signing
2026-09-20T05:52:01.4422727Z  * [new branch]            fix/desktop-core-pyinstaller-signing-release-3 -> origin/fix/desktop-core-pyinstaller-signing-release-3
2026-09-20T05:52:01.4423141Z  * [new branch]            fix/desktop-daemon-lifecycle -> origin/fix/desktop-daemon-lifecycle
2026-09-20T05:52:01.4423501Z  * [new branch]            fix/desktop-managed-repair-limbo -> origin/fix/desktop-managed-repair-limbo
2026-09-20T05:52:01.4423876Z  * [new branch]            fix/desktop-managed-version-status -> origin/fix/desktop-managed-version-status
2026-09-20T05:52:01.4424280Z  * [new branch]            fix/desktop-repair-review-projection -> origin/fix/desktop-repair-review-projection
2026-09-20T05:52:01.4424672Z  * [new branch]            fix/desktop-shim-runtime-origin -> origin/fix/desktop-shim-runtime-origin
2026-09-20T05:52:01.4425034Z  * [new branch]            fix/detached-worktree-creation -> origin/fix/detached-worktree-creation
2026-09-20T05:52:01.4425420Z  * [new branch]            fix/deterministic-extension-authoring -> origin/fix/deterministic-extension-authoring
2026-09-20T05:52:01.4425834Z  * [new branch]            fix/devcontainer-ci-python-injection -> origin/fix/devcontainer-ci-python-injection
2026-09-20T05:52:01.4426211Z  * [new branch]            fix/device-code-install-output -> origin/fix/device-code-install-output
2026-09-20T05:52:01.4426601Z  * [new branch]            fix/docker-kubernetes-command-coverage -> origin/fix/docker-kubernetes-command-coverage
2026-09-20T05:52:01.4426988Z  * [new branch]            fix/docker-test-runtime-fixes -> origin/fix/docker-test-runtime-fixes
2026-09-20T05:52:01.4427315Z  * [new branch]            fix/doctor-codex-routing -> origin/fix/doctor-codex-routing
2026-09-20T05:52:01.4427740Z  * [new branch]            fix/dpop-replay-on-timeout-retry -> origin/fix/dpop-replay-on-timeout-retry
2026-09-20T05:52:01.4428093Z  * [new branch]            fix/dsh-native-ecosystem-2501 -> origin/fix/dsh-native-ecosystem-2501
2026-09-20T05:52:01.4428422Z  * [new branch]            fix/dsh-patch-only-bundles -> origin/fix/dsh-patch-only-bundles
2026-09-20T05:52:01.4428732Z  * [new branch]            fix/dsh-scanner-support -> origin/fix/dsh-scanner-support
2026-09-20T05:52:01.4429095Z  * [new branch]            fix/durable-approval-scope-visibility -> origin/fix/durable-approval-scope-visibility
2026-09-20T05:52:01.4429518Z  * [new branch]            fix/e2e-test-guard-preflight-fallback -> origin/fix/e2e-test-guard-preflight-fallback
2026-09-20T05:52:01.4429919Z  * [new branch]            fix/emergency-denylist-enforcement -> origin/fix/emergency-denylist-enforcement
2026-09-20T05:52:01.4430319Z  * [new branch]            fix/emit-foreign-shim-bypass-reason -> origin/fix/emit-foreign-shim-bypass-reason
2026-09-20T05:52:01.4430824Z  * [new branch]            fix/everyday-mode-live-release-3.2-20260908 -> origin/fix/everyday-mode-live-release-3.2-20260908
2026-09-20T05:52:01.4431262Z  * [new branch]            fix/everyday-mode-live-wiring-20260908 -> origin/fix/everyday-mode-live-wiring-20260908
2026-09-20T05:52:01.4431692Z  * [new branch]            fix/everyday-mode-release-3.2-completion -> origin/fix/everyday-mode-release-3.2-completion
2026-09-20T05:52:01.4432090Z  * [new branch]            fix/everyday-r32-runtime-20260907 -> origin/fix/everyday-r32-runtime-20260907
2026-09-20T05:52:01.4432445Z  * [new branch]            fix/evidence-decision-linking -> origin/fix/evidence-decision-linking
2026-09-20T05:52:01.4432767Z  * [new branch]            fix/evidence-screen-ux  -> origin/fix/evidence-screen-ux
2026-09-20T05:52:01.4433073Z  * [new branch]            fix/evidence-total-count -> origin/fix/evidence-total-count
2026-09-20T05:52:01.4433536Z  * [new branch]            fix/extension-control-authority-stability -> origin/fix/extension-control-authority-stability
2026-09-20T05:52:01.4433984Z  * [new branch]            fix/extension-publisher-claim-authority -> origin/fix/extension-publisher-claim-authority
2026-09-20T05:52:01.4434365Z  * [new branch]            fix/extensions-landing-copy -> origin/fix/extensions-landing-copy
2026-09-20T05:52:01.4434719Z  * [new branch]            fix/extensions-removechild -> origin/fix/extensions-removechild
2026-09-20T05:52:01.4435096Z  * [new branch]            fix/foreign-package-shim-path-bypass -> origin/fix/foreign-package-shim-path-bypass
2026-09-20T05:52:01.4435462Z  * [new branch]            fix/frozen-cli-hook-bridge -> origin/fix/frozen-cli-hook-bridge
2026-09-20T05:52:01.4435837Z  * [new branch]            fix/frozen-codex-health-acked-snapshot -> origin/fix/frozen-codex-health-acked-snapshot
2026-09-20T05:52:01.4436226Z  * [new branch]            fix/frozen-daemon-owner-parent -> origin/fix/frozen-daemon-owner-parent
2026-09-20T05:52:01.4436613Z  * [new branch]            fix/frozen-daemon-parent-path-spaces -> origin/fix/frozen-daemon-parent-path-spaces
2026-09-20T05:52:01.4436984Z  * [new branch]            fix/frozen-spawn-pid-match -> origin/fix/frozen-spawn-pid-match
2026-09-20T05:52:01.4437325Z  * [new branch]            fix/frozen-windows-daemon-gate -> origin/fix/frozen-windows-daemon-gate
2026-09-20T05:52:01.4437713Z  * [new branch]            fix/gh-pr-merge-delete-branch-false -> origin/fix/gh-pr-merge-delete-branch-false
2026-09-20T05:52:01.4438059Z  * [new branch]            fix/git-c-home-fetch    -> origin/fix/git-c-home-fetch
2026-09-20T05:52:01.4438401Z  * [new branch]            fix/global-package-install-context -> origin/fix/global-package-install-context
2026-09-20T05:52:01.4438805Z  * [new branch]            fix/global-package-install-context-v2 -> origin/fix/global-package-install-context-v2
2026-09-20T05:52:01.4439197Z  * [new branch]            fix/gpre-026-synced-graph-rules -> origin/fix/gpre-026-synced-graph-rules
2026-09-20T05:52:01.4439655Z  * [new branch]            fix/grep-operand-bypass -> origin/fix/grep-operand-bypass
2026-09-20T05:52:01.4439964Z  * [new branch]            fix/grok-compat-hook-crash -> origin/fix/grok-compat-hook-crash
2026-09-20T05:52:01.4440268Z  * [new branch]            fix/grok-hook-runtime   -> origin/fix/grok-hook-runtime
2026-09-20T05:52:01.4440758Z  * [new branch]            fix/grok-mcp-env-reapproval -> origin/fix/grok-mcp-env-reapproval
2026-09-20T05:52:01.4441111Z  * [new branch]            fix/grok-observe-empty-failsafe -> origin/fix/grok-observe-empty-failsafe
2026-09-20T05:52:01.4441465Z  * [new branch]            fix/grok-prompt-native-success -> origin/fix/grok-prompt-native-success
2026-09-20T05:52:01.4441799Z  * [new branch]            fix/grok-prompt-submission -> origin/fix/grok-prompt-submission
2026-09-20T05:52:01.4442128Z  * [new branch]            fix/guard-app-update-command -> origin/fix/guard-app-update-command
2026-09-20T05:52:01.4442493Z  * [new branch]            fix/guard-connect-state-normalize -> origin/fix/guard-connect-state-normalize
2026-09-20T05:52:01.4442847Z  * [new branch]            fix/guard-daemon-reuse-auth -> origin/fix/guard-daemon-reuse-auth
2026-09-20T05:52:01.4443195Z  * [new branch]            fix/guard-daemon-shim-test-audit -> origin/fix/guard-daemon-shim-test-audit
2026-09-20T05:52:01.4443575Z  * [new branch]            fix/guard-evidence-schema-migration -> origin/fix/guard-evidence-schema-migration
2026-09-20T05:52:01.4443945Z  * [new branch]            fix/guard-insights-share-auth -> origin/fix/guard-insights-share-auth
2026-09-20T05:52:01.4444280Z  * [new branch]            fix/guard-insights-share-p0 -> origin/fix/guard-insights-share-p0
2026-09-20T05:52:01.4444629Z  * [new branch]            fix/guard-keychain-popup-probes -> origin/fix/guard-keychain-popup-probes
2026-09-20T05:52:01.4445041Z  * [new branch]            fix/guard-live-cloud-state-and-supply-data -> origin/fix/guard-live-cloud-state-and-supply-data
2026-09-20T05:52:01.4445520Z  * [new branch]            fix/guard-live-supply-chain -> origin/fix/guard-live-supply-chain
2026-09-20T05:52:01.4445890Z  * [new branch]            fix/guard-local-protection-hotfixes -> origin/fix/guard-local-protection-hotfixes
2026-09-20T05:52:01.4446294Z  * [new branch]            fix/guard-managed-installs-validation -> origin/fix/guard-managed-installs-validation
2026-09-20T05:52:01.4446675Z  * [new branch]            fix/guard-mcp-policy-authoring -> origin/fix/guard-mcp-policy-authoring
2026-09-20T05:52:01.4447024Z  * [new branch]            fix/guard-missing-keyring-dep -> origin/fix/guard-missing-keyring-dep
2026-09-20T05:52:01.4447413Z  * [new branch]            fix/guard-oauth-disconnect-self-revoke -> origin/fix/guard-oauth-disconnect-self-revoke
2026-09-20T05:52:01.4447799Z  * [new branch]            fix/guard-oauth-fallback-store -> origin/fix/guard-oauth-fallback-store
2026-09-20T05:52:01.4448153Z  * [new branch]            fix/guard-oauth-keychain-quiet -> origin/fix/guard-oauth-keychain-quiet
2026-09-20T05:52:01.4448501Z  * [new branch]            fix/guard-oauth-keychain-spam -> origin/fix/guard-oauth-keychain-spam
2026-09-20T05:52:01.4448871Z  * [new branch]            fix/guard-oauth-storage-auto-repair -> origin/fix/guard-oauth-storage-auto-repair
2026-09-20T05:52:01.4449247Z  * [new branch]            fix/guard-oauth-storage-repair -> origin/fix/guard-oauth-storage-repair
2026-09-20T05:52:01.4449614Z  * [new branch]            fix/guard-pip-dependency-conflict -> origin/fix/guard-pip-dependency-conflict
2026-09-20T05:52:01.4450016Z  * [new branch]            fix/guard-raw-command-text-in-approval -> origin/fix/guard-raw-command-text-in-approval
2026-09-20T05:52:01.4450440Z  * [new branch]            fix/guard-review-command-queue-recovery -> origin/fix/guard-review-command-queue-recovery
2026-09-20T05:52:01.4450965Z  * [new branch]            fix/guard-settings-write-proof -> origin/fix/guard-settings-write-proof
2026-09-20T05:52:01.4451302Z  * [new branch]            fix/guard-sync-data-loss -> origin/fix/guard-sync-data-loss
2026-09-20T05:52:01.4451696Z  * [new branch]            fix/guard-sync-rate-limit -> origin/fix/guard-sync-rate-limit
2026-09-20T05:52:01.4452059Z  * [new branch]            fix/guard-sync-workspace-plan-client -> origin/fix/guard-sync-workspace-plan-client
2026-09-20T05:52:01.4452459Z  * [new branch]            fix/guard-transparent-wrapper-trust -> origin/fix/guard-transparent-wrapper-trust
2026-09-20T05:52:01.4452836Z  * [new branch]            fix/guard-update-button-persist -> origin/fix/guard-update-button-persist
2026-09-20T05:52:01.4453201Z  * [new branch]            fix/guard-wrapper-trust-default -> origin/fix/guard-wrapper-trust-default
2026-09-20T05:52:01.4453564Z  * [new branch]            fix/guard-wrapper-trust-followup -> origin/fix/guard-wrapper-trust-followup
2026-09-20T05:52:01.4453948Z  * [new branch]            fix/hardcoded-secret-interpolations -> origin/fix/hardcoded-secret-interpolations
2026-09-20T05:52:01.4454343Z  * [new branch]            fix/hermes-host-home-autodiscovery -> origin/fix/hermes-host-home-autodiscovery
2026-09-20T05:52:01.4454718Z  * [new branch]            fix/hermes-host-home-detection -> origin/fix/hermes-host-home-detection
2026-09-20T05:52:01.4455086Z  * [new branch]            fix/hermes-large-snapshot-chunking -> origin/fix/hermes-large-snapshot-chunking
2026-09-20T05:52:01.4455462Z  * [new branch]            fix/hermes-primary-cloud-content -> origin/fix/hermes-primary-cloud-content
2026-09-20T05:52:01.4455814Z  * [new branch]            fix/hermes-saved-policy-2675 -> origin/fix/hermes-saved-policy-2675
2026-09-20T05:52:01.4456167Z  * [new branch]            fix/home-guard-stats-card-polish -> origin/fix/home-guard-stats-card-polish
2026-09-20T05:52:01.4456516Z  * [new branch]            fix/home-stats-card-rollup -> origin/fix/home-stats-card-rollup
2026-09-20T05:52:01.4456844Z  * [new branch]            fix/home-stats-unified-card -> origin/fix/home-stats-unified-card
2026-09-20T05:52:01.4457264Z  * [new branch]            fix/hook-stability-and-repair -> origin/fix/hook-stability-and-repair
2026-09-20T05:52:01.4457646Z  * [new branch]            fix/hotfix-execution-context-hash -> origin/fix/hotfix-execution-context-hash
2026-09-20T05:52:01.4458033Z  * [new branch]            fix/incident-enrollment-guidance -> origin/fix/incident-enrollment-guidance
2026-09-20T05:52:01.4458399Z  * [new branch]            fix/init-no-root-token-bootstrap -> origin/fix/init-no-root-token-bootstrap
2026-09-20T05:52:01.4458731Z  * [new branch]            fix/insights-bento-trust -> origin/fix/insights-bento-trust
2026-09-20T05:52:01.4459031Z  * [new branch]            fix/install-lock-retry  -> origin/fix/install-lock-retry
2026-09-20T05:52:01.4459346Z  * [new branch]            fix/linux-enrollment-update -> origin/fix/linux-enrollment-update
2026-09-20T05:52:01.4459684Z  * [new branch]            fix/linux-pipx-update-pep668 -> origin/fix/linux-pipx-update-pep668
2026-09-20T05:52:01.4460047Z  * [new branch]            fix/live-request-command-details -> origin/fix/live-request-command-details
2026-09-20T05:52:01.4460375Z  * [new branch]            fix/live-request-sync   -> origin/fix/live-request-sync
2026-09-20T05:52:01.4460754Z  * [new branch]            fix/live-review-auth-context -> origin/fix/live-review-auth-context
2026-09-20T05:52:01.4461093Z  * [new branch]            fix/live-reviews-never-expire -> origin/fix/live-reviews-never-expire
2026-09-20T05:52:01.4461410Z  * [new branch]            fix/live-sync-endpoint  -> origin/fix/live-sync-endpoint
2026-09-20T05:52:01.4461727Z  * [new branch]            fix/live-sync-payload-limits -> origin/fix/live-sync-payload-limits
2026-09-20T05:52:01.4462054Z  * [new branch]            fix/live-sync-waf-envelope -> origin/fix/live-sync-waf-envelope
2026-09-20T05:52:01.4462414Z  * [new branch]            fix/local-approval-warning-copy-pr -> origin/fix/local-approval-warning-copy-pr
2026-09-20T05:52:01.4462764Z  * [new branch]            fix/local-trust-contract -> origin/fix/local-trust-contract
2026-09-20T05:52:01.4463163Z  * [new branch]            fix/local-wheel-update-flow -> origin/fix/local-wheel-update-flow
2026-09-20T05:52:01.4463496Z  * [new branch]            fix/low-risk-read-approvals -> origin/fix/low-risk-read-approvals
2026-09-20T05:52:01.4463805Z  * [new branch]            fix/macos-connect-open  -> origin/fix/macos-connect-open
2026-09-20T05:52:01.4464169Z  * [new branch]            fix/macos-frozen-daemon-reexec-current -> origin/fix/macos-frozen-daemon-reexec-current
2026-09-20T05:52:01.4464565Z  * [new branch]            fix/macos-frozen-daemon-reexec-v2 -> origin/fix/macos-frozen-daemon-reexec-v2
2026-09-20T05:52:01.4464930Z  * [new branch]            fix/macos-frozen-daemon-signing -> origin/fix/macos-frozen-daemon-signing
2026-09-20T05:52:01.4465327Z  * [new branch]            fix/main-background-keychain-isolation -> origin/fix/main-background-keychain-isolation
2026-09-20T05:52:01.4465707Z  * [new branch]            fix/main-cloud-sync-recovery -> origin/fix/main-cloud-sync-recovery
2026-09-20T05:52:01.4466092Z  * [new branch]            fix/main-cursor-control-plane-recovery -> origin/fix/main-cursor-control-plane-recovery
2026-09-20T05:52:01.4466481Z  * [new branch]            fix/main-daemon-hook-resilience -> origin/fix/main-daemon-hook-resilience
2026-09-20T05:52:01.4466859Z  * [new branch]            fix/main-daemon-resilience-finalize -> origin/fix/main-daemon-resilience-finalize
2026-09-20T05:52:01.4467250Z  * [new branch]            fix/main-daemon-resilience-followup -> origin/fix/main-daemon-resilience-followup
2026-09-20T05:52:01.4467611Z  * [new branch]            fix/main-daemon-trust-cache -> origin/fix/main-daemon-trust-cache
2026-09-20T05:52:01.4467984Z  * [new branch]            fix/main-frozen-hook-bridge-hardening -> origin/fix/main-frozen-hook-bridge-hardening
2026-09-20T05:52:01.4468377Z  * [new branch]            fix/main-keychain-daemon-liveness -> origin/fix/main-keychain-daemon-liveness
2026-09-20T05:52:01.4468854Z  * [new branch]            fix/main-native-extension-enforcement -> origin/fix/main-native-extension-enforcement
2026-09-20T05:52:01.4469207Z  * [new branch]            fix/main-native-release -> origin/fix/main-native-release
2026-09-20T05:52:01.4469533Z  * [new branch]            fix/main-omp-install-lifecycle -> origin/fix/main-omp-install-lifecycle
2026-09-20T05:52:01.4469895Z  * [new branch]            fix/main-pr-body-shell-validation -> origin/fix/main-pr-body-shell-validation
2026-09-20T05:52:01.4470239Z  * [new branch]            fix/main-pr-create-routine -> origin/fix/main-pr-create-routine
2026-09-20T05:52:01.4470695Z  * [new branch]            fix/main-protection-repair-connected-app -> origin/fix/main-protection-repair-connected-app
2026-09-20T05:52:01.4471095Z  * [new branch]            fix/main-restore-hook-fast-path -> origin/fix/main-restore-hook-fast-path
2026-09-20T05:52:01.4471418Z  * [new branch]            fix/main-stable-release -> origin/fix/main-stable-release
2026-09-20T05:52:01.4471752Z  * [new branch]            fix/main-stale-daemon-hardening -> origin/fix/main-stale-daemon-hardening
2026-09-20T05:52:01.4472152Z  * [new branch]            fix/managed-controls-catalog-projection -> origin/fix/managed-controls-catalog-projection
2026-09-20T05:52:01.4472574Z  * [new branch]            fix/managed-service-help-redirection -> origin/fix/managed-service-help-redirection
2026-09-20T05:52:01.4472963Z  * [new branch]            fix/manual-desktop-core-feed-wake -> origin/fix/manual-desktop-core-feed-wake
2026-09-20T05:52:01.4473351Z  * [new branch]            fix/manual-release-3-1-reconcile-wake -> origin/fix/manual-release-3-1-reconcile-wake
2026-09-20T05:52:01.4473696Z  * [new branch]            fix/mark-unread-squish  -> origin/fix/mark-unread-squish
2026-09-20T05:52:01.4474021Z  * [new branch]            fix/mcp-exact-action-approval -> origin/fix/mcp-exact-action-approval
2026-09-20T05:52:01.4474383Z  * [new branch]            fix/mcp-fastmcp-annotation-scope -> origin/fix/mcp-fastmcp-annotation-scope
2026-09-20T05:52:01.4474713Z  * [new branch]            fix/mcp-receipt-search  -> origin/fix/mcp-receipt-search
2026-09-20T05:52:01.4475131Z  * [new branch]            fix/mcp-standalone-launch-command -> origin/fix/mcp-standalone-launch-command
2026-09-20T05:52:01.4475519Z  * [new branch]            fix/mcp-standalone-launch-command-v2 -> origin/fix/mcp-standalone-launch-command-v2
2026-09-20T05:52:01.4475898Z  * [new branch]            fix/mcp-tool-call-command-text -> origin/fix/mcp-tool-call-command-text
2026-09-20T05:52:01.4476212Z  * [new branch]            fix/mcp-tool-listing    -> origin/fix/mcp-tool-listing
2026-09-20T05:52:01.4476508Z  * [new branch]            fix/mdm-cloud-lab-nonroot -> origin/fix/mdm-cloud-lab-nonroot
2026-09-20T05:52:01.4476817Z  * [new branch]            fix/mdm-pinned-powershell -> origin/fix/mdm-pinned-powershell
2026-09-20T05:52:01.4477166Z  * [new branch]            fix/mdm-r005-enterprise-networking -> origin/fix/mdm-r005-enterprise-networking
2026-09-20T05:52:01.4477546Z  * [new branch]            fix/memory-event-receipt-lineage -> origin/fix/memory-event-receipt-lineage
2026-09-20T05:52:01.4477930Z  * [new branch]            fix/memory-machine-installation-id -> origin/fix/memory-machine-installation-id
2026-09-20T05:52:01.4478293Z  * [new branch]            fix/merge-approval-replay-ux -> origin/fix/merge-approval-replay-ux
2026-09-20T05:52:01.4478674Z  * [new branch]            fix/native-approval-caller-validation -> origin/fix/native-approval-caller-validation
2026-09-20T05:52:01.4479086Z  * [new branch]            fix/native-approval-envelope-binding -> origin/fix/native-approval-envelope-binding
2026-09-20T05:52:01.4479471Z  * [new branch]            fix/native-client-invalid-input -> origin/fix/native-client-invalid-input
2026-09-20T05:52:01.4479860Z  * [new branch]            fix/native-command-expression-consumer -> origin/fix/native-command-expression-consumer
2026-09-20T05:52:01.4480411Z  * [new branch]            fix/native-command-expression-resident-validation -> origin/fix/native-command-expression-resident-validation
2026-09-20T05:52:01.4480941Z  * [new branch]            fix/native-command-expression-source -> origin/fix/native-command-expression-source
2026-09-20T05:52:01.4481349Z  * [new branch]            fix/native-expression-sync-admission -> origin/fix/native-expression-sync-admission
2026-09-20T05:52:01.4481794Z  * [new branch]            fix/native-expression-sync-resident-validation -> origin/fix/native-expression-sync-resident-validation
2026-09-20T05:52:01.4482235Z  * [new branch]            fix/native-managed-command-consumer -> origin/fix/native-managed-command-consumer
2026-09-20T05:52:01.4482640Z  * [new branch]            fix/native-managed-resident-validation -> origin/fix/native-managed-resident-validation
2026-09-20T05:52:01.4483051Z  * [new branch]            fix/native-managed-source-validation -> origin/fix/native-managed-source-validation
2026-09-20T05:52:01.4483463Z  * [new branch]            fix/native-policy-control-plane-union -> origin/fix/native-policy-control-plane-union
2026-09-20T05:52:01.4483884Z  * [new branch]            fix/native-policy-generation-monotonic -> origin/fix/native-policy-generation-monotonic
2026-09-20T05:52:01.4484271Z  * [new branch]            fix/native-policy-source-union -> origin/fix/native-policy-source-union
2026-09-20T05:52:01.4484667Z  * [new branch]            fix/native-review-approval-coordination -> origin/fix/native-review-approval-coordination
2026-09-20T05:52:01.4485084Z  * [new branch]            fix/native-runtime-process-lifecycle -> origin/fix/native-runtime-process-lifecycle
2026-09-20T05:52:01.4485495Z  * [new branch]            fix/native-sensitive-origin-validation -> origin/fix/native-sensitive-origin-validation
2026-09-20T05:52:01.4485897Z  * [new branch]            fix/native-sensitive-read-identity -> origin/fix/native-sensitive-read-identity
2026-09-20T05:52:01.4486274Z  * [new branch]            fix/native-slo-rss-load-baseline -> origin/fix/native-slo-rss-load-baseline
2026-09-20T05:52:01.4486619Z  * [new branch]            fix/native-wheel-ci-flakes -> origin/fix/native-wheel-ci-flakes
2026-09-20T05:52:01.4487101Z  * [new branch]            fix/network-isolation-dockerlabs-rem-121-139 -> origin/fix/network-isolation-dockerlabs-rem-121-139
2026-09-20T05:52:01.4487570Z  * [new branch]            fix/network-isolation-remediation-rem121-139 -> origin/fix/network-isolation-remediation-rem121-139
2026-09-20T05:52:01.4487996Z  * [new branch]            fix/npx-memory-impact-explanation -> origin/fix/npx-memory-impact-explanation
2026-09-20T05:52:01.4488379Z  * [new branch]            fix/npx-package-typescript-bypass -> origin/fix/npx-package-typescript-bypass
2026-09-20T05:52:01.4488756Z  * [new branch]            fix/oauth-connect-metadata-repair -> origin/fix/oauth-connect-metadata-repair
2026-09-20T05:52:01.4489164Z  * [new branch]            fix/observe-lifecycle-native-unavailable -> origin/fix/observe-lifecycle-native-unavailable
2026-09-20T05:52:01.4489641Z  * [new branch]            fix/observe-sourced-scripts-in-compound-commands -> origin/fix/observe-sourced-scripts-in-compound-commands
2026-09-20T05:52:01.4490096Z  * [new branch]            fix/omp-approval-dashboard-recovery -> origin/fix/omp-approval-dashboard-recovery
2026-09-20T05:52:01.4490460Z  * [new branch]            fix/omp-native-hook-decision -> origin/fix/omp-native-hook-decision
2026-09-20T05:52:01.4491019Z  * [new branch]            fix/omp-posttool-deadline-fallback -> origin/fix/omp-posttool-deadline-fallback
2026-09-20T05:52:01.4491405Z  * [new branch]            fix/opencode-stale-pretool-python -> origin/fix/opencode-stale-pretool-python
2026-09-20T05:52:01.4491771Z  * [new branch]            fix/overlay-synced-graph-rules -> origin/fix/overlay-synced-graph-rules
2026-09-20T05:52:01.4492126Z  * [new branch]            fix/p0-command-bypass-coverage -> origin/fix/p0-command-bypass-coverage
2026-09-20T05:52:01.4492478Z  * [new branch]            fix/p0-command-bypass-followup -> origin/fix/p0-command-bypass-followup
2026-09-20T05:52:01.4492916Z  * [new branch]            fix/p0-global-option-followup -> origin/fix/p0-global-option-followup
2026-09-20T05:52:01.4493257Z  * [new branch]            fix/p0-global-option-parsing -> origin/fix/p0-global-option-parsing
2026-09-20T05:52:01.4493594Z  * [new branch]            fix/p0-safe-variant-followup -> origin/fix/p0-safe-variant-followup
2026-09-20T05:52:01.4493935Z  * [new branch]            fix/p0-safe-variant-semantics -> origin/fix/p0-safe-variant-semantics
2026-09-20T05:52:01.4494329Z  * [new branch]            fix/package-artifact-approval-stability -> origin/fix/package-artifact-approval-stability
2026-09-20T05:52:01.4494731Z  * [new branch]            fix/package-exact-approval-reuse -> origin/fix/package-exact-approval-reuse
2026-09-20T05:52:01.4495123Z  * [new branch]            fix/package-firewall-connect-endpoint -> origin/fix/package-firewall-connect-endpoint
2026-09-20T05:52:01.4495495Z  * [new branch]            fix/package-harness-origin -> origin/fix/package-harness-origin
2026-09-20T05:52:01.4495855Z  * [new branch]            fix/package-policy-stale-row-allow -> origin/fix/package-policy-stale-row-allow
2026-09-20T05:52:01.4496230Z  * [new branch]            fix/package-shim-store-lock-main -> origin/fix/package-shim-store-lock-main
2026-09-20T05:52:01.4496559Z  * [new branch]            fix/paseo-adapter-main  -> origin/fix/paseo-adapter-main
2026-09-20T05:52:01.4496896Z  * [new branch]            fix/payload-hash-prefix-tolerance -> origin/fix/payload-hash-prefix-tolerance
2026-09-20T05:52:01.4497266Z  * [new branch]            fix/persist-approval-contract -> origin/fix/persist-approval-contract
2026-09-20T05:52:01.4497582Z  * [new branch]            fix/pi-hook-deadline    -> origin/fix/pi-hook-deadline
2026-09-20T05:52:01.4497872Z  * [new branch]            fix/pi-posttool-timeout -> origin/fix/pi-posttool-timeout
2026-09-20T05:52:01.4498194Z  * [new branch]            fix/pipx-alpha-update-hotfix -> origin/fix/pipx-alpha-update-hotfix
2026-09-20T05:52:01.4498602Z  * [new branch]            fix/plugin-scanner-inline-markdown-summary -> origin/fix/plugin-scanner-inline-markdown-summary
2026-09-20T05:52:01.4499143Z  * [new branch]            fix/policy-bundle-receipt-redaction-level -> origin/fix/policy-bundle-receipt-redaction-level
2026-09-20T05:52:01.4499563Z  * [new branch]            fix/policy-bundle-runtime-snapshot -> origin/fix/policy-bundle-runtime-snapshot
2026-09-20T05:52:01.4499966Z  * [new branch]            fix/policy-bundle-sync-key-persistence -> origin/fix/policy-bundle-sync-key-persistence
2026-09-20T05:52:01.4500385Z  * [new branch]            fix/policy-bundle-trusted-signing-keys -> origin/fix/policy-bundle-trusted-signing-keys
2026-09-20T05:52:01.4500946Z  * [new branch]            fix/policy-cloud-exception-request-cta -> origin/fix/policy-cloud-exception-request-cta
2026-09-20T05:52:01.4501327Z  * [new branch]            fix/policy-human-readable-ux -> origin/fix/policy-human-readable-ux
2026-09-20T05:52:01.4501691Z  * [new branch]            fix/policy-integrity-never-prompt -> origin/fix/policy-integrity-never-prompt
2026-09-20T05:52:01.4502047Z  * [new branch]            fix/policy-integrity-no-ui -> origin/fix/policy-integrity-no-ui
2026-09-20T05:52:01.4502397Z  * [new branch]            fix/policy-integrity-no-ui-signed -> origin/fix/policy-integrity-no-ui-signed
2026-09-20T05:52:01.4502748Z  * [new branch]            fix/policy-mockup-alignment -> origin/fix/policy-mockup-alignment
2026-09-20T05:52:01.4503110Z  * [new branch]            fix/policy-mockup-visual-alignment -> origin/fix/policy-mockup-visual-alignment
2026-09-20T05:52:01.4503496Z  * [new branch]            fix/policy-remembered-rules-polish -> origin/fix/policy-remembered-rules-polish
2026-09-20T05:52:01.4503865Z  * [new branch]            fix/policy-remembered-rules-ux -> origin/fix/policy-remembered-rules-ux
2026-09-20T05:52:01.4504205Z  * [new branch]            fix/policy-summary-cards-v2 -> origin/fix/policy-summary-cards-v2
2026-09-20T05:52:01.4504627Z  * [new branch]            fix/policy-v3-review-findings -> origin/fix/policy-v3-review-findings
2026-09-20T05:52:01.4504979Z  * [new branch]            fix/policy-yaml-cli-completion -> origin/fix/policy-yaml-cli-completion
2026-09-20T05:52:01.4505316Z  * [new branch]            fix/pop-os-connect-sync-dx -> origin/fix/pop-os-connect-sync-dx
2026-09-20T05:52:01.4505635Z  * [new branch]            fix/popos-oauth-activation -> origin/fix/popos-oauth-activation
2026-09-20T05:52:01.4505992Z  * [new branch]            fix/port-release-30-commits-to-main -> origin/fix/port-release-30-commits-to-main
2026-09-20T05:52:01.4506412Z  * [new branch]            fix/pr-2629-post-merge-review-remediation -> origin/fix/pr-2629-post-merge-review-remediation
2026-09-20T05:52:01.4506779Z  * [new branch]            fix/pr-body-file-safe-dx -> origin/fix/pr-body-file-safe-dx
2026-09-20T05:52:01.4507089Z  * [new branch]            fix/pr2110-review-followup -> origin/fix/pr2110-review-followup
2026-09-20T05:52:01.4507431Z  * [new branch]            fix/pr2798-native-probe-cleanup -> origin/fix/pr2798-native-probe-cleanup
2026-09-20T05:52:01.4507811Z  * [new branch]            fix/preserve-desktop-hook-ownership -> origin/fix/preserve-desktop-hook-ownership
2026-09-20T05:52:01.4508181Z  * [new branch]            fix/progress-bar-step-advance -> origin/fix/progress-bar-step-advance
2026-09-20T05:52:01.4508532Z  * [new branch]            fix/progress-bar-stuck-at-zero -> origin/fix/progress-bar-stuck-at-zero
2026-09-20T05:52:01.4508913Z  * [new branch]            fix/promotion-ci-cleartext-benchmark -> origin/fix/promotion-ci-cleartext-benchmark
2026-09-20T05:52:01.4509304Z  * [new branch]            fix/prompt-truncation-persistence -> origin/fix/prompt-truncation-persistence
2026-09-20T05:52:01.4509675Z  * [new branch]            fix/protect-cloud-connect-oauth -> origin/fix/protect-cloud-connect-oauth
2026-09-20T05:52:01.4510060Z  * [new branch]            fix/protect-cloud-connect-oauth-main -> origin/fix/protect-cloud-connect-oauth-main
2026-09-20T05:52:01.4510603Z  * [new branch]            fix/protect-cloud-connect-oauth-main-final -> origin/fix/protect-cloud-connect-oauth-main-final
2026-09-20T05:52:01.4511173Z  * [new branch]            fix/protect-cloud-connect-oauth-release-followup -> origin/fix/protect-cloud-connect-oauth-release-followup
2026-09-20T05:52:01.4511661Z  * [new branch]            fix/protect-cloud-connect-url-policy-release -> origin/fix/protect-cloud-connect-url-policy-release
2026-09-20T05:52:01.4512052Z  * [new branch]            fix/protect-inline-repair -> origin/fix/protect-inline-repair
2026-09-20T05:52:01.4512441Z  * [new branch]            fix/protection-repair-after-catalog-update -> origin/fix/protection-repair-after-catalog-update
2026-09-20T05:52:01.4512903Z  * [new branch]            fix/protection-repair-dashboard-regressions -> origin/fix/protection-repair-dashboard-regressions
2026-09-20T05:52:01.4513376Z  * [new branch]            fix/protection-repair-requires-connected-app -> origin/fix/protection-repair-requires-connected-app
2026-09-20T05:52:01.4513809Z  * [new branch]            fix/publish-release-push-isolation -> origin/fix/publish-release-push-isolation
2026-09-20T05:52:01.4514213Z  * [new branch]            fix/publish-workflow-dispatch-version -> origin/fix/publish-workflow-dispatch-version
2026-09-20T05:52:01.4514651Z  * [new branch]            fix/pyinstaller-framework-runtime-verifier -> origin/fix/pyinstaller-framework-runtime-verifier
2026-09-20T05:52:01.4515141Z  * [new branch]            fix/pyinstaller-framework-runtime-verifier-release -> origin/fix/pyinstaller-framework-runtime-verifier-release
2026-09-20T05:52:01.4515565Z  * [new branch]            fix/pypi-alpha-pure-upload -> origin/fix/pypi-alpha-pure-upload
2026-09-20T05:52:01.4515904Z  * [new branch]            fix/pypi-publish-verify-retry -> origin/fix/pypi-publish-verify-retry
2026-09-20T05:52:01.4516226Z  * [new branch]            fix/pypi-registry-retry -> origin/fix/pypi-registry-retry
2026-09-20T05:52:01.4516619Z  * [new branch]            fix/pypi-verification-retry -> origin/fix/pypi-verification-retry
2026-09-20T05:52:01.4516934Z  * [new branch]            fix/pypi-version-parity -> origin/fix/pypi-version-parity
2026-09-20T05:52:01.4517219Z  * [new branch]            fix/queue-row-ux        -> origin/fix/queue-row-ux
2026-09-20T05:52:01.4517497Z  * [new branch]            fix/queue-tooltips      -> origin/fix/queue-tooltips
2026-09-20T05:52:01.4517826Z  * [new branch]            fix/quote-aware-command-redirects -> origin/fix/quote-aware-command-redirects
2026-09-20T05:52:01.4518255Z  * [new branch]            fix/raw-command-text-action-envelope-fallback -> origin/fix/raw-command-text-action-envelope-fallback
2026-09-20T05:52:01.4518685Z  * [new branch]            fix/raw-command-text-artifact-null -> origin/fix/raw-command-text-artifact-null
2026-09-20T05:52:01.4519084Z  * [new branch]            fix/raw-command-text-metadata-fallback -> origin/fix/raw-command-text-metadata-fallback
2026-09-20T05:52:01.4519434Z  * [new branch]            fix/read-state-ux       -> origin/fix/read-state-ux
2026-09-20T05:52:01.4519786Z  * [new branch]            fix/rebuild-dashboard-cloud-user-menu -> origin/fix/rebuild-dashboard-cloud-user-menu
2026-09-20T05:52:01.4520200Z  * [new branch]            fix/reconcile-release-3-1-pypi-alphas -> origin/fix/reconcile-release-3-1-pypi-alphas
2026-09-20T05:52:01.4520642Z  * [new branch]            fix/refresh-cloud-user-profile -> origin/fix/refresh-cloud-user-profile
2026-09-20T05:52:01.4520995Z  * [new branch]            fix/refresh-decision-artifacts -> origin/fix/refresh-decision-artifacts
2026-09-20T05:52:01.4521374Z  * [new branch]            fix/release-21-cloud-sync-entitlement -> origin/fix/release-21-cloud-sync-entitlement
2026-09-20T05:52:01.4521774Z  * [new branch]            fix/release-21-command-category-icons -> origin/fix/release-21-command-category-icons
2026-09-20T05:52:01.4522168Z  * [new branch]            fix/release-21-compound-readonly-dx -> origin/fix/release-21-compound-readonly-dx
2026-09-20T05:52:01.4522657Z  * [new branch]            fix/release-21-guard-removal-floor -> origin/fix/release-21-guard-removal-floor
2026-09-20T05:52:01.4523035Z  * [new branch]            fix/release-21-oauth-refresh-race -> origin/fix/release-21-oauth-refresh-race
2026-09-20T05:52:01.4523423Z  * [new branch]            fix/release-21-policy-floor-integrity -> origin/fix/release-21-policy-floor-integrity
2026-09-20T05:52:01.4523818Z  * [new branch]            fix/release-21-queue-command-prefix -> origin/fix/release-21-queue-command-prefix
2026-09-20T05:52:01.4524214Z  * [new branch]            fix/release-21-unify-policy-settings -> origin/fix/release-21-unify-policy-settings
2026-09-20T05:52:01.4524592Z  * [new branch]            fix/release-22-alpha-update-pin -> origin/fix/release-22-alpha-update-pin
2026-09-20T05:52:01.4525015Z  * [new branch]            fix/release-22-auth-event-write-amplification -> origin/fix/release-22-auth-event-write-amplification
2026-09-20T05:52:01.4525461Z  * [new branch]            fix/release-22-authorization-hardening -> origin/fix/release-22-authorization-hardening
2026-09-20T05:52:01.4525851Z  * [new branch]            fix/release-22-bounded-sed-final -> origin/fix/release-22-bounded-sed-final
2026-09-20T05:52:01.4526220Z  * [new branch]            fix/release-22-browser-grant-reuse -> origin/fix/release-22-browser-grant-reuse
2026-09-20T05:52:01.4526657Z  * [new branch]            fix/release-22-browser-schema-sensitive-surface -> origin/fix/release-22-browser-schema-sensitive-surface
2026-09-20T05:52:01.4527140Z  * [new branch]            fix/release-22-chrome-devtools-review-context -> origin/fix/release-22-chrome-devtools-review-context
2026-09-20T05:52:01.4527598Z  * [new branch]            fix/release-22-cleared-launch-environments -> origin/fix/release-22-cleared-launch-environments
2026-09-20T05:52:01.4527978Z  * [new branch]            fix/release-22-cli-step-up -> origin/fix/release-22-cli-step-up
2026-09-20T05:52:01.4528377Z  * [new branch]            fix/release-22-cli-trust-ui -> origin/fix/release-22-cli-trust-ui
2026-09-20T05:52:01.4528733Z  * [new branch]            fix/release-22-cloud-recovery-cta -> origin/fix/release-22-cloud-recovery-cta
2026-09-20T05:52:01.4529117Z  * [new branch]            fix/release-22-cloud-session-privacy -> origin/fix/release-22-cloud-session-privacy
2026-09-20T05:52:01.4529525Z  * [new branch]            fix/release-22-cloud-signin-completion -> origin/fix/release-22-cloud-signin-completion
2026-09-20T05:52:01.4529939Z  * [new branch]            fix/release-22-codex-compound-readonly -> origin/fix/release-22-codex-compound-readonly
2026-09-20T05:52:01.4530389Z  * [new branch]            fix/release-22-codex-posttool-safe-fallthrough -> origin/fix/release-22-codex-posttool-safe-fallthrough
2026-09-20T05:52:01.4531060Z  * [new branch]            fix/release-22-codex-routine-read-blocks -> origin/fix/release-22-codex-routine-read-blocks
2026-09-20T05:52:01.4531472Z  * [new branch]            fix/release-22-codex-setup-commands -> origin/fix/release-22-codex-setup-commands
2026-09-20T05:52:01.4531868Z  * [new branch]            fix/release-22-compositional-effects -> origin/fix/release-22-compositional-effects
2026-09-20T05:52:01.4532266Z  * [new branch]            fix/release-22-compound-github-reads -> origin/fix/release-22-compound-github-reads
2026-09-20T05:52:01.4532717Z  * [new branch]            fix/release-22-compound-python-daemon-reconcile -> origin/fix/release-22-compound-python-daemon-reconcile
2026-09-20T05:52:01.4533124Z  * [new branch]            fix/release-22-contextual-mv -> origin/fix/release-22-contextual-mv
2026-09-20T05:52:01.4533489Z  * [new branch]            fix/release-22-daemon-auth-recovery -> origin/fix/release-22-daemon-auth-recovery
2026-09-20T05:52:01.4533855Z  * [new branch]            fix/release-22-daemon-fallback -> origin/fix/release-22-daemon-fallback
2026-09-20T05:52:01.4534214Z  * [new branch]            fix/release-22-daemon-resilience -> origin/fix/release-22-daemon-resilience
2026-09-20T05:52:01.4534578Z  * [new branch]            fix/release-22-fallback-deadline -> origin/fix/release-22-fallback-deadline
2026-09-20T05:52:01.4535071Z  * [new branch]            fix/release-22-github-userinfo -> origin/fix/release-22-github-userinfo
2026-09-20T05:52:01.4535448Z  * [new branch]            fix/release-22-inbox-false-positives -> origin/fix/release-22-inbox-false-positives
2026-09-20T05:52:01.4535890Z  * [new branch]            fix/release-22-inline-browser-access -> origin/fix/release-22-inline-browser-access
2026-09-20T05:52:01.4536308Z  * [new branch]            fix/release-22-installed-daemon-liveness -> origin/fix/release-22-installed-daemon-liveness
2026-09-20T05:52:01.4536726Z  * [new branch]            fix/release-22-installed-lab-evidence -> origin/fix/release-22-installed-lab-evidence
2026-09-20T05:52:01.4537118Z  * [new branch]            fix/release-22-main-ancestry-final -> origin/fix/release-22-main-ancestry-final
2026-09-20T05:52:01.4537464Z  * [new branch]            fix/release-22-npx-vitest -> origin/fix/release-22-npx-vitest
2026-09-20T05:52:01.4537844Z  * [new branch]            fix/release-22-observe-compound-commands -> origin/fix/release-22-observe-compound-commands
2026-09-20T05:52:01.4538258Z  * [new branch]            fix/release-22-omp-detached-recovery -> origin/fix/release-22-omp-detached-recovery
2026-09-20T05:52:01.4538677Z  * [new branch]            fix/release-22-package-reconnect-guidance -> origin/fix/release-22-package-reconnect-guidance
2026-09-20T05:52:01.4539085Z  * [new branch]            fix/release-22-pi-review-followup -> origin/fix/release-22-pi-review-followup
2026-09-20T05:52:01.4539453Z  * [new branch]            fix/release-22-pipx-alpha-update -> origin/fix/release-22-pipx-alpha-update
2026-09-20T05:52:01.4539844Z  * [new branch]            fix/release-22-policy-keyring-recovery -> origin/fix/release-22-policy-keyring-recovery
2026-09-20T05:52:01.4540326Z  * [new branch]            fix/release-22-policy-remove-nowrap -> origin/fix/release-22-policy-remove-nowrap
2026-09-20T05:52:01.4540857Z  * [new branch]            fix/release-22-pr-body-edit -> origin/fix/release-22-pr-body-edit
2026-09-20T05:52:01.4541208Z  * [new branch]            fix/release-22-read-only-git-show -> origin/fix/release-22-read-only-git-show
2026-09-20T05:52:01.4541609Z  * [new branch]            fix/release-22-readonly-compound-effects -> origin/fix/release-22-readonly-compound-effects
2026-09-20T05:52:01.4542002Z  * [new branch]            fix/release-22-relay-half-close -> origin/fix/release-22-relay-half-close
2026-09-20T05:52:01.4542360Z  * [new branch]            fix/release-22-routine-git-push -> origin/fix/release-22-routine-git-push
2026-09-20T05:52:01.4542736Z  * [new branch]            fix/release-22-routine-test-commands -> origin/fix/release-22-routine-test-commands
2026-09-20T05:52:01.4543126Z  * [new branch]            fix/release-22-safe-decode-ancestry -> origin/fix/release-22-safe-decode-ancestry
2026-09-20T05:52:01.4543521Z  * [new branch]            fix/release-22-sqlite-maintenance -> origin/fix/release-22-sqlite-maintenance
2026-09-20T05:52:01.4543916Z  * [new branch]            fix/release-22-storage-topology -> origin/fix/release-22-storage-topology
2026-09-20T05:52:01.4544386Z  * [new branch]            fix/release-22-update-channel-and-thread-resolve -> origin/fix/release-22-update-channel-and-thread-resolve
2026-09-20T05:52:01.4544806Z  * [new branch]            fix/release-22-update-handoff -> origin/fix/release-22-update-handoff
2026-09-20T05:52:01.4545151Z  * [new branch]            fix/release-22-uv-alpha-refresh -> origin/fix/release-22-uv-alpha-refresh
2026-09-20T05:52:01.4545487Z  * [new branch]            fix/release-3-0-pypi-direct -> origin/fix/release-3-0-pypi-direct
2026-09-20T05:52:01.4545813Z  * [new branch]            fix/release-3-0-pypi-final -> origin/fix/release-3-0-pypi-final
2026-09-20T05:52:01.4546163Z  * [new branch]            fix/release-3-1-alpha-every-commit -> origin/fix/release-3-1-alpha-every-commit
2026-09-20T05:52:01.4546530Z  * [new branch]            fix/release-3-1-decision-budget -> origin/fix/release-3-1-decision-budget
2026-09-20T05:52:01.4547009Z  * [new branch]            fix/release-3-1-heal-legacy-prereleases -> origin/fix/release-3-1-heal-legacy-prereleases
2026-09-20T05:52:01.4547435Z  * [new branch]            fix/release-3-1-publisher-packaging-env -> origin/fix/release-3-1-publisher-packaging-env
2026-09-20T05:52:01.4547813Z  * [new branch]            fix/release-3-1-publisher-v2 -> origin/fix/release-3-1-publisher-v2
2026-09-20T05:52:01.4548178Z  * [new branch]            fix/release-3-bounded-guidance-reads -> origin/fix/release-3-bounded-guidance-reads
2026-09-20T05:52:01.4548572Z  * [new branch]            fix/release-3-decision-diff-fixture -> origin/fix/release-3-decision-diff-fixture
2026-09-20T05:52:01.4548918Z  * [new branch]            fix/release-3-dx-recovery -> origin/fix/release-3-dx-recovery
2026-09-20T05:52:01.4549260Z  * [new branch]            fix/release-3-frozen-codex-hooks -> origin/fix/release-3-frozen-codex-hooks
2026-09-20T05:52:01.4549634Z  * [new branch]            fix/release-3-frozen-daemon-launch -> origin/fix/release-3-frozen-daemon-launch
2026-09-20T05:52:01.4550034Z  * [new branch]            fix/release-3-github-graphql-extension -> origin/fix/release-3-github-graphql-extension
2026-09-20T05:52:01.4550459Z  * [new branch]            fix/release-3-hook-runner-queue-listener -> origin/fix/release-3-hook-runner-queue-listener
2026-09-20T05:52:01.4550964Z  * [new branch]            fix/release-3-inbox-false-positives -> origin/fix/release-3-inbox-false-positives
2026-09-20T05:52:01.4551397Z  * [new branch]            fix/release-3-mcp-registry-description-limit -> origin/fix/release-3-mcp-registry-description-limit
2026-09-20T05:52:01.4551809Z  * [new branch]            fix/release-3-merge-approval-ux -> origin/fix/release-3-merge-approval-ux
2026-09-20T05:52:01.4552180Z  * [new branch]            fix/release-3-merged-alpha-publish -> origin/fix/release-3-merged-alpha-publish
2026-09-20T05:52:01.4552627Z  * [new branch]            fix/release-3-runtime-lifecycle -> origin/fix/release-3-runtime-lifecycle
2026-09-20T05:52:01.4552985Z  * [new branch]            fix/release-3-watch-exit-policy -> origin/fix/release-3-watch-exit-policy
2026-09-20T05:52:01.4553380Z  * [new branch]            fix/release-3.0-cline-dashboard-contract -> origin/fix/release-3.0-cline-dashboard-contract
2026-09-20T05:52:01.4553777Z  * [new branch]            fix/release-3.0-cline-live-policy -> origin/fix/release-3.0-cline-live-policy
2026-09-20T05:52:01.4554163Z  * [new branch]            fix/release-3.0-decision-diff-evidence -> origin/fix/release-3.0-decision-diff-evidence
2026-09-20T05:52:01.4554539Z  * [new branch]            fix/release-3.0-desktop-ratchet -> origin/fix/release-3.0-desktop-ratchet
2026-09-20T05:52:01.4554900Z  * [new branch]            fix/release-3.0-testpypi-optional -> origin/fix/release-3.0-testpypi-optional
2026-09-20T05:52:01.4555263Z  * [new branch]            fix/release-30-approval-scopes -> origin/fix/release-30-approval-scopes
2026-09-20T05:52:01.4555650Z  * [new branch]            fix/release-30-blocked-action-recovery -> origin/fix/release-30-blocked-action-recovery
2026-09-20T05:52:01.4556015Z  * [new branch]            fix/release-30-ci-contracts -> origin/fix/release-30-ci-contracts
2026-09-20T05:52:01.4556399Z  * [new branch]            fix/release-30-daemon-generation-identity -> origin/fix/release-30-daemon-generation-identity
2026-09-20T05:52:01.4556818Z  * [new branch]            fix/release-30-dashboard-load-status -> origin/fix/release-30-dashboard-load-status
2026-09-20T05:52:01.4557197Z  * [new branch]            fix/release-30-detached-worktree -> origin/fix/release-30-detached-worktree
2026-09-20T05:52:01.4557577Z  * [new branch]            fix/release-30-extension-persistence -> origin/fix/release-30-extension-persistence
2026-09-20T05:52:01.4557995Z  * [new branch]            fix/release-30-extension-pr-create-chain -> origin/fix/release-30-extension-pr-create-chain
2026-09-20T05:52:01.4558402Z  * [new branch]            fix/release-30-extension-recovery -> origin/fix/release-30-extension-recovery
2026-09-20T05:52:01.4558869Z  * [new branch]            fix/release-30-frozen-cli-hook-bridge -> origin/fix/release-30-frozen-cli-hook-bridge
2026-09-20T05:52:01.4559313Z  * [new branch]            fix/release-30-frozen-cli-hook-bridge-isolated -> origin/fix/release-30-frozen-cli-hook-bridge-isolated
2026-09-20T05:52:01.4559726Z  * [new branch]            fix/release-30-live-payload-dx -> origin/fix/release-30-live-payload-dx
2026-09-20T05:52:01.4560105Z  * [new branch]            fix/release-30-managed-version-status -> origin/fix/release-30-managed-version-status
2026-09-20T05:52:01.4560594Z  * [new branch]            fix/release-30-mcp-exact-action-approval -> origin/fix/release-30-mcp-exact-action-approval
2026-09-20T05:52:01.4560996Z  * [new branch]            fix/release-30-optional-testpypi -> origin/fix/release-30-optional-testpypi
2026-09-20T05:52:01.4561203Z  * [new branch]            fix/release-30-package-shim-integrity-v2 -> origin/fix/release-30-package-shim-integrity-v2
2026-09-20T05:52:01.4561388Z  * [new branch]            fix/release-30-pypi-version-parity -> origin/fix/release-30-pypi-version-parity
2026-09-20T05:52:01.4561609Z  * [new branch]            fix/release-30-routine-developer-inspection -> origin/fix/release-30-routine-developer-inspection
2026-09-20T05:52:01.4561811Z  * [new branch]            fix/release-30-routine-review-resolution -> origin/fix/release-30-routine-review-resolution
2026-09-20T05:52:01.4561986Z  * [new branch]            fix/release-30-stale-daemon-repair -> origin/fix/release-30-stale-daemon-repair
2026-09-20T05:52:01.4562159Z  * [new branch]            fix/release-30-test-ratchet-320650 -> origin/fix/release-30-test-ratchet-320650
2026-09-20T05:52:01.4562315Z  * [new branch]            fix/release-30-totp-recent-mfa -> origin/fix/release-30-totp-recent-mfa
2026-09-20T05:52:01.4562602Z  * [new branch]            fix/release-30-update-index-propagation -> origin/fix/release-30-update-index-propagation
2026-09-20T05:52:01.4562768Z  * [new branch]            fix/release-30-watch-only-inbox -> origin/fix/release-30-watch-only-inbox
2026-09-20T05:52:01.4562968Z  * [new branch]            fix/release-30-watch-only-inbox-current -> origin/fix/release-30-watch-only-inbox-current
2026-09-20T05:52:01.4563161Z  * [new branch]            fix/release-30-watch-only-inbox-linear -> origin/fix/release-30-watch-only-inbox-linear
2026-09-20T05:52:01.4563379Z  * [new branch]            fix/release-30-windows-provider-containment -> origin/fix/release-30-windows-provider-containment
2026-09-20T05:52:01.4563525Z  * [new branch]            fix/release-31-dev-history -> origin/fix/release-31-dev-history
2026-09-20T05:52:01.4563696Z  * [new branch]            fix/release-31-filter-dev-history -> origin/fix/release-31-filter-dev-history
2026-09-20T05:52:01.4563863Z  * [new branch]            fix/release-31-nested-tag-lookup -> origin/fix/release-31-nested-tag-lookup
2026-09-20T05:52:01.4564042Z  * [new branch]            fix/release-31-prerelease-checkout -> origin/fix/release-31-prerelease-checkout
2026-09-20T05:52:01.4564221Z  * [new branch]            fix/release-31-pypi-version-parity -> origin/fix/release-31-pypi-version-parity
2026-09-20T05:52:01.4564390Z  * [new branch]            fix/release-31-testpypi-capacity -> origin/fix/release-31-testpypi-capacity
2026-09-20T05:52:01.4564588Z  * [new branch]            fix/release-local-attestation-sidecars -> origin/fix/release-local-attestation-sidecars
2026-09-20T05:52:01.4564736Z  * [new branch]            fix/release-notes-changelog -> origin/fix/release-notes-changelog
2026-09-20T05:52:01.4564921Z  * [new branch]            fix/release-promotion-review-round2 -> origin/fix/release-promotion-review-round2
2026-09-20T05:52:01.4565105Z  * [new branch]            fix/release-publish-cache-poisoning -> origin/fix/release-publish-cache-poisoning
2026-09-20T05:52:01.4565309Z  * [new branch]            fix/release-registry-attestation-filter -> origin/fix/release-registry-attestation-filter
2026-09-20T05:52:01.4565567Z  * [new branch]            fix/release21-alpha-container-check -> origin/fix/release21-alpha-container-check
2026-09-20T05:52:01.4565755Z  * [new branch]            fix/release21-approval-request-dedup -> origin/fix/release21-approval-request-dedup
2026-09-20T05:52:01.4565890Z  * [new branch]            fix/release21-auto-alpha -> origin/fix/release21-auto-alpha
2026-09-20T05:52:01.4566091Z  * [new branch]            fix/release21-codex-doctor-proxy-health -> origin/fix/release21-codex-doctor-proxy-health
2026-09-20T05:52:01.4566289Z  * [new branch]            fix/release21-command-evidence-degraded -> origin/fix/release21-command-evidence-degraded
2026-09-20T05:52:01.4566480Z  * [new branch]            fix/release21-command-evidence-health -> origin/fix/release21-command-evidence-health
2026-09-20T05:52:01.4566682Z  * [new branch]            fix/release21-command-evidence-recovery -> origin/fix/release21-command-evidence-recovery
2026-09-20T05:52:01.4566857Z  * [new branch]            fix/release21-command-post-replay -> origin/fix/release21-command-post-replay
2026-09-20T05:52:01.4567035Z  * [new branch]            fix/release21-protect-repair-route -> origin/fix/release21-protect-repair-route
2026-09-20T05:52:01.4567209Z  * [new branch]            fix/release21-settings-forwardref -> origin/fix/release21-settings-forwardref
2026-09-20T05:52:01.4567378Z  * [new branch]            fix/release22-claude-fallback-fix -> origin/fix/release22-claude-fallback-fix
2026-09-20T05:52:01.4567559Z  * [new branch]            fix/release22-mcp-browser-approvals -> origin/fix/release22-mcp-browser-approvals
2026-09-20T05:52:01.4567757Z  * [new branch]            fix/release3-native-action-consequences -> origin/fix/release3-native-action-consequences
2026-09-20T05:52:01.4567897Z  * [new branch]            fix/release3-patch-alpha -> origin/fix/release3-patch-alpha
2026-09-20T05:52:01.4568166Z  * [new branch]            fix/release31-connect-test-synchronization -> origin/fix/release31-connect-test-synchronization
2026-09-20T05:52:01.4568359Z  * [new branch]            fix/release31-protection-lease-bounds -> origin/fix/release31-protection-lease-bounds
2026-09-20T05:52:01.4568565Z  * [new branch]            fix/release31-testpypi-attestation-links -> origin/fix/release31-testpypi-attestation-links
2026-09-20T05:52:01.4568729Z  * [new branch]            fix/remote-pairing-code-length -> origin/fix/remote-pairing-code-length
2026-09-20T05:52:01.4568889Z  * [new branch]            fix/remove-accidental-pr-body -> origin/fix/remove-accidental-pr-body
2026-09-20T05:52:01.4569059Z  * [new branch]            fix/remove-hardcoded-staging-url -> origin/fix/remove-hardcoded-staging-url
2026-09-20T05:52:01.4569214Z  * [new branch]            fix/remove-stray-review-body -> origin/fix/remove-stray-review-body
2026-09-20T05:52:01.4569430Z  * [new branch]            fix/reopened-release-train-validation-only -> origin/fix/reopened-release-train-validation-only
2026-09-20T05:52:01.4569604Z  * [new branch]            fix/repair-extensions-mfa-enter -> origin/fix/repair-extensions-mfa-enter
2026-09-20T05:52:01.4569744Z  * [new branch]            fix/request-scope-options -> origin/fix/request-scope-options
2026-09-20T05:52:01.4569922Z  * [new branch]            fix/required-nullable-policy-wire -> origin/fix/required-nullable-policy-wire
2026-09-20T05:52:01.4570109Z  * [new branch]            fix/restore-action-publish-pipeline -> origin/fix/restore-action-publish-pipeline
2026-09-20T05:52:01.4570265Z  * [new branch]            fix/retain-newer-desktop-core -> origin/fix/retain-newer-desktop-core
2026-09-20T05:52:01.4570427Z  * [new branch]            fix/review-alert-consolidation -> origin/fix/review-alert-consolidation
2026-09-20T05:52:01.4570656Z  * [new branch]            fix/review-backend-remediation -> origin/fix/review-backend-remediation
2026-09-20T05:52:01.4570804Z  * [new branch]            fix/review-command-fidelity -> origin/fix/review-command-fidelity
2026-09-20T05:52:01.4571047Z  * [new branch]            fix/review-identity-recovery -> origin/fix/review-identity-recovery
2026-09-20T05:52:01.4571174Z  * [new branch]            fix/review-sync-auth    -> origin/fix/review-sync-auth
2026-09-20T05:52:01.4571293Z  * [new branch]            fix/risk-dot-css        -> origin/fix/risk-dot-css
2026-09-20T05:52:01.4571466Z  * [new branch]            fix/routine-developer-inspection -> origin/fix/routine-developer-inspection
2026-09-20T05:52:01.4571641Z  * [new branch]            fix/routine-github-review-actions -> origin/fix/routine-github-review-actions
2026-09-20T05:52:01.4571804Z  * [new branch]            fix/routine-origin-fetch-chain -> origin/fix/routine-origin-fetch-chain
2026-09-20T05:52:01.4571936Z  * [new branch]            fix/ruff-syntax-error   -> origin/fix/ruff-syntax-error
2026-09-20T05:52:01.4572086Z  * [new branch]            fix/runtime-parser-security -> origin/fix/runtime-parser-security
2026-09-20T05:52:01.4572238Z  * [new branch]            fix/rust-authority-batch-1 -> origin/fix/rust-authority-batch-1
2026-09-20T05:52:01.4572383Z  * [new branch]            fix/rust-authority-batch-2 -> origin/fix/rust-authority-batch-2
2026-09-20T05:52:01.4572526Z  * [new branch]            fix/rust-authority-batch-3 -> origin/fix/rust-authority-batch-3
2026-09-20T05:52:01.4572666Z  * [new branch]            fix/rust-authority-master -> origin/fix/rust-authority-master
2026-09-20T05:52:01.4572824Z  * [new branch]            fix/rust-daemon-edge-hardening -> origin/fix/rust-daemon-edge-hardening
2026-09-20T05:52:01.4573026Z  * [new branch]            fix/rust-daemon-edge-hardening-20260816 -> origin/fix/rust-daemon-edge-hardening-20260816
2026-09-20T05:52:01.4573254Z  * [new branch]            fix/rust-daemon-edge-hardening-20260816-final -> origin/fix/rust-daemon-edge-hardening-20260816-final
2026-09-20T05:52:01.4573439Z  * [new branch]            fix/rust-daemon-edge-hardening-final -> origin/fix/rust-daemon-edge-hardening-final
2026-09-20T05:52:01.4573717Z  * [new branch]            fix/rust-daemon-edge-hardening-final-v2 -> origin/fix/rust-daemon-edge-hardening-final-v2
2026-09-20T05:52:01.4573922Z  * [new branch]            fix/rust-daemon-edge-hardening-final-v3 -> origin/fix/rust-daemon-edge-hardening-final-v3
2026-09-20T05:52:01.4574149Z  * [new branch]            fix/rust-daemon-edge-hardening-implementation -> origin/fix/rust-daemon-edge-hardening-implementation
2026-09-20T05:52:01.4574322Z  * [new branch]            fix/rust-daemon-edge-hardening-v2 -> origin/fix/rust-daemon-edge-hardening-v2
2026-09-20T05:52:01.4574490Z  * [new branch]            fix/rust-daemon-edge-hardening-v3 -> origin/fix/rust-daemon-edge-hardening-v3
2026-09-20T05:52:01.4574673Z  * [new branch]            fix/rust-daemon-edge-hardening-work -> origin/fix/rust-daemon-edge-hardening-work
2026-09-20T05:52:01.4574871Z  * [new branch]            fix/rust-daemon-edge-hardening-work-v2 -> origin/fix/rust-daemon-edge-hardening-work-v2
2026-09-20T05:52:01.4575068Z  * [new branch]            fix/rust-daemon-edge-hardening-work-v3 -> origin/fix/rust-daemon-edge-hardening-work-v3
2026-09-20T05:52:01.4575263Z  * [new branch]            fix/rust-daemon-edge-hardening-work-v4 -> origin/fix/rust-daemon-edge-hardening-work-v4
2026-09-20T05:52:01.4575419Z  * [new branch]            fix/rust-daemon-ux-hardening -> origin/fix/rust-daemon-ux-hardening
2026-09-20T05:52:01.4575607Z  * [new branch]            fix/rust-daemon-ux-hardening-20260816 -> origin/fix/rust-daemon-ux-hardening-20260816
2026-09-20T05:52:01.4575823Z  * [new branch]            fix/rust-daemon-ux-hardening-20260816-final -> origin/fix/rust-daemon-ux-hardening-20260816-final
2026-09-20T05:52:01.4576029Z  * [new branch]            fix/rust-daemon-ux-hardening-final-actual -> origin/fix/rust-daemon-ux-hardening-final-actual
2026-09-20T05:52:01.4576251Z  * [new branch]            fix/rust-daemon-ux-hardening-final-actual-v2 -> origin/fix/rust-daemon-ux-hardening-final-actual-v2
2026-09-20T05:52:01.4576418Z  * [new branch]            fix/rust-daemon-ux-hardening-v2 -> origin/fix/rust-daemon-ux-hardening-v2
2026-09-20T05:52:01.4576604Z  * [new branch]            fix/rust-default-auto-3x -> origin/fix/rust-default-auto-3x
2026-09-20T05:52:01.4576745Z  * [new branch]            fix/rust-native-main-line -> origin/fix/rust-native-main-line
2026-09-20T05:52:01.4576909Z  * [new branch]            fix/rust-native-wheel-hardening -> origin/fix/rust-native-wheel-hardening
2026-09-20T05:52:01.4577089Z  * [new branch]            fix/rust-p0-p2-regression-hardening -> origin/fix/rust-p0-p2-regression-hardening
2026-09-20T05:52:01.4577271Z  * [new branch]            fix/rust-pretool-authority-20260815 -> origin/fix/rust-pretool-authority-20260815
2026-09-20T05:52:01.4577445Z  * [new branch]            fix/rust-pretool-native-authority -> origin/fix/rust-pretool-native-authority
2026-09-20T05:52:01.4577669Z  * [new branch]            fix/rust-required-no-python-runtime-fallback -> origin/fix/rust-required-no-python-runtime-fallback
2026-09-20T05:52:01.4577838Z  * [new branch]            fix/scanner-false-positives-108 -> origin/fix/scanner-false-positives-108
2026-09-20T05:52:01.4578005Z  * [new branch]            fix/scoped-passkey-consumption -> origin/fix/scoped-passkey-consumption
2026-09-20T05:52:01.4578153Z  * [new branch]            fix/scoped-request-aliases -> origin/fix/scoped-request-aliases
2026-09-20T05:52:01.4578323Z  * [new branch]            fix/scorecard-dangerous-workflow -> origin/fix/scorecard-dangerous-workflow
2026-09-20T05:52:01.4578488Z  * [new branch]            fix/scorecard-token-permissions -> origin/fix/scorecard-token-permissions
2026-09-20T05:52:01.4578710Z  * [new branch]            fix/secret-read-floors-and-contained-vitest -> origin/fix/secret-read-floors-and-contained-vitest
2026-09-20T05:52:01.4578880Z  * [new branch]            fix/secret-read-floors-publisher -> origin/fix/secret-read-floors-publisher
2026-09-20T05:52:01.4579036Z  * [new branch]            fix/secret-stdout-print-block -> origin/fix/secret-stdout-print-block
2026-09-20T05:52:01.4579295Z  * [new branch]            fix/secrets-complete-hardening-final-v1 -> origin/fix/secrets-complete-hardening-final-v1
2026-09-20T05:52:01.4579497Z  * [new branch]            fix/secrets-complete-hardening-final-v2 -> origin/fix/secrets-complete-hardening-final-v2
2026-09-20T05:52:01.4579677Z  * [new branch]            fix/secrets-coverage-edge-cases-v2 -> origin/fix/secrets-coverage-edge-cases-v2
2026-09-20T05:52:01.4579847Z  * [new branch]            fix/secrets-coverage-evidence-v2 -> origin/fix/secrets-coverage-evidence-v2
2026-09-20T05:52:01.4580020Z  * [new branch]            fix/secrets-e2e-platform-hardening -> origin/fix/secrets-e2e-platform-hardening
2026-09-20T05:52:01.4580228Z  * [new branch]            fix/secrets-e2e-platform-hardening-final -> origin/fix/secrets-e2e-platform-hardening-final
2026-09-20T05:52:01.4580420Z  * [new branch]            fix/secrets-e2e-platform-hardening-v2 -> origin/fix/secrets-e2e-platform-hardening-v2
2026-09-20T05:52:01.4580677Z  * [new branch]            fix/secrets-fixture-context-precision -> origin/fix/secrets-fixture-context-precision
2026-09-20T05:52:01.4580887Z  * [new branch]            fix/secrets-fixture-context-precision-v2 -> origin/fix/secrets-fixture-context-precision-v2
2026-09-20T05:52:01.4581095Z  * [new branch]            fix/secrets-fixture-context-precision-v3 -> origin/fix/secrets-fixture-context-precision-v3
2026-09-20T05:52:01.4581284Z  * [new branch]            fix/secrets-git-object-edge-hardening -> origin/fix/secrets-git-object-edge-hardening
2026-09-20T05:52:01.4581474Z  * [new branch]            fix/secrets-git-process-hardening-v2 -> origin/fix/secrets-git-process-hardening-v2
2026-09-20T05:52:01.4581676Z  * [new branch]            fix/secrets-hardening-bootstrap-cleanup -> origin/fix/secrets-hardening-bootstrap-cleanup
2026-09-20T05:52:01.4581899Z  * [new branch]            fix/secrets-hardening-final-cleanup-20260813 -> origin/fix/secrets-hardening-final-cleanup-20260813
2026-09-20T05:52:01.4582081Z  * [new branch]            fix/secrets-hook-identity-final-v2 -> origin/fix/secrets-hook-identity-final-v2
2026-09-20T05:52:01.4582382Z  * [new branch]            fix/secrets-hook-identity-worktree-hardening -> origin/fix/secrets-hook-identity-worktree-hardening
2026-09-20T05:52:01.4582602Z  * [new branch]            fix/secrets-ignore-indirect-code-references -> origin/fix/secrets-ignore-indirect-code-references
2026-09-20T05:52:01.4582780Z  * [new branch]            fix/secrets-permanent-source-final -> origin/fix/secrets-permanent-source-final
2026-09-20T05:52:01.4582974Z  * [new branch]            fix/secrets-truncation-reasons-dogfood -> origin/fix/secrets-truncation-reasons-dogfood
2026-09-20T05:52:01.4583174Z  * [new branch]            fix/secrets-windows-shell-diagnostic-v2 -> origin/fix/secrets-windows-shell-diagnostic-v2
2026-09-20T05:52:01.4583367Z  * [new branch]            fix/security-gates-gitleaks-ref-scope -> origin/fix/security-gates-gitleaks-ref-scope
2026-09-20T05:52:01.4583525Z  * [new branch]            fix/security-hardening-dx-v3 -> origin/fix/security-hardening-dx-v3
2026-09-20T05:52:01.4583690Z  * [new branch]            fix/security-output-pr-create -> origin/fix/security-output-pr-create
2026-09-20T05:52:01.4583844Z  * [new branch]            fix/settings-save-proof-modal -> origin/fix/settings-save-proof-modal
2026-09-20T05:52:01.4583963Z  * [new branch]            fix/severity-dot        -> origin/fix/severity-dot
2026-09-20T05:52:01.4584121Z  * [new branch]            fix/shell-activation-recovery -> origin/fix/shell-activation-recovery
2026-09-20T05:52:01.4584266Z  * [new branch]            fix/shim-approval-guidance -> origin/fix/shim-approval-guidance
2026-09-20T05:52:01.4584399Z  * [new branch]            fix/skill-uri-blocking  -> origin/fix/skill-uri-blocking
2026-09-20T05:52:01.4584570Z  * [new branch]            fix/sonar-adapter-path-authority -> origin/fix/sonar-adapter-path-authority
2026-09-20T05:52:01.4584803Z  * [new branch]            fix/sonar-blocker-control-flow -> origin/fix/sonar-blocker-control-flow
2026-09-20T05:52:01.4584945Z  * [new branch]            fix/sonar-main-completion -> origin/fix/sonar-main-completion
2026-09-20T05:52:01.4585073Z  * [new branch]            fix/sonar-rust-analysis -> origin/fix/sonar-rust-analysis
2026-09-20T05:52:01.4585254Z  * [new branch]            fix/sqlite-select-startup-recovery -> origin/fix/sqlite-select-startup-recovery
2026-09-20T05:52:01.4585398Z  * [new branch]            fix/stable-tag-reservation -> origin/fix/stable-tag-reservation
2026-09-20T05:52:01.4585571Z  * [new branch]            fix/staging-oauth-registry-origin -> origin/fix/staging-oauth-registry-origin
2026-09-20T05:52:01.4585746Z  * [new branch]            fix/supply-chain-audit-incomplete -> origin/fix/supply-chain-audit-incomplete
2026-09-20T05:52:01.4585936Z  * [new branch]            fix/supply-chain-audit-workspace-dir -> origin/fix/supply-chain-audit-workspace-dir
2026-09-20T05:52:01.4586128Z  * [new branch]            fix/supply-chain-bundle-payload-hash -> origin/fix/supply-chain-bundle-payload-hash
2026-09-20T05:52:01.4586312Z  * [new branch]            fix/supply-chain-evaluate-contract -> origin/fix/supply-chain-evaluate-contract
2026-09-20T05:52:01.4586465Z  * [new branch]            fix/supply-chain-hero-import -> origin/fix/supply-chain-hero-import
2026-09-20T05:52:01.4586617Z  * [new branch]            fix/supply-chain-home-dedup -> origin/fix/supply-chain-home-dedup
2026-09-20T05:52:01.4586781Z  * [new branch]            fix/supply-chain-null-lockfile -> origin/fix/supply-chain-null-lockfile
2026-09-20T05:52:01.4586985Z  * [new branch]            fix/supply-chain-repair-staged-state-3.0 -> origin/fix/supply-chain-repair-staged-state-3.0
2026-09-20T05:52:01.4587198Z  * [new branch]            fix/supply-chain-repair-staged-state-main -> origin/fix/supply-chain-repair-staged-state-main
2026-09-20T05:52:01.4587392Z  * [new branch]            fix/supply-chain-sync-approval-detect -> origin/fix/supply-chain-sync-approval-detect
2026-09-20T05:52:01.4588520Z  * [new branch]            fix/supply-chain-sync-approval-v2 -> origin/fix/supply-chain-sync-approval-v2
2026-09-20T05:52:01.4588785Z  * [new branch]            fix/supply-chain-sync-cloud-unavailable -> origin/fix/supply-chain-sync-cloud-unavailable
2026-09-20T05:52:01.4588920Z  * [new branch]            fix/totp-session-grace  -> origin/fix/totp-session-grace
2026-09-20T05:52:01.4589115Z  * [new branch]            fix/typescript-positional-containment -> origin/fix/typescript-positional-containment
2026-09-20T05:52:01.4589271Z  * [new branch]            fix/typescript-validation-ux -> origin/fix/typescript-validation-ux
2026-09-20T05:52:01.4589484Z  * [new branch]            fix/unidentified-package-policy-condition -> origin/fix/unidentified-package-policy-condition
2026-09-20T05:52:01.4589712Z  * [new branch]            fix/update-codex-integrity-and-harness-noise -> origin/fix/update-codex-integrity-and-harness-noise
2026-09-20T05:52:01.4589875Z  * [new branch]            fix/update-index-propagation -> origin/fix/update-index-propagation
2026-09-20T05:52:01.4590018Z  * [new branch]            fix/update-latest-release -> origin/fix/update-latest-release
2026-09-20T05:52:01.4590212Z  * [new branch]            fix/update-pypi-propagation-recovery -> origin/fix/update-pypi-propagation-recovery
2026-09-20T05:52:01.4590357Z  * [new branch]            fix/v3-alpha-windows-tests -> origin/fix/v3-alpha-windows-tests
2026-09-20T05:52:01.4590587Z  * [new branch]            fix/v3-client-rollout-contract -> origin/fix/v3-client-rollout-contract
2026-09-20T05:52:01.4590761Z  * [new branch]            fix/wake-desktop-core-alpha-feed -> origin/fix/wake-desktop-core-alpha-feed
2026-09-20T05:52:01.4590947Z  * [new branch]            fix/wake-desktop-core-feed-all-3x-v3 -> origin/fix/wake-desktop-core-feed-all-3x-v3
2026-09-20T05:52:01.4591109Z  * [new branch]            fix/wake-release-3-1-reconciler -> origin/fix/wake-release-3-1-reconciler
2026-09-20T05:52:01.4591397Z  * [new branch]            fix/watch-only-approved-requests -> origin/fix/watch-only-approved-requests
2026-09-20T05:52:01.4591565Z  * [new branch]            fix/watch-only-package-firewall -> origin/fix/watch-only-package-firewall
2026-09-20T05:52:01.4591746Z  * [new branch]            fix/windows-authority-watcher-race -> origin/fix/windows-authority-watcher-race
2026-09-20T05:52:01.4591911Z  * [new branch]            fix/windows-core-protection-api -> origin/fix/windows-core-protection-api
2026-09-20T05:52:01.4592118Z  * [new branch]            fix/windows-core-protection-consolidated -> origin/fix/windows-core-protection-consolidated
2026-09-20T05:52:01.4592355Z  * [new branch]            fix/windows-core-protection-consolidated-final -> origin/fix/windows-core-protection-consolidated-final
2026-09-20T05:52:01.4592559Z  * [new branch]            fix/windows-keyring-session-unavailable -> origin/fix/windows-keyring-session-unavailable
2026-09-20T05:52:01.4592729Z  * [new branch]            fix/windows-mdm-signing-boundary -> origin/fix/windows-mdm-signing-boundary
2026-09-20T05:52:01.4592934Z  * [new branch]            fix/windows-native-state-handle-cleanup -> origin/fix/windows-native-state-handle-cleanup
2026-09-20T05:52:01.4593108Z  * [new branch]            fix/windows-os-containment-health -> origin/fix/windows-os-containment-health
2026-09-20T05:52:01.4593315Z  * [new branch]            fix/windows-provider-path-containment-v2 -> origin/fix/windows-provider-path-containment-v2
2026-09-20T05:52:01.4593458Z  * [new branch]            fix/zcode-mcp-hook-bypass -> origin/fix/zcode-mcp-hook-bypass
2026-09-20T05:52:01.4593599Z  * [new branch]            hgcff-local-sync-20260704 -> origin/hgcff-local-sync-20260704
2026-09-20T05:52:01.4593772Z  * [new branch]            hgp/batch-02-v2-runtime-admission -> origin/hgp/batch-02-v2-runtime-admission
2026-09-20T05:52:01.4593959Z  * [new branch]            hgp/batch-03-policy-source-ownership -> origin/hgp/batch-03-policy-source-ownership
2026-09-20T05:52:01.4594128Z  * [new branch]            hgp/batch-08-cloud-review-status -> origin/hgp/batch-08-cloud-review-status
2026-09-20T05:52:01.4594405Z  * [new branch]            hgp/batch-08-policy-capability-evidence -> origin/hgp/batch-08-policy-capability-evidence
2026-09-20T05:52:01.4594581Z  * [new branch]            hgp/batch-08-policy-error-guidance -> origin/hgp/batch-08-policy-error-guidance
2026-09-20T05:52:01.4594782Z  * [new branch]            hgp/batch-08-policy-proof-prerequisites -> origin/hgp/batch-08-policy-proof-prerequisites
2026-09-20T05:52:01.4594979Z  * [new branch]            hgp/batch-08-policy-telemetry-isolation -> origin/hgp/batch-08-policy-telemetry-isolation
2026-09-20T05:52:01.4595169Z  * [new branch]            hgp/batch-08-portable-policy-contract -> origin/hgp/batch-08-portable-policy-contract
2026-09-20T05:52:01.4595365Z  * [new branch]            hgp/batch-08-review-worker-reliability -> origin/hgp/batch-08-review-worker-reliability
2026-09-20T05:52:01.4595534Z  * [new branch]            hgp/batch-08-runtime-reliability -> origin/hgp/batch-08-runtime-reliability
2026-09-20T05:52:01.4595691Z  * [new branch]            hgp/batch-08b-policy-identity -> origin/hgp/batch-08b-policy-identity
2026-09-20T05:52:01.4595859Z  * [new branch]            hgp/batch-09-core-desktop-status -> origin/hgp/batch-09-core-desktop-status
2026-09-20T05:52:01.4596026Z  * [new branch]            hgp/batch-10b-runtime-acceptance -> origin/hgp/batch-10b-runtime-acceptance
2026-09-20T05:52:01.4596176Z  * [new branch]            hgp/batch-11b-release-gating -> origin/hgp/batch-11b-release-gating
2026-09-20T05:52:01.4596351Z  * [new branch]            hgp/ci-admission-rebased-20260918 -> origin/hgp/ci-admission-rebased-20260918
2026-09-20T05:52:01.4596549Z  * [new branch]            hgp/ci-core-policy-integration-20260917 -> origin/hgp/ci-core-policy-integration-20260917
2026-09-20T05:52:01.4596707Z  * [new branch]            hgp/ci-native-stop-diagnostic -> origin/hgp/ci-native-stop-diagnostic
2026-09-20T05:52:01.4596929Z  * [new branch]            hgp/ci-policy-clean-20260918 -> origin/hgp/ci-policy-clean-20260918
2026-09-20T05:52:01.4597082Z  * [new branch]            hgp/ci-policy-final-20260918 -> origin/hgp/ci-policy-final-20260918
2026-09-20T05:52:01.4597277Z  * [new branch]            hgp/ci-policy-integration-074-20260918 -> origin/hgp/ci-policy-integration-074-20260918
2026-09-20T05:52:01.4597476Z  * [new branch]            hgp/ci-workspace-config-repair-20260918 -> origin/hgp/ci-workspace-config-repair-20260918
2026-09-20T05:52:01.4597645Z  * [new branch]            hgp/command-authority-projection -> origin/hgp/command-authority-projection
2026-09-20T05:52:01.4597859Z  * [new branch]            hgp/diagnostic-af9-fixture-repair-20260918 -> origin/hgp/diagnostic-af9-fixture-repair-20260918
2026-09-20T05:52:01.4598044Z  * [new branch]            hgp/diagnostic-af9-fixtures-20260918 -> origin/hgp/diagnostic-af9-fixtures-20260918
2026-09-20T05:52:01.4598251Z  * [new branch]            hgp/diagnostic-af9-network-event-20260918 -> origin/hgp/diagnostic-af9-network-event-20260918
2026-09-20T05:52:01.4598501Z  * [new branch]            hgp/diagnostic-bounded-native-activation-20260919 -> origin/hgp/diagnostic-bounded-native-activation-20260919
2026-09-20T05:52:01.4598705Z  * [new branch]            hgp/diagnostic-capture-baseline-20260919 -> origin/hgp/diagnostic-capture-baseline-20260919
2026-09-20T05:52:01.4598897Z  * [new branch]            hgp/diagnostic-capture-fixed-20260919 -> origin/hgp/diagnostic-capture-fixed-20260919
2026-09-20T05:52:01.4599127Z  * [new branch]            hgp/diagnostic-claude-context-checked-20260918 -> origin/hgp/diagnostic-claude-context-checked-20260918
2026-09-20T05:52:01.4599323Z  * [new branch]            hgp/diagnostic-claude-fallback-20260918 -> origin/hgp/diagnostic-claude-fallback-20260918
2026-09-20T05:52:01.4599561Z  * [new branch]            hgp/diagnostic-claude-fallback-artifact-20260918 -> origin/hgp/diagnostic-claude-fallback-artifact-20260918
2026-09-20T05:52:01.4599798Z  * [new branch]            hgp/diagnostic-claude-fallback-imports-20260918 -> origin/hgp/diagnostic-claude-fallback-imports-20260918
2026-09-20T05:52:01.4600084Z  * [new branch]            hgp/diagnostic-claude-original-context-20260918 -> origin/hgp/diagnostic-claude-original-context-20260918
2026-09-20T05:52:01.4600271Z  * [new branch]            hgp/diagnostic-claude-phase-20260918 -> origin/hgp/diagnostic-claude-phase-20260918
2026-09-20T05:52:01.4600466Z  * [new branch]            hgp/diagnostic-claude-startup-20260918 -> origin/hgp/diagnostic-claude-startup-20260918
2026-09-20T05:52:01.4600761Z  * [new branch]            hgp/diagnostic-combined-acceptance-20260919 -> origin/hgp/diagnostic-combined-acceptance-20260919
2026-09-20T05:52:01.4600951Z  * [new branch]            hgp/diagnostic-command-ownership-074 -> origin/hgp/diagnostic-command-ownership-074
2026-09-20T05:52:01.4601142Z  * [new branch]            hgp/diagnostic-consent-expiry-155cc5e -> origin/hgp/diagnostic-consent-expiry-155cc5e
2026-09-20T05:52:01.4601353Z  * [new branch]            hgp/diagnostic-context-selection-20260919 -> origin/hgp/diagnostic-context-selection-20260919
2026-09-20T05:52:01.4601548Z  * [new branch]            hgp/diagnostic-corpus-compat-20260918 -> origin/hgp/diagnostic-corpus-compat-20260918
2026-09-20T05:52:01.4601733Z  * [new branch]            hgp/diagnostic-corpus-profile-75413 -> origin/hgp/diagnostic-corpus-profile-75413
2026-09-20T05:52:01.4601918Z  * [new branch]            hgp/diagnostic-corpus-shard-20260919 -> origin/hgp/diagnostic-corpus-shard-20260919
2026-09-20T05:52:01.4602118Z  * [new branch]            hgp/diagnostic-corpus-terminal-20260919 -> origin/hgp/diagnostic-corpus-terminal-20260919
2026-09-20T05:52:01.4602293Z  * [new branch]            hgp/diagnostic-current-prewarm-a3 -> origin/hgp/diagnostic-current-prewarm-a3
2026-09-20T05:52:01.4602492Z  * [new branch]            hgp/diagnostic-current-regressions-9a6 -> origin/hgp/diagnostic-current-regressions-9a6
2026-09-20T05:52:01.4602785Z  * [new branch]            hgp/diagnostic-decision-report-6c-20260919 -> origin/hgp/diagnostic-decision-report-6c-20260919
2026-09-20T05:52:01.4603026Z  * [new branch]            hgp/diagnostic-decision-report-ac0dad5c-20260919 -> origin/hgp/diagnostic-decision-report-ac0dad5c-20260919
2026-09-20T05:52:01.4603261Z  * [new branch]            hgp/diagnostic-desktop-report-binding-20260919 -> origin/hgp/diagnostic-desktop-report-binding-20260919
2026-09-20T05:52:01.4603481Z  * [new branch]            hgp/diagnostic-exact-policy-fixture-20260918 -> origin/hgp/diagnostic-exact-policy-fixture-20260918
2026-09-20T05:52:01.4603697Z  * [new branch]            hgp/diagnostic-final-python-format-20260919 -> origin/hgp/diagnostic-final-python-format-20260919
2026-09-20T05:52:01.4603905Z  * [new branch]            hgp/diagnostic-format-acceptance-20260919 -> origin/hgp/diagnostic-format-acceptance-20260919
2026-09-20T05:52:01.4604107Z  * [new branch]            hgp/diagnostic-gitleaks-cfd1aba9-20260917 -> origin/hgp/diagnostic-gitleaks-cfd1aba9-20260917
2026-09-20T05:52:01.4604291Z  * [new branch]            hgp/diagnostic-heredoc-guard-75413 -> origin/hgp/diagnostic-heredoc-guard-75413
2026-09-20T05:52:01.4604474Z  * [new branch]            hgp/diagnostic-http-compat-20260917 -> origin/hgp/diagnostic-http-compat-20260917
2026-09-20T05:52:01.4604727Z  * [new branch]            hgp/diagnostic-initial-retry-priority-f064-20260919 -> origin/hgp/diagnostic-initial-retry-priority-f064-20260919
2026-09-20T05:52:01.4604995Z  * [new branch]            hgp/diagnostic-installation-rotation-baseline-20260919 -> origin/hgp/diagnostic-installation-rotation-baseline-20260919
2026-09-20T05:52:01.4605254Z  * [new branch]            hgp/diagnostic-installation-rotation-repair-20260919 -> origin/hgp/diagnostic-installation-rotation-repair-20260919
2026-09-20T05:52:01.4605477Z  * [new branch]            hgp/diagnostic-materialization-state-20260919 -> origin/hgp/diagnostic-materialization-state-20260919
2026-09-20T05:52:01.4605711Z  * [new branch]            hgp/diagnostic-native-activation-bf259-20260919 -> origin/hgp/diagnostic-native-activation-bf259-20260919
2026-09-20T05:52:01.4605999Z  * [new branch]            hgp/diagnostic-native-compatibility-1b514 -> origin/hgp/diagnostic-native-compatibility-1b514
2026-09-20T05:52:01.4606224Z  * [new branch]            hgp/diagnostic-native-fresh-byte-hash-20260919 -> origin/hgp/diagnostic-native-fresh-byte-hash-20260919
2026-09-20T05:52:01.4606404Z  * [new branch]            hgp/diagnostic-native-green-067ef -> origin/hgp/diagnostic-native-green-067ef
2026-09-20T05:52:01.4606605Z  * [new branch]            hgp/diagnostic-native-readiness-20260919 -> origin/hgp/diagnostic-native-readiness-20260919
2026-09-20T05:52:01.4606844Z  * [new branch]            hgp/diagnostic-native-validation-phases-20260919 -> origin/hgp/diagnostic-native-validation-phases-20260919
2026-09-20T05:52:01.4607036Z  * [new branch]            hgp/diagnostic-normal-report-resource -> origin/hgp/diagnostic-normal-report-resource
2026-09-20T05:52:01.4607264Z  * [new branch]            hgp/diagnostic-normal-report-resource-20260918 -> origin/hgp/diagnostic-normal-report-resource-20260918
2026-09-20T05:52:01.4607495Z  * [new branch]            hgp/diagnostic-oauth-fixture-recovery-20260919 -> origin/hgp/diagnostic-oauth-fixture-recovery-20260919
2026-09-20T05:52:01.4607701Z  * [new branch]            hgp/diagnostic-oracle-ready-imports-3424 -> origin/hgp/diagnostic-oracle-ready-imports-3424
2026-09-20T05:52:01.4607924Z  * [new branch]            hgp/diagnostic-owned-python-fallback-20260919 -> origin/hgp/diagnostic-owned-python-fallback-20260919
2026-09-20T05:52:01.4608140Z  * [new branch]            hgp/diagnostic-performance-phases-20260919 -> origin/hgp/diagnostic-performance-phases-20260919
2026-09-20T05:52:01.4608358Z  * [new branch]            hgp/diagnostic-performance-semantics-bc047 -> origin/hgp/diagnostic-performance-semantics-bc047
2026-09-20T05:52:01.4608574Z  * [new branch]            hgp/diagnostic-permission-metadata-20260919 -> origin/hgp/diagnostic-permission-metadata-20260919
2026-09-20T05:52:01.4608837Z  * [new branch]            hgp/diagnostic-permission-repair-20260919 -> origin/hgp/diagnostic-permission-repair-20260919
2026-09-20T05:52:01.4609037Z  * [new branch]            hgp/diagnostic-policy-composed-20260918 -> origin/hgp/diagnostic-policy-composed-20260918
2026-09-20T05:52:01.4609222Z  * [new branch]            hgp/diagnostic-policy-final-120a1db -> origin/hgp/diagnostic-policy-final-120a1db
2026-09-20T05:52:01.4609453Z  * [new branch]            hgp/diagnostic-policy-fixture-imports-20260919 -> origin/hgp/diagnostic-policy-fixture-imports-20260919
2026-09-20T05:52:01.4609687Z  * [new branch]            hgp/diagnostic-policy-fixture-isolation-20260918 -> origin/hgp/diagnostic-policy-fixture-isolation-20260918
2026-09-20T05:52:01.4609894Z  * [new branch]            hgp/diagnostic-policy-format-77-20260919 -> origin/hgp/diagnostic-policy-format-77-20260919
2026-09-20T05:52:01.4610112Z  * [new branch]            hgp/diagnostic-policy-regressions-20260919 -> origin/hgp/diagnostic-policy-regressions-20260919
2026-09-20T05:52:01.4610391Z  * [new branch]            hgp/diagnostic-policy-reliability-preflight-686-20260919 -> origin/hgp/diagnostic-policy-reliability-preflight-686-20260919
2026-09-20T05:52:01.4610663Z  * [new branch]            hgp/diagnostic-post-ack-baseline-20260919 -> origin/hgp/diagnostic-post-ack-baseline-20260919
2026-09-20T05:52:01.4610857Z  * [new branch]            hgp/diagnostic-post-ack-fixed-20260919 -> origin/hgp/diagnostic-post-ack-fixed-20260919
2026-09-20T05:52:01.4611052Z  * [new branch]            hgp/diagnostic-post-ack-format-20260919 -> origin/hgp/diagnostic-post-ack-format-20260919
2026-09-20T05:52:01.4611254Z  * [new branch]            hgp/diagnostic-prewarm-boundary-155cc5e -> origin/hgp/diagnostic-prewarm-boundary-155cc5e
2026-09-20T05:52:01.4611439Z  * [new branch]            hgp/diagnostic-prewarm-causal-1b514 -> origin/hgp/diagnostic-prewarm-causal-1b514
2026-09-20T05:52:01.4611640Z  * [new branch]            hgp/diagnostic-prewarm-terminal-155cc5e -> origin/hgp/diagnostic-prewarm-terminal-155cc5e
2026-09-20T05:52:01.4611962Z  * [new branch]            hgp/diagnostic-publication-barrier-state-20260919 -> origin/hgp/diagnostic-publication-barrier-state-20260919
2026-09-20T05:52:01.4612218Z  * [new branch]            hgp/diagnostic-publication-barrier-state-v2-20260919 -> origin/hgp/diagnostic-publication-barrier-state-v2-20260919
2026-09-20T05:52:01.4612477Z  * [new branch]            hgp/diagnostic-publication-epoch-acceptance-20260919 -> origin/hgp/diagnostic-publication-epoch-acceptance-20260919
2026-09-20T05:52:01.4612710Z  * [new branch]            hgp/diagnostic-publication-late-errors-20260919 -> origin/hgp/diagnostic-publication-late-errors-20260919
2026-09-20T05:52:01.4612945Z  * [new branch]            hgp/diagnostic-publication-supersession-20260919 -> origin/hgp/diagnostic-publication-supersession-20260919
2026-09-20T05:52:01.4613099Z  * [new branch]            hgp/diagnostic-py310-compat -> origin/hgp/diagnostic-py310-compat
2026-09-20T05:52:01.4613306Z  * [new branch]            hgp/diagnostic-receipt-fixtures-20260919 -> origin/hgp/diagnostic-receipt-fixtures-20260919
2026-09-20T05:52:01.4613571Z  * [new branch]            hgp/diagnostic-refresh-shared-reader-baseline-20260919 -> origin/hgp/diagnostic-refresh-shared-reader-baseline-20260919
2026-09-20T05:52:01.4613778Z  * [new branch]            hgp/diagnostic-report-regeneration-cc42 -> origin/hgp/diagnostic-report-regeneration-cc42
2026-09-20T05:52:01.4614025Z  * [new branch]            hgp/diagnostic-required-command-fence-c73-20260919 -> origin/hgp/diagnostic-required-command-fence-c73-20260919
2026-09-20T05:52:01.4614297Z  * [new branch]            hgp/diagnostic-required-command-fence-fixed-c73-20260919 -> origin/hgp/diagnostic-required-command-fence-fixed-c73-20260919
2026-09-20T05:52:01.4614449Z  * [new branch]            hgp/diagnostic-review-green -> origin/hgp/diagnostic-review-green
2026-09-20T05:52:01.4614716Z  * [new branch]            hgp/diagnostic-review-regressions-9a6 -> origin/hgp/diagnostic-review-regressions-9a6
2026-09-20T05:52:01.4614909Z  * [new branch]            hgp/diagnostic-rust-fixtures-20260919 -> origin/hgp/diagnostic-rust-fixtures-20260919
2026-09-20T05:52:01.4615111Z  * [new branch]            hgp/diagnostic-scanner-findings-20260917 -> origin/hgp/diagnostic-scanner-findings-20260917
2026-09-20T05:52:01.4615314Z  * [new branch]            hgp/diagnostic-scanner-findings-3dc2d9cb -> origin/hgp/diagnostic-scanner-findings-3dc2d9cb
2026-09-20T05:52:01.4615546Z  * [new branch]            hgp/diagnostic-sensitive-read-baseline-20260919 -> origin/hgp/diagnostic-sensitive-read-baseline-20260919
2026-09-20T05:52:01.4615784Z  * [new branch]            hgp/diagnostic-sensitive-read-corrected-20260919 -> origin/hgp/diagnostic-sensitive-read-corrected-20260919
2026-09-20T05:52:01.4616020Z  * [new branch]            hgp/diagnostic-signed-redaction-baseline-20260919 -> origin/hgp/diagnostic-signed-redaction-baseline-20260919
2026-09-20T05:52:01.4616256Z  * [new branch]            hgp/diagnostic-signed-redaction-commit-20260919 -> origin/hgp/diagnostic-signed-redaction-commit-20260919
2026-09-20T05:52:01.4616504Z  * [new branch]            hgp/diagnostic-sonar-current-issue-review-20260919 -> origin/hgp/diagnostic-sonar-current-issue-review-20260919
2026-09-20T05:52:01.4616706Z  * [new branch]            hgp/diagnostic-sonar-issue-read-20260919 -> origin/hgp/diagnostic-sonar-issue-read-20260919
2026-09-20T05:52:01.4616919Z  * [new branch]            hgp/diagnostic-sonar-issue-review-20260919 -> origin/hgp/diagnostic-sonar-issue-review-20260919
2026-09-20T05:52:01.4617134Z  * [new branch]            hgp/diagnostic-source-free-capture-20260919 -> origin/hgp/diagnostic-source-free-capture-20260919
2026-09-20T05:52:01.4617315Z  * [new branch]            hgp/diagnostic-storage-boundary-35 -> origin/hgp/diagnostic-storage-boundary-35
2026-09-20T05:52:01.4617492Z  * [new branch]            hgp/diagnostic-storage-cleanup-35 -> origin/hgp/diagnostic-storage-cleanup-35
2026-09-20T05:52:01.4617713Z  * [new branch]            hgp/diagnostic-storage-required-job-20260919 -> origin/hgp/diagnostic-storage-required-job-20260919
2026-09-20T05:52:01.4617967Z  * [new branch]            hgp/diagnostic-storage-tracing-20260919 -> origin/hgp/diagnostic-storage-tracing-20260919
2026-09-20T05:52:01.4618220Z  * [new branch]            hgp/diagnostic-store-extraction-acceptance-20260919 -> origin/hgp/diagnostic-store-extraction-acceptance-20260919
2026-09-20T05:52:01.4618428Z  * [new branch]            hgp/diagnostic-test-type-baseline-20260919 -> origin/hgp/diagnostic-test-type-baseline-20260919
2026-09-20T05:52:01.4618662Z  * [new branch]            hgp/diagnostic-toml-type-compatibility-20260919 -> origin/hgp/diagnostic-toml-type-compatibility-20260919
2026-09-20T05:52:01.4618860Z  * [new branch]            hgp/diagnostic-transition-lock-20260919 -> origin/hgp/diagnostic-transition-lock-20260919
2026-09-20T05:52:01.4619085Z  * [new branch]            hgp/diagnostic-transition-lock-fixed-20260919 -> origin/hgp/diagnostic-transition-lock-fixed-20260919
2026-09-20T05:52:01.4619299Z  * [new branch]            hgp/diagnostic-transition-lock-v2-20260919 -> origin/hgp/diagnostic-transition-lock-v2-20260919
2026-09-20T05:52:01.4619502Z  * [new branch]            hgp/diagnostic-worker-lifecycle-20260919 -> origin/hgp/diagnostic-worker-lifecycle-20260919
2026-09-20T05:52:01.4619734Z  * [new branch]            hgp/diagnostic-worker-lifecycle-repair-20260919 -> origin/hgp/diagnostic-worker-lifecycle-repair-20260919
2026-09-20T05:52:01.4619946Z  * [new branch]            hgp/diagnostic-workspace-ancestor-20260918 -> origin/hgp/diagnostic-workspace-ancestor-20260918
2026-09-20T05:52:01.4620190Z  * [new branch]            hgp/diagnostic-workspace-ancestor-repair-20260918 -> origin/hgp/diagnostic-workspace-ancestor-repair-20260918
2026-09-20T05:52:01.4620391Z  * [new branch]            hgp/diagnostic-workspace-config-20260918 -> origin/hgp/diagnostic-workspace-config-20260918
2026-09-20T05:52:01.4620778Z  * [new branch]            hgp/diagnostic-workspace-config-formatted-20260918 -> origin/hgp/diagnostic-workspace-config-formatted-20260918
2026-09-20T05:52:01.4621011Z  * [new branch]            hgp/diagnostic-workspace-config-repair-20260918 -> origin/hgp/diagnostic-workspace-config-repair-20260918
2026-09-20T05:52:01.4621265Z  * [new branch]            hgp/diagnostic-workspace-containment-final-20260918 -> origin/hgp/diagnostic-workspace-containment-final-20260918
2026-09-20T05:52:01.4621499Z  * [new branch]            hgp/diagnostic-workspace-literal-paths-20260918 -> origin/hgp/diagnostic-workspace-literal-paths-20260918
2026-09-20T05:52:01.4621678Z  * [new branch]            hgp/native-command-row-association -> origin/hgp/native-command-row-association
2026-09-20T05:52:01.4621835Z  * [new branch]            hgp/native-literal-evaluator -> origin/hgp/native-literal-evaluator
2026-09-20T05:52:01.4622098Z  * [new branch]            hgp/native-literal-materialization -> origin/hgp/native-literal-materialization
2026-09-20T05:52:01.4622323Z  * [new branch]            hgp/policy-inventory-contract-followup -> origin/hgp/policy-inventory-contract-followup
2026-09-20T05:52:01.4622566Z  * [new branch]            hgp/repair-policy-acceptance-20260919 -> origin/hgp/repair-policy-acceptance-20260919
2026-09-20T05:52:01.4622861Z  * [new branch]            hgp/runtime-managed-revision-proof-20260917 -> origin/hgp/runtime-managed-revision-proof-20260917
2026-09-20T05:52:01.4623059Z  * [new branch]            hgp/workspace-preference-contract -> origin/hgp/workspace-preference-contract
2026-09-20T05:52:01.4623388Z  * [new branch]            inspect/paseo-main-ci-source -> origin/inspect/paseo-main-ci-source
2026-09-20T05:52:01.4623576Z  * [new branch]            kantorcodes-patch-1     -> origin/kantorcodes-patch-1
2026-09-20T05:52:01.4623749Z  * [new branch]            kantorcodes-patch-2     -> origin/kantorcodes-patch-2
2026-09-20T05:52:01.4623896Z  * [new branch]            kantorcodes-patch-3     -> origin/kantorcodes-patch-3
2026-09-20T05:52:01.4624058Z  * [new branch]            kantorcodes-patch-4     -> origin/kantorcodes-patch-4
2026-09-20T05:52:01.4624358Z  * [new branch]            kantorcodes/fix-cloud-connection -> origin/kantorcodes/fix-cloud-connection
2026-09-20T05:52:01.4624519Z  * [new branch]            main                    -> origin/main
2026-09-20T05:52:01.4624801Z  * [new branch]            managed-controls/batch-01-product-contract -> origin/managed-controls/batch-01-product-contract
2026-09-20T05:52:01.4625022Z  * [new branch]            managed-controls/batch-02-actions-limits -> origin/managed-controls/batch-02-actions-limits
2026-09-20T05:52:01.4625278Z  * [new branch]            managed-controls/batch-02-actions-limits-clean -> origin/managed-controls/batch-02-actions-limits-clean
2026-09-20T05:52:01.4625598Z  * [new branch]            managed-controls/batch-04-catalog-privacy-identity -> origin/managed-controls/batch-04-catalog-privacy-identity
2026-09-20T05:52:01.4625847Z  * [new branch]            managed-controls/batch-05-authority-composition -> origin/managed-controls/batch-05-authority-composition
2026-09-20T05:52:01.4626139Z  * [new branch]            managed-controls/batch-06-bundle-extension-targets -> origin/managed-controls/batch-06-bundle-extension-targets
2026-09-20T05:52:01.4626375Z  * [new branch]            managed-controls/batch-07-atomic-apply -> origin/managed-controls/batch-07-atomic-apply
2026-09-20T05:52:01.4626612Z  * [new branch]            managed-controls/batch-08-acknowledgement-drift -> origin/managed-controls/batch-08-acknowledgement-drift
2026-09-20T05:52:01.4626949Z  * [new branch]            managed-controls/batch-09-package-firewall-delegation -> origin/managed-controls/batch-09-package-firewall-delegation
2026-09-20T05:52:01.4627256Z  * [new branch]            managed-controls/batch-10-compatibility-migration -> origin/managed-controls/batch-10-compatibility-migration
2026-09-20T05:52:01.4627556Z  * [new branch]            managed-controls/batch-11-local-protection-model -> origin/managed-controls/batch-11-local-protection-model
2026-09-20T05:52:01.4627832Z  * [new branch]            managed-controls/batch-12-rules-exceptions-model -> origin/managed-controls/batch-12-rules-exceptions-model
2026-09-20T05:52:01.4628150Z  * [new branch]            managed-controls/batch-13-custom-extension-continuity -> origin/managed-controls/batch-13-custom-extension-continuity
2026-09-20T05:52:01.4628417Z  * [new branch]            managed-controls/batch-13-extension-policy-parser -> origin/managed-controls/batch-13-extension-policy-parser
2026-09-20T05:52:01.4628713Z  * [new branch]            managed-controls/batch-13-local-parser-shared-posture -> origin/managed-controls/batch-13-local-parser-shared-posture
2026-09-20T05:52:01.4628966Z  * [new branch]            managed-controls/batch-14-privacy-telemetry-flags -> origin/managed-controls/batch-14-privacy-telemetry-flags
2026-09-20T05:52:01.4629234Z  * [new branch]            managed-controls/batch-15-adversarial-runtime -> origin/managed-controls/batch-15-adversarial-runtime
2026-09-20T05:52:01.4629537Z  * [new branch]            managed-controls/batch-16-operations-performance -> origin/managed-controls/batch-16-operations-performance
2026-09-20T05:52:01.4629782Z  * [new branch]            managed-controls/batch-17-local-release-gate -> origin/managed-controls/batch-17-local-release-gate
2026-09-20T05:52:01.4630043Z  * [new branch]            managed-controls/full-implementation -> origin/managed-controls/full-implementation
2026-09-20T05:52:01.4630313Z  * [new branch]            managed-controls/points-portal-source-snapshot -> origin/managed-controls/points-portal-source-snapshot
2026-09-20T05:52:01.4630639Z  * [new branch]            managed-controls/program-bootstrap -> origin/managed-controls/program-bootstrap
2026-09-20T05:52:01.4630941Z  * [new branch]            ops/beta20-build-failure-log -> origin/ops/beta20-build-failure-log
2026-09-20T05:52:01.4631159Z  * [new branch]            ops/beta20-public-macos-build -> origin/ops/beta20-public-macos-build
2026-09-20T05:52:01.4631380Z  * [new branch]            ops/install-growth-route-test-20260813 -> origin/ops/install-growth-route-test-20260813
2026-09-20T05:52:01.4631644Z  * [new branch]            perf/ci-balance-headroom -> origin/perf/ci-balance-headroom
2026-09-20T05:52:01.4631837Z  * [new branch]            perf/ci-precomputed-32-shards -> origin/perf/ci-precomputed-32-shards
2026-09-20T05:52:01.4632051Z  * [new branch]            perf/ci-split-node-heavy-files -> origin/perf/ci-split-node-heavy-files
2026-09-20T05:52:01.4632268Z  * [new branch]            perf/ci-under-5-minutes -> origin/perf/ci-under-5-minutes
2026-09-20T05:52:01.4632435Z  * [new branch]            perf/ci-under-5-minutes-v2 -> origin/perf/ci-under-5-minutes-v2
2026-09-20T05:52:01.4632623Z  * [new branch]            perf/ci-under-5-minutes-v3 -> origin/perf/ci-under-5-minutes-v3
2026-09-20T05:52:01.4632823Z  * [new branch]            perf/guard-hook-startup-sqlite -> origin/perf/guard-hook-startup-sqlite
2026-09-20T05:52:01.4633008Z  * [new branch]            perf/hook-import-weight -> origin/perf/hook-import-weight
2026-09-20T05:52:01.4633234Z  * [new branch]            perf/native-desktop-hook-proxy -> origin/perf/native-desktop-hook-proxy
2026-09-20T05:52:01.4633470Z  * [new branch]            perf/native-desktop-hook-proxy-final -> origin/perf/native-desktop-hook-proxy-final
2026-09-20T05:52:01.4633660Z  * [new branch]            perf/upgrade-shims-store-growth -> origin/perf/upgrade-shims-store-growth
2026-09-20T05:52:01.4633887Z  * [new branch]            policy-matcher-observation-contract -> origin/policy-matcher-observation-contract
2026-09-20T05:52:01.4634220Z  * [new branch]            refactor/guard-package-firewall-connect-api -> origin/refactor/guard-package-firewall-connect-api
2026-09-20T05:52:01.4634441Z  * [new branch]            refactor/release-22-secret-file-services -> origin/refactor/release-22-secret-file-services
2026-09-20T05:52:01.4634795Z  * [new branch]            refactor/release-3-code-quality-hardening -> origin/refactor/release-3-code-quality-hardening
2026-09-20T05:52:01.4635018Z  * [new branch]            refactor/release-3-dead-code-deep-pass -> origin/refactor/release-3-dead-code-deep-pass
2026-09-20T05:52:01.4635166Z  * [new branch]            release/2.2             -> origin/release/2.2
2026-09-20T05:52:01.4635357Z  * [new branch]            release/3.0             -> origin/release/3.0
2026-09-20T05:52:01.4635485Z  * [new branch]            release/3.1             -> origin/release/3.1
2026-09-20T05:52:01.4635660Z  * [new branch]            release/3.1-policy-v3   -> origin/release/3.1-policy-v3
2026-09-20T05:52:01.4635838Z  * [new branch]            release/3.2             -> origin/release/3.2
2026-09-20T05:52:01.4636053Z  * [new branch]            release/backport-appimage-runtime-owner -> origin/release/backport-appimage-runtime-owner
2026-09-20T05:52:01.4636347Z  * [new branch]            release/sync-repository-version-v2.0.1014 -> origin/release/sync-repository-version-v2.0.1014
2026-09-20T05:52:01.4636602Z  * [new branch]            release/sync-repository-version-v2.0.1062 -> origin/release/sync-repository-version-v2.0.1062
2026-09-20T05:52:01.4636828Z  * [new branch]            release/sync-repository-version-v2.0.1067 -> origin/release/sync-repository-version-v2.0.1067
2026-09-20T05:52:01.4637073Z  * [new branch]            release/sync-repository-version-v2.0.1069 -> origin/release/sync-repository-version-v2.0.1069
2026-09-20T05:52:01.4637284Z  * [new branch]            release/sync-repository-version-v2.0.1071 -> origin/release/sync-repository-version-v2.0.1071
2026-09-20T05:52:01.4637567Z  * [new branch]            release/sync-repository-version-v2.0.1073 -> origin/release/sync-repository-version-v2.0.1073
2026-09-20T05:52:01.4637810Z  * [new branch]            release/sync-repository-version-v2.0.1074 -> origin/release/sync-repository-version-v2.0.1074
2026-09-20T05:52:01.4638034Z  * [new branch]            release/sync-repository-version-v2.0.1075 -> origin/release/sync-repository-version-v2.0.1075
2026-09-20T05:52:01.4638348Z  * [new branch]            release/sync-repository-version-v2.0.1076 -> origin/release/sync-repository-version-v2.0.1076
2026-09-20T05:52:01.4652475Z  * [new branch]            release/sync-repository-version-v2.0.1077 -> origin/release/sync-repository-version-v2.0.1077
2026-09-20T05:52:01.4652790Z  * [new branch]            release/sync-repository-version-v2.0.1078 -> origin/release/sync-repository-version-v2.0.1078
2026-09-20T05:52:01.4653000Z  * [new branch]            release/sync-repository-version-v2.0.1079 -> origin/release/sync-repository-version-v2.0.1079
2026-09-20T05:52:01.4653206Z  * [new branch]            release/sync-repository-version-v2.0.1080 -> origin/release/sync-repository-version-v2.0.1080
2026-09-20T05:52:01.4653409Z  * [new branch]            release/sync-repository-version-v2.0.1081 -> origin/release/sync-repository-version-v2.0.1081
2026-09-20T05:52:01.4653621Z  * [new branch]            release/sync-repository-version-v2.0.1082 -> origin/release/sync-repository-version-v2.0.1082
2026-09-20T05:52:01.4653827Z  * [new branch]            release/sync-repository-version-v2.0.1083 -> origin/release/sync-repository-version-v2.0.1083
2026-09-20T05:52:01.4654029Z  * [new branch]            release/sync-repository-version-v2.0.1084 -> origin/release/sync-repository-version-v2.0.1084
2026-09-20T05:52:01.4654225Z  * [new branch]            release/sync-repository-version-v2.0.1085 -> origin/release/sync-repository-version-v2.0.1085
2026-09-20T05:52:01.4654429Z  * [new branch]            release/sync-repository-version-v2.0.1086 -> origin/release/sync-repository-version-v2.0.1086
2026-09-20T05:52:01.4654626Z  * [new branch]            release/sync-repository-version-v2.0.1087 -> origin/release/sync-repository-version-v2.0.1087
2026-09-20T05:52:01.4654826Z  * [new branch]            release/sync-repository-version-v2.0.1088 -> origin/release/sync-repository-version-v2.0.1088
2026-09-20T05:52:01.4655157Z  * [new branch]            release/sync-repository-version-v2.0.1089 -> origin/release/sync-repository-version-v2.0.1089
2026-09-20T05:52:01.4655359Z  * [new branch]            release/sync-repository-version-v2.0.1090 -> origin/release/sync-repository-version-v2.0.1090
2026-09-20T05:52:01.4655560Z  * [new branch]            release/sync-repository-version-v2.0.1091 -> origin/release/sync-repository-version-v2.0.1091
2026-09-20T05:52:01.4655771Z  * [new branch]            release/sync-repository-version-v2.0.1092 -> origin/release/sync-repository-version-v2.0.1092
2026-09-20T05:52:01.4655978Z  * [new branch]            release/sync-repository-version-v2.0.1093 -> origin/release/sync-repository-version-v2.0.1093
2026-09-20T05:52:01.4656179Z  * [new branch]            release/sync-repository-version-v2.0.1094 -> origin/release/sync-repository-version-v2.0.1094
2026-09-20T05:52:01.4656378Z  * [new branch]            release/sync-repository-version-v2.0.1095 -> origin/release/sync-repository-version-v2.0.1095
2026-09-20T05:52:01.4656580Z  * [new branch]            release/sync-repository-version-v2.0.1096 -> origin/release/sync-repository-version-v2.0.1096
2026-09-20T05:52:01.4656783Z  * [new branch]            release/sync-repository-version-v2.0.1097 -> origin/release/sync-repository-version-v2.0.1097
2026-09-20T05:52:01.4656978Z  * [new branch]            release/sync-repository-version-v2.0.1098 -> origin/release/sync-repository-version-v2.0.1098
2026-09-20T05:52:01.4657178Z  * [new branch]            release/sync-repository-version-v2.0.1099 -> origin/release/sync-repository-version-v2.0.1099
2026-09-20T05:52:01.4657376Z  * [new branch]            release/sync-repository-version-v2.0.1100 -> origin/release/sync-repository-version-v2.0.1100
2026-09-20T05:52:01.4657571Z  * [new branch]            release/sync-repository-version-v2.0.1101 -> origin/release/sync-repository-version-v2.0.1101
2026-09-20T05:52:01.4657770Z  * [new branch]            release/sync-repository-version-v2.0.1102 -> origin/release/sync-repository-version-v2.0.1102
2026-09-20T05:52:01.4657976Z  * [new branch]            release/sync-repository-version-v2.0.1103 -> origin/release/sync-repository-version-v2.0.1103
2026-09-20T05:52:01.4658250Z  * [new branch]            release/sync-repository-version-v2.0.1104 -> origin/release/sync-repository-version-v2.0.1104
2026-09-20T05:52:01.4658452Z  * [new branch]            release/sync-repository-version-v2.0.1105 -> origin/release/sync-repository-version-v2.0.1105
2026-09-20T05:52:01.4658652Z  * [new branch]            release/sync-repository-version-v2.0.1106 -> origin/release/sync-repository-version-v2.0.1106
2026-09-20T05:52:01.4658848Z  * [new branch]            release/sync-repository-version-v2.0.1107 -> origin/release/sync-repository-version-v2.0.1107
2026-09-20T05:52:01.4659048Z  * [new branch]            release/sync-repository-version-v2.0.1108 -> origin/release/sync-repository-version-v2.0.1108
2026-09-20T05:52:01.4659244Z  * [new branch]            release/sync-repository-version-v2.0.1109 -> origin/release/sync-repository-version-v2.0.1109
2026-09-20T05:52:01.4659447Z  * [new branch]            release/sync-repository-version-v2.0.1110 -> origin/release/sync-repository-version-v2.0.1110
2026-09-20T05:52:01.4659652Z  * [new branch]            release/sync-repository-version-v2.0.1111 -> origin/release/sync-repository-version-v2.0.1111
2026-09-20T05:52:01.4659847Z  * [new branch]            release/sync-repository-version-v2.0.1112 -> origin/release/sync-repository-version-v2.0.1112
2026-09-20T05:52:01.4660046Z  * [new branch]            release/sync-repository-version-v2.0.1113 -> origin/release/sync-repository-version-v2.0.1113
2026-09-20T05:52:01.4660245Z  * [new branch]            release/sync-repository-version-v2.0.1114 -> origin/release/sync-repository-version-v2.0.1114
2026-09-20T05:52:01.4660441Z  * [new branch]            release/sync-repository-version-v2.0.1115 -> origin/release/sync-repository-version-v2.0.1115
2026-09-20T05:52:01.4660784Z  * [new branch]            release/sync-repository-version-v2.0.1116 -> origin/release/sync-repository-version-v2.0.1116
2026-09-20T05:52:01.4660989Z  * [new branch]            release/sync-repository-version-v2.0.1117 -> origin/release/sync-repository-version-v2.0.1117
2026-09-20T05:52:01.4661190Z  * [new branch]            release/sync-repository-version-v2.0.848 -> origin/release/sync-repository-version-v2.0.848
2026-09-20T05:52:01.4661391Z  * [new branch]            release/sync-repository-version-v2.0.849 -> origin/release/sync-repository-version-v2.0.849
2026-09-20T05:52:01.4661590Z  * [new branch]            release/sync-repository-version-v2.0.850 -> origin/release/sync-repository-version-v2.0.850
2026-09-20T05:52:01.4661785Z  * [new branch]            release/sync-repository-version-v2.0.851 -> origin/release/sync-repository-version-v2.0.851
2026-09-20T05:52:01.4661984Z  * [new branch]            release/sync-repository-version-v2.0.852 -> origin/release/sync-repository-version-v2.0.852
2026-09-20T05:52:01.4662180Z  * [new branch]            release/sync-repository-version-v2.0.853 -> origin/release/sync-repository-version-v2.0.853
2026-09-20T05:52:01.4662381Z  * [new branch]            release/sync-repository-version-v2.0.854 -> origin/release/sync-repository-version-v2.0.854
2026-09-20T05:52:01.4662578Z  * [new branch]            release/sync-repository-version-v2.0.857 -> origin/release/sync-repository-version-v2.0.857
2026-09-20T05:52:01.4662771Z  * [new branch]            release/sync-repository-version-v2.0.858 -> origin/release/sync-repository-version-v2.0.858
2026-09-20T05:52:01.4662970Z  * [new branch]            release/sync-repository-version-v2.0.859 -> origin/release/sync-repository-version-v2.0.859
2026-09-20T05:52:01.4663167Z  * [new branch]            release/sync-repository-version-v2.0.860 -> origin/release/sync-repository-version-v2.0.860
2026-09-20T05:52:01.4663360Z  * [new branch]            release/sync-repository-version-v2.0.861 -> origin/release/sync-repository-version-v2.0.861
2026-09-20T05:52:01.4663559Z  * [new branch]            release/sync-repository-version-v2.0.862 -> origin/release/sync-repository-version-v2.0.862
2026-09-20T05:52:01.4663833Z  * [new branch]            release/sync-repository-version-v2.0.893 -> origin/release/sync-repository-version-v2.0.893
2026-09-20T05:52:01.4664028Z  * [new branch]            release/sync-repository-version-v2.0.922 -> origin/release/sync-repository-version-v2.0.922
2026-09-20T05:52:01.4664240Z  * [new branch]            release/sync-repository-version-v2.0.963 -> origin/release/sync-repository-version-v2.0.963
2026-09-20T05:52:01.4664434Z  * [new branch]            release/sync-repository-version-v2.0.967 -> origin/release/sync-repository-version-v2.0.967
2026-09-20T05:52:01.4664684Z  * [new branch]            repro/extension-authority-repair-banner-20260907 -> origin/repro/extension-authority-repair-banner-20260907
2026-09-20T05:52:01.4664926Z  * [new branch]            revert-1194-fix/progress-bar-stuck-at-zero -> origin/revert-1194-fix/progress-bar-stuck-at-zero
2026-09-20T05:52:01.4665135Z  * [new branch]            rust/authority-t001-t100-final -> origin/rust/authority-t001-t100-final
2026-09-20T05:52:01.4667597Z  * [new branch]            rust/hotpath-authority-t001-t100 -> origin/rust/hotpath-authority-t001-t100
2026-09-20T05:52:01.4667769Z  * [new branch]            test/cline-live-e2e-20260808 -> origin/test/cline-live-e2e-20260808
2026-09-20T05:52:01.4667960Z  * [new branch]            test/cline-live-e2e-final-20260808 -> origin/test/cline-live-e2e-final-20260808
2026-09-20T05:52:01.4668131Z  * [new branch]            test/cline-live-e2e-fix-20260808 -> origin/test/cline-live-e2e-fix-20260808
2026-09-20T05:52:01.4668275Z  * [new branch]            test/cloud-local-identity -> origin/test/cloud-local-identity
2026-09-20T05:52:01.4668487Z  * [new branch]            test/durable-exact-shell-approval-expiry -> origin/test/durable-exact-shell-approval-expiry
2026-09-20T05:52:01.4668613Z  * [new branch]            test/fec-schema-18      -> origin/test/fec-schema-18
2026-09-20T05:52:01.4668843Z  * [new branch]            test/g6-decision-evidence-refresh -> origin/test/g6-decision-evidence-refresh
2026-09-20T05:52:01.4668973Z  * [new branch]            test/g6-quality-gate    -> origin/test/g6-quality-gate
2026-09-20T05:52:01.4669147Z  * [new branch]            test/guard-loopback-port-retry -> origin/test/guard-loopback-port-retry
2026-09-20T05:52:01.4669318Z  * [new branch]            test/guard-offline-local-blocking -> origin/test/guard-offline-local-blocking
2026-09-20T05:52:01.4669499Z  * [new branch]            test/installed-timing-observations -> origin/test/installed-timing-observations
2026-09-20T05:52:01.4669714Z  * [new branch]            test/native-client-invalid-input-baseline -> origin/test/native-client-invalid-input-baseline
2026-09-20T05:52:01.4669911Z  * [new branch]            test/network-remediation-proof-101-119 -> origin/test/network-remediation-proof-101-119
2026-09-20T05:52:01.4670085Z  * [new branch]            test/raw-command-text-propagation -> origin/test/raw-command-text-propagation
2026-09-20T05:52:01.4670306Z  * [new branch]            test/release-22-consolidate-redundant-cases -> origin/test/release-22-consolidate-redundant-cases
2026-09-20T05:52:01.4690664Z  * [new branch]            test/release-22-omp-burst-deadline -> origin/test/release-22-omp-burst-deadline
2026-09-20T05:52:01.4690848Z  * [new branch]            test/release-22-reconnect-test-sync -> origin/test/release-22-reconnect-test-sync
2026-09-20T05:52:01.4691020Z  * [new branch]            test/release-22-specialized-corpus -> origin/test/release-22-specialized-corpus
2026-09-20T05:52:01.4691210Z  * [new branch]            test/secrets-complete-release-gate-v2 -> origin/test/secrets-complete-release-gate-v2
2026-09-20T05:52:01.4691340Z  * [new branch]            test/w6-assurance-gates -> origin/test/w6-assurance-gates
2026-09-20T05:52:01.4691506Z  * [new branch]            tmp/everyday-101-export-20260828 -> origin/tmp/everyday-101-export-20260828
2026-09-20T05:52:01.4691673Z  * [new branch]            tmp/everyday-201-export-20260828 -> origin/tmp/everyday-201-export-20260828
2026-09-20T05:52:01.4691928Z  * [new branch]            tmp/everyday-base-export-20260828 -> origin/tmp/everyday-base-export-20260828
2026-09-20T05:52:01.4692128Z  * [new branch]            tmp/everyday-completion-source-20260903 -> origin/tmp/everyday-completion-source-20260903
2026-09-20T05:52:01.4692331Z  * [new branch]            tmp/everyday-mode-base-snapshot-20260825 -> origin/tmp/everyday-mode-base-snapshot-20260825
2026-09-20T05:52:01.4692561Z  * [new branch]            tmp/everyday-mode-batch1-rebase-runner-20260825 -> origin/tmp/everyday-mode-batch1-rebase-runner-20260825
2026-09-20T05:52:01.4692750Z  * [new branch]            tmp/everyday-orchestrator-20260826-v2 -> origin/tmp/everyday-orchestrator-20260826-v2
2026-09-20T05:52:01.4692936Z  * [new branch]            tmp/everyday-payload-export-20260903 -> origin/tmp/everyday-payload-export-20260903
2026-09-20T05:52:01.4693122Z  * [new branch]            tmp/everyday-pr2569-clean-v3-20260826 -> origin/tmp/everyday-pr2569-clean-v3-20260826
2026-09-20T05:52:01.4693323Z  * [new branch]            tmp/everyday-r32-fixture-export-20260903 -> origin/tmp/everyday-r32-fixture-export-20260903
2026-09-20T05:52:01.4693453Z  * [new branch]            tmp/everyday-v32-source -> origin/tmp/everyday-v32-source
2026-09-20T05:52:01.4693667Z  * [new branch]            tmp/export-pr2372-permanent-assets-20260815 -> origin/tmp/export-pr2372-permanent-assets-20260815
2026-09-20T05:52:01.4693818Z  * [new branch]            tmp/finish-pr2569-20260826-v1 -> origin/tmp/finish-pr2569-20260826-v1
2026-09-20T05:52:01.4693966Z  * [new branch]            tmp/finish-pr2588-20260826-v1 -> origin/tmp/finish-pr2588-20260826-v1
2026-09-20T05:52:01.4694142Z  * [new branch]            tmp/finish-prs-2569-2588-20260826-v2 -> origin/tmp/finish-prs-2569-2588-20260826-v2
2026-09-20T05:52:01.4694278Z  * [new branch]            tmp/mdm-ruff-format-diff -> origin/tmp/mdm-ruff-format-diff
2026-09-20T05:52:01.4694514Z  * [new branch]            tmp/pr2104-rebase-20260807 -> origin/tmp/pr2104-rebase-20260807
2026-09-20T05:52:01.4694668Z  * [new branch]            tmp/pr2110-finalize-20260807 -> origin/tmp/pr2110-finalize-20260807
2026-09-20T05:52:01.4694879Z  * [new branch]            tmp/pr2400-authoritative-finalizer-20260816 -> origin/tmp/pr2400-authoritative-finalizer-20260816
2026-09-20T05:52:01.4695043Z  * [new branch]            tmp/pr2400-deliver-clean-20260816 -> origin/tmp/pr2400-deliver-clean-20260816
2026-09-20T05:52:01.4695207Z  * [new branch]            tmp/pr2400-rebase-source-20260816 -> origin/tmp/pr2400-rebase-source-20260816
2026-09-20T05:52:01.4695344Z  * [new branch]            tmp/pr2569-base-20260825-2 -> origin/tmp/pr2569-base-20260825-2
2026-09-20T05:52:01.4695510Z  * [new branch]            tmp/pr2569-base-snapshot-20260825 -> origin/tmp/pr2569-base-snapshot-20260825
2026-09-20T05:52:01.4695678Z  * [new branch]            tmp/pr2569-conflict-audit-20260826 -> origin/tmp/pr2569-conflict-audit-20260826
2026-09-20T05:52:01.4695909Z  * [new branch]            tmp/pr2569-current-base-snapshot-20260825-95032c -> origin/tmp/pr2569-current-base-snapshot-20260825-95032c
2026-09-20T05:52:01.4696071Z  * [new branch]            tmp/pr2569-merge-base-20260825 -> origin/tmp/pr2569-merge-base-20260825
2026-09-20T05:52:01.4696231Z  * [new branch]            tmp/pr2569-orchestrate-20260826 -> origin/tmp/pr2569-orchestrate-20260826
2026-09-20T05:52:01.4696439Z  * [new branch]            tmp/pr2569-original-base-snapshot-20260825 -> origin/tmp/pr2569-original-base-snapshot-20260825
2026-09-20T05:52:01.4696619Z  * [new branch]            tmp/pr2569-rebase-runner-20260825-v2 -> origin/tmp/pr2569-rebase-runner-20260825-v2
2026-09-20T05:52:01.4696818Z  * [new branch]            tmp/pr2691-windows-durable-debug-20260902 -> origin/tmp/pr2691-windows-durable-debug-20260902
2026-09-20T05:52:01.4697038Z  * [new branch]            tmp/pretool-native-authority-source-20260815 -> origin/tmp/pretool-native-authority-source-20260815
2026-09-20T05:52:01.4697251Z  * [new branch]            tmp/reconcile-canonical-dashboard-20260811 -> origin/tmp/reconcile-canonical-dashboard-20260811
2026-09-20T05:52:01.4697541Z  * [new branch]            tmp/reconcile-canonical-dashboard-20260811-check -> origin/tmp/reconcile-canonical-dashboard-20260811-check
2026-09-20T05:52:01.4697775Z  * [new branch]            tmp/reconcile-canonical-dashboard-20260811-final -> origin/tmp/reconcile-canonical-dashboard-20260811-final
2026-09-20T05:52:01.4697977Z  * [new branch]            tmp/rust-authority-local-source-20260827 -> origin/tmp/rust-authority-local-source-20260827
2026-09-20T05:52:01.4698156Z  * [new branch]            tmp/rust-merge-base-source-20260813 -> origin/tmp/rust-merge-base-source-20260813
2026-09-20T05:52:01.4698320Z  * [new branch]            tmp/rust-p0-export-release-92d0 -> origin/tmp/rust-p0-export-release-92d0
2026-09-20T05:52:01.4698508Z  * [new branch]            tmp/rust-p0-export-release-92d0-copy -> origin/tmp/rust-p0-export-release-92d0-copy
2026-09-20T05:52:01.4698681Z  * [new branch]            tmp/rust-p0-latest-bundle-20260814 -> origin/tmp/rust-p0-latest-bundle-20260814
2026-09-20T05:52:01.4698861Z  * [new branch]            tmp/rust-p0-latest-bundle-20260814b -> origin/tmp/rust-p0-latest-bundle-20260814b
2026-09-20T05:52:01.4699035Z  * [new branch]            tmp/rust-p0-latest-bundle-20260814c -> origin/tmp/rust-p0-latest-bundle-20260814c
2026-09-20T05:52:01.4699209Z  * [new branch]            tmp/rust-p0-latest-bundle-20260814d -> origin/tmp/rust-p0-latest-bundle-20260814d
2026-09-20T05:52:01.4699420Z  * [new branch]            tmp/rust-p0-latest-release-source-20260814 -> origin/tmp/rust-p0-latest-release-source-20260814
2026-09-20T05:52:01.4699631Z  * [new branch]            tmp/rust-p0-p2-remediation-confirm-20260815 -> origin/tmp/rust-p0-p2-remediation-confirm-20260815
2026-09-20T05:52:01.4699848Z  * [new branch]            tmp/rust-p0-p2-remediation-verifier-20260815 -> origin/tmp/rust-p0-p2-remediation-verifier-20260815
2026-09-20T05:52:01.4700129Z  * [new branch]            tmp/rust-p0-p2-remediation-verifier-v2-20260815 -> origin/tmp/rust-p0-p2-remediation-verifier-v2-20260815
2026-09-20T05:52:01.4700289Z  * [new branch]            tmp/rust-p1-p2-bundle-20260814 -> origin/tmp/rust-p1-p2-bundle-20260814
2026-09-20T05:52:01.4700448Z  * [new branch]            tmp/rust-p1-p2-compile-20260815 -> origin/tmp/rust-p1-p2-compile-20260815
2026-09-20T05:52:01.4700748Z  * [new branch]            tmp/rust-p1p2-final-verification-20260814 -> origin/tmp/rust-p1p2-final-verification-20260814
2026-09-20T05:52:01.4700932Z  * [new branch]            tmp/rust-p1p2-patch-staging-20260814 -> origin/tmp/rust-p1p2-patch-staging-20260814
2026-09-20T05:52:01.4701111Z  * [new branch]            tmp/rust-p1p2-release-asset-staging -> origin/tmp/rust-p1p2-release-asset-staging
2026-09-20T05:52:01.4701303Z  * [new branch]            tmp/rust-p1p2-release-asset-staging-v2 -> origin/tmp/rust-p1p2-release-asset-staging-v2
2026-09-20T05:52:01.4701496Z  * [new branch]            tmp/rust-p1p2-release-asset-staging-v3 -> origin/tmp/rust-p1p2-release-asset-staging-v3
2026-09-20T05:52:01.4701667Z  * [new branch]            tmp/rust-p1p2-release-tag-target -> origin/tmp/rust-p1p2-release-tag-target
2026-09-20T05:52:01.4701828Z  * [new branch]            tmp/rust-p1p2-shepherd-20260814 -> origin/tmp/rust-p1p2-shepherd-20260814
2026-09-20T05:52:01.4701991Z  * [new branch]            tmp/rust-p1p2-transfer-20260814 -> origin/tmp/rust-p1p2-transfer-20260814
2026-09-20T05:52:01.4702176Z  * [new branch]            tmp/rust-pr2310-base-source-20260813 -> origin/tmp/rust-pr2310-base-source-20260813
2026-09-20T05:52:01.4702337Z  * [new branch]            tmp/rust-resume-source-20260813 -> origin/tmp/rust-resume-source-20260813
2026-09-20T05:52:01.4702533Z  * [new branch]            tmp/rust-safety-kernel-source-20260813 -> origin/tmp/rust-safety-kernel-source-20260813
2026-09-20T05:52:01.4702711Z  * [new branch]            tmp/rust-source-path-windows-root -> origin/tmp/rust-source-path-windows-root
2026-09-20T05:52:01.4702927Z  * [new branch]            tmp/rust-supervision-final-source-20260813 -> origin/tmp/rust-supervision-final-source-20260813
2026-09-20T05:52:01.4703192Z  * [new branch]            tmp/rust-supervision-source-20260813 -> origin/tmp/rust-supervision-source-20260813
2026-09-20T05:52:01.4703418Z  * [new branch]            tmp/secrets-pr-reconciliation-source-20260825 -> origin/tmp/secrets-pr-reconciliation-source-20260825
2026-09-20T05:52:01.4703536Z  * [new branch]            tmp/unused              -> origin/tmp/unused
2026-09-20T05:52:01.4703648Z  * [new branch]            tmp/unused2             -> origin/tmp/unused2
2026-09-20T05:52:01.4703792Z  * [new branch]            ux/catalog-filter-toolbar -> origin/ux/catalog-filter-toolbar
2026-09-20T05:52:01.4703994Z  * [new branch]            verify/rust-pretool-authority-20260815 -> origin/verify/rust-pretool-authority-20260815
2026-09-20T05:52:01.4704207Z  * [new branch]            verify/rust-pretool-publication-20260815 -> origin/verify/rust-pretool-publication-20260815
2026-09-20T05:52:01.4704313Z  * [new tag]               alpha/v2.1.0a1          -> alpha/v2.1.0a1
2026-09-20T05:52:01.4704419Z  * [new tag]               alpha/v2.1.0a10         -> alpha/v2.1.0a10
2026-09-20T05:52:01.4704519Z  * [new tag]               alpha/v2.1.0a11         -> alpha/v2.1.0a11
2026-09-20T05:52:01.4704621Z  * [new tag]               alpha/v2.1.0a12         -> alpha/v2.1.0a12
2026-09-20T05:52:01.4704723Z  * [new tag]               alpha/v2.1.0a13         -> alpha/v2.1.0a13
2026-09-20T05:52:01.4704819Z  * [new tag]               alpha/v2.1.0a14         -> alpha/v2.1.0a14
2026-09-20T05:52:01.4704917Z  * [new tag]               alpha/v2.1.0a15         -> alpha/v2.1.0a15
2026-09-20T05:52:01.4705013Z  * [new tag]               alpha/v2.1.0a16         -> alpha/v2.1.0a16
2026-09-20T05:52:01.4705112Z  * [new tag]               alpha/v2.1.0a17         -> alpha/v2.1.0a17
2026-09-20T05:52:01.4705210Z  * [new tag]               alpha/v2.1.0a18         -> alpha/v2.1.0a18
2026-09-20T05:52:01.4705379Z  * [new tag]               alpha/v2.1.0a19         -> alpha/v2.1.0a19
2026-09-20T05:52:01.4705489Z  * [new tag]               alpha/v2.1.0a2          -> alpha/v2.1.0a2
2026-09-20T05:52:01.4705586Z  * [new tag]               alpha/v2.1.0a20         -> alpha/v2.1.0a20
2026-09-20T05:52:01.4705681Z  * [new tag]               alpha/v2.1.0a21         -> alpha/v2.1.0a21
2026-09-20T05:52:01.4705779Z  * [new tag]               alpha/v2.1.0a22         -> alpha/v2.1.0a22
2026-09-20T05:52:01.4705873Z  * [new tag]               alpha/v2.1.0a23         -> alpha/v2.1.0a23
2026-09-20T05:52:01.4705971Z  * [new tag]               alpha/v2.1.0a24         -> alpha/v2.1.0a24
2026-09-20T05:52:01.4706070Z  * [new tag]               alpha/v2.1.0a25         -> alpha/v2.1.0a25
2026-09-20T05:52:01.4706164Z  * [new tag]               alpha/v2.1.0a26         -> alpha/v2.1.0a26
2026-09-20T05:52:01.4706261Z  * [new tag]               alpha/v2.1.0a27         -> alpha/v2.1.0a27
2026-09-20T05:52:01.4706358Z  * [new tag]               alpha/v2.1.0a28         -> alpha/v2.1.0a28
2026-09-20T05:52:01.4706460Z  * [new tag]               alpha/v2.1.0a29         -> alpha/v2.1.0a29
2026-09-20T05:52:01.4706560Z  * [new tag]               alpha/v2.1.0a3          -> alpha/v2.1.0a3
2026-09-20T05:52:01.4706655Z  * [new tag]               alpha/v2.1.0a30         -> alpha/v2.1.0a30
2026-09-20T05:52:01.4706753Z  * [new tag]               alpha/v2.1.0a31         -> alpha/v2.1.0a31
2026-09-20T05:52:01.4706918Z  * [new tag]               alpha/v2.1.0a32         -> alpha/v2.1.0a32
2026-09-20T05:52:01.4707061Z  * [new tag]               alpha/v2.1.0a33         -> alpha/v2.1.0a33
2026-09-20T05:52:01.4707206Z  * [new tag]               alpha/v2.1.0a34         -> alpha/v2.1.0a34
2026-09-20T05:52:01.4707349Z  * [new tag]               alpha/v2.1.0a35         -> alpha/v2.1.0a35
2026-09-20T05:52:01.4707498Z  * [new tag]               alpha/v2.1.0a36         -> alpha/v2.1.0a36
2026-09-20T05:52:01.4707650Z  * [new tag]               alpha/v2.1.0a37         -> alpha/v2.1.0a37
2026-09-20T05:52:01.4707864Z  * [new tag]               alpha/v2.1.0a38         -> alpha/v2.1.0a38
2026-09-20T05:52:01.4708013Z  * [new tag]               alpha/v2.1.0a39         -> alpha/v2.1.0a39
2026-09-20T05:52:01.4708112Z  * [new tag]               alpha/v2.1.0a4          -> alpha/v2.1.0a4
2026-09-20T05:52:01.4708210Z  * [new tag]               alpha/v2.1.0a40         -> alpha/v2.1.0a40
2026-09-20T05:52:01.4708308Z  * [new tag]               alpha/v2.1.0a41         -> alpha/v2.1.0a41
2026-09-20T05:52:01.4708402Z  * [new tag]               alpha/v2.1.0a42         -> alpha/v2.1.0a42
2026-09-20T05:52:01.4708501Z  * [new tag]               alpha/v2.1.0a43         -> alpha/v2.1.0a43
2026-09-20T05:52:01.4708598Z  * [new tag]               alpha/v2.1.0a44         -> alpha/v2.1.0a44
2026-09-20T05:52:01.4708692Z  * [new tag]               alpha/v2.1.0a45         -> alpha/v2.1.0a45
2026-09-20T05:52:01.4708793Z  * [new tag]               alpha/v2.1.0a46         -> alpha/v2.1.0a46
2026-09-20T05:52:01.4708889Z  * [new tag]               alpha/v2.1.0a47         -> alpha/v2.1.0a47
2026-09-20T05:52:01.4708992Z  * [new tag]               alpha/v2.1.0a48         -> alpha/v2.1.0a48
2026-09-20T05:52:01.4709091Z  * [new tag]               alpha/v2.1.0a49         -> alpha/v2.1.0a49
2026-09-20T05:52:01.4709187Z  * [new tag]               alpha/v2.1.0a5          -> alpha/v2.1.0a5
2026-09-20T05:52:01.4709284Z  * [new tag]               alpha/v2.1.0a50         -> alpha/v2.1.0a50
2026-09-20T05:52:01.4709377Z  * [new tag]               alpha/v2.1.0a51         -> alpha/v2.1.0a51
2026-09-20T05:52:01.4709475Z  * [new tag]               alpha/v2.1.0a52         -> alpha/v2.1.0a52
2026-09-20T05:52:01.4709573Z  * [new tag]               alpha/v2.1.0a53         -> alpha/v2.1.0a53
2026-09-20T05:52:01.4709667Z  * [new tag]               alpha/v2.1.0a54         -> alpha/v2.1.0a54
2026-09-20T05:52:01.4709764Z  * [new tag]               alpha/v2.1.0a55         -> alpha/v2.1.0a55
2026-09-20T05:52:01.4709953Z  * [new tag]               alpha/v2.1.0a56         -> alpha/v2.1.0a56
2026-09-20T05:52:01.4710052Z  * [new tag]               alpha/v2.1.0a57         -> alpha/v2.1.0a57
2026-09-20T05:52:01.4710150Z  * [new tag]               alpha/v2.1.0a58         -> alpha/v2.1.0a58
2026-09-20T05:52:01.4710244Z  * [new tag]               alpha/v2.1.0a59         -> alpha/v2.1.0a59
2026-09-20T05:52:01.4710344Z  * [new tag]               alpha/v2.1.0a6          -> alpha/v2.1.0a6
2026-09-20T05:52:01.4710443Z  * [new tag]               alpha/v2.1.0a7          -> alpha/v2.1.0a7
2026-09-20T05:52:01.4710663Z  * [new tag]               alpha/v2.1.0a8          -> alpha/v2.1.0a8
2026-09-20T05:52:01.4710796Z  * [new tag]               alpha/v2.1.0a9          -> alpha/v2.1.0a9
2026-09-20T05:52:01.4710892Z  * [new tag]               alpha/v2.2.0a1          -> alpha/v2.2.0a1
2026-09-20T05:52:01.4710991Z  * [new tag]               alpha/v2.2.0a10         -> alpha/v2.2.0a10
2026-09-20T05:52:01.4711095Z  * [new tag]               alpha/v2.2.0a100        -> alpha/v2.2.0a100
2026-09-20T05:52:01.4711203Z  * [new tag]               alpha/v2.2.0a101        -> alpha/v2.2.0a101
2026-09-20T05:52:01.4711303Z  * [new tag]               alpha/v2.2.0a102        -> alpha/v2.2.0a102
2026-09-20T05:52:01.4711398Z  * [new tag]               alpha/v2.2.0a103        -> alpha/v2.2.0a103
2026-09-20T05:52:01.4711498Z  * [new tag]               alpha/v2.2.0a104        -> alpha/v2.2.0a104
2026-09-20T05:52:01.4711597Z  * [new tag]               alpha/v2.2.0a105        -> alpha/v2.2.0a105
2026-09-20T05:52:01.4711692Z  * [new tag]               alpha/v2.2.0a106        -> alpha/v2.2.0a106
2026-09-20T05:52:01.4711791Z  * [new tag]               alpha/v2.2.0a107        -> alpha/v2.2.0a107
2026-09-20T05:52:01.4711890Z  * [new tag]               alpha/v2.2.0a108        -> alpha/v2.2.0a108
2026-09-20T05:52:01.4711984Z  * [new tag]               alpha/v2.2.0a109        -> alpha/v2.2.0a109
2026-09-20T05:52:01.4712084Z  * [new tag]               alpha/v2.2.0a11         -> alpha/v2.2.0a11
2026-09-20T05:52:01.4712182Z  * [new tag]               alpha/v2.2.0a110        -> alpha/v2.2.0a110
2026-09-20T05:52:01.4712367Z  * [new tag]               alpha/v2.2.0a111        -> alpha/v2.2.0a111
2026-09-20T05:52:01.4712465Z  * [new tag]               alpha/v2.2.0a112        -> alpha/v2.2.0a112
2026-09-20T05:52:01.4712559Z  * [new tag]               alpha/v2.2.0a113        -> alpha/v2.2.0a113
2026-09-20T05:52:01.4712658Z  * [new tag]               alpha/v2.2.0a114        -> alpha/v2.2.0a114
2026-09-20T05:52:01.4712752Z  * [new tag]               alpha/v2.2.0a115        -> alpha/v2.2.0a115
2026-09-20T05:52:01.4712850Z  * [new tag]               alpha/v2.2.0a116        -> alpha/v2.2.0a116
2026-09-20T05:52:01.4712949Z  * [new tag]               alpha/v2.2.0a117        -> alpha/v2.2.0a117
2026-09-20T05:52:01.4713047Z  * [new tag]               alpha/v2.2.0a118        -> alpha/v2.2.0a118
2026-09-20T05:52:01.4713144Z  * [new tag]               alpha/v2.2.0a119        -> alpha/v2.2.0a119
2026-09-20T05:52:01.4713245Z  * [new tag]               alpha/v2.2.0a12         -> alpha/v2.2.0a12
2026-09-20T05:52:01.4713345Z  * [new tag]               alpha/v2.2.0a120        -> alpha/v2.2.0a120
2026-09-20T05:52:01.4713443Z  * [new tag]               alpha/v2.2.0a121        -> alpha/v2.2.0a121
2026-09-20T05:52:01.4713536Z  * [new tag]               alpha/v2.2.0a122        -> alpha/v2.2.0a122
2026-09-20T05:52:01.4713635Z  * [new tag]               alpha/v2.2.0a123        -> alpha/v2.2.0a123
2026-09-20T05:52:01.4713733Z  * [new tag]               alpha/v2.2.0a124        -> alpha/v2.2.0a124
2026-09-20T05:52:01.4713827Z  * [new tag]               alpha/v2.2.0a125        -> alpha/v2.2.0a125
2026-09-20T05:52:01.4713924Z  * [new tag]               alpha/v2.2.0a126        -> alpha/v2.2.0a126
2026-09-20T05:52:01.4714019Z  * [new tag]               alpha/v2.2.0a127        -> alpha/v2.2.0a127
2026-09-20T05:52:01.4714117Z  * [new tag]               alpha/v2.2.0a128        -> alpha/v2.2.0a128
2026-09-20T05:52:01.4714290Z  * [new tag]               alpha/v2.2.0a129        -> alpha/v2.2.0a129
2026-09-20T05:52:01.4714392Z  * [new tag]               alpha/v2.2.0a13         -> alpha/v2.2.0a13
2026-09-20T05:52:01.4714492Z  * [new tag]               alpha/v2.2.0a130        -> alpha/v2.2.0a130
2026-09-20T05:52:01.4714591Z  * [new tag]               alpha/v2.2.0a131        -> alpha/v2.2.0a131
2026-09-20T05:52:01.4714685Z  * [new tag]               alpha/v2.2.0a132        -> alpha/v2.2.0a132
2026-09-20T05:52:01.4714785Z  * [new tag]               alpha/v2.2.0a133        -> alpha/v2.2.0a133
2026-09-20T05:52:01.4714880Z  * [new tag]               alpha/v2.2.0a134        -> alpha/v2.2.0a134
2026-09-20T05:52:01.4714979Z  * [new tag]               alpha/v2.2.0a135        -> alpha/v2.2.0a135
2026-09-20T05:52:01.4715077Z  * [new tag]               alpha/v2.2.0a136        -> alpha/v2.2.0a136
2026-09-20T05:52:01.4715172Z  * [new tag]               alpha/v2.2.0a137        -> alpha/v2.2.0a137
2026-09-20T05:52:01.4715269Z  * [new tag]               alpha/v2.2.0a138        -> alpha/v2.2.0a138
2026-09-20T05:52:01.4715371Z  * [new tag]               alpha/v2.2.0a139        -> alpha/v2.2.0a139
2026-09-20T05:52:01.4715472Z  * [new tag]               alpha/v2.2.0a14         -> alpha/v2.2.0a14
2026-09-20T05:52:01.4715572Z  * [new tag]               alpha/v2.2.0a140        -> alpha/v2.2.0a140
2026-09-20T05:52:01.4715667Z  * [new tag]               alpha/v2.2.0a141        -> alpha/v2.2.0a141
2026-09-20T05:52:01.4715765Z  * [new tag]               alpha/v2.2.0a142        -> alpha/v2.2.0a142
2026-09-20T05:52:01.4715862Z  * [new tag]               alpha/v2.2.0a143        -> alpha/v2.2.0a143
2026-09-20T05:52:01.4715957Z  * [new tag]               alpha/v2.2.0a144        -> alpha/v2.2.0a144
2026-09-20T05:52:01.4716054Z  * [new tag]               alpha/v2.2.0a145        -> alpha/v2.2.0a145
2026-09-20T05:52:01.4716149Z  * [new tag]               alpha/v2.2.0a146        -> alpha/v2.2.0a146
2026-09-20T05:52:01.4716249Z  * [new tag]               alpha/v2.2.0a147        -> alpha/v2.2.0a147
2026-09-20T05:52:01.4716349Z  * [new tag]               alpha/v2.2.0a148        -> alpha/v2.2.0a148
2026-09-20T05:52:01.4716500Z  * [new tag]               alpha/v2.2.0a149        -> alpha/v2.2.0a149
2026-09-20T05:52:01.4716601Z  * [new tag]               alpha/v2.2.0a15         -> alpha/v2.2.0a15
2026-09-20T05:52:01.4716696Z  * [new tag]               alpha/v2.2.0a150        -> alpha/v2.2.0a150
2026-09-20T05:52:01.4716794Z  * [new tag]               alpha/v2.2.0a151        -> alpha/v2.2.0a151
2026-09-20T05:52:01.4716894Z  * [new tag]               alpha/v2.2.0a152        -> alpha/v2.2.0a152
2026-09-20T05:52:01.4716991Z  * [new tag]               alpha/v2.2.0a153        -> alpha/v2.2.0a153
2026-09-20T05:52:01.4717089Z  * [new tag]               alpha/v2.2.0a154        -> alpha/v2.2.0a154
2026-09-20T05:52:01.4717188Z  * [new tag]               alpha/v2.2.0a155        -> alpha/v2.2.0a155
2026-09-20T05:52:01.4717283Z  * [new tag]               alpha/v2.2.0a156        -> alpha/v2.2.0a156
2026-09-20T05:52:01.4717383Z  * [new tag]               alpha/v2.2.0a157        -> alpha/v2.2.0a157
2026-09-20T05:52:01.4717482Z  * [new tag]               alpha/v2.2.0a158        -> alpha/v2.2.0a158
2026-09-20T05:52:01.4717581Z  * [new tag]               alpha/v2.2.0a159        -> alpha/v2.2.0a159
2026-09-20T05:52:01.4717682Z  * [new tag]               alpha/v2.2.0a16         -> alpha/v2.2.0a16
2026-09-20T05:52:01.4717777Z  * [new tag]               alpha/v2.2.0a160        -> alpha/v2.2.0a160
2026-09-20T05:52:01.4717875Z  * [new tag]               alpha/v2.2.0a161        -> alpha/v2.2.0a161
2026-09-20T05:52:01.4717969Z  * [new tag]               alpha/v2.2.0a162        -> alpha/v2.2.0a162
2026-09-20T05:52:01.4718068Z  * [new tag]               alpha/v2.2.0a163        -> alpha/v2.2.0a163
2026-09-20T05:52:01.4718166Z  * [new tag]               alpha/v2.2.0a164        -> alpha/v2.2.0a164
2026-09-20T05:52:01.4718260Z  * [new tag]               alpha/v2.2.0a165        -> alpha/v2.2.0a165
2026-09-20T05:52:01.4718411Z  * [new tag]               alpha/v2.2.0a166        -> alpha/v2.2.0a166
2026-09-20T05:52:01.4718511Z  * [new tag]               alpha/v2.2.0a167        -> alpha/v2.2.0a167
2026-09-20T05:52:01.4718606Z  * [new tag]               alpha/v2.2.0a168        -> alpha/v2.2.0a168
2026-09-20T05:52:01.4718704Z  * [new tag]               alpha/v2.2.0a169        -> alpha/v2.2.0a169
2026-09-20T05:52:01.4718799Z  * [new tag]               alpha/v2.2.0a17         -> alpha/v2.2.0a17
2026-09-20T05:52:01.4718898Z  * [new tag]               alpha/v2.2.0a170        -> alpha/v2.2.0a170
2026-09-20T05:52:01.4718998Z  * [new tag]               alpha/v2.2.0a18         -> alpha/v2.2.0a18
2026-09-20T05:52:01.4719095Z  * [new tag]               alpha/v2.2.0a19         -> alpha/v2.2.0a19
2026-09-20T05:52:01.4719194Z  * [new tag]               alpha/v2.2.0a2          -> alpha/v2.2.0a2
2026-09-20T05:52:01.4719289Z  * [new tag]               alpha/v2.2.0a20         -> alpha/v2.2.0a20
2026-09-20T05:52:01.4719389Z  * [new tag]               alpha/v2.2.0a21         -> alpha/v2.2.0a21
2026-09-20T05:52:01.4719492Z  * [new tag]               alpha/v2.2.0a22         -> alpha/v2.2.0a22
2026-09-20T05:52:01.4719586Z  * [new tag]               alpha/v2.2.0a23         -> alpha/v2.2.0a23
2026-09-20T05:52:01.4719685Z  * [new tag]               alpha/v2.2.0a24         -> alpha/v2.2.0a24
2026-09-20T05:52:01.4719780Z  * [new tag]               alpha/v2.2.0a25         -> alpha/v2.2.0a25
2026-09-20T05:52:01.4719878Z  * [new tag]               alpha/v2.2.0a26         -> alpha/v2.2.0a26
2026-09-20T05:52:01.4719979Z  * [new tag]               alpha/v2.2.0a27         -> alpha/v2.2.0a27
2026-09-20T05:52:01.4720073Z  * [new tag]               alpha/v2.2.0a28         -> alpha/v2.2.0a28
2026-09-20T05:52:01.4720171Z  * [new tag]               alpha/v2.2.0a29         -> alpha/v2.2.0a29
2026-09-20T05:52:01.4720270Z  * [new tag]               alpha/v2.2.0a3          -> alpha/v2.2.0a3
2026-09-20T05:52:01.4720365Z  * [new tag]               alpha/v2.2.0a30         -> alpha/v2.2.0a30
2026-09-20T05:52:01.4720466Z  * [new tag]               alpha/v2.2.0a31         -> alpha/v2.2.0a31
2026-09-20T05:52:01.4720730Z  * [new tag]               alpha/v2.2.0a32         -> alpha/v2.2.0a32
2026-09-20T05:52:01.4720828Z  * [new tag]               alpha/v2.2.0a33         -> alpha/v2.2.0a33
2026-09-20T05:52:01.4720930Z  * [new tag]               alpha/v2.2.0a34         -> alpha/v2.2.0a34
2026-09-20T05:52:01.4721024Z  * [new tag]               alpha/v2.2.0a35         -> alpha/v2.2.0a35
2026-09-20T05:52:01.4721123Z  * [new tag]               alpha/v2.2.0a36         -> alpha/v2.2.0a36
2026-09-20T05:52:01.4721218Z  * [new tag]               alpha/v2.2.0a37         -> alpha/v2.2.0a37
2026-09-20T05:52:01.4721316Z  * [new tag]               alpha/v2.2.0a38         -> alpha/v2.2.0a38
2026-09-20T05:52:01.4721414Z  * [new tag]               alpha/v2.2.0a39         -> alpha/v2.2.0a39
2026-09-20T05:52:01.4721510Z  * [new tag]               alpha/v2.2.0a4          -> alpha/v2.2.0a4
2026-09-20T05:52:01.4721612Z  * [new tag]               alpha/v2.2.0a40         -> alpha/v2.2.0a40
2026-09-20T05:52:01.4721715Z  * [new tag]               alpha/v2.2.0a41         -> alpha/v2.2.0a41
2026-09-20T05:52:01.4721811Z  * [new tag]               alpha/v2.2.0a42         -> alpha/v2.2.0a42
2026-09-20T05:52:01.4721909Z  * [new tag]               alpha/v2.2.0a43         -> alpha/v2.2.0a43
2026-09-20T05:52:01.4722003Z  * [new tag]               alpha/v2.2.0a44         -> alpha/v2.2.0a44
2026-09-20T05:52:01.4722102Z  * [new tag]               alpha/v2.2.0a45         -> alpha/v2.2.0a45
2026-09-20T05:52:01.4722199Z  * [new tag]               alpha/v2.2.0a46         -> alpha/v2.2.0a46
2026-09-20T05:52:01.4722294Z  * [new tag]               alpha/v2.2.0a47         -> alpha/v2.2.0a47
2026-09-20T05:52:01.4722392Z  * [new tag]               alpha/v2.2.0a48         -> alpha/v2.2.0a48
2026-09-20T05:52:01.4722487Z  * [new tag]               alpha/v2.2.0a49         -> alpha/v2.2.0a49
2026-09-20T05:52:01.4722586Z  * [new tag]               alpha/v2.2.0a5          -> alpha/v2.2.0a5
2026-09-20T05:52:01.4722762Z  * [new tag]               alpha/v2.2.0a50         -> alpha/v2.2.0a50
2026-09-20T05:52:01.4722860Z  * [new tag]               alpha/v2.2.0a51         -> alpha/v2.2.0a51
2026-09-20T05:52:01.4722958Z  * [new tag]               alpha/v2.2.0a52         -> alpha/v2.2.0a52
2026-09-20T05:52:01.4723054Z  * [new tag]               alpha/v2.2.0a53         -> alpha/v2.2.0a53
2026-09-20T05:52:01.4723148Z  * [new tag]               alpha/v2.2.0a54         -> alpha/v2.2.0a54
2026-09-20T05:52:01.4723246Z  * [new tag]               alpha/v2.2.0a55         -> alpha/v2.2.0a55
2026-09-20T05:52:01.4723340Z  * [new tag]               alpha/v2.2.0a56         -> alpha/v2.2.0a56
2026-09-20T05:52:01.4723436Z  * [new tag]               alpha/v2.2.0a57         -> alpha/v2.2.0a57
2026-09-20T05:52:01.4723532Z  * [new tag]               alpha/v2.2.0a58         -> alpha/v2.2.0a58
2026-09-20T05:52:01.4723625Z  * [new tag]               alpha/v2.2.0a59         -> alpha/v2.2.0a59
2026-09-20T05:52:01.4723727Z  * [new tag]               alpha/v2.2.0a6          -> alpha/v2.2.0a6
2026-09-20T05:52:01.4723825Z  * [new tag]               alpha/v2.2.0a60         -> alpha/v2.2.0a60
2026-09-20T05:52:01.4723918Z  * [new tag]               alpha/v2.2.0a61         -> alpha/v2.2.0a61
2026-09-20T05:52:01.4724013Z  * [new tag]               alpha/v2.2.0a62         -> alpha/v2.2.0a62
2026-09-20T05:52:01.4724107Z  * [new tag]               alpha/v2.2.0a63         -> alpha/v2.2.0a63
2026-09-20T05:52:01.4724203Z  * [new tag]               alpha/v2.2.0a64         -> alpha/v2.2.0a64
2026-09-20T05:52:01.4724298Z  * [new tag]               alpha/v2.2.0a65         -> alpha/v2.2.0a65
2026-09-20T05:52:01.4724392Z  * [new tag]               alpha/v2.2.0a66         -> alpha/v2.2.0a66
2026-09-20T05:52:01.4724488Z  * [new tag]               alpha/v2.2.0a67         -> alpha/v2.2.0a67
2026-09-20T05:52:01.4724580Z  * [new tag]               alpha/v2.2.0a68         -> alpha/v2.2.0a68
2026-09-20T05:52:01.4724679Z  * [new tag]               alpha/v2.2.0a69         -> alpha/v2.2.0a69
2026-09-20T05:52:01.4724841Z  * [new tag]               alpha/v2.2.0a7          -> alpha/v2.2.0a7
2026-09-20T05:52:01.4724934Z  * [new tag]               alpha/v2.2.0a70         -> alpha/v2.2.0a70
2026-09-20T05:52:01.4725030Z  * [new tag]               alpha/v2.2.0a71         -> alpha/v2.2.0a71
2026-09-20T05:52:01.4725125Z  * [new tag]               alpha/v2.2.0a72         -> alpha/v2.2.0a72
2026-09-20T05:52:01.4725218Z  * [new tag]               alpha/v2.2.0a73         -> alpha/v2.2.0a73
2026-09-20T05:52:01.4725313Z  * [new tag]               alpha/v2.2.0a74         -> alpha/v2.2.0a74
2026-09-20T05:52:01.4725406Z  * [new tag]               alpha/v2.2.0a75         -> alpha/v2.2.0a75
2026-09-20T05:52:01.4725502Z  * [new tag]               alpha/v2.2.0a76         -> alpha/v2.2.0a76
2026-09-20T05:52:01.4725616Z  * [new tag]               alpha/v2.2.0a77         -> alpha/v2.2.0a77
2026-09-20T05:52:01.4725709Z  * [new tag]               alpha/v2.2.0a78         -> alpha/v2.2.0a78
2026-09-20T05:52:01.4725808Z  * [new tag]               alpha/v2.2.0a79         -> alpha/v2.2.0a79
2026-09-20T05:52:01.4725905Z  * [new tag]               alpha/v2.2.0a8          -> alpha/v2.2.0a8
2026-09-20T05:52:01.4726001Z  * [new tag]               alpha/v2.2.0a80         -> alpha/v2.2.0a80
2026-09-20T05:52:01.4726097Z  * [new tag]               alpha/v2.2.0a81         -> alpha/v2.2.0a81
2026-09-20T05:52:01.4726191Z  * [new tag]               alpha/v2.2.0a82         -> alpha/v2.2.0a82
2026-09-20T05:52:01.4726287Z  * [new tag]               alpha/v2.2.0a83         -> alpha/v2.2.0a83
2026-09-20T05:52:01.4726382Z  * [new tag]               alpha/v2.2.0a84         -> alpha/v2.2.0a84
2026-09-20T05:52:01.4726475Z  * [new tag]               alpha/v2.2.0a85         -> alpha/v2.2.0a85
2026-09-20T05:52:01.4726571Z  * [new tag]               alpha/v2.2.0a86         -> alpha/v2.2.0a86
2026-09-20T05:52:01.4726666Z  * [new tag]               alpha/v2.2.0a87         -> alpha/v2.2.0a87
2026-09-20T05:52:01.4726824Z  * [new tag]               alpha/v2.2.0a88         -> alpha/v2.2.0a88
2026-09-20T05:52:01.4726925Z  * [new tag]               alpha/v2.2.0a89         -> alpha/v2.2.0a89
2026-09-20T05:52:01.4727018Z  * [new tag]               alpha/v2.2.0a9          -> alpha/v2.2.0a9
2026-09-20T05:52:01.4727113Z  * [new tag]               alpha/v2.2.0a90         -> alpha/v2.2.0a90
2026-09-20T05:52:01.4727207Z  * [new tag]               alpha/v2.2.0a91         -> alpha/v2.2.0a91
2026-09-20T05:52:01.4727302Z  * [new tag]               alpha/v2.2.0a92         -> alpha/v2.2.0a92
2026-09-20T05:52:01.4727398Z  * [new tag]               alpha/v2.2.0a93         -> alpha/v2.2.0a93
2026-09-20T05:52:01.4727491Z  * [new tag]               alpha/v2.2.0a94         -> alpha/v2.2.0a94
2026-09-20T05:52:01.4727588Z  * [new tag]               alpha/v2.2.0a95         -> alpha/v2.2.0a95
2026-09-20T05:52:01.4727682Z  * [new tag]               alpha/v2.2.0a96         -> alpha/v2.2.0a96
2026-09-20T05:52:01.4727781Z  * [new tag]               alpha/v2.2.0a97         -> alpha/v2.2.0a97
2026-09-20T05:52:01.4727918Z  * [new tag]               alpha/v2.2.0a98         -> alpha/v2.2.0a98
2026-09-20T05:52:01.4728069Z  * [new tag]               alpha/v2.2.0a99         -> alpha/v2.2.0a99
2026-09-20T05:52:01.4728216Z  * [new tag]               alpha/v3.0.0a1          -> alpha/v3.0.0a1
2026-09-20T05:52:01.4728361Z  * [new tag]               alpha/v3.0.0a10         -> alpha/v3.0.0a10
2026-09-20T05:52:01.4728508Z  * [new tag]               alpha/v3.0.0a100        -> alpha/v3.0.0a100
2026-09-20T05:52:01.4728656Z  * [new tag]               alpha/v3.0.0a101        -> alpha/v3.0.0a101
2026-09-20T05:52:01.4728792Z  * [new tag]               alpha/v3.0.0a102        -> alpha/v3.0.0a102
2026-09-20T05:52:01.4728892Z  * [new tag]               alpha/v3.0.0a103        -> alpha/v3.0.0a103
2026-09-20T05:52:01.4728989Z  * [new tag]               alpha/v3.0.0a104        -> alpha/v3.0.0a104
2026-09-20T05:52:01.4729082Z  * [new tag]               alpha/v3.0.0a105        -> alpha/v3.0.0a105
2026-09-20T05:52:01.4729181Z  * [new tag]               alpha/v3.0.0a106        -> alpha/v3.0.0a106
2026-09-20T05:52:01.4729333Z  * [new tag]               alpha/v3.0.0a107        -> alpha/v3.0.0a107
2026-09-20T05:52:01.4729430Z  * [new tag]               alpha/v3.0.0a108        -> alpha/v3.0.0a108
2026-09-20T05:52:01.4729526Z  * [new tag]               alpha/v3.0.0a109        -> alpha/v3.0.0a109
2026-09-20T05:52:01.4729620Z  * [new tag]               alpha/v3.0.0a11         -> alpha/v3.0.0a11
2026-09-20T05:52:01.4729716Z  * [new tag]               alpha/v3.0.0a110        -> alpha/v3.0.0a110
2026-09-20T05:52:01.4729814Z  * [new tag]               alpha/v3.0.0a111        -> alpha/v3.0.0a111
2026-09-20T05:52:01.4729907Z  * [new tag]               alpha/v3.0.0a112        -> alpha/v3.0.0a112
2026-09-20T05:52:01.4730004Z  * [new tag]               alpha/v3.0.0a113        -> alpha/v3.0.0a113
2026-09-20T05:52:01.4730097Z  * [new tag]               alpha/v3.0.0a114        -> alpha/v3.0.0a114
2026-09-20T05:52:01.4730197Z  * [new tag]               alpha/v3.0.0a115        -> alpha/v3.0.0a115
2026-09-20T05:52:01.4730297Z  * [new tag]               alpha/v3.0.0a116        -> alpha/v3.0.0a116
2026-09-20T05:52:01.4730391Z  * [new tag]               alpha/v3.0.0a117        -> alpha/v3.0.0a117
2026-09-20T05:52:01.4730487Z  * [new tag]               alpha/v3.0.0a118        -> alpha/v3.0.0a118
2026-09-20T05:52:01.4730685Z  * [new tag]               alpha/v3.0.0a119        -> alpha/v3.0.0a119
2026-09-20T05:52:01.4730782Z  * [new tag]               alpha/v3.0.0a12         -> alpha/v3.0.0a12
2026-09-20T05:52:01.4730877Z  * [new tag]               alpha/v3.0.0a120        -> alpha/v3.0.0a120
2026-09-20T05:52:01.4730971Z  * [new tag]               alpha/v3.0.0a121        -> alpha/v3.0.0a121
2026-09-20T05:52:01.4731066Z  * [new tag]               alpha/v3.0.0a122        -> alpha/v3.0.0a122
2026-09-20T05:52:01.4731163Z  * [new tag]               alpha/v3.0.0a123        -> alpha/v3.0.0a123
2026-09-20T05:52:01.4731337Z  * [new tag]               alpha/v3.0.0a124        -> alpha/v3.0.0a124
2026-09-20T05:52:01.4731440Z  * [new tag]               alpha/v3.0.0a125        -> alpha/v3.0.0a125
2026-09-20T05:52:01.4731533Z  * [new tag]               alpha/v3.0.0a126        -> alpha/v3.0.0a126
2026-09-20T05:52:01.4731632Z  * [new tag]               alpha/v3.0.0a127        -> alpha/v3.0.0a127
2026-09-20T05:52:01.4731729Z  * [new tag]               alpha/v3.0.0a128        -> alpha/v3.0.0a128
2026-09-20T05:52:01.4731823Z  * [new tag]               alpha/v3.0.0a129        -> alpha/v3.0.0a129
2026-09-20T05:52:01.4731920Z  * [new tag]               alpha/v3.0.0a13         -> alpha/v3.0.0a13
2026-09-20T05:52:01.4732015Z  * [new tag]               alpha/v3.0.0a130        -> alpha/v3.0.0a130
2026-09-20T05:52:01.4732111Z  * [new tag]               alpha/v3.0.0a131        -> alpha/v3.0.0a131
2026-09-20T05:52:01.4732207Z  * [new tag]               alpha/v3.0.0a132        -> alpha/v3.0.0a132
2026-09-20T05:52:01.4732305Z  * [new tag]               alpha/v3.0.0a133        -> alpha/v3.0.0a133
2026-09-20T05:52:01.4732403Z  * [new tag]               alpha/v3.0.0a134        -> alpha/v3.0.0a134
2026-09-20T05:52:01.4732500Z  * [new tag]               alpha/v3.0.0a135        -> alpha/v3.0.0a135
2026-09-20T05:52:01.4732594Z  * [new tag]               alpha/v3.0.0a136        -> alpha/v3.0.0a136
2026-09-20T05:52:01.4732689Z  * [new tag]               alpha/v3.0.0a137        -> alpha/v3.0.0a137
2026-09-20T05:52:01.4732782Z  * [new tag]               alpha/v3.0.0a138        -> alpha/v3.0.0a138
2026-09-20T05:52:01.4732878Z  * [new tag]               alpha/v3.0.0a139        -> alpha/v3.0.0a139
2026-09-20T05:52:01.4732975Z  * [new tag]               alpha/v3.0.0a14         -> alpha/v3.0.0a14
2026-09-20T05:52:01.4733070Z  * [new tag]               alpha/v3.0.0a140        -> alpha/v3.0.0a140
2026-09-20T05:52:01.4733166Z  * [new tag]               alpha/v3.0.0a141        -> alpha/v3.0.0a141
2026-09-20T05:52:01.4733261Z  * [new tag]               alpha/v3.0.0a142        -> alpha/v3.0.0a142
2026-09-20T05:52:01.4733359Z  * [new tag]               alpha/v3.0.0a143        -> alpha/v3.0.0a143
2026-09-20T05:52:01.4733535Z  * [new tag]               alpha/v3.0.0a144        -> alpha/v3.0.0a144
2026-09-20T05:52:01.4733628Z  * [new tag]               alpha/v3.0.0a145        -> alpha/v3.0.0a145
2026-09-20T05:52:01.4733724Z  * [new tag]               alpha/v3.0.0a146        -> alpha/v3.0.0a146
2026-09-20T05:52:01.4733818Z  * [new tag]               alpha/v3.0.0a147        -> alpha/v3.0.0a147
2026-09-20T05:52:01.4733912Z  * [new tag]               alpha/v3.0.0a148        -> alpha/v3.0.0a148
2026-09-20T05:52:01.4734008Z  * [new tag]               alpha/v3.0.0a149        -> alpha/v3.0.0a149
2026-09-20T05:52:01.4734102Z  * [new tag]               alpha/v3.0.0a15         -> alpha/v3.0.0a15
2026-09-20T05:52:01.4734199Z  * [new tag]               alpha/v3.0.0a150        -> alpha/v3.0.0a150
2026-09-20T05:52:01.4734296Z  * [new tag]               alpha/v3.0.0a151        -> alpha/v3.0.0a151
2026-09-20T05:52:01.4734393Z  * [new tag]               alpha/v3.0.0a152        -> alpha/v3.0.0a152
2026-09-20T05:52:01.4734494Z  * [new tag]               alpha/v3.0.0a153        -> alpha/v3.0.0a153
2026-09-20T05:52:01.4734587Z  * [new tag]               alpha/v3.0.0a154        -> alpha/v3.0.0a154
2026-09-20T05:52:01.4734684Z  * [new tag]               alpha/v3.0.0a155        -> alpha/v3.0.0a155
2026-09-20T05:52:01.4734780Z  * [new tag]               alpha/v3.0.0a156        -> alpha/v3.0.0a156
2026-09-20T05:52:01.4734873Z  * [new tag]               alpha/v3.0.0a157        -> alpha/v3.0.0a157
2026-09-20T05:52:01.4734969Z  * [new tag]               alpha/v3.0.0a158        -> alpha/v3.0.0a158
2026-09-20T05:52:01.4735065Z  * [new tag]               alpha/v3.0.0a159        -> alpha/v3.0.0a159
2026-09-20T05:52:01.4735161Z  * [new tag]               alpha/v3.0.0a16         -> alpha/v3.0.0a16
2026-09-20T05:52:01.4735256Z  * [new tag]               alpha/v3.0.0a160        -> alpha/v3.0.0a160
2026-09-20T05:52:01.4735403Z  * [new tag]               alpha/v3.0.0a161        -> alpha/v3.0.0a161
2026-09-20T05:52:01.4735503Z  * [new tag]               alpha/v3.0.0a162        -> alpha/v3.0.0a162
2026-09-20T05:52:01.4735599Z  * [new tag]               alpha/v3.0.0a163        -> alpha/v3.0.0a163
2026-09-20T05:52:01.4735695Z  * [new tag]               alpha/v3.0.0a164        -> alpha/v3.0.0a164
2026-09-20T05:52:01.4735791Z  * [new tag]               alpha/v3.0.0a165        -> alpha/v3.0.0a165
2026-09-20T05:52:01.4735885Z  * [new tag]               alpha/v3.0.0a166        -> alpha/v3.0.0a166
2026-09-20T05:52:01.4735982Z  * [new tag]               alpha/v3.0.0a167        -> alpha/v3.0.0a167
2026-09-20T05:52:01.4736078Z  * [new tag]               alpha/v3.0.0a168        -> alpha/v3.0.0a168
2026-09-20T05:52:01.4736173Z  * [new tag]               alpha/v3.0.0a169        -> alpha/v3.0.0a169
2026-09-20T05:52:01.4736271Z  * [new tag]               alpha/v3.0.0a17         -> alpha/v3.0.0a17
2026-09-20T05:52:01.4736369Z  * [new tag]               alpha/v3.0.0a170        -> alpha/v3.0.0a170
2026-09-20T05:52:01.4736465Z  * [new tag]               alpha/v3.0.0a171        -> alpha/v3.0.0a171
2026-09-20T05:52:01.4736560Z  * [new tag]               alpha/v3.0.0a172        -> alpha/v3.0.0a172
2026-09-20T05:52:01.4736655Z  * [new tag]               alpha/v3.0.0a173        -> alpha/v3.0.0a173
2026-09-20T05:52:01.4736751Z  * [new tag]               alpha/v3.0.0a174        -> alpha/v3.0.0a174
2026-09-20T05:52:01.4736846Z  * [new tag]               alpha/v3.0.0a175        -> alpha/v3.0.0a175
2026-09-20T05:52:01.4736940Z  * [new tag]               alpha/v3.0.0a176        -> alpha/v3.0.0a176
2026-09-20T05:52:01.4737035Z  * [new tag]               alpha/v3.0.0a177        -> alpha/v3.0.0a177
2026-09-20T05:52:01.4737128Z  * [new tag]               alpha/v3.0.0a178        -> alpha/v3.0.0a178
2026-09-20T05:52:01.4737224Z  * [new tag]               alpha/v3.0.0a179        -> alpha/v3.0.0a179
2026-09-20T05:52:01.4737321Z  * [new tag]               alpha/v3.0.0a18         -> alpha/v3.0.0a18
2026-09-20T05:52:01.4737416Z  * [new tag]               alpha/v3.0.0a180        -> alpha/v3.0.0a180
2026-09-20T05:52:01.4737585Z  * [new tag]               alpha/v3.0.0a181        -> alpha/v3.0.0a181
2026-09-20T05:52:01.4737680Z  * [new tag]               alpha/v3.0.0a182        -> alpha/v3.0.0a182
2026-09-20T05:52:01.4737774Z  * [new tag]               alpha/v3.0.0a183        -> alpha/v3.0.0a183
2026-09-20T05:52:01.4737870Z  * [new tag]               alpha/v3.0.0a184        -> alpha/v3.0.0a184
2026-09-20T05:52:01.4737963Z  * [new tag]               alpha/v3.0.0a185        -> alpha/v3.0.0a185
2026-09-20T05:52:01.4738059Z  * [new tag]               alpha/v3.0.0a186        -> alpha/v3.0.0a186
2026-09-20T05:52:01.4738155Z  * [new tag]               alpha/v3.0.0a187        -> alpha/v3.0.0a187
2026-09-20T05:52:01.4738249Z  * [new tag]               alpha/v3.0.0a188        -> alpha/v3.0.0a188
2026-09-20T05:52:01.4738345Z  * [new tag]               alpha/v3.0.0a189        -> alpha/v3.0.0a189
2026-09-20T05:52:01.4738442Z  * [new tag]               alpha/v3.0.0a19         -> alpha/v3.0.0a19
2026-09-20T05:52:01.4738543Z  * [new tag]               alpha/v3.0.0a190        -> alpha/v3.0.0a190
2026-09-20T05:52:01.4738639Z  * [new tag]               alpha/v3.0.0a191        -> alpha/v3.0.0a191
2026-09-20T05:52:01.4738733Z  * [new tag]               alpha/v3.0.0a192        -> alpha/v3.0.0a192
2026-09-20T05:52:01.4738829Z  * [new tag]               alpha/v3.0.0a193        -> alpha/v3.0.0a193
2026-09-20T05:52:01.4738923Z  * [new tag]               alpha/v3.0.0a194        -> alpha/v3.0.0a194
2026-09-20T05:52:01.4739021Z  * [new tag]               alpha/v3.0.0a195        -> alpha/v3.0.0a195
2026-09-20T05:52:01.4739118Z  * [new tag]               alpha/v3.0.0a196        -> alpha/v3.0.0a196
2026-09-20T05:52:01.4739211Z  * [new tag]               alpha/v3.0.0a197        -> alpha/v3.0.0a197
2026-09-20T05:52:01.4739308Z  * [new tag]               alpha/v3.0.0a198        -> alpha/v3.0.0a198
2026-09-20T05:52:01.4739457Z  * [new tag]               alpha/v3.0.0a199        -> alpha/v3.0.0a199
2026-09-20T05:52:01.4739557Z  * [new tag]               alpha/v3.0.0a2          -> alpha/v3.0.0a2
2026-09-20T05:52:01.4739654Z  * [new tag]               alpha/v3.0.0a20         -> alpha/v3.0.0a20
2026-09-20T05:52:01.4739748Z  * [new tag]               alpha/v3.0.0a200        -> alpha/v3.0.0a200
2026-09-20T05:52:01.4739847Z  * [new tag]               alpha/v3.0.0a201        -> alpha/v3.0.0a201
2026-09-20T05:52:01.4739943Z  * [new tag]               alpha/v3.0.0a202        -> alpha/v3.0.0a202
2026-09-20T05:52:01.4740036Z  * [new tag]               alpha/v3.0.0a203        -> alpha/v3.0.0a203
2026-09-20T05:52:01.4740135Z  * [new tag]               alpha/v3.0.0a204        -> alpha/v3.0.0a204
2026-09-20T05:52:01.4740228Z  * [new tag]               alpha/v3.0.0a205        -> alpha/v3.0.0a205
2026-09-20T05:52:01.4740325Z  * [new tag]               alpha/v3.0.0a206        -> alpha/v3.0.0a206
2026-09-20T05:52:01.4740423Z  * [new tag]               alpha/v3.0.0a207        -> alpha/v3.0.0a207
2026-09-20T05:52:01.4740606Z  * [new tag]               alpha/v3.0.0a208        -> alpha/v3.0.0a208
2026-09-20T05:52:01.4740704Z  * [new tag]               alpha/v3.0.0a209        -> alpha/v3.0.0a209
2026-09-20T05:52:01.4740801Z  * [new tag]               alpha/v3.0.0a21         -> alpha/v3.0.0a21
2026-09-20T05:52:01.4740894Z  * [new tag]               alpha/v3.0.0a210        -> alpha/v3.0.0a210
2026-09-20T05:52:01.4740989Z  * [new tag]               alpha/v3.0.0a211        -> alpha/v3.0.0a211
2026-09-20T05:52:01.4741082Z  * [new tag]               alpha/v3.0.0a212        -> alpha/v3.0.0a212
2026-09-20T05:52:01.4741179Z  * [new tag]               alpha/v3.0.0a213        -> alpha/v3.0.0a213
2026-09-20T05:52:01.4741275Z  * [new tag]               alpha/v3.0.0a214        -> alpha/v3.0.0a214
2026-09-20T05:52:01.4741367Z  * [new tag]               alpha/v3.0.0a215        -> alpha/v3.0.0a215
2026-09-20T05:52:01.4741463Z  * [new tag]               alpha/v3.0.0a216        -> alpha/v3.0.0a216
2026-09-20T05:52:01.4741561Z  * [new tag]               alpha/v3.0.0a217        -> alpha/v3.0.0a217
2026-09-20T05:52:01.4741740Z  * [new tag]               alpha/v3.0.0a218        -> alpha/v3.0.0a218
2026-09-20T05:52:01.4741837Z  * [new tag]               alpha/v3.0.0a219        -> alpha/v3.0.0a219
2026-09-20T05:52:01.4741932Z  * [new tag]               alpha/v3.0.0a22         -> alpha/v3.0.0a22
2026-09-20T05:52:01.4742029Z  * [new tag]               alpha/v3.0.0a220        -> alpha/v3.0.0a220
2026-09-20T05:52:01.4742125Z  * [new tag]               alpha/v3.0.0a221        -> alpha/v3.0.0a221
2026-09-20T05:52:01.4742220Z  * [new tag]               alpha/v3.0.0a222        -> alpha/v3.0.0a222
2026-09-20T05:52:01.4742315Z  * [new tag]               alpha/v3.0.0a223        -> alpha/v3.0.0a223
2026-09-20T05:52:01.4742410Z  * [new tag]               alpha/v3.0.0a224        -> alpha/v3.0.0a224
2026-09-20T05:52:01.4742506Z  * [new tag]               alpha/v3.0.0a225        -> alpha/v3.0.0a225
2026-09-20T05:52:01.4742607Z  * [new tag]               alpha/v3.0.0a226        -> alpha/v3.0.0a226
2026-09-20T05:52:01.4742704Z  * [new tag]               alpha/v3.0.0a227        -> alpha/v3.0.0a227
2026-09-20T05:52:01.4742800Z  * [new tag]               alpha/v3.0.0a228        -> alpha/v3.0.0a228
2026-09-20T05:52:01.4742893Z  * [new tag]               alpha/v3.0.0a229        -> alpha/v3.0.0a229
2026-09-20T05:52:01.4742990Z  * [new tag]               alpha/v3.0.0a23         -> alpha/v3.0.0a23
2026-09-20T05:52:01.4743087Z  * [new tag]               alpha/v3.0.0a230        -> alpha/v3.0.0a230
2026-09-20T05:52:01.4743180Z  * [new tag]               alpha/v3.0.0a231        -> alpha/v3.0.0a231
2026-09-20T05:52:01.4743277Z  * [new tag]               alpha/v3.0.0a232        -> alpha/v3.0.0a232
2026-09-20T05:52:01.4743375Z  * [new tag]               alpha/v3.0.0a233        -> alpha/v3.0.0a233
2026-09-20T05:52:01.4743469Z  * [new tag]               alpha/v3.0.0a234        -> alpha/v3.0.0a234
2026-09-20T05:52:01.4743673Z  * [new tag]               alpha/v3.0.0a235        -> alpha/v3.0.0a235
2026-09-20T05:52:01.4743771Z  * [new tag]               alpha/v3.0.0a236        -> alpha/v3.0.0a236
2026-09-20T05:52:01.4743869Z  * [new tag]               alpha/v3.0.0a237        -> alpha/v3.0.0a237
2026-09-20T05:52:01.4743967Z  * [new tag]               alpha/v3.0.0a238        -> alpha/v3.0.0a238
2026-09-20T05:52:01.4744060Z  * [new tag]               alpha/v3.0.0a239        -> alpha/v3.0.0a239
2026-09-20T05:52:01.4744157Z  * [new tag]               alpha/v3.0.0a24         -> alpha/v3.0.0a24
2026-09-20T05:52:01.4744252Z  * [new tag]               alpha/v3.0.0a240        -> alpha/v3.0.0a240
2026-09-20T05:52:01.4744351Z  * [new tag]               alpha/v3.0.0a241        -> alpha/v3.0.0a241
2026-09-20T05:52:01.4744448Z  * [new tag]               alpha/v3.0.0a242        -> alpha/v3.0.0a242
2026-09-20T05:52:01.4744541Z  * [new tag]               alpha/v3.0.0a243        -> alpha/v3.0.0a243
2026-09-20T05:52:01.4744643Z  * [new tag]               alpha/v3.0.0a244        -> alpha/v3.0.0a244
2026-09-20T05:52:01.4744742Z  * [new tag]               alpha/v3.0.0a245        -> alpha/v3.0.0a245
2026-09-20T05:52:01.4744836Z  * [new tag]               alpha/v3.0.0a246        -> alpha/v3.0.0a246
2026-09-20T05:52:01.4744933Z  * [new tag]               alpha/v3.0.0a247        -> alpha/v3.0.0a247
2026-09-20T05:52:01.4745026Z  * [new tag]               alpha/v3.0.0a248        -> alpha/v3.0.0a248
2026-09-20T05:52:01.4745122Z  * [new tag]               alpha/v3.0.0a249        -> alpha/v3.0.0a249
2026-09-20T05:52:01.4745218Z  * [new tag]               alpha/v3.0.0a25         -> alpha/v3.0.0a25
2026-09-20T05:52:01.4745312Z  * [new tag]               alpha/v3.0.0a250        -> alpha/v3.0.0a250
2026-09-20T05:52:01.4745409Z  * [new tag]               alpha/v3.0.0a251        -> alpha/v3.0.0a251
2026-09-20T05:52:01.4745502Z  * [new tag]               alpha/v3.0.0a252        -> alpha/v3.0.0a252
2026-09-20T05:52:01.4745598Z  * [new tag]               alpha/v3.0.0a253        -> alpha/v3.0.0a253
2026-09-20T05:52:01.4745696Z  * [new tag]               alpha/v3.0.0a254        -> alpha/v3.0.0a254
2026-09-20T05:52:01.4745843Z  * [new tag]               alpha/v3.0.0a255        -> alpha/v3.0.0a255
2026-09-20T05:52:01.4745942Z  * [new tag]               alpha/v3.0.0a256        -> alpha/v3.0.0a256
2026-09-20T05:52:01.4746036Z  * [new tag]               alpha/v3.0.0a257        -> alpha/v3.0.0a257
2026-09-20T05:52:01.4746130Z  * [new tag]               alpha/v3.0.0a258        -> alpha/v3.0.0a258
2026-09-20T05:52:01.4746226Z  * [new tag]               alpha/v3.0.0a259        -> alpha/v3.0.0a259
2026-09-20T05:52:01.4746320Z  * [new tag]               alpha/v3.0.0a26         -> alpha/v3.0.0a26
2026-09-20T05:52:01.4746417Z  * [new tag]               alpha/v3.0.0a260        -> alpha/v3.0.0a260
2026-09-20T05:52:01.4746514Z  * [new tag]               alpha/v3.0.0a261        -> alpha/v3.0.0a261
2026-09-20T05:52:01.4746609Z  * [new tag]               alpha/v3.0.0a262        -> alpha/v3.0.0a262
2026-09-20T05:52:01.4746708Z  * [new tag]               alpha/v3.0.0a263        -> alpha/v3.0.0a263
2026-09-20T05:52:01.4746806Z  * [new tag]               alpha/v3.0.0a264        -> alpha/v3.0.0a264
2026-09-20T05:52:01.4746902Z  * [new tag]               alpha/v3.0.0a265        -> alpha/v3.0.0a265
2026-09-20T05:52:01.4746998Z  * [new tag]               alpha/v3.0.0a266        -> alpha/v3.0.0a266
2026-09-20T05:52:01.4747091Z  * [new tag]               alpha/v3.0.0a267        -> alpha/v3.0.0a267
2026-09-20T05:52:01.4747187Z  * [new tag]               alpha/v3.0.0a268        -> alpha/v3.0.0a268
2026-09-20T05:52:01.4747282Z  * [new tag]               alpha/v3.0.0a269        -> alpha/v3.0.0a269
2026-09-20T05:52:01.4747382Z  * [new tag]               alpha/v3.0.0a27         -> alpha/v3.0.0a27
2026-09-20T05:52:01.4747479Z  * [new tag]               alpha/v3.0.0a270        -> alpha/v3.0.0a270
2026-09-20T05:52:01.4747573Z  * [new tag]               alpha/v3.0.0a271        -> alpha/v3.0.0a271
2026-09-20T05:52:01.4747721Z  * [new tag]               alpha/v3.0.0a272        -> alpha/v3.0.0a272
2026-09-20T05:52:01.4747821Z  * [new tag]               alpha/v3.0.0a273        -> alpha/v3.0.0a273
2026-09-20T05:52:01.4747918Z  * [new tag]               alpha/v3.0.0a274        -> alpha/v3.0.0a274
2026-09-20T05:52:01.4748015Z  * [new tag]               alpha/v3.0.0a275        -> alpha/v3.0.0a275
2026-09-20T05:52:01.4748107Z  * [new tag]               alpha/v3.0.0a276        -> alpha/v3.0.0a276
2026-09-20T05:52:01.4748203Z  * [new tag]               alpha/v3.0.0a277        -> alpha/v3.0.0a277
2026-09-20T05:52:01.4748299Z  * [new tag]               alpha/v3.0.0a278        -> alpha/v3.0.0a278
2026-09-20T05:52:01.4748393Z  * [new tag]               alpha/v3.0.0a279        -> alpha/v3.0.0a279
2026-09-20T05:52:01.4748489Z  * [new tag]               alpha/v3.0.0a28         -> alpha/v3.0.0a28
2026-09-20T05:52:01.4748582Z  * [new tag]               alpha/v3.0.0a280        -> alpha/v3.0.0a280
2026-09-20T05:52:01.4748717Z  * [new tag]               alpha/v3.0.0a281        -> alpha/v3.0.0a281
2026-09-20T05:52:01.4748873Z  * [new tag]               alpha/v3.0.0a282        -> alpha/v3.0.0a282
2026-09-20T05:52:01.4749304Z  * [new tag]               alpha/v3.0.0a283        -> alpha/v3.0.0a283
2026-09-20T05:52:01.4749681Z  * [new tag]               alpha/v3.0.0a284        -> alpha/v3.0.0a284
2026-09-20T05:52:01.4750042Z  * [new tag]               alpha/v3.0.0a285        -> alpha/v3.0.0a285
2026-09-20T05:52:01.4750397Z  * [new tag]               alpha/v3.0.0a286        -> alpha/v3.0.0a286
2026-09-20T05:52:01.4750844Z  * [new tag]               alpha/v3.0.0a287        -> alpha/v3.0.0a287
2026-09-20T05:52:01.4751185Z  * [new tag]               alpha/v3.0.0a288        -> alpha/v3.0.0a288
2026-09-20T05:52:01.4751522Z  * [new tag]               alpha/v3.0.0a289        -> alpha/v3.0.0a289
2026-09-20T05:52:01.4751853Z  * [new tag]               alpha/v3.0.0a29         -> alpha/v3.0.0a29
2026-09-20T05:52:01.4752198Z  * [new tag]               alpha/v3.0.0a290        -> alpha/v3.0.0a290
2026-09-20T05:52:01.4752540Z  * [new tag]               alpha/v3.0.0a3          -> alpha/v3.0.0a3
2026-09-20T05:52:01.4753073Z  * [new tag]               alpha/v3.0.0a30         -> alpha/v3.0.0a30
2026-09-20T05:52:01.4753432Z  * [new tag]               alpha/v3.0.0a31         -> alpha/v3.0.0a31
2026-09-20T05:52:01.4753816Z  * [new tag]               alpha/v3.0.0a32         -> alpha/v3.0.0a32
2026-09-20T05:52:01.4754197Z  * [new tag]               alpha/v3.0.0a33         -> alpha/v3.0.0a33
2026-09-20T05:52:01.4754537Z  * [new tag]               alpha/v3.0.0a34         -> alpha/v3.0.0a34
2026-09-20T05:52:01.4754874Z  * [new tag]               alpha/v3.0.0a35         -> alpha/v3.0.0a35
2026-09-20T05:52:01.4755214Z  * [new tag]               alpha/v3.0.0a36         -> alpha/v3.0.0a36
2026-09-20T05:52:01.4755554Z  * [new tag]               alpha/v3.0.0a37         -> alpha/v3.0.0a37
2026-09-20T05:52:01.4755889Z  * [new tag]               alpha/v3.0.0a38         -> alpha/v3.0.0a38
2026-09-20T05:52:01.4756227Z  * [new tag]               alpha/v3.0.0a39         -> alpha/v3.0.0a39
2026-09-20T05:52:01.4756572Z  * [new tag]               alpha/v3.0.0a4          -> alpha/v3.0.0a4
2026-09-20T05:52:01.4757024Z  * [new tag]               alpha/v3.0.0a40         -> alpha/v3.0.0a40
2026-09-20T05:52:01.4757604Z  * [new tag]               alpha/v3.0.0a41         -> alpha/v3.0.0a41
2026-09-20T05:52:01.4758224Z  * [new tag]               alpha/v3.0.0a42         -> alpha/v3.0.0a42
2026-09-20T05:52:01.4758673Z  * [new tag]               alpha/v3.0.0a43         -> alpha/v3.0.0a43
2026-09-20T05:52:01.4759056Z  * [new tag]               alpha/v3.0.0a44         -> alpha/v3.0.0a44
2026-09-20T05:52:01.4759438Z  * [new tag]               alpha/v3.0.0a45         -> alpha/v3.0.0a45
2026-09-20T05:52:01.4759818Z  * [new tag]               alpha/v3.0.0a46         -> alpha/v3.0.0a46
2026-09-20T05:52:01.4760173Z  * [new tag]               alpha/v3.0.0a47         -> alpha/v3.0.0a47
2026-09-20T05:52:01.4760932Z  * [new tag]               alpha/v3.0.0a48         -> alpha/v3.0.0a48
2026-09-20T05:52:01.4761328Z  * [new tag]               alpha/v3.0.0a49         -> alpha/v3.0.0a49
2026-09-20T05:52:01.4761712Z  * [new tag]               alpha/v3.0.0a5          -> alpha/v3.0.0a5
2026-09-20T05:52:01.4762097Z  * [new tag]               alpha/v3.0.0a50         -> alpha/v3.0.0a50
2026-09-20T05:52:01.4762478Z  * [new tag]               alpha/v3.0.0a51         -> alpha/v3.0.0a51
2026-09-20T05:52:01.4762856Z  * [new tag]               alpha/v3.0.0a52         -> alpha/v3.0.0a52
2026-09-20T05:52:01.4763226Z  * [new tag]               alpha/v3.0.0a53         -> alpha/v3.0.0a53
2026-09-20T05:52:01.4763605Z  * [new tag]               alpha/v3.0.0a54         -> alpha/v3.0.0a54
2026-09-20T05:52:01.4763991Z  * [new tag]               alpha/v3.0.0a55         -> alpha/v3.0.0a55
2026-09-20T05:52:01.4764373Z  * [new tag]               alpha/v3.0.0a56         -> alpha/v3.0.0a56
2026-09-20T05:52:01.4764755Z  * [new tag]               alpha/v3.0.0a57         -> alpha/v3.0.0a57
2026-09-20T05:52:01.4765148Z  * [new tag]               alpha/v3.0.0a58         -> alpha/v3.0.0a58
2026-09-20T05:52:01.4765528Z  * [new tag]               alpha/v3.0.0a59         -> alpha/v3.0.0a59
2026-09-20T05:52:01.4765912Z  * [new tag]               alpha/v3.0.0a6          -> alpha/v3.0.0a6
2026-09-20T05:52:01.4766294Z  * [new tag]               alpha/v3.0.0a60         -> alpha/v3.0.0a60
2026-09-20T05:52:01.4766676Z  * [new tag]               alpha/v3.0.0a61         -> alpha/v3.0.0a61
2026-09-20T05:52:01.4767059Z  * [new tag]               alpha/v3.0.0a62         -> alpha/v3.0.0a62
2026-09-20T05:52:01.4767436Z  * [new tag]               alpha/v3.0.0a63         -> alpha/v3.0.0a63
2026-09-20T05:52:01.4767945Z  * [new tag]               alpha/v3.0.0a64         -> alpha/v3.0.0a64
2026-09-20T05:52:01.4768299Z  * [new tag]               alpha/v3.0.0a65         -> alpha/v3.0.0a65
2026-09-20T05:52:01.4768653Z  * [new tag]               alpha/v3.0.0a66         -> alpha/v3.0.0a66
2026-09-20T05:52:01.4769003Z  * [new tag]               alpha/v3.0.0a67         -> alpha/v3.0.0a67
2026-09-20T05:52:01.4769353Z  * [new tag]               alpha/v3.0.0a68         -> alpha/v3.0.0a68
2026-09-20T05:52:01.4769577Z  * [new tag]               alpha/v3.0.0a69         -> alpha/v3.0.0a69
2026-09-20T05:52:01.4769803Z  * [new tag]               alpha/v3.0.0a7          -> alpha/v3.0.0a7
2026-09-20T05:52:01.4770030Z  * [new tag]               alpha/v3.0.0a70         -> alpha/v3.0.0a70
2026-09-20T05:52:01.4770259Z  * [new tag]               alpha/v3.0.0a71         -> alpha/v3.0.0a71
2026-09-20T05:52:01.4770485Z  * [new tag]               alpha/v3.0.0a72         -> alpha/v3.0.0a72
2026-09-20T05:52:01.4770812Z  * [new tag]               alpha/v3.0.0a73         -> alpha/v3.0.0a73
2026-09-20T05:52:01.4771035Z  * [new tag]               alpha/v3.0.0a74         -> alpha/v3.0.0a74
2026-09-20T05:52:01.4771258Z  * [new tag]               alpha/v3.0.0a75         -> alpha/v3.0.0a75
2026-09-20T05:52:01.4771487Z  * [new tag]               alpha/v3.0.0a76         -> alpha/v3.0.0a76
2026-09-20T05:52:01.4771714Z  * [new tag]               alpha/v3.0.0a77         -> alpha/v3.0.0a77
2026-09-20T05:52:01.4771938Z  * [new tag]               alpha/v3.0.0a78         -> alpha/v3.0.0a78
2026-09-20T05:52:01.4772164Z  * [new tag]               alpha/v3.0.0a79         -> alpha/v3.0.0a79
2026-09-20T05:52:01.4772389Z  * [new tag]               alpha/v3.0.0a8          -> alpha/v3.0.0a8
2026-09-20T05:52:01.4772617Z  * [new tag]               alpha/v3.0.0a80         -> alpha/v3.0.0a80
2026-09-20T05:52:01.4772841Z  * [new tag]               alpha/v3.0.0a81         -> alpha/v3.0.0a81
2026-09-20T05:52:01.4773067Z  * [new tag]               alpha/v3.0.0a82         -> alpha/v3.0.0a82
2026-09-20T05:52:01.4773292Z  * [new tag]               alpha/v3.0.0a83         -> alpha/v3.0.0a83
2026-09-20T05:52:01.4773516Z  * [new tag]               alpha/v3.0.0a84         -> alpha/v3.0.0a84
2026-09-20T05:52:01.4773743Z  * [new tag]               alpha/v3.0.0a85         -> alpha/v3.0.0a85
2026-09-20T05:52:01.4774057Z  * [new tag]               alpha/v3.0.0a86         -> alpha/v3.0.0a86
2026-09-20T05:52:01.4774289Z  * [new tag]               alpha/v3.0.0a87         -> alpha/v3.0.0a87
2026-09-20T05:52:01.4774516Z  * [new tag]               alpha/v3.0.0a88         -> alpha/v3.0.0a88
2026-09-20T05:52:01.4774740Z  * [new tag]               alpha/v3.0.0a89         -> alpha/v3.0.0a89
2026-09-20T05:52:01.4774967Z  * [new tag]               alpha/v3.0.0a9          -> alpha/v3.0.0a9
2026-09-20T05:52:01.4775194Z  * [new tag]               alpha/v3.0.0a90         -> alpha/v3.0.0a90
2026-09-20T05:52:01.4775420Z  * [new tag]               alpha/v3.0.0a91         -> alpha/v3.0.0a91
2026-09-20T05:52:01.4775643Z  * [new tag]               alpha/v3.0.0a92         -> alpha/v3.0.0a92
2026-09-20T05:52:01.4775869Z  * [new tag]               alpha/v3.0.0a93         -> alpha/v3.0.0a93
2026-09-20T05:52:01.4776096Z  * [new tag]               alpha/v3.0.0a94         -> alpha/v3.0.0a94
2026-09-20T05:52:01.4776328Z  * [new tag]               alpha/v3.0.0a95         -> alpha/v3.0.0a95
2026-09-20T05:52:01.4776557Z  * [new tag]               alpha/v3.0.0a96         -> alpha/v3.0.0a96
2026-09-20T05:52:01.4776783Z  * [new tag]               alpha/v3.0.0a97         -> alpha/v3.0.0a97
2026-09-20T05:52:01.4777010Z  * [new tag]               alpha/v3.0.0a98         -> alpha/v3.0.0a98
2026-09-20T05:52:01.4777234Z  * [new tag]               alpha/v3.0.0a99         -> alpha/v3.0.0a99
2026-09-20T05:52:01.4777460Z  * [new tag]               alpha/v3.0.1a1          -> alpha/v3.0.1a1
2026-09-20T05:52:01.4777690Z  * [new tag]               alpha/v3.0.1a2          -> alpha/v3.0.1a2
2026-09-20T05:52:01.4777914Z  * [new tag]               alpha/v3.1.0a1          -> alpha/v3.1.0a1
2026-09-20T05:52:01.4778141Z  * [new tag]               alpha/v3.1.0a10         -> alpha/v3.1.0a10
2026-09-20T05:52:01.4778367Z  * [new tag]               alpha/v3.1.0a11         -> alpha/v3.1.0a11
2026-09-20T05:52:01.4778593Z  * [new tag]               alpha/v3.1.0a12         -> alpha/v3.1.0a12
2026-09-20T05:52:01.4778907Z  * [new tag]               alpha/v3.1.0a13         -> alpha/v3.1.0a13
2026-09-20T05:52:01.4779132Z  * [new tag]               alpha/v3.1.0a2          -> alpha/v3.1.0a2
2026-09-20T05:52:01.4779359Z  * [new tag]               alpha/v3.1.0a3          -> alpha/v3.1.0a3
2026-09-20T05:52:01.4779585Z  * [new tag]               alpha/v3.1.0a4          -> alpha/v3.1.0a4
2026-09-20T05:52:01.4779809Z  * [new tag]               alpha/v3.1.0a5          -> alpha/v3.1.0a5
2026-09-20T05:52:01.4780053Z  * [new tag]               feature_hol-guard_1.0.0 -> feature_hol-guard_1.0.0
2026-09-20T05:52:01.4780294Z  * [new tag]               v1                      -> v1
2026-09-20T05:52:01.4780582Z  * [new tag]               v1.0.0                  -> v1.0.0
2026-09-20T05:52:01.4780799Z  * [new tag]               v1.1.0                  -> v1.1.0
2026-09-20T05:52:01.4781013Z  * [new tag]               v1.2.0                  -> v1.2.0
2026-09-20T05:52:01.4781230Z  * [new tag]               v1.2.25                 -> v1.2.25
2026-09-20T05:52:01.4781453Z  * [new tag]               v1.3.0                  -> v1.3.0
2026-09-20T05:52:01.4781676Z  * [new tag]               v1.3.0.dev43            -> v1.3.0.dev43
2026-09-20T05:52:01.4781910Z  * [new tag]               v1.3.0.post44           -> v1.3.0.post44
2026-09-20T05:52:01.4782131Z  * [new tag]               v1.4.0                  -> v1.4.0
2026-09-20T05:52:01.4782341Z  * [new tag]               v1.4.1                  -> v1.4.1
2026-09-20T05:52:01.4782553Z  * [new tag]               v1.4.10                 -> v1.4.10
2026-09-20T05:52:01.4782769Z  * [new tag]               v1.4.11                 -> v1.4.11
2026-09-20T05:52:01.4782980Z  * [new tag]               v1.4.12                 -> v1.4.12
2026-09-20T05:52:01.4783191Z  * [new tag]               v1.4.13                 -> v1.4.13
2026-09-20T05:52:01.4783399Z  * [new tag]               v1.4.14                 -> v1.4.14
2026-09-20T05:52:01.4783693Z  * [new tag]               v1.4.15                 -> v1.4.15
2026-09-20T05:52:01.4783910Z  * [new tag]               v1.4.16                 -> v1.4.16
2026-09-20T05:52:01.4784120Z  * [new tag]               v1.4.2                  -> v1.4.2
2026-09-20T05:52:01.4784330Z  * [new tag]               v1.4.3                  -> v1.4.3
2026-09-20T05:52:01.4784540Z  * [new tag]               v1.4.4                  -> v1.4.4
2026-09-20T05:52:01.4784750Z  * [new tag]               v1.4.5                  -> v1.4.5
2026-09-20T05:52:01.4784959Z  * [new tag]               v1.4.6                  -> v1.4.6
2026-09-20T05:52:01.4785168Z  * [new tag]               v1.4.7                  -> v1.4.7
2026-09-20T05:52:01.4785376Z  * [new tag]               v1.4.8                  -> v1.4.8
2026-09-20T05:52:01.4785585Z  * [new tag]               v1.4.9                  -> v1.4.9
2026-09-20T05:52:01.4785795Z  * [new tag]               v2.0.0                  -> v2.0.0
2026-09-20T05:52:01.4786003Z  * [new tag]               v2.0.1                  -> v2.0.1
2026-09-20T05:52:01.4786224Z  * [new tag]               v2.0.100                -> v2.0.100
2026-09-20T05:52:01.4786447Z  * [new tag]               v2.0.1000               -> v2.0.1000
2026-09-20T05:52:01.4786663Z  * [new tag]               v2.0.1001               -> v2.0.1001
2026-09-20T05:52:01.4786878Z  * [new tag]               v2.0.1002               -> v2.0.1002
2026-09-20T05:52:01.4787089Z  * [new tag]               v2.0.1003               -> v2.0.1003
2026-09-20T05:52:01.4787299Z  * [new tag]               v2.0.1004               -> v2.0.1004
2026-09-20T05:52:01.4787512Z  * [new tag]               v2.0.1005               -> v2.0.1005
2026-09-20T05:52:01.4787721Z  * [new tag]               v2.0.1006               -> v2.0.1006
2026-09-20T05:52:01.4787930Z  * [new tag]               v2.0.1007               -> v2.0.1007
2026-09-20T05:52:01.4788140Z  * [new tag]               v2.0.1008               -> v2.0.1008
2026-09-20T05:52:01.4788351Z  * [new tag]               v2.0.1009               -> v2.0.1009
2026-09-20T05:52:01.4788569Z  * [new tag]               v2.0.101                -> v2.0.101
2026-09-20T05:52:01.4788870Z  * [new tag]               v2.0.1010               -> v2.0.1010
2026-09-20T05:52:01.4789080Z  * [new tag]               v2.0.1011               -> v2.0.1011
2026-09-20T05:52:01.4789289Z  * [new tag]               v2.0.1012               -> v2.0.1012
2026-09-20T05:52:01.4789499Z  * [new tag]               v2.0.1013               -> v2.0.1013
2026-09-20T05:52:01.4789712Z  * [new tag]               v2.0.1014               -> v2.0.1014
2026-09-20T05:52:01.4789925Z  * [new tag]               v2.0.1015               -> v2.0.1015
2026-09-20T05:52:01.4790133Z  * [new tag]               v2.0.1016               -> v2.0.1016
2026-09-20T05:52:01.4790343Z  * [new tag]               v2.0.1017               -> v2.0.1017
2026-09-20T05:52:01.4790621Z  * [new tag]               v2.0.1018               -> v2.0.1018
2026-09-20T05:52:01.4790830Z  * [new tag]               v2.0.1019               -> v2.0.1019
2026-09-20T05:52:01.4791046Z  * [new tag]               v2.0.102                -> v2.0.102
2026-09-20T05:52:01.4791267Z  * [new tag]               v2.0.1020               -> v2.0.1020
2026-09-20T05:52:01.4791477Z  * [new tag]               v2.0.1021               -> v2.0.1021
2026-09-20T05:52:01.4791688Z  * [new tag]               v2.0.1022               -> v2.0.1022
2026-09-20T05:52:01.4791898Z  * [new tag]               v2.0.1023               -> v2.0.1023
2026-09-20T05:52:01.4792109Z  * [new tag]               v2.0.1024               -> v2.0.1024
2026-09-20T05:52:01.4792321Z  * [new tag]               v2.0.1025               -> v2.0.1025
2026-09-20T05:52:01.4792531Z  * [new tag]               v2.0.1026               -> v2.0.1026
2026-09-20T05:52:01.4792742Z  * [new tag]               v2.0.1027               -> v2.0.1027
2026-09-20T05:52:01.4792952Z  * [new tag]               v2.0.1028               -> v2.0.1028
2026-09-20T05:52:01.4793163Z  * [new tag]               v2.0.1029               -> v2.0.1029
2026-09-20T05:52:01.4793464Z  * [new tag]               v2.0.103                -> v2.0.103
2026-09-20T05:52:01.4793679Z  * [new tag]               v2.0.1030               -> v2.0.1030
2026-09-20T05:52:01.4793897Z  * [new tag]               v2.0.1031               -> v2.0.1031
2026-09-20T05:52:01.4794107Z  * [new tag]               v2.0.1032               -> v2.0.1032
2026-09-20T05:52:01.4794316Z  * [new tag]               v2.0.1033               -> v2.0.1033
2026-09-20T05:52:01.4794527Z  * [new tag]               v2.0.1034               -> v2.0.1034
2026-09-20T05:52:01.4794737Z  * [new tag]               v2.0.1035               -> v2.0.1035
2026-09-20T05:52:01.4794949Z  * [new tag]               v2.0.1036               -> v2.0.1036
2026-09-20T05:52:01.4795159Z  * [new tag]               v2.0.1037               -> v2.0.1037
2026-09-20T05:52:01.4795369Z  * [new tag]               v2.0.1038               -> v2.0.1038
2026-09-20T05:52:01.4795577Z  * [new tag]               v2.0.1039               -> v2.0.1039
2026-09-20T05:52:01.4795792Z  * [new tag]               v2.0.104                -> v2.0.104
2026-09-20T05:52:01.4796010Z  * [new tag]               v2.0.1040               -> v2.0.1040
2026-09-20T05:52:01.4796220Z  * [new tag]               v2.0.1041               -> v2.0.1041
2026-09-20T05:52:01.4796429Z  * [new tag]               v2.0.1042               -> v2.0.1042
2026-09-20T05:52:01.4796639Z  * [new tag]               v2.0.1043               -> v2.0.1043
2026-09-20T05:52:01.4796847Z  * [new tag]               v2.0.1044               -> v2.0.1044
2026-09-20T05:52:01.4797056Z  * [new tag]               v2.0.1045               -> v2.0.1045
2026-09-20T05:52:01.4797267Z  * [new tag]               v2.0.1046               -> v2.0.1046
2026-09-20T05:52:01.4797476Z  * [new tag]               v2.0.1047               -> v2.0.1047
2026-09-20T05:52:01.4797686Z  * [new tag]               v2.0.1048               -> v2.0.1048
2026-09-20T05:52:01.4797896Z  * [new tag]               v2.0.1049               -> v2.0.1049
2026-09-20T05:52:01.4798111Z  * [new tag]               v2.0.105                -> v2.0.105
2026-09-20T05:52:01.4798409Z  * [new tag]               v2.0.1050               -> v2.0.1050
2026-09-20T05:52:01.4798618Z  * [new tag]               v2.0.1051               -> v2.0.1051
2026-09-20T05:52:01.4798827Z  * [new tag]               v2.0.1052               -> v2.0.1052
2026-09-20T05:52:01.4799035Z  * [new tag]               v2.0.1053               -> v2.0.1053
2026-09-20T05:52:01.4799242Z  * [new tag]               v2.0.1054               -> v2.0.1054
2026-09-20T05:52:01.4799450Z  * [new tag]               v2.0.1055               -> v2.0.1055
2026-09-20T05:52:01.4799661Z  * [new tag]               v2.0.1056               -> v2.0.1056
2026-09-20T05:52:01.4799870Z  * [new tag]               v2.0.1057               -> v2.0.1057
2026-09-20T05:52:01.4800080Z  * [new tag]               v2.0.1058               -> v2.0.1058
2026-09-20T05:52:01.4800288Z  * [new tag]               v2.0.1059               -> v2.0.1059
2026-09-20T05:52:01.4800571Z  * [new tag]               v2.0.106                -> v2.0.106
2026-09-20T05:52:01.4800790Z  * [new tag]               v2.0.1060               -> v2.0.1060
2026-09-20T05:52:01.4800999Z  * [new tag]               v2.0.1061               -> v2.0.1061
2026-09-20T05:52:01.4801210Z  * [new tag]               v2.0.1062               -> v2.0.1062
2026-09-20T05:52:01.4801420Z  * [new tag]               v2.0.1063               -> v2.0.1063
2026-09-20T05:52:01.4801629Z  * [new tag]               v2.0.1064               -> v2.0.1064
2026-09-20T05:52:01.4801839Z  * [new tag]               v2.0.1065               -> v2.0.1065
2026-09-20T05:52:01.4802053Z  * [new tag]               v2.0.1066               -> v2.0.1066
2026-09-20T05:52:01.4802262Z  * [new tag]               v2.0.1067               -> v2.0.1067
2026-09-20T05:52:01.4802472Z  * [new tag]               v2.0.1068               -> v2.0.1068
2026-09-20T05:52:01.4802681Z  * [new tag]               v2.0.1069               -> v2.0.1069
2026-09-20T05:52:01.4802978Z  * [new tag]               v2.0.107                -> v2.0.107
2026-09-20T05:52:01.4803198Z  * [new tag]               v2.0.1070               -> v2.0.1070
2026-09-20T05:52:01.4803408Z  * [new tag]               v2.0.1071               -> v2.0.1071
2026-09-20T05:52:01.4803620Z  * [new tag]               v2.0.1072               -> v2.0.1072
2026-09-20T05:52:01.4803830Z  * [new tag]               v2.0.1073               -> v2.0.1073
2026-09-20T05:52:01.4804039Z  * [new tag]               v2.0.1074               -> v2.0.1074
2026-09-20T05:52:01.4804246Z  * [new tag]               v2.0.1075               -> v2.0.1075
2026-09-20T05:52:01.4804458Z  * [new tag]               v2.0.1076               -> v2.0.1076
2026-09-20T05:52:01.4804670Z  * [new tag]               v2.0.1077               -> v2.0.1077
2026-09-20T05:52:01.4804880Z  * [new tag]               v2.0.1078               -> v2.0.1078
2026-09-20T05:52:01.4805089Z  * [new tag]               v2.0.1079               -> v2.0.1079
2026-09-20T05:52:01.4805305Z  * [new tag]               v2.0.108                -> v2.0.108
2026-09-20T05:52:01.4805522Z  * [new tag]               v2.0.1080               -> v2.0.1080
2026-09-20T05:52:01.4805735Z  * [new tag]               v2.0.1081               -> v2.0.1081
2026-09-20T05:52:01.4805944Z  * [new tag]               v2.0.1082               -> v2.0.1082
2026-09-20T05:52:01.4806153Z  * [new tag]               v2.0.1083               -> v2.0.1083
2026-09-20T05:52:01.4806362Z  * [new tag]               v2.0.1084               -> v2.0.1084
2026-09-20T05:52:01.4806570Z  * [new tag]               v2.0.1085               -> v2.0.1085
2026-09-20T05:52:01.4806782Z  * [new tag]               v2.0.1086               -> v2.0.1086
2026-09-20T05:52:01.4806992Z  * [new tag]               v2.0.1087               -> v2.0.1087
2026-09-20T05:52:01.4807202Z  * [new tag]               v2.0.1088               -> v2.0.1088
2026-09-20T05:52:01.4807411Z  * [new tag]               v2.0.1089               -> v2.0.1089
2026-09-20T05:52:01.4807628Z  * [new tag]               v2.0.109                -> v2.0.109
2026-09-20T05:52:01.4807926Z  * [new tag]               v2.0.1090               -> v2.0.1090
2026-09-20T05:52:01.4808136Z  * [new tag]               v2.0.1091               -> v2.0.1091
2026-09-20T05:52:01.4808347Z  * [new tag]               v2.0.1092               -> v2.0.1092
2026-09-20T05:52:01.4808557Z  * [new tag]               v2.0.1093               -> v2.0.1093
2026-09-20T05:52:01.4808766Z  * [new tag]               v2.0.1094               -> v2.0.1094
2026-09-20T05:52:01.4808975Z  * [new tag]               v2.0.1095               -> v2.0.1095
2026-09-20T05:52:01.4809186Z  * [new tag]               v2.0.1096               -> v2.0.1096
2026-09-20T05:52:01.4809394Z  * [new tag]               v2.0.1097               -> v2.0.1097
2026-09-20T05:52:01.4809605Z  * [new tag]               v2.0.1098               -> v2.0.1098
2026-09-20T05:52:01.4809816Z  * [new tag]               v2.0.1099               -> v2.0.1099
2026-09-20T05:52:01.4810030Z  * [new tag]               v2.0.11                 -> v2.0.11
2026-09-20T05:52:01.4810254Z  * [new tag]               v2.0.110                -> v2.0.110
2026-09-20T05:52:01.4810466Z  * [new tag]               v2.0.1100               -> v2.0.1100
2026-09-20T05:52:01.4810746Z  * [new tag]               v2.0.1101               -> v2.0.1101
2026-09-20T05:52:01.4810955Z  * [new tag]               v2.0.1102               -> v2.0.1102
2026-09-20T05:52:01.4811164Z  * [new tag]               v2.0.1103               -> v2.0.1103
2026-09-20T05:52:01.4811374Z  * [new tag]               v2.0.1104               -> v2.0.1104
2026-09-20T05:52:01.4811586Z  * [new tag]               v2.0.1105               -> v2.0.1105
2026-09-20T05:52:01.4811797Z  * [new tag]               v2.0.1106               -> v2.0.1106
2026-09-20T05:52:01.4812009Z  * [new tag]               v2.0.1107               -> v2.0.1107
2026-09-20T05:52:01.4812218Z  * [new tag]               v2.0.1108               -> v2.0.1108
2026-09-20T05:52:01.4812515Z  * [new tag]               v2.0.1109               -> v2.0.1109
2026-09-20T05:52:01.4812735Z  * [new tag]               v2.0.111                -> v2.0.111
2026-09-20T05:52:01.4812946Z  * [new tag]               v2.0.1110               -> v2.0.1110
2026-09-20T05:52:01.4813157Z  * [new tag]               v2.0.1111               -> v2.0.1111
2026-09-20T05:52:01.4813368Z  * [new tag]               v2.0.1112               -> v2.0.1112
2026-09-20T05:52:01.4813578Z  * [new tag]               v2.0.1113               -> v2.0.1113
2026-09-20T05:52:01.4813788Z  * [new tag]               v2.0.1114               -> v2.0.1114
2026-09-20T05:52:01.4814000Z  * [new tag]               v2.0.1115               -> v2.0.1115
2026-09-20T05:52:01.4814210Z  * [new tag]               v2.0.1116               -> v2.0.1116
2026-09-20T05:52:01.4814523Z  * [new tag]               v2.0.112                -> v2.0.112
2026-09-20T05:52:01.4814850Z  * [new tag]               v2.0.1121               -> v2.0.1121
2026-09-20T05:52:01.4815187Z  * [new tag]               v2.0.1122               -> v2.0.1122
2026-09-20T05:52:01.4815505Z  * [new tag]               v2.0.1123               -> v2.0.1123
2026-09-20T05:52:01.4815848Z  * [new tag]               v2.0.1124               -> v2.0.1124
2026-09-20T05:52:01.4816205Z  * [new tag]               v2.0.1125               -> v2.0.1125
2026-09-20T05:52:01.4816526Z  * [new tag]               v2.0.1127               -> v2.0.1127
2026-09-20T05:52:01.4816848Z  * [new tag]               v2.0.113                -> v2.0.113
2026-09-20T05:52:01.4817145Z  * [new tag]               v2.0.114                -> v2.0.114
2026-09-20T05:52:01.4817362Z  * [new tag]               v2.0.115                -> v2.0.115
2026-09-20T05:52:01.4817571Z  * [new tag]               v2.0.116                -> v2.0.116
2026-09-20T05:52:01.4817783Z  * [new tag]               v2.0.117                -> v2.0.117
2026-09-20T05:52:01.4817996Z  * [new tag]               v2.0.118                -> v2.0.118
2026-09-20T05:52:01.4818217Z  * [new tag]               v2.0.119                -> v2.0.119
2026-09-20T05:52:01.4818564Z  * [new tag]               v2.0.12                 -> v2.0.12
2026-09-20T05:52:01.4818784Z  * [new tag]               v2.0.120                -> v2.0.120
2026-09-20T05:52:01.4818995Z  * [new tag]               v2.0.121                -> v2.0.121
2026-09-20T05:52:01.4819207Z  * [new tag]               v2.0.122                -> v2.0.122
2026-09-20T05:52:01.4819419Z  * [new tag]               v2.0.123                -> v2.0.123
2026-09-20T05:52:01.4819629Z  * [new tag]               v2.0.124                -> v2.0.124
2026-09-20T05:52:01.4819843Z  * [new tag]               v2.0.125                -> v2.0.125
2026-09-20T05:52:01.4820055Z  * [new tag]               v2.0.126                -> v2.0.126
2026-09-20T05:52:01.4820265Z  * [new tag]               v2.0.127                -> v2.0.127
2026-09-20T05:52:01.4820475Z  * [new tag]               v2.0.128                -> v2.0.128
2026-09-20T05:52:01.4820764Z  * [new tag]               v2.0.129                -> v2.0.129
2026-09-20T05:52:01.4820982Z  * [new tag]               v2.0.13                 -> v2.0.13
2026-09-20T05:52:01.4821205Z  * [new tag]               v2.0.130                -> v2.0.130
2026-09-20T05:52:01.4821567Z  * [new tag]               v2.0.131                -> v2.0.131
2026-09-20T05:52:01.4821923Z  * [new tag]               v2.0.132                -> v2.0.132
2026-09-20T05:52:01.4822265Z  * [new tag]               v2.0.133                -> v2.0.133
2026-09-20T05:52:01.4822611Z  * [new tag]               v2.0.134                -> v2.0.134
2026-09-20T05:52:01.4822968Z  * [new tag]               v2.0.135                -> v2.0.135
2026-09-20T05:52:01.4823310Z  * [new tag]               v2.0.136                -> v2.0.136
2026-09-20T05:52:01.4823658Z  * [new tag]               v2.0.137                -> v2.0.137
2026-09-20T05:52:01.4824003Z  * [new tag]               v2.0.138                -> v2.0.138
2026-09-20T05:52:01.4824348Z  * [new tag]               v2.0.139                -> v2.0.139
2026-09-20T05:52:01.4824813Z  * [new tag]               v2.0.14                 -> v2.0.14
2026-09-20T05:52:01.4825111Z  * [new tag]               v2.0.140                -> v2.0.140
2026-09-20T05:52:01.4825325Z  * [new tag]               v2.0.141                -> v2.0.141
2026-09-20T05:52:01.4825537Z  * [new tag]               v2.0.142                -> v2.0.142
2026-09-20T05:52:01.4825748Z  * [new tag]               v2.0.143                -> v2.0.143
2026-09-20T05:52:01.4825957Z  * [new tag]               v2.0.144                -> v2.0.144
2026-09-20T05:52:01.4826169Z  * [new tag]               v2.0.145                -> v2.0.145
2026-09-20T05:52:01.4826378Z  * [new tag]               v2.0.146                -> v2.0.146
2026-09-20T05:52:01.4826590Z  * [new tag]               v2.0.147                -> v2.0.147
2026-09-20T05:52:01.4826801Z  * [new tag]               v2.0.148                -> v2.0.148
2026-09-20T05:52:01.4827013Z  * [new tag]               v2.0.149                -> v2.0.149
2026-09-20T05:52:01.4827230Z  * [new tag]               v2.0.15                 -> v2.0.15
2026-09-20T05:52:01.4827449Z  * [new tag]               v2.0.150                -> v2.0.150
2026-09-20T05:52:01.4827659Z  * [new tag]               v2.0.151                -> v2.0.151
2026-09-20T05:52:01.4827870Z  * [new tag]               v2.0.152                -> v2.0.152
2026-09-20T05:52:01.4828081Z  * [new tag]               v2.0.153                -> v2.0.153
2026-09-20T05:52:01.4828291Z  * [new tag]               v2.0.154                -> v2.0.154
2026-09-20T05:52:01.4828504Z  * [new tag]               v2.0.155                -> v2.0.155
2026-09-20T05:52:01.4828713Z  * [new tag]               v2.0.156                -> v2.0.156
2026-09-20T05:52:01.4828926Z  * [new tag]               v2.0.157                -> v2.0.157
2026-09-20T05:52:01.4829135Z  * [new tag]               v2.0.158                -> v2.0.158
2026-09-20T05:52:01.4829345Z  * [new tag]               v2.0.159                -> v2.0.159
2026-09-20T05:52:01.4829563Z  * [new tag]               v2.0.16                 -> v2.0.16
2026-09-20T05:52:01.4829889Z  * [new tag]               v2.0.160                -> v2.0.160
2026-09-20T05:52:01.4830100Z  * [new tag]               v2.0.161                -> v2.0.161
2026-09-20T05:52:01.4830312Z  * [new tag]               v2.0.162                -> v2.0.162
2026-09-20T05:52:01.4830598Z  * [new tag]               v2.0.163                -> v2.0.163
2026-09-20T05:52:01.4830810Z  * [new tag]               v2.0.164                -> v2.0.164
2026-09-20T05:52:01.4831027Z  * [new tag]               v2.0.165                -> v2.0.165
2026-09-20T05:52:01.4831240Z  * [new tag]               v2.0.166                -> v2.0.166
2026-09-20T05:52:01.4831460Z  * [new tag]               v2.0.167                -> v2.0.167
2026-09-20T05:52:01.4831683Z  * [new tag]               v2.0.168                -> v2.0.168
2026-09-20T05:52:01.4851131Z  * [new tag]               v2.0.169                -> v2.0.169
2026-09-20T05:52:01.4851422Z  * [new tag]               v2.0.17                 -> v2.0.17
2026-09-20T05:52:01.4851703Z  * [new tag]               v2.0.170                -> v2.0.170
2026-09-20T05:52:01.4851958Z  * [new tag]               v2.0.171                -> v2.0.171
2026-09-20T05:52:01.4852220Z  * [new tag]               v2.0.172                -> v2.0.172
2026-09-20T05:52:01.4852490Z  * [new tag]               v2.0.173                -> v2.0.173
2026-09-20T05:52:01.4852762Z  * [new tag]               v2.0.174                -> v2.0.174
2026-09-20T05:52:01.4853020Z  * [new tag]               v2.0.175                -> v2.0.175
2026-09-20T05:52:01.4853263Z  * [new tag]               v2.0.176                -> v2.0.176
2026-09-20T05:52:01.4853508Z  * [new tag]               v2.0.177                -> v2.0.177
2026-09-20T05:52:01.4853770Z  * [new tag]               v2.0.178                -> v2.0.178
2026-09-20T05:52:01.4854034Z  * [new tag]               v2.0.179                -> v2.0.179
2026-09-20T05:52:01.4854409Z  * [new tag]               v2.0.18                 -> v2.0.18
2026-09-20T05:52:01.4854678Z  * [new tag]               v2.0.180                -> v2.0.180
2026-09-20T05:52:01.4854923Z  * [new tag]               v2.0.181                -> v2.0.181
2026-09-20T05:52:01.4855160Z  * [new tag]               v2.0.182                -> v2.0.182
2026-09-20T05:52:01.4855408Z  * [new tag]               v2.0.183                -> v2.0.183
2026-09-20T05:52:01.4855646Z  * [new tag]               v2.0.184                -> v2.0.184
2026-09-20T05:52:01.4855882Z  * [new tag]               v2.0.185                -> v2.0.185
2026-09-20T05:52:01.4856117Z  * [new tag]               v2.0.186                -> v2.0.186
2026-09-20T05:52:01.4856341Z  * [new tag]               v2.0.187                -> v2.0.187
2026-09-20T05:52:01.4856578Z  * [new tag]               v2.0.188                -> v2.0.188
2026-09-20T05:52:01.4856814Z  * [new tag]               v2.0.189                -> v2.0.189
2026-09-20T05:52:01.4857049Z  * [new tag]               v2.0.19                 -> v2.0.19
2026-09-20T05:52:01.4857270Z  * [new tag]               v2.0.190                -> v2.0.190
2026-09-20T05:52:01.4857499Z  * [new tag]               v2.0.191                -> v2.0.191
2026-09-20T05:52:01.4857736Z  * [new tag]               v2.0.192                -> v2.0.192
2026-09-20T05:52:01.4857966Z  * [new tag]               v2.0.193                -> v2.0.193
2026-09-20T05:52:01.4858189Z  * [new tag]               v2.0.194                -> v2.0.194
2026-09-20T05:52:01.4858456Z  * [new tag]               v2.0.195                -> v2.0.195
2026-09-20T05:52:01.4858693Z  * [new tag]               v2.0.196                -> v2.0.196
2026-09-20T05:52:01.4858920Z  * [new tag]               v2.0.197                -> v2.0.197
2026-09-20T05:52:01.4859158Z  * [new tag]               v2.0.198                -> v2.0.198
2026-09-20T05:52:01.4859392Z  * [new tag]               v2.0.199                -> v2.0.199
2026-09-20T05:52:01.4859626Z  * [new tag]               v2.0.2                  -> v2.0.2
2026-09-20T05:52:01.4859978Z  * [new tag]               v2.0.20                 -> v2.0.20
2026-09-20T05:52:01.4860199Z  * [new tag]               v2.0.200                -> v2.0.200
2026-09-20T05:52:01.4860416Z  * [new tag]               v2.0.201                -> v2.0.201
2026-09-20T05:52:01.4860701Z  * [new tag]               v2.0.202                -> v2.0.202
2026-09-20T05:52:01.4860920Z  * [new tag]               v2.0.203                -> v2.0.203
2026-09-20T05:52:01.4861134Z  * [new tag]               v2.0.204                -> v2.0.204
2026-09-20T05:52:01.4861345Z  * [new tag]               v2.0.205                -> v2.0.205
2026-09-20T05:52:01.4861560Z  * [new tag]               v2.0.206                -> v2.0.206
2026-09-20T05:52:01.4861779Z  * [new tag]               v2.0.207                -> v2.0.207
2026-09-20T05:52:01.4861999Z  * [new tag]               v2.0.208                -> v2.0.208
2026-09-20T05:52:01.4862211Z  * [new tag]               v2.0.209                -> v2.0.209
2026-09-20T05:52:01.4862435Z  * [new tag]               v2.0.21                 -> v2.0.21
2026-09-20T05:52:01.4862647Z  * [new tag]               v2.0.210                -> v2.0.210
2026-09-20T05:52:01.4862859Z  * [new tag]               v2.0.211                -> v2.0.211
2026-09-20T05:52:01.4863070Z  * [new tag]               v2.0.212                -> v2.0.212
2026-09-20T05:52:01.4863289Z  * [new tag]               v2.0.213                -> v2.0.213
2026-09-20T05:52:01.4863506Z  * [new tag]               v2.0.214                -> v2.0.214
2026-09-20T05:52:01.4863725Z  * [new tag]               v2.0.215                -> v2.0.215
2026-09-20T05:52:01.4863949Z  * [new tag]               v2.0.216                -> v2.0.216
2026-09-20T05:52:01.4864167Z  * [new tag]               v2.0.217                -> v2.0.217
2026-09-20T05:52:01.4864379Z  * [new tag]               v2.0.218                -> v2.0.218
2026-09-20T05:52:01.4864597Z  * [new tag]               v2.0.219                -> v2.0.219
2026-09-20T05:52:01.4865056Z  * [new tag]               v2.0.22                 -> v2.0.22
2026-09-20T05:52:01.4865401Z  * [new tag]               v2.0.220                -> v2.0.220
2026-09-20T05:52:01.4865750Z  * [new tag]               v2.0.221                -> v2.0.221
2026-09-20T05:52:01.4866092Z  * [new tag]               v2.0.222                -> v2.0.222
2026-09-20T05:52:01.4866384Z  * [new tag]               v2.0.223                -> v2.0.223
2026-09-20T05:52:01.4866606Z  * [new tag]               v2.0.224                -> v2.0.224
2026-09-20T05:52:01.4866818Z  * [new tag]               v2.0.225                -> v2.0.225
2026-09-20T05:52:01.4867032Z  * [new tag]               v2.0.226                -> v2.0.226
2026-09-20T05:52:01.4867262Z  * [new tag]               v2.0.227                -> v2.0.227
2026-09-20T05:52:01.4867488Z  * [new tag]               v2.0.228                -> v2.0.228
2026-09-20T05:52:01.4867718Z  * [new tag]               v2.0.229                -> v2.0.229
2026-09-20T05:52:01.4868108Z  * [new tag]               v2.0.23                 -> v2.0.23
2026-09-20T05:52:01.4868464Z  * [new tag]               v2.0.230                -> v2.0.230
2026-09-20T05:52:01.4868808Z  * [new tag]               v2.0.231                -> v2.0.231
2026-09-20T05:52:01.4869162Z  * [new tag]               v2.0.232                -> v2.0.232
2026-09-20T05:52:01.4869420Z  * [new tag]               v2.0.233                -> v2.0.233
2026-09-20T05:52:01.4869644Z  * [new tag]               v2.0.234                -> v2.0.234
2026-09-20T05:52:01.4869873Z  * [new tag]               v2.0.235                -> v2.0.235
2026-09-20T05:52:01.4870093Z  * [new tag]               v2.0.236                -> v2.0.236
2026-09-20T05:52:01.4870308Z  * [new tag]               v2.0.237                -> v2.0.237
2026-09-20T05:52:01.4870656Z  * [new tag]               v2.0.238                -> v2.0.238
2026-09-20T05:52:01.4870890Z  * [new tag]               v2.0.239                -> v2.0.239
2026-09-20T05:52:01.4871232Z  * [new tag]               v2.0.24                 -> v2.0.24
2026-09-20T05:52:01.4871719Z  * [new tag]               v2.0.240                -> v2.0.240
2026-09-20T05:52:01.4872079Z  * [new tag]               v2.0.241                -> v2.0.241
2026-09-20T05:52:01.4872335Z  * [new tag]               v2.0.242                -> v2.0.242
2026-09-20T05:52:01.4872559Z  * [new tag]               v2.0.243                -> v2.0.243
2026-09-20T05:52:01.4872781Z  * [new tag]               v2.0.244                -> v2.0.244
2026-09-20T05:52:01.4872997Z  * [new tag]               v2.0.245                -> v2.0.245
2026-09-20T05:52:01.4873211Z  * [new tag]               v2.0.246                -> v2.0.246
2026-09-20T05:52:01.4873427Z  * [new tag]               v2.0.247                -> v2.0.247
2026-09-20T05:52:01.4873644Z  * [new tag]               v2.0.248                -> v2.0.248
2026-09-20T05:52:01.4873888Z  * [new tag]               v2.0.249                -> v2.0.249
2026-09-20T05:52:01.4874252Z  * [new tag]               v2.0.25                 -> v2.0.25
2026-09-20T05:52:01.4874616Z  * [new tag]               v2.0.250                -> v2.0.250
2026-09-20T05:52:01.4874926Z  * [new tag]               v2.0.251                -> v2.0.251
2026-09-20T05:52:01.4875145Z  * [new tag]               v2.0.252                -> v2.0.252
2026-09-20T05:52:01.4875371Z  * [new tag]               v2.0.253                -> v2.0.253
2026-09-20T05:52:01.4875597Z  * [new tag]               v2.0.254                -> v2.0.254
2026-09-20T05:52:01.4875813Z  * [new tag]               v2.0.255                -> v2.0.255
2026-09-20T05:52:01.4876029Z  * [new tag]               v2.0.256                -> v2.0.256
2026-09-20T05:52:01.4876245Z  * [new tag]               v2.0.257                -> v2.0.257
2026-09-20T05:52:01.4876463Z  * [new tag]               v2.0.258                -> v2.0.258
2026-09-20T05:52:01.4876769Z  * [new tag]               v2.0.259                -> v2.0.259
2026-09-20T05:52:01.4877267Z  * [new tag]               v2.0.26                 -> v2.0.26
2026-09-20T05:52:01.4877590Z  * [new tag]               v2.0.260                -> v2.0.260
2026-09-20T05:52:01.4877810Z  * [new tag]               v2.0.261                -> v2.0.261
2026-09-20T05:52:01.4878025Z  * [new tag]               v2.0.262                -> v2.0.262
2026-09-20T05:52:01.4878249Z  * [new tag]               v2.0.263                -> v2.0.263
2026-09-20T05:52:01.4878475Z  * [new tag]               v2.0.264                -> v2.0.264
2026-09-20T05:52:01.4878695Z  * [new tag]               v2.0.265                -> v2.0.265
2026-09-20T05:52:01.4878912Z  * [new tag]               v2.0.266                -> v2.0.266
2026-09-20T05:52:01.4879251Z  * [new tag]               v2.0.267                -> v2.0.267
2026-09-20T05:52:01.4879602Z  * [new tag]               v2.0.268                -> v2.0.268
2026-09-20T05:52:01.4879952Z  * [new tag]               v2.0.269                -> v2.0.269
2026-09-20T05:52:01.4880243Z  * [new tag]               v2.0.27                 -> v2.0.27
2026-09-20T05:52:01.4880471Z  * [new tag]               v2.0.270                -> v2.0.270
2026-09-20T05:52:01.4880795Z  * [new tag]               v2.0.271                -> v2.0.271
2026-09-20T05:52:01.4881022Z  * [new tag]               v2.0.272                -> v2.0.272
2026-09-20T05:52:01.4881245Z  * [new tag]               v2.0.273                -> v2.0.273
2026-09-20T05:52:01.4881460Z  * [new tag]               v2.0.274                -> v2.0.274
2026-09-20T05:52:01.4881688Z  * [new tag]               v2.0.275                -> v2.0.275
2026-09-20T05:52:01.4881910Z  * [new tag]               v2.0.276                -> v2.0.276
2026-09-20T05:52:01.4882130Z  * [new tag]               v2.0.277                -> v2.0.277
2026-09-20T05:52:01.4882422Z  * [new tag]               v2.0.278                -> v2.0.278
2026-09-20T05:52:01.4882787Z  * [new tag]               v2.0.279                -> v2.0.279
2026-09-20T05:52:01.4883145Z  * [new tag]               v2.0.28                 -> v2.0.28
2026-09-20T05:52:01.4883606Z  * [new tag]               v2.0.280                -> v2.0.280
2026-09-20T05:52:01.4883961Z  * [new tag]               v2.0.281                -> v2.0.281
2026-09-20T05:52:01.4884235Z  * [new tag]               v2.0.282                -> v2.0.282
2026-09-20T05:52:01.4884464Z  * [new tag]               v2.0.283                -> v2.0.283
2026-09-20T05:52:01.4884686Z  * [new tag]               v2.0.284                -> v2.0.284
2026-09-20T05:52:01.4884901Z  * [new tag]               v2.0.285                -> v2.0.285
2026-09-20T05:52:01.4885118Z  * [new tag]               v2.0.286                -> v2.0.286
2026-09-20T05:52:01.4885330Z  * [new tag]               v2.0.287                -> v2.0.287
2026-09-20T05:52:01.4885550Z  * [new tag]               v2.0.288                -> v2.0.288
2026-09-20T05:52:01.4885765Z  * [new tag]               v2.0.289                -> v2.0.289
2026-09-20T05:52:01.4885987Z  * [new tag]               v2.0.29                 -> v2.0.29
2026-09-20T05:52:01.4886204Z  * [new tag]               v2.0.290                -> v2.0.290
2026-09-20T05:52:01.4886426Z  * [new tag]               v2.0.291                -> v2.0.291
2026-09-20T05:52:01.4886803Z  * [new tag]               v2.0.292                -> v2.0.292
2026-09-20T05:52:01.4887170Z  * [new tag]               v2.0.293                -> v2.0.293
2026-09-20T05:52:01.4887531Z  * [new tag]               v2.0.294                -> v2.0.294
2026-09-20T05:52:01.4887898Z  * [new tag]               v2.0.295                -> v2.0.295
2026-09-20T05:52:01.4888248Z  * [new tag]               v2.0.296                -> v2.0.296
2026-09-20T05:52:01.4888586Z  * [new tag]               v2.0.297                -> v2.0.297
2026-09-20T05:52:01.4888937Z  * [new tag]               v2.0.298                -> v2.0.298
2026-09-20T05:52:01.4889314Z  * [new tag]               v2.0.299                -> v2.0.299
2026-09-20T05:52:01.4889687Z  * [new tag]               v2.0.3                  -> v2.0.3
2026-09-20T05:52:01.4890157Z  * [new tag]               v2.0.30                 -> v2.0.30
2026-09-20T05:52:01.4890637Z  * [new tag]               v2.0.300                -> v2.0.300
2026-09-20T05:52:01.4890989Z  * [new tag]               v2.0.301                -> v2.0.301
2026-09-20T05:52:01.4891373Z  * [new tag]               v2.0.302                -> v2.0.302
2026-09-20T05:52:01.4891723Z  * [new tag]               v2.0.303                -> v2.0.303
2026-09-20T05:52:01.4892098Z  * [new tag]               v2.0.304                -> v2.0.304
2026-09-20T05:52:01.4892466Z  * [new tag]               v2.0.305                -> v2.0.305
2026-09-20T05:52:01.4892819Z  * [new tag]               v2.0.306                -> v2.0.306
2026-09-20T05:52:01.4893050Z  * [new tag]               v2.0.307                -> v2.0.307
2026-09-20T05:52:01.4893272Z  * [new tag]               v2.0.308                -> v2.0.308
2026-09-20T05:52:01.4893489Z  * [new tag]               v2.0.309                -> v2.0.309
2026-09-20T05:52:01.4893715Z  * [new tag]               v2.0.31                 -> v2.0.31
2026-09-20T05:52:01.4893932Z  * [new tag]               v2.0.310                -> v2.0.310
2026-09-20T05:52:01.4894144Z  * [new tag]               v2.0.311                -> v2.0.311
2026-09-20T05:52:01.4894364Z  * [new tag]               v2.0.312                -> v2.0.312
2026-09-20T05:52:01.4894579Z  * [new tag]               v2.0.313                -> v2.0.313
2026-09-20T05:52:01.4894795Z  * [new tag]               v2.0.314                -> v2.0.314
2026-09-20T05:52:01.4895015Z  * [new tag]               v2.0.315                -> v2.0.315
2026-09-20T05:52:01.4895382Z  * [new tag]               v2.0.316                -> v2.0.316
2026-09-20T05:52:01.4895731Z  * [new tag]               v2.0.317                -> v2.0.317
2026-09-20T05:52:01.4896004Z  * [new tag]               v2.0.318                -> v2.0.318
2026-09-20T05:52:01.4896217Z  * [new tag]               v2.0.319                -> v2.0.319
2026-09-20T05:52:01.4896444Z  * [new tag]               v2.0.32                 -> v2.0.32
2026-09-20T05:52:01.4896768Z  * [new tag]               v2.0.320                -> v2.0.320
2026-09-20T05:52:01.4896982Z  * [new tag]               v2.0.321                -> v2.0.321
2026-09-20T05:52:01.4897196Z  * [new tag]               v2.0.322                -> v2.0.322
2026-09-20T05:52:01.4897407Z  * [new tag]               v2.0.323                -> v2.0.323
2026-09-20T05:52:01.4897618Z  * [new tag]               v2.0.324                -> v2.0.324
2026-09-20T05:52:01.4897829Z  * [new tag]               v2.0.325                -> v2.0.325
2026-09-20T05:52:01.4898039Z  * [new tag]               v2.0.326                -> v2.0.326
2026-09-20T05:52:01.4898252Z  * [new tag]               v2.0.327                -> v2.0.327
2026-09-20T05:52:01.4898499Z  * [new tag]               v2.0.328                -> v2.0.328
2026-09-20T05:52:01.4898644Z  * [new tag]               v2.0.329                -> v2.0.329
2026-09-20T05:52:01.4898797Z  * [new tag]               v2.0.33                 -> v2.0.33
2026-09-20T05:52:01.4898947Z  * [new tag]               v2.0.330                -> v2.0.330
2026-09-20T05:52:01.4899088Z  * [new tag]               v2.0.331                -> v2.0.331
2026-09-20T05:52:01.4899229Z  * [new tag]               v2.0.332                -> v2.0.332
2026-09-20T05:52:01.4899370Z  * [new tag]               v2.0.333                -> v2.0.333
2026-09-20T05:52:01.4899515Z  * [new tag]               v2.0.334                -> v2.0.334
2026-09-20T05:52:01.4899657Z  * [new tag]               v2.0.335                -> v2.0.335
2026-09-20T05:52:01.4899791Z  * [new tag]               v2.0.336                -> v2.0.336
2026-09-20T05:52:01.4899929Z  * [new tag]               v2.0.337                -> v2.0.337
2026-09-20T05:52:01.4900064Z  * [new tag]               v2.0.338                -> v2.0.338
2026-09-20T05:52:01.4900204Z  * [new tag]               v2.0.339                -> v2.0.339
2026-09-20T05:52:01.4900442Z  * [new tag]               v2.0.34                 -> v2.0.34
2026-09-20T05:52:01.4900675Z  * [new tag]               v2.0.340                -> v2.0.340
2026-09-20T05:52:01.4900817Z  * [new tag]               v2.0.341                -> v2.0.341
2026-09-20T05:52:01.4900954Z  * [new tag]               v2.0.342                -> v2.0.342
2026-09-20T05:52:01.4901046Z  * [new tag]               v2.0.343                -> v2.0.343
2026-09-20T05:52:01.4901136Z  * [new tag]               v2.0.344                -> v2.0.344
2026-09-20T05:52:01.4901224Z  * [new tag]               v2.0.345                -> v2.0.345
2026-09-20T05:52:01.4901313Z  * [new tag]               v2.0.346                -> v2.0.346
2026-09-20T05:52:01.4901402Z  * [new tag]               v2.0.347                -> v2.0.347
2026-09-20T05:52:01.4901490Z  * [new tag]               v2.0.348                -> v2.0.348
2026-09-20T05:52:01.4901585Z  * [new tag]               v2.0.349                -> v2.0.349
2026-09-20T05:52:01.4901685Z  * [new tag]               v2.0.35                 -> v2.0.35
2026-09-20T05:52:01.4901794Z  * [new tag]               v2.0.350                -> v2.0.350
2026-09-20T05:52:01.4901888Z  * [new tag]               v2.0.351                -> v2.0.351
2026-09-20T05:52:01.4901977Z  * [new tag]               v2.0.352                -> v2.0.352
2026-09-20T05:52:01.4902071Z  * [new tag]               v2.0.353                -> v2.0.353
2026-09-20T05:52:01.4902168Z  * [new tag]               v2.0.354                -> v2.0.354
2026-09-20T05:52:01.4902266Z  * [new tag]               v2.0.355                -> v2.0.355
2026-09-20T05:52:01.4902359Z  * [new tag]               v2.0.356                -> v2.0.356
2026-09-20T05:52:01.4902450Z  * [new tag]               v2.0.357                -> v2.0.357
2026-09-20T05:52:01.4902542Z  * [new tag]               v2.0.358                -> v2.0.358
2026-09-20T05:52:01.4902630Z  * [new tag]               v2.0.359                -> v2.0.359
2026-09-20T05:52:01.4902728Z  * [new tag]               v2.0.36                 -> v2.0.36
2026-09-20T05:52:01.4902829Z  * [new tag]               v2.0.360                -> v2.0.360
2026-09-20T05:52:01.4903008Z  * [new tag]               v2.0.361                -> v2.0.361
2026-09-20T05:52:01.4903105Z  * [new tag]               v2.0.362                -> v2.0.362
2026-09-20T05:52:01.4903255Z  * [new tag]               v2.0.363                -> v2.0.363
2026-09-20T05:52:01.4903400Z  * [new tag]               v2.0.364                -> v2.0.364
2026-09-20T05:52:01.4903546Z  * [new tag]               v2.0.365                -> v2.0.365
2026-09-20T05:52:01.4903684Z  * [new tag]               v2.0.366                -> v2.0.366
2026-09-20T05:52:01.4903838Z  * [new tag]               v2.0.367                -> v2.0.367
2026-09-20T05:52:01.4903987Z  * [new tag]               v2.0.368                -> v2.0.368
2026-09-20T05:52:01.4904122Z  * [new tag]               v2.0.369                -> v2.0.369
2026-09-20T05:52:01.4904264Z  * [new tag]               v2.0.37                 -> v2.0.37
2026-09-20T05:52:01.4904406Z  * [new tag]               v2.0.370                -> v2.0.370
2026-09-20T05:52:01.4904555Z  * [new tag]               v2.0.371                -> v2.0.371
2026-09-20T05:52:01.4904687Z  * [new tag]               v2.0.372                -> v2.0.372
2026-09-20T05:52:01.4904779Z  * [new tag]               v2.0.373                -> v2.0.373
2026-09-20T05:52:01.4904872Z  * [new tag]               v2.0.374                -> v2.0.374
2026-09-20T05:52:01.4904959Z  * [new tag]               v2.0.375                -> v2.0.375
2026-09-20T05:52:01.4905049Z  * [new tag]               v2.0.376                -> v2.0.376
2026-09-20T05:52:01.4905140Z  * [new tag]               v2.0.377                -> v2.0.377
2026-09-20T05:52:01.4905226Z  * [new tag]               v2.0.378                -> v2.0.378
2026-09-20T05:52:01.4905320Z  * [new tag]               v2.0.379                -> v2.0.379
2026-09-20T05:52:01.4905412Z  * [new tag]               v2.0.38                 -> v2.0.38
2026-09-20T05:52:01.4905586Z  * [new tag]               v2.0.380                -> v2.0.380
2026-09-20T05:52:01.4905683Z  * [new tag]               v2.0.381                -> v2.0.381
2026-09-20T05:52:01.4905775Z  * [new tag]               v2.0.382                -> v2.0.382
2026-09-20T05:52:01.4905867Z  * [new tag]               v2.0.383                -> v2.0.383
2026-09-20T05:52:01.4905958Z  * [new tag]               v2.0.384                -> v2.0.384
2026-09-20T05:52:01.4906048Z  * [new tag]               v2.0.385                -> v2.0.385
2026-09-20T05:52:01.4906141Z  * [new tag]               v2.0.386                -> v2.0.386
2026-09-20T05:52:01.4906232Z  * [new tag]               v2.0.387                -> v2.0.387
2026-09-20T05:52:01.4906327Z  * [new tag]               v2.0.388                -> v2.0.388
2026-09-20T05:52:01.4906418Z  * [new tag]               v2.0.389                -> v2.0.389
2026-09-20T05:52:01.4906518Z  * [new tag]               v2.0.39                 -> v2.0.39
2026-09-20T05:52:01.4906627Z  * [new tag]               v2.0.390                -> v2.0.390
2026-09-20T05:52:01.4906718Z  * [new tag]               v2.0.391                -> v2.0.391
2026-09-20T05:52:01.4906812Z  * [new tag]               v2.0.392                -> v2.0.392
2026-09-20T05:52:01.4906905Z  * [new tag]               v2.0.393                -> v2.0.393
2026-09-20T05:52:01.4906998Z  * [new tag]               v2.0.394                -> v2.0.394
2026-09-20T05:52:01.4907097Z  * [new tag]               v2.0.395                -> v2.0.395
2026-09-20T05:52:01.4907189Z  * [new tag]               v2.0.396                -> v2.0.396
2026-09-20T05:52:01.4907276Z  * [new tag]               v2.0.397                -> v2.0.397
2026-09-20T05:52:01.4907368Z  * [new tag]               v2.0.398                -> v2.0.398
2026-09-20T05:52:01.4907458Z  * [new tag]               v2.0.399                -> v2.0.399
2026-09-20T05:52:01.4907634Z  * [new tag]               v2.0.4                  -> v2.0.4
2026-09-20T05:52:01.4907797Z  * [new tag]               v2.0.40                 -> v2.0.40
2026-09-20T05:52:01.4908043Z  * [new tag]               v2.0.400                -> v2.0.400
2026-09-20T05:52:01.4908192Z  * [new tag]               v2.0.401                -> v2.0.401
2026-09-20T05:52:01.4908340Z  * [new tag]               v2.0.402                -> v2.0.402
2026-09-20T05:52:01.4908489Z  * [new tag]               v2.0.403                -> v2.0.403
2026-09-20T05:52:01.4908638Z  * [new tag]               v2.0.404                -> v2.0.404
2026-09-20T05:52:01.4908781Z  * [new tag]               v2.0.405                -> v2.0.405
2026-09-20T05:52:01.4908924Z  * [new tag]               v2.0.406                -> v2.0.406
2026-09-20T05:52:01.4909062Z  * [new tag]               v2.0.407                -> v2.0.407
2026-09-20T05:52:01.4909207Z  * [new tag]               v2.0.408                -> v2.0.408
2026-09-20T05:52:01.4909361Z  * [new tag]               v2.0.409                -> v2.0.409
2026-09-20T05:52:01.4909516Z  * [new tag]               v2.0.41                 -> v2.0.41
2026-09-20T05:52:01.4909675Z  * [new tag]               v2.0.410                -> v2.0.410
2026-09-20T05:52:01.4909825Z  * [new tag]               v2.0.411                -> v2.0.411
2026-09-20T05:52:01.4909977Z  * [new tag]               v2.0.412                -> v2.0.412
2026-09-20T05:52:01.4910122Z  * [new tag]               v2.0.413                -> v2.0.413
2026-09-20T05:52:01.4910264Z  * [new tag]               v2.0.414                -> v2.0.414
2026-09-20T05:52:01.4910408Z  * [new tag]               v2.0.415                -> v2.0.415
2026-09-20T05:52:01.4910675Z  * [new tag]               v2.0.416                -> v2.0.416
2026-09-20T05:52:01.4910817Z  * [new tag]               v2.0.417                -> v2.0.417
2026-09-20T05:52:01.4910960Z  * [new tag]               v2.0.418                -> v2.0.418
2026-09-20T05:52:01.4911101Z  * [new tag]               v2.0.419                -> v2.0.419
2026-09-20T05:52:01.4911251Z  * [new tag]               v2.0.42                 -> v2.0.42
2026-09-20T05:52:01.4911512Z  * [new tag]               v2.0.420                -> v2.0.420
2026-09-20T05:52:01.4911667Z  * [new tag]               v2.0.421                -> v2.0.421
2026-09-20T05:52:01.4911821Z  * [new tag]               v2.0.422                -> v2.0.422
2026-09-20T05:52:01.4911967Z  * [new tag]               v2.0.423                -> v2.0.423
2026-09-20T05:52:01.4912114Z  * [new tag]               v2.0.424                -> v2.0.424
2026-09-20T05:52:01.4912257Z  * [new tag]               v2.0.425                -> v2.0.425
2026-09-20T05:52:01.4912400Z  * [new tag]               v2.0.426                -> v2.0.426
2026-09-20T05:52:01.4912554Z  * [new tag]               v2.0.427                -> v2.0.427
2026-09-20T05:52:01.4912706Z  * [new tag]               v2.0.428                -> v2.0.428
2026-09-20T05:52:01.4912851Z  * [new tag]               v2.0.429                -> v2.0.429
2026-09-20T05:52:01.4912993Z  * [new tag]               v2.0.43                 -> v2.0.43
2026-09-20T05:52:01.4913091Z  * [new tag]               v2.0.430                -> v2.0.430
2026-09-20T05:52:01.4913189Z  * [new tag]               v2.0.431                -> v2.0.431
2026-09-20T05:52:01.4913284Z  * [new tag]               v2.0.432                -> v2.0.432
2026-09-20T05:52:01.4913378Z  * [new tag]               v2.0.433                -> v2.0.433
2026-09-20T05:52:01.4913474Z  * [new tag]               v2.0.434                -> v2.0.434
2026-09-20T05:52:01.4913565Z  * [new tag]               v2.0.435                -> v2.0.435
2026-09-20T05:52:01.4913657Z  * [new tag]               v2.0.436                -> v2.0.436
2026-09-20T05:52:01.4913748Z  * [new tag]               v2.0.437                -> v2.0.437
2026-09-20T05:52:01.4913838Z  * [new tag]               v2.0.438                -> v2.0.438
2026-09-20T05:52:01.4913930Z  * [new tag]               v2.0.439                -> v2.0.439
2026-09-20T05:52:01.4914018Z  * [new tag]               v2.0.44                 -> v2.0.44
2026-09-20T05:52:01.4914122Z  * [new tag]               v2.0.440                -> v2.0.440
2026-09-20T05:52:01.4914283Z  * [new tag]               v2.0.441                -> v2.0.441
2026-09-20T05:52:01.4914376Z  * [new tag]               v2.0.442                -> v2.0.442
2026-09-20T05:52:01.4914471Z  * [new tag]               v2.0.443                -> v2.0.443
2026-09-20T05:52:01.4914566Z  * [new tag]               v2.0.444                -> v2.0.444
2026-09-20T05:52:01.4914660Z  * [new tag]               v2.0.445                -> v2.0.445
2026-09-20T05:52:01.4914758Z  * [new tag]               v2.0.446                -> v2.0.446
2026-09-20T05:52:01.4914852Z  * [new tag]               v2.0.447                -> v2.0.447
2026-09-20T05:52:01.4914947Z  * [new tag]               v2.0.448                -> v2.0.448
2026-09-20T05:52:01.4915041Z  * [new tag]               v2.0.449                -> v2.0.449
2026-09-20T05:52:01.4915129Z  * [new tag]               v2.0.45                 -> v2.0.45
2026-09-20T05:52:01.4915228Z  * [new tag]               v2.0.450                -> v2.0.450
2026-09-20T05:52:01.4915328Z  * [new tag]               v2.0.451                -> v2.0.451
2026-09-20T05:52:01.4915419Z  * [new tag]               v2.0.452                -> v2.0.452
2026-09-20T05:52:01.4915508Z  * [new tag]               v2.0.453                -> v2.0.453
2026-09-20T05:52:01.4915597Z  * [new tag]               v2.0.454                -> v2.0.454
2026-09-20T05:52:01.4915691Z  * [new tag]               v2.0.455                -> v2.0.455
2026-09-20T05:52:01.4915779Z  * [new tag]               v2.0.456                -> v2.0.456
2026-09-20T05:52:01.4915871Z  * [new tag]               v2.0.457                -> v2.0.457
2026-09-20T05:52:01.4915962Z  * [new tag]               v2.0.458                -> v2.0.458
2026-09-20T05:52:01.4916049Z  * [new tag]               v2.0.459                -> v2.0.459
2026-09-20T05:52:01.4916141Z  * [new tag]               v2.0.46                 -> v2.0.46
2026-09-20T05:52:01.4916284Z  * [new tag]               v2.0.460                -> v2.0.460
2026-09-20T05:52:01.4916382Z  * [new tag]               v2.0.461                -> v2.0.461
2026-09-20T05:52:01.4916472Z  * [new tag]               v2.0.462                -> v2.0.462
2026-09-20T05:52:01.4916560Z  * [new tag]               v2.0.463                -> v2.0.463
2026-09-20T05:52:01.4916653Z  * [new tag]               v2.0.464                -> v2.0.464
2026-09-20T05:52:01.4916744Z  * [new tag]               v2.0.465                -> v2.0.465
2026-09-20T05:52:01.4916833Z  * [new tag]               v2.0.466                -> v2.0.466
2026-09-20T05:52:01.4916926Z  * [new tag]               v2.0.467                -> v2.0.467
2026-09-20T05:52:01.4917022Z  * [new tag]               v2.0.468                -> v2.0.468
2026-09-20T05:52:01.4917120Z  * [new tag]               v2.0.469                -> v2.0.469
2026-09-20T05:52:01.4917217Z  * [new tag]               v2.0.47                 -> v2.0.47
2026-09-20T05:52:01.4917315Z  * [new tag]               v2.0.470                -> v2.0.470
2026-09-20T05:52:01.4917415Z  * [new tag]               v2.0.471                -> v2.0.471
2026-09-20T05:52:01.4917509Z  * [new tag]               v2.0.472                -> v2.0.472
2026-09-20T05:52:01.4917600Z  * [new tag]               v2.0.473                -> v2.0.473
2026-09-20T05:52:01.4917689Z  * [new tag]               v2.0.474                -> v2.0.474
2026-09-20T05:52:01.4917776Z  * [new tag]               v2.0.475                -> v2.0.475
2026-09-20T05:52:01.4917868Z  * [new tag]               v2.0.476                -> v2.0.476
2026-09-20T05:52:01.4917955Z  * [new tag]               v2.0.477                -> v2.0.477
2026-09-20T05:52:01.4918049Z  * [new tag]               v2.0.478                -> v2.0.478
2026-09-20T05:52:01.4918139Z  * [new tag]               v2.0.479                -> v2.0.479
2026-09-20T05:52:01.4918227Z  * [new tag]               v2.0.48                 -> v2.0.48
2026-09-20T05:52:01.4918322Z  * [new tag]               v2.0.480                -> v2.0.480
2026-09-20T05:52:01.4918471Z  * [new tag]               v2.0.481                -> v2.0.481
2026-09-20T05:52:01.4918561Z  * [new tag]               v2.0.482                -> v2.0.482
2026-09-20T05:52:01.4918654Z  * [new tag]               v2.0.483                -> v2.0.483
2026-09-20T05:52:01.4918746Z  * [new tag]               v2.0.484                -> v2.0.484
2026-09-20T05:52:01.4918838Z  * [new tag]               v2.0.485                -> v2.0.485
2026-09-20T05:52:01.4918932Z  * [new tag]               v2.0.486                -> v2.0.486
2026-09-20T05:52:01.4919022Z  * [new tag]               v2.0.487                -> v2.0.487
2026-09-20T05:52:01.4919117Z  * [new tag]               v2.0.488                -> v2.0.488
2026-09-20T05:52:01.4919207Z  * [new tag]               v2.0.489                -> v2.0.489
2026-09-20T05:52:01.4919301Z  * [new tag]               v2.0.49                 -> v2.0.49
2026-09-20T05:52:01.4919394Z  * [new tag]               v2.0.490                -> v2.0.490
2026-09-20T05:52:01.4919493Z  * [new tag]               v2.0.491                -> v2.0.491
2026-09-20T05:52:01.4919584Z  * [new tag]               v2.0.492                -> v2.0.492
2026-09-20T05:52:01.4919672Z  * [new tag]               v2.0.493                -> v2.0.493
2026-09-20T05:52:01.4919763Z  * [new tag]               v2.0.494                -> v2.0.494
2026-09-20T05:52:01.4919854Z  * [new tag]               v2.0.495                -> v2.0.495
2026-09-20T05:52:01.4919942Z  * [new tag]               v2.0.496                -> v2.0.496
2026-09-20T05:52:01.4920034Z  * [new tag]               v2.0.497                -> v2.0.497
2026-09-20T05:52:01.4920127Z  * [new tag]               v2.0.498                -> v2.0.498
2026-09-20T05:52:01.4920215Z  * [new tag]               v2.0.499                -> v2.0.499
2026-09-20T05:52:01.4920309Z  * [new tag]               v2.0.5                  -> v2.0.5
2026-09-20T05:52:01.4920397Z  * [new tag]               v2.0.50                 -> v2.0.50
2026-09-20T05:52:01.4920649Z  * [new tag]               v2.0.500                -> v2.0.500
2026-09-20T05:52:01.4920746Z  * [new tag]               v2.0.501                -> v2.0.501
2026-09-20T05:52:01.4920834Z  * [new tag]               v2.0.502                -> v2.0.502
2026-09-20T05:52:01.4920925Z  * [new tag]               v2.0.503                -> v2.0.503
2026-09-20T05:52:01.4921019Z  * [new tag]               v2.0.504                -> v2.0.504
2026-09-20T05:52:01.4921112Z  * [new tag]               v2.0.505                -> v2.0.505
2026-09-20T05:52:01.4921205Z  * [new tag]               v2.0.506                -> v2.0.506
2026-09-20T05:52:01.4921297Z  * [new tag]               v2.0.507                -> v2.0.507
2026-09-20T05:52:01.4921387Z  * [new tag]               v2.0.508                -> v2.0.508
2026-09-20T05:52:01.4921474Z  * [new tag]               v2.0.509                -> v2.0.509
2026-09-20T05:52:01.4921570Z  * [new tag]               v2.0.51                 -> v2.0.51
2026-09-20T05:52:01.4921666Z  * [new tag]               v2.0.510                -> v2.0.510
2026-09-20T05:52:01.4921755Z  * [new tag]               v2.0.511                -> v2.0.511
2026-09-20T05:52:01.4921845Z  * [new tag]               v2.0.512                -> v2.0.512
2026-09-20T05:52:01.4921937Z  * [new tag]               v2.0.513                -> v2.0.513
2026-09-20T05:52:01.4922025Z  * [new tag]               v2.0.514                -> v2.0.514
2026-09-20T05:52:01.4922114Z  * [new tag]               v2.0.515                -> v2.0.515
2026-09-20T05:52:01.4922207Z  * [new tag]               v2.0.516                -> v2.0.516
2026-09-20T05:52:01.4922299Z  * [new tag]               v2.0.517                -> v2.0.517
2026-09-20T05:52:01.4922392Z  * [new tag]               v2.0.518                -> v2.0.518
2026-09-20T05:52:01.4922480Z  * [new tag]               v2.0.519                -> v2.0.519
2026-09-20T05:52:01.4922572Z  * [new tag]               v2.0.52                 -> v2.0.52
2026-09-20T05:52:01.4922666Z  * [new tag]               v2.0.520                -> v2.0.520
2026-09-20T05:52:01.4922873Z  * [new tag]               v2.0.521                -> v2.0.521
2026-09-20T05:52:01.4922962Z  * [new tag]               v2.0.522                -> v2.0.522
2026-09-20T05:52:01.4923052Z  * [new tag]               v2.0.523                -> v2.0.523
2026-09-20T05:52:01.4923144Z  * [new tag]               v2.0.524                -> v2.0.524
2026-09-20T05:52:01.4923232Z  * [new tag]               v2.0.525                -> v2.0.525
2026-09-20T05:52:01.4923326Z  * [new tag]               v2.0.526                -> v2.0.526
2026-09-20T05:52:01.4923419Z  * [new tag]               v2.0.527                -> v2.0.527
2026-09-20T05:52:01.4923507Z  * [new tag]               v2.0.528                -> v2.0.528
2026-09-20T05:52:01.4923599Z  * [new tag]               v2.0.529                -> v2.0.529
2026-09-20T05:52:01.4923691Z  * [new tag]               v2.0.53                 -> v2.0.53
2026-09-20T05:52:01.4923781Z  * [new tag]               v2.0.530                -> v2.0.530
2026-09-20T05:52:01.4923875Z  * [new tag]               v2.0.531                -> v2.0.531
2026-09-20T05:52:01.4923967Z  * [new tag]               v2.0.532                -> v2.0.532
2026-09-20T05:52:01.4924059Z  * [new tag]               v2.0.533                -> v2.0.533
2026-09-20T05:52:01.4924150Z  * [new tag]               v2.0.534                -> v2.0.534
2026-09-20T05:52:01.4924239Z  * [new tag]               v2.0.535                -> v2.0.535
2026-09-20T05:52:01.4924330Z  * [new tag]               v2.0.536                -> v2.0.536
2026-09-20T05:52:01.4924418Z  * [new tag]               v2.0.537                -> v2.0.537
2026-09-20T05:52:01.4924510Z  * [new tag]               v2.0.538                -> v2.0.538
2026-09-20T05:52:01.4924607Z  * [new tag]               v2.0.539                -> v2.0.539
2026-09-20T05:52:01.4924697Z  * [new tag]               v2.0.54                 -> v2.0.54
2026-09-20T05:52:01.4924882Z  * [new tag]               v2.0.540                -> v2.0.540
2026-09-20T05:52:01.4924978Z  * [new tag]               v2.0.541                -> v2.0.541
2026-09-20T05:52:01.4925065Z  * [new tag]               v2.0.542                -> v2.0.542
2026-09-20T05:52:01.4925155Z  * [new tag]               v2.0.543                -> v2.0.543
2026-09-20T05:52:01.4925242Z  * [new tag]               v2.0.544                -> v2.0.544
2026-09-20T05:52:01.4925335Z  * [new tag]               v2.0.545                -> v2.0.545
2026-09-20T05:52:01.4925429Z  * [new tag]               v2.0.546                -> v2.0.546
2026-09-20T05:52:01.4925519Z  * [new tag]               v2.0.547                -> v2.0.547
2026-09-20T05:52:01.4925611Z  * [new tag]               v2.0.548                -> v2.0.548
2026-09-20T05:52:01.4925700Z  * [new tag]               v2.0.549                -> v2.0.549
2026-09-20T05:52:01.4925792Z  * [new tag]               v2.0.55                 -> v2.0.55
2026-09-20T05:52:01.4925885Z  * [new tag]               v2.0.550                -> v2.0.550
2026-09-20T05:52:01.4925974Z  * [new tag]               v2.0.551                -> v2.0.551
2026-09-20T05:52:01.4926065Z  * [new tag]               v2.0.552                -> v2.0.552
2026-09-20T05:52:01.4926154Z  * [new tag]               v2.0.553                -> v2.0.553
2026-09-20T05:52:01.4926249Z  * [new tag]               v2.0.554                -> v2.0.554
2026-09-20T05:52:01.4926342Z  * [new tag]               v2.0.555                -> v2.0.555
2026-09-20T05:52:01.4926430Z  * [new tag]               v2.0.556                -> v2.0.556
2026-09-20T05:52:01.4926519Z  * [new tag]               v2.0.557                -> v2.0.557
2026-09-20T05:52:01.4926610Z  * [new tag]               v2.0.558                -> v2.0.558
2026-09-20T05:52:01.4926700Z  * [new tag]               v2.0.559                -> v2.0.559
2026-09-20T05:52:01.4926792Z  * [new tag]               v2.0.56                 -> v2.0.56
2026-09-20T05:52:01.4926881Z  * [new tag]               v2.0.560                -> v2.0.560
2026-09-20T05:52:01.4927058Z  * [new tag]               v2.0.561                -> v2.0.561
2026-09-20T05:52:01.4927155Z  * [new tag]               v2.0.562                -> v2.0.562
2026-09-20T05:52:01.4927243Z  * [new tag]               v2.0.563                -> v2.0.563
2026-09-20T05:52:01.4927333Z  * [new tag]               v2.0.564                -> v2.0.564
2026-09-20T05:52:01.4927420Z  * [new tag]               v2.0.565                -> v2.0.565
2026-09-20T05:52:01.4927510Z  * [new tag]               v2.0.566                -> v2.0.566
2026-09-20T05:52:01.4927602Z  * [new tag]               v2.0.567                -> v2.0.567
2026-09-20T05:52:01.4927693Z  * [new tag]               v2.0.568                -> v2.0.568
2026-09-20T05:52:01.4927783Z  * [new tag]               v2.0.569                -> v2.0.569
2026-09-20T05:52:01.4927873Z  * [new tag]               v2.0.57                 -> v2.0.57
2026-09-20T05:52:01.4927965Z  * [new tag]               v2.0.570                -> v2.0.570
2026-09-20T05:52:01.4928059Z  * [new tag]               v2.0.571                -> v2.0.571
2026-09-20T05:52:01.4928172Z  * [new tag]               v2.0.572                -> v2.0.572
2026-09-20T05:52:01.4928266Z  * [new tag]               v2.0.573                -> v2.0.573
2026-09-20T05:52:01.4928356Z  * [new tag]               v2.0.574                -> v2.0.574
2026-09-20T05:52:01.4928445Z  * [new tag]               v2.0.575                -> v2.0.575
2026-09-20T05:52:01.4928536Z  * [new tag]               v2.0.576                -> v2.0.576
2026-09-20T05:52:01.4928624Z  * [new tag]               v2.0.577                -> v2.0.577
2026-09-20T05:52:01.4928713Z  * [new tag]               v2.0.578                -> v2.0.578
2026-09-20T05:52:01.4928804Z  * [new tag]               v2.0.579                -> v2.0.579
2026-09-20T05:52:01.4928901Z  * [new tag]               v2.0.58                 -> v2.0.58
2026-09-20T05:52:01.4928990Z  * [new tag]               v2.0.580                -> v2.0.580
2026-09-20T05:52:01.4929171Z  * [new tag]               v2.0.581                -> v2.0.581
2026-09-20T05:52:01.4929267Z  * [new tag]               v2.0.582                -> v2.0.582
2026-09-20T05:52:01.4929358Z  * [new tag]               v2.0.583                -> v2.0.583
2026-09-20T05:52:01.4929446Z  * [new tag]               v2.0.584                -> v2.0.584
2026-09-20T05:52:01.4929537Z  * [new tag]               v2.0.585                -> v2.0.585
2026-09-20T05:52:01.4929627Z  * [new tag]               v2.0.586                -> v2.0.586
2026-09-20T05:52:01.4929723Z  * [new tag]               v2.0.587                -> v2.0.587
2026-09-20T05:52:01.4929815Z  * [new tag]               v2.0.588                -> v2.0.588
2026-09-20T05:52:01.4929901Z  * [new tag]               v2.0.589                -> v2.0.589
2026-09-20T05:52:01.4929995Z  * [new tag]               v2.0.59                 -> v2.0.59
2026-09-20T05:52:01.4930087Z  * [new tag]               v2.0.590                -> v2.0.590
2026-09-20T05:52:01.4930184Z  * [new tag]               v2.0.591                -> v2.0.591
2026-09-20T05:52:01.4930279Z  * [new tag]               v2.0.592                -> v2.0.592
2026-09-20T05:52:01.4930368Z  * [new tag]               v2.0.593                -> v2.0.593
2026-09-20T05:52:01.4930464Z  * [new tag]               v2.0.594                -> v2.0.594
2026-09-20T05:52:01.4930820Z  * [new tag]               v2.0.595                -> v2.0.595
2026-09-20T05:52:01.4930985Z  * [new tag]               v2.0.596                -> v2.0.596
2026-09-20T05:52:01.4931146Z  * [new tag]               v2.0.597                -> v2.0.597
2026-09-20T05:52:01.4931303Z  * [new tag]               v2.0.598                -> v2.0.598
2026-09-20T05:52:01.4931448Z  * [new tag]               v2.0.599                -> v2.0.599
2026-09-20T05:52:01.4931590Z  * [new tag]               v2.0.6                  -> v2.0.6
2026-09-20T05:52:01.4931738Z  * [new tag]               v2.0.60                 -> v2.0.60
2026-09-20T05:52:01.4931842Z  * [new tag]               v2.0.600                -> v2.0.600
2026-09-20T05:52:01.4932002Z  * [new tag]               v2.0.601                -> v2.0.601
2026-09-20T05:52:01.4932098Z  * [new tag]               v2.0.602                -> v2.0.602
2026-09-20T05:52:01.4932190Z  * [new tag]               v2.0.603                -> v2.0.603
2026-09-20T05:52:01.4932281Z  * [new tag]               v2.0.604                -> v2.0.604
2026-09-20T05:52:01.4932376Z  * [new tag]               v2.0.605                -> v2.0.605
2026-09-20T05:52:01.4932473Z  * [new tag]               v2.0.606                -> v2.0.606
2026-09-20T05:52:01.4932566Z  * [new tag]               v2.0.607                -> v2.0.607
2026-09-20T05:52:01.4932661Z  * [new tag]               v2.0.608                -> v2.0.608
2026-09-20T05:52:01.4932754Z  * [new tag]               v2.0.609                -> v2.0.609
2026-09-20T05:52:01.4932853Z  * [new tag]               v2.0.61                 -> v2.0.61
2026-09-20T05:52:01.4932950Z  * [new tag]               v2.0.610                -> v2.0.610
2026-09-20T05:52:01.4933046Z  * [new tag]               v2.0.611                -> v2.0.611
2026-09-20T05:52:01.4933141Z  * [new tag]               v2.0.612                -> v2.0.612
2026-09-20T05:52:01.4933230Z  * [new tag]               v2.0.613                -> v2.0.613
2026-09-20T05:52:01.4933321Z  * [new tag]               v2.0.614                -> v2.0.614
2026-09-20T05:52:01.4933411Z  * [new tag]               v2.0.615                -> v2.0.615
2026-09-20T05:52:01.4933499Z  * [new tag]               v2.0.616                -> v2.0.616
2026-09-20T05:52:01.4933590Z  * [new tag]               v2.0.617                -> v2.0.617
2026-09-20T05:52:01.4933681Z  * [new tag]               v2.0.618                -> v2.0.618
2026-09-20T05:52:01.4933773Z  * [new tag]               v2.0.619                -> v2.0.619
2026-09-20T05:52:01.4933866Z  * [new tag]               v2.0.62                 -> v2.0.62
2026-09-20T05:52:01.4934037Z  * [new tag]               v2.0.620                -> v2.0.620
2026-09-20T05:52:01.4934132Z  * [new tag]               v2.0.621                -> v2.0.621
2026-09-20T05:52:01.4934222Z  * [new tag]               v2.0.622                -> v2.0.622
2026-09-20T05:52:01.4934318Z  * [new tag]               v2.0.623                -> v2.0.623
2026-09-20T05:52:01.4934414Z  * [new tag]               v2.0.624                -> v2.0.624
2026-09-20T05:52:01.4934506Z  * [new tag]               v2.0.625                -> v2.0.625
2026-09-20T05:52:01.4934606Z  * [new tag]               v2.0.626                -> v2.0.626
2026-09-20T05:52:01.4934704Z  * [new tag]               v2.0.627                -> v2.0.627
2026-09-20T05:52:01.4934809Z  * [new tag]               v2.0.628                -> v2.0.628
2026-09-20T05:52:01.4934912Z  * [new tag]               v2.0.629                -> v2.0.629
2026-09-20T05:52:01.4935015Z  * [new tag]               v2.0.63                 -> v2.0.63
2026-09-20T05:52:01.4935116Z  * [new tag]               v2.0.630                -> v2.0.630
2026-09-20T05:52:01.4935222Z  * [new tag]               v2.0.631                -> v2.0.631
2026-09-20T05:52:01.4935321Z  * [new tag]               v2.0.632                -> v2.0.632
2026-09-20T05:52:01.4935418Z  * [new tag]               v2.0.633                -> v2.0.633
2026-09-20T05:52:01.4935514Z  * [new tag]               v2.0.634                -> v2.0.634
2026-09-20T05:52:01.4935688Z  * [new tag]               v2.0.635                -> v2.0.635
2026-09-20T05:52:01.4935834Z  * [new tag]               v2.0.636                -> v2.0.636
2026-09-20T05:52:01.4935978Z  * [new tag]               v2.0.637                -> v2.0.637
2026-09-20T05:52:01.4936124Z  * [new tag]               v2.0.638                -> v2.0.638
2026-09-20T05:52:01.4936270Z  * [new tag]               v2.0.639                -> v2.0.639
2026-09-20T05:52:01.4936370Z  * [new tag]               v2.0.64                 -> v2.0.64
2026-09-20T05:52:01.4936470Z  * [new tag]               v2.0.640                -> v2.0.640
2026-09-20T05:52:01.4936579Z  * [new tag]               v2.0.641                -> v2.0.641
2026-09-20T05:52:01.4936768Z  * [new tag]               v2.0.642                -> v2.0.642
2026-09-20T05:52:01.4936867Z  * [new tag]               v2.0.643                -> v2.0.643
2026-09-20T05:52:01.4936968Z  * [new tag]               v2.0.644                -> v2.0.644
2026-09-20T05:52:01.4937071Z  * [new tag]               v2.0.645                -> v2.0.645
2026-09-20T05:52:01.4937170Z  * [new tag]               v2.0.646                -> v2.0.646
2026-09-20T05:52:01.4937273Z  * [new tag]               v2.0.647                -> v2.0.647
2026-09-20T05:52:01.4937371Z  * [new tag]               v2.0.648                -> v2.0.648
2026-09-20T05:52:01.4937464Z  * [new tag]               v2.0.649                -> v2.0.649
2026-09-20T05:52:01.4937559Z  * [new tag]               v2.0.65                 -> v2.0.65
2026-09-20T05:52:01.4937652Z  * [new tag]               v2.0.650                -> v2.0.650
2026-09-20T05:52:01.4937749Z  * [new tag]               v2.0.651                -> v2.0.651
2026-09-20T05:52:01.4937852Z  * [new tag]               v2.0.652                -> v2.0.652
2026-09-20T05:52:01.4937949Z  * [new tag]               v2.0.653                -> v2.0.653
2026-09-20T05:52:01.4938056Z  * [new tag]               v2.0.654                -> v2.0.654
2026-09-20T05:52:01.4938152Z  * [new tag]               v2.0.655                -> v2.0.655
2026-09-20T05:52:01.4938253Z  * [new tag]               v2.0.656                -> v2.0.656
2026-09-20T05:52:01.4938352Z  * [new tag]               v2.0.657                -> v2.0.657
2026-09-20T05:52:01.4938452Z  * [new tag]               v2.0.658                -> v2.0.658
2026-09-20T05:52:01.4938551Z  * [new tag]               v2.0.659                -> v2.0.659
2026-09-20T05:52:01.4938650Z  * [new tag]               v2.0.66                 -> v2.0.66
2026-09-20T05:52:01.4938753Z  * [new tag]               v2.0.660                -> v2.0.660
2026-09-20T05:52:01.4938940Z  * [new tag]               v2.0.661                -> v2.0.661
2026-09-20T05:52:01.4939068Z  * [new tag]               v2.0.662                -> v2.0.662
2026-09-20T05:52:01.4939175Z  * [new tag]               v2.0.663                -> v2.0.663
2026-09-20T05:52:01.4939275Z  * [new tag]               v2.0.664                -> v2.0.664
2026-09-20T05:52:01.4939376Z  * [new tag]               v2.0.665                -> v2.0.665
2026-09-20T05:52:01.4939481Z  * [new tag]               v2.0.666                -> v2.0.666
2026-09-20T05:52:01.4939571Z  * [new tag]               v2.0.667                -> v2.0.667
2026-09-20T05:52:01.4939669Z  * [new tag]               v2.0.668                -> v2.0.668
2026-09-20T05:52:01.4939764Z  * [new tag]               v2.0.669                -> v2.0.669
2026-09-20T05:52:01.4939860Z  * [new tag]               v2.0.67                 -> v2.0.67
2026-09-20T05:52:01.4939957Z  * [new tag]               v2.0.670                -> v2.0.670
2026-09-20T05:52:01.4940065Z  * [new tag]               v2.0.671                -> v2.0.671
2026-09-20T05:52:01.4940175Z  * [new tag]               v2.0.672                -> v2.0.672
2026-09-20T05:52:01.4940275Z  * [new tag]               v2.0.673                -> v2.0.673
2026-09-20T05:52:01.4940376Z  * [new tag]               v2.0.674                -> v2.0.674
2026-09-20T05:52:01.4940479Z  * [new tag]               v2.0.675                -> v2.0.675
2026-09-20T05:52:01.4940654Z  * [new tag]               v2.0.676                -> v2.0.676
2026-09-20T05:52:01.4940760Z  * [new tag]               v2.0.677                -> v2.0.677
2026-09-20T05:52:01.4940865Z  * [new tag]               v2.0.678                -> v2.0.678
2026-09-20T05:52:01.4940970Z  * [new tag]               v2.0.679                -> v2.0.679
2026-09-20T05:52:01.4941074Z  * [new tag]               v2.0.68                 -> v2.0.68
2026-09-20T05:52:01.4941173Z  * [new tag]               v2.0.680                -> v2.0.680
2026-09-20T05:52:01.4941267Z  * [new tag]               v2.0.681                -> v2.0.681
2026-09-20T05:52:01.4941425Z  * [new tag]               v2.0.682                -> v2.0.682
2026-09-20T05:52:01.4941520Z  * [new tag]               v2.0.683                -> v2.0.683
2026-09-20T05:52:01.4941624Z  * [new tag]               v2.0.684                -> v2.0.684
2026-09-20T05:52:01.4941721Z  * [new tag]               v2.0.685                -> v2.0.685
2026-09-20T05:52:01.4941817Z  * [new tag]               v2.0.686                -> v2.0.686
2026-09-20T05:52:01.4941922Z  * [new tag]               v2.0.687                -> v2.0.687
2026-09-20T05:52:01.4942024Z  * [new tag]               v2.0.688                -> v2.0.688
2026-09-20T05:52:01.4942115Z  * [new tag]               v2.0.689                -> v2.0.689
2026-09-20T05:52:01.4942207Z  * [new tag]               v2.0.69                 -> v2.0.69
2026-09-20T05:52:01.4942295Z  * [new tag]               v2.0.690                -> v2.0.690
2026-09-20T05:52:01.4942390Z  * [new tag]               v2.0.691                -> v2.0.691
2026-09-20T05:52:01.4942489Z  * [new tag]               v2.0.692                -> v2.0.692
2026-09-20T05:52:01.4942582Z  * [new tag]               v2.0.693                -> v2.0.693
2026-09-20T05:52:01.4942675Z  * [new tag]               v2.0.694                -> v2.0.694
2026-09-20T05:52:01.4942764Z  * [new tag]               v2.0.695                -> v2.0.695
2026-09-20T05:52:01.4942855Z  * [new tag]               v2.0.696                -> v2.0.696
2026-09-20T05:52:01.4942947Z  * [new tag]               v2.0.697                -> v2.0.697
2026-09-20T05:52:01.4943034Z  * [new tag]               v2.0.698                -> v2.0.698
2026-09-20T05:52:01.4943126Z  * [new tag]               v2.0.699                -> v2.0.699
2026-09-20T05:52:01.4943215Z  * [new tag]               v2.0.7                  -> v2.0.7
2026-09-20T05:52:01.4943306Z  * [new tag]               v2.0.70                 -> v2.0.70
2026-09-20T05:52:01.4943397Z  * [new tag]               v2.0.700                -> v2.0.700
2026-09-20T05:52:01.4943546Z  * [new tag]               v2.0.701                -> v2.0.701
2026-09-20T05:52:01.4943636Z  * [new tag]               v2.0.702                -> v2.0.702
2026-09-20T05:52:01.4943729Z  * [new tag]               v2.0.703                -> v2.0.703
2026-09-20T05:52:01.4943823Z  * [new tag]               v2.0.704                -> v2.0.704
2026-09-20T05:52:01.4943913Z  * [new tag]               v2.0.705                -> v2.0.705
2026-09-20T05:52:01.4944003Z  * [new tag]               v2.0.706                -> v2.0.706
2026-09-20T05:52:01.4944095Z  * [new tag]               v2.0.707                -> v2.0.707
2026-09-20T05:52:01.4944186Z  * [new tag]               v2.0.708                -> v2.0.708
2026-09-20T05:52:01.4944286Z  * [new tag]               v2.0.709                -> v2.0.709
2026-09-20T05:52:01.4944382Z  * [new tag]               v2.0.71                 -> v2.0.71
2026-09-20T05:52:01.4944472Z  * [new tag]               v2.0.710                -> v2.0.710
2026-09-20T05:52:01.4944568Z  * [new tag]               v2.0.711                -> v2.0.711
2026-09-20T05:52:01.4944662Z  * [new tag]               v2.0.712                -> v2.0.712
2026-09-20T05:52:01.4944754Z  * [new tag]               v2.0.713                -> v2.0.713
2026-09-20T05:52:01.4944845Z  * [new tag]               v2.0.714                -> v2.0.714
2026-09-20T05:52:01.4944932Z  * [new tag]               v2.0.715                -> v2.0.715
2026-09-20T05:52:01.4945023Z  * [new tag]               v2.0.716                -> v2.0.716
2026-09-20T05:52:01.4945114Z  * [new tag]               v2.0.717                -> v2.0.717
2026-09-20T05:52:01.4945203Z  * [new tag]               v2.0.718                -> v2.0.718
2026-09-20T05:52:01.4945295Z  * [new tag]               v2.0.719                -> v2.0.719
2026-09-20T05:52:01.4945385Z  * [new tag]               v2.0.72                 -> v2.0.72
2026-09-20T05:52:01.4945474Z  * [new tag]               v2.0.720                -> v2.0.720
2026-09-20T05:52:01.4945569Z  * [new tag]               v2.0.721                -> v2.0.721
2026-09-20T05:52:01.4945718Z  * [new tag]               v2.0.722                -> v2.0.722
2026-09-20T05:52:01.4945813Z  * [new tag]               v2.0.723                -> v2.0.723
2026-09-20T05:52:01.4945904Z  * [new tag]               v2.0.724                -> v2.0.724
2026-09-20T05:52:01.4945995Z  * [new tag]               v2.0.725                -> v2.0.725
2026-09-20T05:52:01.4946128Z  * [new tag]               v2.0.726                -> v2.0.726
2026-09-20T05:52:01.4946280Z  * [new tag]               v2.0.727                -> v2.0.727
2026-09-20T05:52:01.4946422Z  * [new tag]               v2.0.728                -> v2.0.728
2026-09-20T05:52:01.4946562Z  * [new tag]               v2.0.729                -> v2.0.729
2026-09-20T05:52:01.4946703Z  * [new tag]               v2.0.73                 -> v2.0.73
2026-09-20T05:52:01.4946846Z  * [new tag]               v2.0.730                -> v2.0.730
2026-09-20T05:52:01.4946964Z  * [new tag]               v2.0.731                -> v2.0.731
2026-09-20T05:52:01.4947064Z  * [new tag]               v2.0.732                -> v2.0.732
2026-09-20T05:52:01.4947159Z  * [new tag]               v2.0.733                -> v2.0.733
2026-09-20T05:52:01.4947253Z  * [new tag]               v2.0.734                -> v2.0.734
2026-09-20T05:52:01.4947346Z  * [new tag]               v2.0.735                -> v2.0.735
2026-09-20T05:52:01.4947434Z  * [new tag]               v2.0.736                -> v2.0.736
2026-09-20T05:52:01.4947526Z  * [new tag]               v2.0.737                -> v2.0.737
2026-09-20T05:52:01.4947618Z  * [new tag]               v2.0.738                -> v2.0.738
2026-09-20T05:52:01.4947709Z  * [new tag]               v2.0.739                -> v2.0.739
2026-09-20T05:52:01.4947803Z  * [new tag]               v2.0.74                 -> v2.0.74
2026-09-20T05:52:01.4947894Z  * [new tag]               v2.0.740                -> v2.0.740
2026-09-20T05:52:01.4948052Z  * [new tag]               v2.0.741                -> v2.0.741
2026-09-20T05:52:01.4948147Z  * [new tag]               v2.0.742                -> v2.0.742
2026-09-20T05:52:01.4948235Z  * [new tag]               v2.0.743                -> v2.0.743
2026-09-20T05:52:01.4948325Z  * [new tag]               v2.0.744                -> v2.0.744
2026-09-20T05:52:01.4948418Z  * [new tag]               v2.0.745                -> v2.0.745
2026-09-20T05:52:01.4948514Z  * [new tag]               v2.0.746                -> v2.0.746
2026-09-20T05:52:01.4948607Z  * [new tag]               v2.0.747                -> v2.0.747
2026-09-20T05:52:01.4948696Z  * [new tag]               v2.0.748                -> v2.0.748
2026-09-20T05:52:01.4948788Z  * [new tag]               v2.0.749                -> v2.0.749
2026-09-20T05:52:01.4948883Z  * [new tag]               v2.0.75                 -> v2.0.75
2026-09-20T05:52:01.4948972Z  * [new tag]               v2.0.750                -> v2.0.750
2026-09-20T05:52:01.4949071Z  * [new tag]               v2.0.751                -> v2.0.751
2026-09-20T05:52:01.4949162Z  * [new tag]               v2.0.752                -> v2.0.752
2026-09-20T05:52:01.4949258Z  * [new tag]               v2.0.753                -> v2.0.753
2026-09-20T05:52:01.4949352Z  * [new tag]               v2.0.754                -> v2.0.754
2026-09-20T05:52:01.4949440Z  * [new tag]               v2.0.755                -> v2.0.755
2026-09-20T05:52:01.4949531Z  * [new tag]               v2.0.756                -> v2.0.756
2026-09-20T05:52:01.4949621Z  * [new tag]               v2.0.757                -> v2.0.757
2026-09-20T05:52:01.4949713Z  * [new tag]               v2.0.758                -> v2.0.758
2026-09-20T05:52:01.4949805Z  * [new tag]               v2.0.759                -> v2.0.759
2026-09-20T05:52:01.4949897Z  * [new tag]               v2.0.76                 -> v2.0.76
2026-09-20T05:52:01.4949988Z  * [new tag]               v2.0.760                -> v2.0.760
2026-09-20T05:52:01.4950079Z  * [new tag]               v2.0.761                -> v2.0.761
2026-09-20T05:52:01.4950231Z  * [new tag]               v2.0.762                -> v2.0.762
2026-09-20T05:52:01.4950321Z  * [new tag]               v2.0.763                -> v2.0.763
2026-09-20T05:52:01.4950415Z  * [new tag]               v2.0.764                -> v2.0.764
2026-09-20T05:52:01.4950618Z  * [new tag]               v2.0.765                -> v2.0.765
2026-09-20T05:52:01.4950718Z  * [new tag]               v2.0.766                -> v2.0.766
2026-09-20T05:52:01.4950810Z  * [new tag]               v2.0.767                -> v2.0.767
2026-09-20T05:52:01.4950901Z  * [new tag]               v2.0.768                -> v2.0.768
2026-09-20T05:52:01.4950992Z  * [new tag]               v2.0.769                -> v2.0.769
2026-09-20T05:52:01.4951085Z  * [new tag]               v2.0.77                 -> v2.0.77
2026-09-20T05:52:01.4951178Z  * [new tag]               v2.0.770                -> v2.0.770
2026-09-20T05:52:01.4951267Z  * [new tag]               v2.0.771                -> v2.0.771
2026-09-20T05:52:01.4951365Z  * [new tag]               v2.0.772                -> v2.0.772
2026-09-20T05:52:01.4951453Z  * [new tag]               v2.0.773                -> v2.0.773
2026-09-20T05:52:01.4951545Z  * [new tag]               v2.0.774                -> v2.0.774
2026-09-20T05:52:01.4951643Z  * [new tag]               v2.0.775                -> v2.0.775
2026-09-20T05:52:01.4951740Z  * [new tag]               v2.0.776                -> v2.0.776
2026-09-20T05:52:01.4951838Z  * [new tag]               v2.0.777                -> v2.0.777
2026-09-20T05:52:01.4951931Z  * [new tag]               v2.0.778                -> v2.0.778
2026-09-20T05:52:01.4952027Z  * [new tag]               v2.0.779                -> v2.0.779
2026-09-20T05:52:01.4952121Z  * [new tag]               v2.0.78                 -> v2.0.78
2026-09-20T05:52:01.4952216Z  * [new tag]               v2.0.780                -> v2.0.780
2026-09-20T05:52:01.4952308Z  * [new tag]               v2.0.781                -> v2.0.781
2026-09-20T05:52:01.4952482Z  * [new tag]               v2.0.782                -> v2.0.782
2026-09-20T05:52:01.4952576Z  * [new tag]               v2.0.783                -> v2.0.783
2026-09-20T05:52:01.4952670Z  * [new tag]               v2.0.784                -> v2.0.784
2026-09-20T05:52:01.4952760Z  * [new tag]               v2.0.785                -> v2.0.785
2026-09-20T05:52:01.4952851Z  * [new tag]               v2.0.786                -> v2.0.786
2026-09-20T05:52:01.4952942Z  * [new tag]               v2.0.787                -> v2.0.787
2026-09-20T05:52:01.4953035Z  * [new tag]               v2.0.788                -> v2.0.788
2026-09-20T05:52:01.4953130Z  * [new tag]               v2.0.789                -> v2.0.789
2026-09-20T05:52:01.4953222Z  * [new tag]               v2.0.79                 -> v2.0.79
2026-09-20T05:52:01.4953320Z  * [new tag]               v2.0.790                -> v2.0.790
2026-09-20T05:52:01.4953415Z  * [new tag]               v2.0.791                -> v2.0.791
2026-09-20T05:52:01.4953506Z  * [new tag]               v2.0.792                -> v2.0.792
2026-09-20T05:52:01.4953598Z  * [new tag]               v2.0.793                -> v2.0.793
2026-09-20T05:52:01.4953686Z  * [new tag]               v2.0.794                -> v2.0.794
2026-09-20T05:52:01.4953781Z  * [new tag]               v2.0.795                -> v2.0.795
2026-09-20T05:52:01.4953877Z  * [new tag]               v2.0.796                -> v2.0.796
2026-09-20T05:52:01.4953967Z  * [new tag]               v2.0.797                -> v2.0.797
2026-09-20T05:52:01.4954059Z  * [new tag]               v2.0.798                -> v2.0.798
2026-09-20T05:52:01.4954149Z  * [new tag]               v2.0.799                -> v2.0.799
2026-09-20T05:52:01.4954242Z  * [new tag]               v2.0.8                  -> v2.0.8
2026-09-20T05:52:01.4954335Z  * [new tag]               v2.0.80                 -> v2.0.80
2026-09-20T05:52:01.4954426Z  * [new tag]               v2.0.800                -> v2.0.800
2026-09-20T05:52:01.4954524Z  * [new tag]               v2.0.801                -> v2.0.801
2026-09-20T05:52:01.4954700Z  * [new tag]               v2.0.802                -> v2.0.802
2026-09-20T05:52:01.4954792Z  * [new tag]               v2.0.803                -> v2.0.803
2026-09-20T05:52:01.4954890Z  * [new tag]               v2.0.804                -> v2.0.804
2026-09-20T05:52:01.4954978Z  * [new tag]               v2.0.805                -> v2.0.805
2026-09-20T05:52:01.4955068Z  * [new tag]               v2.0.806                -> v2.0.806
2026-09-20T05:52:01.4955163Z  * [new tag]               v2.0.807                -> v2.0.807
2026-09-20T05:52:01.4955252Z  * [new tag]               v2.0.808                -> v2.0.808
2026-09-20T05:52:01.4955344Z  * [new tag]               v2.0.809                -> v2.0.809
2026-09-20T05:52:01.4955434Z  * [new tag]               v2.0.81                 -> v2.0.81
2026-09-20T05:52:01.4955531Z  * [new tag]               v2.0.810                -> v2.0.810
2026-09-20T05:52:01.4955623Z  * [new tag]               v2.0.811                -> v2.0.811
2026-09-20T05:52:01.4955714Z  * [new tag]               v2.0.812                -> v2.0.812
2026-09-20T05:52:01.4955805Z  * [new tag]               v2.0.813                -> v2.0.813
2026-09-20T05:52:01.4955895Z  * [new tag]               v2.0.814                -> v2.0.814
2026-09-20T05:52:01.4955983Z  * [new tag]               v2.0.815                -> v2.0.815
2026-09-20T05:52:01.4956073Z  * [new tag]               v2.0.816                -> v2.0.816
2026-09-20T05:52:01.4956162Z  * [new tag]               v2.0.817                -> v2.0.817
2026-09-20T05:52:01.4956255Z  * [new tag]               v2.0.818                -> v2.0.818
2026-09-20T05:52:01.4956347Z  * [new tag]               v2.0.819                -> v2.0.819
2026-09-20T05:52:01.4956441Z  * [new tag]               v2.0.82                 -> v2.0.82
2026-09-20T05:52:01.4956533Z  * [new tag]               v2.0.820                -> v2.0.820
2026-09-20T05:52:01.4956713Z  * [new tag]               v2.0.821                -> v2.0.821
2026-09-20T05:52:01.4956809Z  * [new tag]               v2.0.822                -> v2.0.822
2026-09-20T05:52:01.4956901Z  * [new tag]               v2.0.823                -> v2.0.823
2026-09-20T05:52:01.4956990Z  * [new tag]               v2.0.824                -> v2.0.824
2026-09-20T05:52:01.4957079Z  * [new tag]               v2.0.825                -> v2.0.825
2026-09-20T05:52:01.4957168Z  * [new tag]               v2.0.826                -> v2.0.826
2026-09-20T05:52:01.4957261Z  * [new tag]               v2.0.827                -> v2.0.827
2026-09-20T05:52:01.4957352Z  * [new tag]               v2.0.828                -> v2.0.828
2026-09-20T05:52:01.4957439Z  * [new tag]               v2.0.829                -> v2.0.829
2026-09-20T05:52:01.4957530Z  * [new tag]               v2.0.83                 -> v2.0.83
2026-09-20T05:52:01.4957618Z  * [new tag]               v2.0.830                -> v2.0.830
2026-09-20T05:52:01.4957711Z  * [new tag]               v2.0.831                -> v2.0.831
2026-09-20T05:52:01.4957805Z  * [new tag]               v2.0.832                -> v2.0.832
2026-09-20T05:52:01.4957893Z  * [new tag]               v2.0.833                -> v2.0.833
2026-09-20T05:52:01.4957986Z  * [new tag]               v2.0.834                -> v2.0.834
2026-09-20T05:52:01.4958079Z  * [new tag]               v2.0.835                -> v2.0.835
2026-09-20T05:52:01.4958171Z  * [new tag]               v2.0.836                -> v2.0.836
2026-09-20T05:52:01.4958266Z  * [new tag]               v2.0.837                -> v2.0.837
2026-09-20T05:52:01.4958376Z  * [new tag]               v2.0.838                -> v2.0.838
2026-09-20T05:52:01.4958469Z  * [new tag]               v2.0.839                -> v2.0.839
2026-09-20T05:52:01.4958560Z  * [new tag]               v2.0.84                 -> v2.0.84
2026-09-20T05:52:01.4958649Z  * [new tag]               v2.0.840                -> v2.0.840
2026-09-20T05:52:01.4958740Z  * [new tag]               v2.0.841                -> v2.0.841
2026-09-20T05:52:01.4958893Z  * [new tag]               v2.0.842                -> v2.0.842
2026-09-20T05:52:01.4958986Z  * [new tag]               v2.0.843                -> v2.0.843
2026-09-20T05:52:01.4959080Z  * [new tag]               v2.0.844                -> v2.0.844
2026-09-20T05:52:01.4959167Z  * [new tag]               v2.0.845                -> v2.0.845
2026-09-20T05:52:01.4959260Z  * [new tag]               v2.0.846                -> v2.0.846
2026-09-20T05:52:01.4959351Z  * [new tag]               v2.0.847                -> v2.0.847
2026-09-20T05:52:01.4959443Z  * [new tag]               v2.0.848                -> v2.0.848
2026-09-20T05:52:01.4959538Z  * [new tag]               v2.0.849                -> v2.0.849
2026-09-20T05:52:01.4959631Z  * [new tag]               v2.0.85                 -> v2.0.85
2026-09-20T05:52:01.4959726Z  * [new tag]               v2.0.850                -> v2.0.850
2026-09-20T05:52:01.4959817Z  * [new tag]               v2.0.851                -> v2.0.851
2026-09-20T05:52:01.4959909Z  * [new tag]               v2.0.852                -> v2.0.852
2026-09-20T05:52:01.4960005Z  * [new tag]               v2.0.853                -> v2.0.853
2026-09-20T05:52:01.4960097Z  * [new tag]               v2.0.854                -> v2.0.854
2026-09-20T05:52:01.4960190Z  * [new tag]               v2.0.855                -> v2.0.855
2026-09-20T05:52:01.4960289Z  * [new tag]               v2.0.856                -> v2.0.856
2026-09-20T05:52:01.4960378Z  * [new tag]               v2.0.857                -> v2.0.857
2026-09-20T05:52:01.4960472Z  * [new tag]               v2.0.858                -> v2.0.858
2026-09-20T05:52:01.4960655Z  * [new tag]               v2.0.859                -> v2.0.859
2026-09-20T05:52:01.4960752Z  * [new tag]               v2.0.86                 -> v2.0.86
2026-09-20T05:52:01.4960846Z  * [new tag]               v2.0.860                -> v2.0.860
2026-09-20T05:52:01.4960936Z  * [new tag]               v2.0.861                -> v2.0.861
2026-09-20T05:52:01.4961113Z  * [new tag]               v2.0.862                -> v2.0.862
2026-09-20T05:52:01.4961212Z  * [new tag]               v2.0.863                -> v2.0.863
2026-09-20T05:52:01.4961305Z  * [new tag]               v2.0.864                -> v2.0.864
2026-09-20T05:52:01.4961398Z  * [new tag]               v2.0.865                -> v2.0.865
2026-09-20T05:52:01.4961485Z  * [new tag]               v2.0.866                -> v2.0.866
2026-09-20T05:52:01.4961582Z  * [new tag]               v2.0.867                -> v2.0.867
2026-09-20T05:52:01.4961674Z  * [new tag]               v2.0.868                -> v2.0.868
2026-09-20T05:52:01.4961763Z  * [new tag]               v2.0.869                -> v2.0.869
2026-09-20T05:52:01.4961854Z  * [new tag]               v2.0.87                 -> v2.0.87
2026-09-20T05:52:01.4961942Z  * [new tag]               v2.0.870                -> v2.0.870
2026-09-20T05:52:01.4962032Z  * [new tag]               v2.0.871                -> v2.0.871
2026-09-20T05:52:01.4962129Z  * [new tag]               v2.0.872                -> v2.0.872
2026-09-20T05:52:01.4962227Z  * [new tag]               v2.0.873                -> v2.0.873
2026-09-20T05:52:01.4962319Z  * [new tag]               v2.0.874                -> v2.0.874
2026-09-20T05:52:01.4962414Z  * [new tag]               v2.0.875                -> v2.0.875
2026-09-20T05:52:01.4962506Z  * [new tag]               v2.0.876                -> v2.0.876
2026-09-20T05:52:01.4962597Z  * [new tag]               v2.0.877                -> v2.0.877
2026-09-20T05:52:01.4962685Z  * [new tag]               v2.0.878                -> v2.0.878
2026-09-20T05:52:01.4962776Z  * [new tag]               v2.0.879                -> v2.0.879
2026-09-20T05:52:01.4962866Z  * [new tag]               v2.0.88                 -> v2.0.88
2026-09-20T05:52:01.4962958Z  * [new tag]               v2.0.880                -> v2.0.880
2026-09-20T05:52:01.4963048Z  * [new tag]               v2.0.881                -> v2.0.881
2026-09-20T05:52:01.4963139Z  * [new tag]               v2.0.882                -> v2.0.882
2026-09-20T05:52:01.4963309Z  * [new tag]               v2.0.883                -> v2.0.883
2026-09-20T05:52:01.4963398Z  * [new tag]               v2.0.884                -> v2.0.884
2026-09-20T05:52:01.4963485Z  * [new tag]               v2.0.885                -> v2.0.885
2026-09-20T05:52:01.4963575Z  * [new tag]               v2.0.886                -> v2.0.886
2026-09-20T05:52:01.4963661Z  * [new tag]               v2.0.887                -> v2.0.887
2026-09-20T05:52:01.4963751Z  * [new tag]               v2.0.888                -> v2.0.888
2026-09-20T05:52:01.4963841Z  * [new tag]               v2.0.889                -> v2.0.889
2026-09-20T05:52:01.4963931Z  * [new tag]               v2.0.89                 -> v2.0.89
2026-09-20T05:52:01.4964021Z  * [new tag]               v2.0.890                -> v2.0.890
2026-09-20T05:52:01.4964108Z  * [new tag]               v2.0.891                -> v2.0.891
2026-09-20T05:52:01.4964201Z  * [new tag]               v2.0.892                -> v2.0.892
2026-09-20T05:52:01.4964297Z  * [new tag]               v2.0.893                -> v2.0.893
2026-09-20T05:52:01.4964385Z  * [new tag]               v2.0.894                -> v2.0.894
2026-09-20T05:52:01.4964474Z  * [new tag]               v2.0.895                -> v2.0.895
2026-09-20T05:52:01.4964562Z  * [new tag]               v2.0.896                -> v2.0.896
2026-09-20T05:52:01.4964654Z  * [new tag]               v2.0.897                -> v2.0.897
2026-09-20T05:52:01.4964744Z  * [new tag]               v2.0.898                -> v2.0.898
2026-09-20T05:52:01.4964832Z  * [new tag]               v2.0.899                -> v2.0.899
2026-09-20T05:52:01.4964923Z  * [new tag]               v2.0.9                  -> v2.0.9
2026-09-20T05:52:01.4965013Z  * [new tag]               v2.0.90                 -> v2.0.90
2026-09-20T05:52:01.4965101Z  * [new tag]               v2.0.900                -> v2.0.900
2026-09-20T05:52:01.4965264Z  * [new tag]               v2.0.901                -> v2.0.901
2026-09-20T05:52:01.4965356Z  * [new tag]               v2.0.902                -> v2.0.902
2026-09-20T05:52:01.4965447Z  * [new tag]               v2.0.903                -> v2.0.903
2026-09-20T05:52:01.4965536Z  * [new tag]               v2.0.904                -> v2.0.904
2026-09-20T05:52:01.4965624Z  * [new tag]               v2.0.905                -> v2.0.905
2026-09-20T05:52:01.4965713Z  * [new tag]               v2.0.906                -> v2.0.906
2026-09-20T05:52:01.4965801Z  * [new tag]               v2.0.907                -> v2.0.907
2026-09-20T05:52:01.4965891Z  * [new tag]               v2.0.908                -> v2.0.908
2026-09-20T05:52:01.4965980Z  * [new tag]               v2.0.909                -> v2.0.909
2026-09-20T05:52:01.4966068Z  * [new tag]               v2.0.91                 -> v2.0.91
2026-09-20T05:52:01.4966161Z  * [new tag]               v2.0.910                -> v2.0.910
2026-09-20T05:52:01.4966249Z  * [new tag]               v2.0.911                -> v2.0.911
2026-09-20T05:52:01.4966345Z  * [new tag]               v2.0.912                -> v2.0.912
2026-09-20T05:52:01.4966435Z  * [new tag]               v2.0.913                -> v2.0.913
2026-09-20T05:52:01.4966522Z  * [new tag]               v2.0.914                -> v2.0.914
2026-09-20T05:52:01.4966612Z  * [new tag]               v2.0.915                -> v2.0.915
2026-09-20T05:52:01.4966701Z  * [new tag]               v2.0.916                -> v2.0.916
2026-09-20T05:52:01.4966789Z  * [new tag]               v2.0.917                -> v2.0.917
2026-09-20T05:52:01.4966879Z  * [new tag]               v2.0.918                -> v2.0.918
2026-09-20T05:52:01.4966966Z  * [new tag]               v2.0.919                -> v2.0.919
2026-09-20T05:52:01.4967057Z  * [new tag]               v2.0.92                 -> v2.0.92
2026-09-20T05:52:01.4967146Z  * [new tag]               v2.0.920                -> v2.0.920
2026-09-20T05:52:01.4967233Z  * [new tag]               v2.0.921                -> v2.0.921
2026-09-20T05:52:01.4967326Z  * [new tag]               v2.0.922                -> v2.0.922
2026-09-20T05:52:01.4967469Z  * [new tag]               v2.0.923                -> v2.0.923
2026-09-20T05:52:01.4967559Z  * [new tag]               v2.0.924                -> v2.0.924
2026-09-20T05:52:01.4967650Z  * [new tag]               v2.0.925                -> v2.0.925
2026-09-20T05:52:01.4967739Z  * [new tag]               v2.0.926                -> v2.0.926
2026-09-20T05:52:01.4967828Z  * [new tag]               v2.0.927                -> v2.0.927
2026-09-20T05:52:01.4967916Z  * [new tag]               v2.0.928                -> v2.0.928
2026-09-20T05:52:01.4968006Z  * [new tag]               v2.0.929                -> v2.0.929
2026-09-20T05:52:01.4968096Z  * [new tag]               v2.0.93                 -> v2.0.93
2026-09-20T05:52:01.4968184Z  * [new tag]               v2.0.930                -> v2.0.930
2026-09-20T05:52:01.4968275Z  * [new tag]               v2.0.931                -> v2.0.931
2026-09-20T05:52:01.4968367Z  * [new tag]               v2.0.932                -> v2.0.932
2026-09-20T05:52:01.4968457Z  * [new tag]               v2.0.933                -> v2.0.933
2026-09-20T05:52:01.4968548Z  * [new tag]               v2.0.934                -> v2.0.934
2026-09-20T05:52:01.4968636Z  * [new tag]               v2.0.935                -> v2.0.935
2026-09-20T05:52:01.4968728Z  * [new tag]               v2.0.936                -> v2.0.936
2026-09-20T05:52:01.4968819Z  * [new tag]               v2.0.937                -> v2.0.937
2026-09-20T05:52:01.4968906Z  * [new tag]               v2.0.938                -> v2.0.938
2026-09-20T05:52:01.4968995Z  * [new tag]               v2.0.939                -> v2.0.939
2026-09-20T05:52:01.4969083Z  * [new tag]               v2.0.94                 -> v2.0.94
2026-09-20T05:52:01.4969174Z  * [new tag]               v2.0.940                -> v2.0.940
2026-09-20T05:52:01.4969264Z  * [new tag]               v2.0.941                -> v2.0.941
2026-09-20T05:52:01.4969429Z  * [new tag]               v2.0.942                -> v2.0.942
2026-09-20T05:52:01.4969524Z  * [new tag]               v2.0.943                -> v2.0.943
2026-09-20T05:52:01.4969613Z  * [new tag]               v2.0.944                -> v2.0.944
2026-09-20T05:52:01.4969705Z  * [new tag]               v2.0.945                -> v2.0.945
2026-09-20T05:52:01.4969794Z  * [new tag]               v2.0.946                -> v2.0.946
2026-09-20T05:52:01.4969881Z  * [new tag]               v2.0.947                -> v2.0.947
2026-09-20T05:52:01.4969970Z  * [new tag]               v2.0.948                -> v2.0.948
2026-09-20T05:52:01.4970061Z  * [new tag]               v2.0.949                -> v2.0.949
2026-09-20T05:52:01.4970149Z  * [new tag]               v2.0.95                 -> v2.0.95
2026-09-20T05:52:01.4970240Z  * [new tag]               v2.0.950                -> v2.0.950
2026-09-20T05:52:01.4970327Z  * [new tag]               v2.0.951                -> v2.0.951
2026-09-20T05:52:01.4970420Z  * [new tag]               v2.0.952                -> v2.0.952
2026-09-20T05:52:01.4970583Z  * [new tag]               v2.0.953                -> v2.0.953
2026-09-20T05:52:01.4970671Z  * [new tag]               v2.0.954                -> v2.0.954
2026-09-20T05:52:01.4970760Z  * [new tag]               v2.0.955                -> v2.0.955
2026-09-20T05:52:01.4970848Z  * [new tag]               v2.0.956                -> v2.0.956
2026-09-20T05:52:01.4970938Z  * [new tag]               v2.0.957                -> v2.0.957
2026-09-20T05:52:01.4971029Z  * [new tag]               v2.0.958                -> v2.0.958
2026-09-20T05:52:01.4971116Z  * [new tag]               v2.0.959                -> v2.0.959
2026-09-20T05:52:01.4971206Z  * [new tag]               v2.0.96                 -> v2.0.96
2026-09-20T05:52:01.4971293Z  * [new tag]               v2.0.960                -> v2.0.960
2026-09-20T05:52:01.4971384Z  * [new tag]               v2.0.961                -> v2.0.961
2026-09-20T05:52:01.4971479Z  * [new tag]               v2.0.962                -> v2.0.962
2026-09-20T05:52:01.4971624Z  * [new tag]               v2.0.963                -> v2.0.963
2026-09-20T05:52:01.4971714Z  * [new tag]               v2.0.964                -> v2.0.964
2026-09-20T05:52:01.4971803Z  * [new tag]               v2.0.965                -> v2.0.965
2026-09-20T05:52:01.4971893Z  * [new tag]               v2.0.966                -> v2.0.966
2026-09-20T05:52:01.4971984Z  * [new tag]               v2.0.967                -> v2.0.967
2026-09-20T05:52:01.4972072Z  * [new tag]               v2.0.968                -> v2.0.968
2026-09-20T05:52:01.4972164Z  * [new tag]               v2.0.969                -> v2.0.969
2026-09-20T05:52:01.4972256Z  * [new tag]               v2.0.97                 -> v2.0.97
2026-09-20T05:52:01.4972345Z  * [new tag]               v2.0.970                -> v2.0.970
2026-09-20T05:52:01.4972436Z  * [new tag]               v2.0.971                -> v2.0.971
2026-09-20T05:52:01.4972526Z  * [new tag]               v2.0.972                -> v2.0.972
2026-09-20T05:52:01.4972622Z  * [new tag]               v2.0.973                -> v2.0.973
2026-09-20T05:52:01.4972711Z  * [new tag]               v2.0.974                -> v2.0.974
2026-09-20T05:52:01.4972799Z  * [new tag]               v2.0.975                -> v2.0.975
2026-09-20T05:52:01.4972888Z  * [new tag]               v2.0.976                -> v2.0.976
2026-09-20T05:52:01.4972976Z  * [new tag]               v2.0.977                -> v2.0.977
2026-09-20T05:52:01.4973067Z  * [new tag]               v2.0.978                -> v2.0.978
2026-09-20T05:52:01.4973158Z  * [new tag]               v2.0.979                -> v2.0.979
2026-09-20T05:52:01.4973247Z  * [new tag]               v2.0.98                 -> v2.0.98
2026-09-20T05:52:01.4973337Z  * [new tag]               v2.0.980                -> v2.0.980
2026-09-20T05:52:01.4973424Z  * [new tag]               v2.0.981                -> v2.0.981
2026-09-20T05:52:01.4973514Z  * [new tag]               v2.0.982                -> v2.0.982
2026-09-20T05:52:01.4973663Z  * [new tag]               v2.0.983                -> v2.0.983
2026-09-20T05:52:01.4973752Z  * [new tag]               v2.0.984                -> v2.0.984
2026-09-20T05:52:01.4973843Z  * [new tag]               v2.0.985                -> v2.0.985
2026-09-20T05:52:01.4973932Z  * [new tag]               v2.0.986                -> v2.0.986
2026-09-20T05:52:01.4974019Z  * [new tag]               v2.0.987                -> v2.0.987
2026-09-20T05:52:01.4974109Z  * [new tag]               v2.0.988                -> v2.0.988
2026-09-20T05:52:01.4974198Z  * [new tag]               v2.0.989                -> v2.0.989
2026-09-20T05:52:01.4974290Z  * [new tag]               v2.0.99                 -> v2.0.99
2026-09-20T05:52:01.4974380Z  * [new tag]               v2.0.990                -> v2.0.990
2026-09-20T05:52:01.4974467Z  * [new tag]               v2.0.991                -> v2.0.991
2026-09-20T05:52:01.4974556Z  * [new tag]               v2.0.992                -> v2.0.992
2026-09-20T05:52:01.4974649Z  * [new tag]               v2.0.993                -> v2.0.993
2026-09-20T05:52:01.4974742Z  * [new tag]               v2.0.994                -> v2.0.994
2026-09-20T05:52:01.4974832Z  * [new tag]               v2.0.995                -> v2.0.995
2026-09-20T05:52:01.4974919Z  * [new tag]               v2.0.996                -> v2.0.996
2026-09-20T05:52:01.4975009Z  * [new tag]               v2.0.997                -> v2.0.997
2026-09-20T05:52:01.4975098Z  * [new tag]               v2.0.998                -> v2.0.998
2026-09-20T05:52:01.4975189Z  * [new tag]               v2.0.999                -> v2.0.999
2026-09-20T05:52:01.4975281Z  * [new tag]               v2.1.0                  -> v2.1.0
2026-09-20T05:52:01.4975373Z  * [new tag]               v2.1.1                  -> v2.1.1
2026-09-20T05:52:01.4975468Z  * [new tag]               v2.1.10                 -> v2.1.10
2026-09-20T05:52:01.4975559Z  * [new tag]               v2.1.11                 -> v2.1.11
2026-09-20T05:52:01.4975652Z  * [new tag]               v2.1.12                 -> v2.1.12
2026-09-20T05:52:01.4975797Z  * [new tag]               v2.1.13                 -> v2.1.13
2026-09-20T05:52:01.4975885Z  * [new tag]               v2.1.14                 -> v2.1.14
2026-09-20T05:52:01.4975974Z  * [new tag]               v2.1.15                 -> v2.1.15
2026-09-20T05:52:01.4976065Z  * [new tag]               v2.1.16                 -> v2.1.16
2026-09-20T05:52:01.4976152Z  * [new tag]               v2.1.17                 -> v2.1.17
2026-09-20T05:52:01.4976241Z  * [new tag]               v2.1.18                 -> v2.1.18
2026-09-20T05:52:01.4976328Z  * [new tag]               v2.1.19                 -> v2.1.19
2026-09-20T05:52:01.4976420Z  * [new tag]               v2.1.2                  -> v2.1.2
2026-09-20T05:52:01.4976509Z  * [new tag]               v2.1.20                 -> v2.1.20
2026-09-20T05:52:01.4976597Z  * [new tag]               v2.1.21                 -> v2.1.21
2026-09-20T05:52:01.4976689Z  * [new tag]               v2.1.22                 -> v2.1.22
2026-09-20T05:52:01.4976780Z  * [new tag]               v2.1.23                 -> v2.1.23
2026-09-20T05:52:01.4976873Z  * [new tag]               v2.1.24                 -> v2.1.24
2026-09-20T05:52:01.4976962Z  * [new tag]               v2.1.25                 -> v2.1.25
2026-09-20T05:52:01.4977050Z  * [new tag]               v2.1.26                 -> v2.1.26
2026-09-20T05:52:01.4977139Z  * [new tag]               v2.1.27                 -> v2.1.27
2026-09-20T05:52:01.4977230Z  * [new tag]               v2.1.28                 -> v2.1.28
2026-09-20T05:52:01.4977318Z  * [new tag]               v2.1.29                 -> v2.1.29
2026-09-20T05:52:01.4977408Z  * [new tag]               v2.1.3                  -> v2.1.3
2026-09-20T05:52:01.4977496Z  * [new tag]               v2.1.4                  -> v2.1.4
2026-09-20T05:52:01.4977586Z  * [new tag]               v2.1.5                  -> v2.1.5
2026-09-20T05:52:01.4977730Z  * [new tag]               v2.1.6                  -> v2.1.6
2026-09-20T05:52:01.4977822Z  * [new tag]               v2.1.7                  -> v2.1.7
2026-09-20T05:52:01.4977911Z  * [new tag]               v2.1.8                  -> v2.1.8
2026-09-20T05:52:01.4977997Z  * [new tag]               v2.1.9                  -> v2.1.9
2026-09-20T05:52:01.4978087Z  * [new tag]               v2.2.0                  -> v2.2.0
2026-09-20T05:52:01.4978176Z  * [new tag]               v2.2.1                  -> v2.2.1
2026-09-20T05:52:01.4978267Z  * [new tag]               v2.2.100                -> v2.2.100
2026-09-20T05:52:01.4978358Z  * [new tag]               v2.2.101                -> v2.2.101
2026-09-20T05:52:01.4978447Z  * [new tag]               v2.2.102                -> v2.2.102
2026-09-20T05:52:01.4978539Z  * [new tag]               v2.2.103                -> v2.2.103
2026-09-20T05:52:01.4978631Z  * [new tag]               v2.2.104                -> v2.2.104
2026-09-20T05:52:01.4978719Z  * [new tag]               v2.2.105                -> v2.2.105
2026-09-20T05:52:01.4978812Z  * [new tag]               v2.2.106                -> v2.2.106
2026-09-20T05:52:01.4978904Z  * [new tag]               v2.2.107                -> v2.2.107
2026-09-20T05:52:01.4978993Z  * [new tag]               v2.2.108                -> v2.2.108
2026-09-20T05:52:01.4979083Z  * [new tag]               v2.2.109                -> v2.2.109
2026-09-20T05:52:01.4979170Z  * [new tag]               v2.2.110                -> v2.2.110
2026-09-20T05:52:01.4979262Z  * [new tag]               v2.2.111                -> v2.2.111
2026-09-20T05:52:01.4979351Z  * [new tag]               v2.2.112                -> v2.2.112
2026-09-20T05:52:01.4979438Z  * [new tag]               v2.2.113                -> v2.2.113
2026-09-20T05:52:01.4979530Z  * [new tag]               v2.2.114                -> v2.2.114
2026-09-20T05:52:01.4979618Z  * [new tag]               v2.2.115                -> v2.2.115
2026-09-20T05:52:01.4979709Z  * [new tag]               v2.2.116                -> v2.2.116
2026-09-20T05:52:01.4979801Z  * [new tag]               v2.2.117                -> v2.2.117
2026-09-20T05:52:01.4979945Z  * [new tag]               v2.2.118                -> v2.2.118
2026-09-20T05:52:01.4980035Z  * [new tag]               v2.2.119                -> v2.2.119
2026-09-20T05:52:01.4980122Z  * [new tag]               v2.2.120                -> v2.2.120
2026-09-20T05:52:01.4980214Z  * [new tag]               v2.2.121                -> v2.2.121
2026-09-20T05:52:01.4980304Z  * [new tag]               v2.2.122                -> v2.2.122
2026-09-20T05:52:01.4980392Z  * [new tag]               v2.2.123                -> v2.2.123
2026-09-20T05:52:01.4980482Z  * [new tag]               v2.2.124                -> v2.2.124
2026-09-20T05:52:01.4980641Z  * [new tag]               v2.2.125                -> v2.2.125
2026-09-20T05:52:01.4980732Z  * [new tag]               v2.2.126                -> v2.2.126
2026-09-20T05:52:01.4980823Z  * [new tag]               v2.2.127                -> v2.2.127
2026-09-20T05:52:01.4980912Z  * [new tag]               v2.2.128                -> v2.2.128
2026-09-20T05:52:01.4981010Z  * [new tag]               v2.2.15                 -> v2.2.15
2026-09-20T05:52:01.4981104Z  * [new tag]               v2.2.16                 -> v2.2.16
2026-09-20T05:52:01.4981192Z  * [new tag]               v2.2.17                 -> v2.2.17
2026-09-20T05:52:01.4981284Z  * [new tag]               v2.2.18                 -> v2.2.18
2026-09-20T05:52:01.4981372Z  * [new tag]               v2.2.19                 -> v2.2.19
2026-09-20T05:52:01.4981462Z  * [new tag]               v2.2.2                  -> v2.2.2
2026-09-20T05:52:01.4981551Z  * [new tag]               v2.2.20                 -> v2.2.20
2026-09-20T05:52:01.4981638Z  * [new tag]               v2.2.21                 -> v2.2.21
2026-09-20T05:52:01.4981727Z  * [new tag]               v2.2.22                 -> v2.2.22
2026-09-20T05:52:01.4981814Z  * [new tag]               v2.2.23                 -> v2.2.23
2026-09-20T05:52:01.4981983Z  * [new tag]               v2.2.24                 -> v2.2.24
2026-09-20T05:52:01.4982076Z  * [new tag]               v2.2.25                 -> v2.2.25
2026-09-20T05:52:01.4982163Z  * [new tag]               v2.2.26                 -> v2.2.26
2026-09-20T05:52:01.4982253Z  * [new tag]               v2.2.27                 -> v2.2.27
2026-09-20T05:52:01.4982340Z  * [new tag]               v2.2.28                 -> v2.2.28
2026-09-20T05:52:01.4982429Z  * [new tag]               v2.2.29                 -> v2.2.29
2026-09-20T05:52:01.4982519Z  * [new tag]               v2.2.3                  -> v2.2.3
2026-09-20T05:52:01.4982607Z  * [new tag]               v2.2.30                 -> v2.2.30
2026-09-20T05:52:01.4982696Z  * [new tag]               v2.2.31                 -> v2.2.31
2026-09-20T05:52:01.4982785Z  * [new tag]               v2.2.32                 -> v2.2.32
2026-09-20T05:52:01.4982872Z  * [new tag]               v2.2.33                 -> v2.2.33
2026-09-20T05:52:01.4982965Z  * [new tag]               v2.2.34                 -> v2.2.34
2026-09-20T05:52:01.4983055Z  * [new tag]               v2.2.35                 -> v2.2.35
2026-09-20T05:52:01.4983145Z  * [new tag]               v2.2.36                 -> v2.2.36
2026-09-20T05:52:01.4983237Z  * [new tag]               v2.2.37                 -> v2.2.37
2026-09-20T05:52:01.4983323Z  * [new tag]               v2.2.38                 -> v2.2.38
2026-09-20T05:52:01.4983413Z  * [new tag]               v2.2.39                 -> v2.2.39
2026-09-20T05:52:01.4983501Z  * [new tag]               v2.2.4                  -> v2.2.4
2026-09-20T05:52:01.4983592Z  * [new tag]               v2.2.40                 -> v2.2.40
2026-09-20T05:52:01.4983682Z  * [new tag]               v2.2.41                 -> v2.2.41
2026-09-20T05:52:01.4983768Z  * [new tag]               v2.2.42                 -> v2.2.42
2026-09-20T05:52:01.4983858Z  * [new tag]               v2.2.43                 -> v2.2.43
2026-09-20T05:52:01.4983944Z  * [new tag]               v2.2.44                 -> v2.2.44
2026-09-20T05:52:01.4984041Z  * [new tag]               v2.2.45                 -> v2.2.45
2026-09-20T05:52:01.4984205Z  * [new tag]               v2.2.46                 -> v2.2.46
2026-09-20T05:52:01.4984291Z  * [new tag]               v2.2.47                 -> v2.2.47
2026-09-20T05:52:01.4984380Z  * [new tag]               v2.2.48                 -> v2.2.48
2026-09-20T05:52:01.4984469Z  * [new tag]               v2.2.49                 -> v2.2.49
2026-09-20T05:52:01.4984557Z  * [new tag]               v2.2.5                  -> v2.2.5
2026-09-20T05:52:01.4984647Z  * [new tag]               v2.2.50                 -> v2.2.50
2026-09-20T05:52:01.4984733Z  * [new tag]               v2.2.51                 -> v2.2.51
2026-09-20T05:52:01.4984822Z  * [new tag]               v2.2.52                 -> v2.2.52
2026-09-20T05:52:01.4984912Z  * [new tag]               v2.2.53                 -> v2.2.53
2026-09-20T05:52:01.4984999Z  * [new tag]               v2.2.54                 -> v2.2.54
2026-09-20T05:52:01.4985092Z  * [new tag]               v2.2.55                 -> v2.2.55
2026-09-20T05:52:01.4985182Z  * [new tag]               v2.2.56                 -> v2.2.56
2026-09-20T05:52:01.4985271Z  * [new tag]               v2.2.57                 -> v2.2.57
2026-09-20T05:52:01.4985360Z  * [new tag]               v2.2.58                 -> v2.2.58
2026-09-20T05:52:01.4985447Z  * [new tag]               v2.2.59                 -> v2.2.59
2026-09-20T05:52:01.4985539Z  * [new tag]               v2.2.6                  -> v2.2.6
2026-09-20T05:52:01.4985626Z  * [new tag]               v2.2.60                 -> v2.2.60
2026-09-20T05:52:01.4985716Z  * [new tag]               v2.2.61                 -> v2.2.61
2026-09-20T05:52:01.4985806Z  * [new tag]               v2.2.62                 -> v2.2.62
2026-09-20T05:52:01.4985893Z  * [new tag]               v2.2.63                 -> v2.2.63
2026-09-20T05:52:01.4985982Z  * [new tag]               v2.2.64                 -> v2.2.64
2026-09-20T05:52:01.4986125Z  * [new tag]               v2.2.65                 -> v2.2.65
2026-09-20T05:52:01.4986215Z  * [new tag]               v2.2.66                 -> v2.2.66
2026-09-20T05:52:01.4986305Z  * [new tag]               v2.2.67                 -> v2.2.67
2026-09-20T05:52:01.4986392Z  * [new tag]               v2.2.68                 -> v2.2.68
2026-09-20T05:52:01.4986481Z  * [new tag]               v2.2.69                 -> v2.2.69
2026-09-20T05:52:01.4986572Z  * [new tag]               v2.2.7                  -> v2.2.7
2026-09-20T05:52:01.4986661Z  * [new tag]               v2.2.70                 -> v2.2.70
2026-09-20T05:52:01.4986752Z  * [new tag]               v2.2.71                 -> v2.2.71
2026-09-20T05:52:01.4986839Z  * [new tag]               v2.2.72                 -> v2.2.72
2026-09-20T05:52:01.4986929Z  * [new tag]               v2.2.73                 -> v2.2.73
2026-09-20T05:52:01.4987018Z  * [new tag]               v2.2.74                 -> v2.2.74
2026-09-20T05:52:01.4987104Z  * [new tag]               v2.2.75                 -> v2.2.75
2026-09-20T05:52:01.4987201Z  * [new tag]               v2.2.76                 -> v2.2.76
2026-09-20T05:52:01.4987290Z  * [new tag]               v2.2.77                 -> v2.2.77
2026-09-20T05:52:01.4987380Z  * [new tag]               v2.2.78                 -> v2.2.78
2026-09-20T05:52:01.4987468Z  * [new tag]               v2.2.79                 -> v2.2.79
2026-09-20T05:52:01.4987556Z  * [new tag]               v2.2.8                  -> v2.2.8
2026-09-20T05:52:01.4987646Z  * [new tag]               v2.2.80                 -> v2.2.80
2026-09-20T05:52:01.4987734Z  * [new tag]               v2.2.81                 -> v2.2.81
2026-09-20T05:52:01.4987820Z  * [new tag]               v2.2.82                 -> v2.2.82
2026-09-20T05:52:01.4987911Z  * [new tag]               v2.2.83                 -> v2.2.83
2026-09-20T05:52:01.4987997Z  * [new tag]               v2.2.84                 -> v2.2.84
2026-09-20T05:52:01.4988086Z  * [new tag]               v2.2.85                 -> v2.2.85
2026-09-20T05:52:01.4988178Z  * [new tag]               v2.2.86                 -> v2.2.86
2026-09-20T05:52:01.4988320Z  * [new tag]               v2.2.87                 -> v2.2.87
2026-09-20T05:52:01.4988409Z  * [new tag]               v2.2.88                 -> v2.2.88
2026-09-20T05:52:01.4988497Z  * [new tag]               v2.2.89                 -> v2.2.89
2026-09-20T05:52:01.4988586Z  * [new tag]               v2.2.90                 -> v2.2.90
2026-09-20T05:52:01.4988676Z  * [new tag]               v2.2.91                 -> v2.2.91
2026-09-20T05:52:01.4988763Z  * [new tag]               v2.2.92                 -> v2.2.92
2026-09-20T05:52:01.4988851Z  * [new tag]               v2.2.93                 -> v2.2.93
2026-09-20T05:52:01.4988938Z  * [new tag]               v2.2.94                 -> v2.2.94
2026-09-20T05:52:01.4989027Z  * [new tag]               v2.2.95                 -> v2.2.95
2026-09-20T05:52:01.4989116Z  * [new tag]               v2.2.96                 -> v2.2.96
2026-09-20T05:52:01.4989205Z  * [new tag]               v2.2.97                 -> v2.2.97
2026-09-20T05:52:01.4989300Z  * [new tag]               v2.2.98                 -> v2.2.98
2026-09-20T05:52:01.4989459Z  * [new tag]               v2.2.99                 -> v2.2.99
2026-09-20T05:52:01.4989548Z  * [new tag]               v3.0.0                  -> v3.0.0
2026-09-20T05:52:01.4989640Z  * [new tag]               v3.0.1                  -> v3.0.1
2026-09-20T05:52:01.4989726Z  * [new tag]               v3.0.10                 -> v3.0.10
2026-09-20T05:52:01.4989818Z  * [new tag]               v3.0.100                -> v3.0.100
2026-09-20T05:52:01.4989910Z  * [new tag]               v3.0.101                -> v3.0.101
2026-09-20T05:52:01.4990000Z  * [new tag]               v3.0.102                -> v3.0.102
2026-09-20T05:52:01.4990090Z  * [new tag]               v3.0.103                -> v3.0.103
2026-09-20T05:52:01.4990179Z  * [new tag]               v3.0.104                -> v3.0.104
2026-09-20T05:52:01.4990401Z  * [new tag]               v3.0.105                -> v3.0.105
2026-09-20T05:52:01.4990494Z  * [new tag]               v3.0.106                -> v3.0.106
2026-09-20T05:52:01.4990682Z  * [new tag]               v3.0.107                -> v3.0.107
2026-09-20T05:52:01.4990774Z  * [new tag]               v3.0.108                -> v3.0.108
2026-09-20T05:52:01.4990860Z  * [new tag]               v3.0.109                -> v3.0.109
2026-09-20T05:52:01.4990952Z  * [new tag]               v3.0.11                 -> v3.0.11
2026-09-20T05:52:01.4991042Z  * [new tag]               v3.0.110                -> v3.0.110
2026-09-20T05:52:01.4991129Z  * [new tag]               v3.0.111                -> v3.0.111
2026-09-20T05:52:01.4991223Z  * [new tag]               v3.0.112                -> v3.0.112
2026-09-20T05:52:01.4996870Z  * [new tag]               v3.0.113                -> v3.0.113
2026-09-20T05:52:01.4996992Z  * [new tag]               v3.0.114                -> v3.0.114
2026-09-20T05:52:01.4997093Z  * [new tag]               v3.0.115                -> v3.0.115
2026-09-20T05:52:01.4997187Z  * [new tag]               v3.0.116                -> v3.0.116
2026-09-20T05:52:01.4997281Z  * [new tag]               v3.0.117                -> v3.0.117
2026-09-20T05:52:01.4997374Z  * [new tag]               v3.0.118                -> v3.0.118
2026-09-20T05:52:01.4997463Z  * [new tag]               v3.0.119                -> v3.0.119
2026-09-20T05:52:01.4997557Z  * [new tag]               v3.0.12                 -> v3.0.12
2026-09-20T05:52:01.4997650Z  * [new tag]               v3.0.120                -> v3.0.120
2026-09-20T05:52:01.4997744Z  * [new tag]               v3.0.121                -> v3.0.121
2026-09-20T05:52:01.4997840Z  * [new tag]               v3.0.122                -> v3.0.122
2026-09-20T05:52:01.4997931Z  * [new tag]               v3.0.123                -> v3.0.123
2026-09-20T05:52:01.4998026Z  * [new tag]               v3.0.124                -> v3.0.124
2026-09-20T05:52:01.4998119Z  * [new tag]               v3.0.125                -> v3.0.125
2026-09-20T05:52:01.4998326Z  * [new tag]               v3.0.126                -> v3.0.126
2026-09-20T05:52:01.4998417Z  * [new tag]               v3.0.127                -> v3.0.127
2026-09-20T05:52:01.4998507Z  * [new tag]               v3.0.128                -> v3.0.128
2026-09-20T05:52:01.4998599Z  * [new tag]               v3.0.129                -> v3.0.129
2026-09-20T05:52:01.4998689Z  * [new tag]               v3.0.13                 -> v3.0.13
2026-09-20T05:52:01.4998781Z  * [new tag]               v3.0.130                -> v3.0.130
2026-09-20T05:52:01.4998872Z  * [new tag]               v3.0.131                -> v3.0.131
2026-09-20T05:52:01.4998961Z  * [new tag]               v3.0.132                -> v3.0.132
2026-09-20T05:52:01.4999052Z  * [new tag]               v3.0.133                -> v3.0.133
2026-09-20T05:52:01.4999140Z  * [new tag]               v3.0.134                -> v3.0.134
2026-09-20T05:52:01.4999232Z  * [new tag]               v3.0.135                -> v3.0.135
2026-09-20T05:52:01.4999325Z  * [new tag]               v3.0.136                -> v3.0.136
2026-09-20T05:52:01.4999422Z  * [new tag]               v3.0.137                -> v3.0.137
2026-09-20T05:52:01.4999514Z  * [new tag]               v3.0.138                -> v3.0.138
2026-09-20T05:52:01.4999608Z  * [new tag]               v3.0.139                -> v3.0.139
2026-09-20T05:52:01.4999697Z  * [new tag]               v3.0.14                 -> v3.0.14
2026-09-20T05:52:01.4999789Z  * [new tag]               v3.0.140                -> v3.0.140
2026-09-20T05:52:01.4999877Z  * [new tag]               v3.0.141                -> v3.0.141
2026-09-20T05:52:01.4999972Z  * [new tag]               v3.0.142                -> v3.0.142
2026-09-20T05:52:01.5000065Z  * [new tag]               v3.0.143                -> v3.0.143
2026-09-20T05:52:01.5000156Z  * [new tag]               v3.0.144                -> v3.0.144
2026-09-20T05:52:01.5000248Z  * [new tag]               v3.0.145                -> v3.0.145
2026-09-20T05:52:01.5000416Z  * [new tag]               v3.0.146                -> v3.0.146
2026-09-20T05:52:01.5000678Z  * [new tag]               v3.0.147                -> v3.0.147
2026-09-20T05:52:01.5000774Z  * [new tag]               v3.0.148                -> v3.0.148
2026-09-20T05:52:01.5000863Z  * [new tag]               v3.0.149                -> v3.0.149
2026-09-20T05:52:01.5000954Z  * [new tag]               v3.0.15                 -> v3.0.15
2026-09-20T05:52:01.5001042Z  * [new tag]               v3.0.150                -> v3.0.150
2026-09-20T05:52:01.5001134Z  * [new tag]               v3.0.151                -> v3.0.151
2026-09-20T05:52:01.5001226Z  * [new tag]               v3.0.152                -> v3.0.152
2026-09-20T05:52:01.5001317Z  * [new tag]               v3.0.153                -> v3.0.153
2026-09-20T05:52:01.5001411Z  * [new tag]               v3.0.154                -> v3.0.154
2026-09-20T05:52:01.5001505Z  * [new tag]               v3.0.155                -> v3.0.155
2026-09-20T05:52:01.5001601Z  * [new tag]               v3.0.156                -> v3.0.156
2026-09-20T05:52:01.5001701Z  * [new tag]               v3.0.157                -> v3.0.157
2026-09-20T05:52:01.5001790Z  * [new tag]               v3.0.158                -> v3.0.158
2026-09-20T05:52:01.5001881Z  * [new tag]               v3.0.159                -> v3.0.159
2026-09-20T05:52:01.5001974Z  * [new tag]               v3.0.16                 -> v3.0.16
2026-09-20T05:52:01.5002062Z  * [new tag]               v3.0.160                -> v3.0.160
2026-09-20T05:52:01.5002161Z  * [new tag]               v3.0.161                -> v3.0.161
2026-09-20T05:52:01.5002253Z  * [new tag]               v3.0.162                -> v3.0.162
2026-09-20T05:52:01.5002346Z  * [new tag]               v3.0.163                -> v3.0.163
2026-09-20T05:52:01.5002437Z  * [new tag]               v3.0.164                -> v3.0.164
2026-09-20T05:52:01.5002526Z  * [new tag]               v3.0.165                -> v3.0.165
2026-09-20T05:52:01.5002623Z  * [new tag]               v3.0.166                -> v3.0.166
2026-09-20T05:52:01.5002771Z  * [new tag]               v3.0.167                -> v3.0.167
2026-09-20T05:52:01.5002863Z  * [new tag]               v3.0.168                -> v3.0.168
2026-09-20T05:52:01.5002954Z  * [new tag]               v3.0.169                -> v3.0.169
2026-09-20T05:52:01.5003047Z  * [new tag]               v3.0.17                 -> v3.0.17
2026-09-20T05:52:01.5003140Z  * [new tag]               v3.0.170                -> v3.0.170
2026-09-20T05:52:01.5003232Z  * [new tag]               v3.0.171                -> v3.0.171
2026-09-20T05:52:01.5003321Z  * [new tag]               v3.0.172                -> v3.0.172
2026-09-20T05:52:01.5003413Z  * [new tag]               v3.0.173                -> v3.0.173
2026-09-20T05:52:01.5003501Z  * [new tag]               v3.0.174                -> v3.0.174
2026-09-20T05:52:01.5003593Z  * [new tag]               v3.0.175                -> v3.0.175
2026-09-20T05:52:01.5003690Z  * [new tag]               v3.0.176                -> v3.0.176
2026-09-20T05:52:01.5003781Z  * [new tag]               v3.0.177                -> v3.0.177
2026-09-20T05:52:01.5003875Z  * [new tag]               v3.0.178                -> v3.0.178
2026-09-20T05:52:01.5003967Z  * [new tag]               v3.0.179                -> v3.0.179
2026-09-20T05:52:01.5004062Z  * [new tag]               v3.0.18                 -> v3.0.18
2026-09-20T05:52:01.5004156Z  * [new tag]               v3.0.180                -> v3.0.180
2026-09-20T05:52:01.5004245Z  * [new tag]               v3.0.181                -> v3.0.181
2026-09-20T05:52:01.5004339Z  * [new tag]               v3.0.182                -> v3.0.182
2026-09-20T05:52:01.5004428Z  * [new tag]               v3.0.183                -> v3.0.183
2026-09-20T05:52:01.5004523Z  * [new tag]               v3.0.184                -> v3.0.184
2026-09-20T05:52:01.5004616Z  * [new tag]               v3.0.185                -> v3.0.185
2026-09-20T05:52:01.5004759Z  * [new tag]               v3.0.186                -> v3.0.186
2026-09-20T05:52:01.5004861Z  * [new tag]               v3.0.187                -> v3.0.187
2026-09-20T05:52:01.5004953Z  * [new tag]               v3.0.188                -> v3.0.188
2026-09-20T05:52:01.5005043Z  * [new tag]               v3.0.189                -> v3.0.189
2026-09-20T05:52:01.5005136Z  * [new tag]               v3.0.19                 -> v3.0.19
2026-09-20T05:52:01.5005225Z  * [new tag]               v3.0.190                -> v3.0.190
2026-09-20T05:52:01.5005320Z  * [new tag]               v3.0.191                -> v3.0.191
2026-09-20T05:52:01.5005412Z  * [new tag]               v3.0.192                -> v3.0.192
2026-09-20T05:52:01.5005503Z  * [new tag]               v3.0.2                  -> v3.0.2
2026-09-20T05:52:01.5005599Z  * [new tag]               v3.0.20                 -> v3.0.20
2026-09-20T05:52:01.5005689Z  * [new tag]               v3.0.21                 -> v3.0.21
2026-09-20T05:52:01.5005783Z  * [new tag]               v3.0.22                 -> v3.0.22
2026-09-20T05:52:01.5005884Z  * [new tag]               v3.0.23                 -> v3.0.23
2026-09-20T05:52:01.5005974Z  * [new tag]               v3.0.24                 -> v3.0.24
2026-09-20T05:52:01.5006069Z  * [new tag]               v3.0.25                 -> v3.0.25
2026-09-20T05:52:01.5006160Z  * [new tag]               v3.0.26                 -> v3.0.26
2026-09-20T05:52:01.5006255Z  * [new tag]               v3.0.27                 -> v3.0.27
2026-09-20T05:52:01.5006351Z  * [new tag]               v3.0.28                 -> v3.0.28
2026-09-20T05:52:01.5006440Z  * [new tag]               v3.0.29                 -> v3.0.29
2026-09-20T05:52:01.5006536Z  * [new tag]               v3.0.3                  -> v3.0.3
2026-09-20T05:52:01.5006630Z  * [new tag]               v3.0.30                 -> v3.0.30
2026-09-20T05:52:01.5006725Z  * [new tag]               v3.0.31                 -> v3.0.31
2026-09-20T05:52:01.5006818Z  * [new tag]               v3.0.32                 -> v3.0.32
2026-09-20T05:52:01.5006911Z  * [new tag]               v3.0.33                 -> v3.0.33
2026-09-20T05:52:01.5007066Z  * [new tag]               v3.0.34                 -> v3.0.34
2026-09-20T05:52:01.5007163Z  * [new tag]               v3.0.35                 -> v3.0.35
2026-09-20T05:52:01.5007253Z  * [new tag]               v3.0.36                 -> v3.0.36
2026-09-20T05:52:01.5007345Z  * [new tag]               v3.0.37                 -> v3.0.37
2026-09-20T05:52:01.5007433Z  * [new tag]               v3.0.38                 -> v3.0.38
2026-09-20T05:52:01.5007526Z  * [new tag]               v3.0.39                 -> v3.0.39
2026-09-20T05:52:01.5007623Z  * [new tag]               v3.0.4                  -> v3.0.4
2026-09-20T05:52:01.5007715Z  * [new tag]               v3.0.40                 -> v3.0.40
2026-09-20T05:52:01.5007807Z  * [new tag]               v3.0.41                 -> v3.0.41
2026-09-20T05:52:01.5007899Z  * [new tag]               v3.0.42                 -> v3.0.42
2026-09-20T05:52:01.5008001Z  * [new tag]               v3.0.43                 -> v3.0.43
2026-09-20T05:52:01.5008100Z  * [new tag]               v3.0.44                 -> v3.0.44
2026-09-20T05:52:01.5008193Z  * [new tag]               v3.0.45                 -> v3.0.45
2026-09-20T05:52:01.5008287Z  * [new tag]               v3.0.46                 -> v3.0.46
2026-09-20T05:52:01.5008380Z  * [new tag]               v3.0.47                 -> v3.0.47
2026-09-20T05:52:01.5008473Z  * [new tag]               v3.0.48                 -> v3.0.48
2026-09-20T05:52:01.5008573Z  * [new tag]               v3.0.49                 -> v3.0.49
2026-09-20T05:52:01.5008667Z  * [new tag]               v3.0.5                  -> v3.0.5
2026-09-20T05:52:01.5008762Z  * [new tag]               v3.0.50                 -> v3.0.50
2026-09-20T05:52:01.5008859Z  * [new tag]               v3.0.51                 -> v3.0.51
2026-09-20T05:52:01.5008953Z  * [new tag]               v3.0.52                 -> v3.0.52
2026-09-20T05:52:01.5009099Z  * [new tag]               v3.0.53                 -> v3.0.53
2026-09-20T05:52:01.5009194Z  * [new tag]               v3.0.54                 -> v3.0.54
2026-09-20T05:52:01.5009286Z  * [new tag]               v3.0.55                 -> v3.0.55
2026-09-20T05:52:01.5009378Z  * [new tag]               v3.0.56                 -> v3.0.56
2026-09-20T05:52:01.5009468Z  * [new tag]               v3.0.57                 -> v3.0.57
2026-09-20T05:52:01.5009558Z  * [new tag]               v3.0.58                 -> v3.0.58
2026-09-20T05:52:01.5009647Z  * [new tag]               v3.0.59                 -> v3.0.59
2026-09-20T05:52:01.5009740Z  * [new tag]               v3.0.6                  -> v3.0.6
2026-09-20T05:52:01.5009834Z  * [new tag]               v3.0.60                 -> v3.0.60
2026-09-20T05:52:01.5009926Z  * [new tag]               v3.0.61                 -> v3.0.61
2026-09-20T05:52:01.5010019Z  * [new tag]               v3.0.62                 -> v3.0.62
2026-09-20T05:52:01.5010113Z  * [new tag]               v3.0.63                 -> v3.0.63
2026-09-20T05:52:01.5010209Z  * [new tag]               v3.0.64                 -> v3.0.64
2026-09-20T05:52:01.5010305Z  * [new tag]               v3.0.65                 -> v3.0.65
2026-09-20T05:52:01.5010394Z  * [new tag]               v3.0.66                 -> v3.0.66
2026-09-20T05:52:01.5010490Z  * [new tag]               v3.0.67                 -> v3.0.67
2026-09-20T05:52:01.5010662Z  * [new tag]               v3.0.68                 -> v3.0.68
2026-09-20T05:52:01.5010758Z  * [new tag]               v3.0.69                 -> v3.0.69
2026-09-20T05:52:01.5010857Z  * [new tag]               v3.0.7                  -> v3.0.7
2026-09-20T05:52:01.5010947Z  * [new tag]               v3.0.70                 -> v3.0.70
2026-09-20T05:52:01.5011041Z  * [new tag]               v3.0.71                 -> v3.0.71
2026-09-20T05:52:01.5011134Z  * [new tag]               v3.0.72                 -> v3.0.72
2026-09-20T05:52:01.5011225Z  * [new tag]               v3.0.73                 -> v3.0.73
2026-09-20T05:52:01.5011319Z  * [new tag]               v3.0.74                 -> v3.0.74
2026-09-20T05:52:01.5011493Z  * [new tag]               v3.0.75                 -> v3.0.75
2026-09-20T05:52:01.5011594Z  * [new tag]               v3.0.76                 -> v3.0.76
2026-09-20T05:52:01.5011687Z  * [new tag]               v3.0.77                 -> v3.0.77
2026-09-20T05:52:01.5011775Z  * [new tag]               v3.0.78                 -> v3.0.78
2026-09-20T05:52:01.5011868Z  * [new tag]               v3.0.79                 -> v3.0.79
2026-09-20T05:52:01.5011957Z  * [new tag]               v3.0.8                  -> v3.0.8
2026-09-20T05:52:01.5012049Z  * [new tag]               v3.0.80                 -> v3.0.80
2026-09-20T05:52:01.5012141Z  * [new tag]               v3.0.81                 -> v3.0.81
2026-09-20T05:52:01.5012231Z  * [new tag]               v3.0.82                 -> v3.0.82
2026-09-20T05:52:01.5012323Z  * [new tag]               v3.0.83                 -> v3.0.83
2026-09-20T05:52:01.5012418Z  * [new tag]               v3.0.84                 -> v3.0.84
2026-09-20T05:52:01.5012510Z  * [new tag]               v3.0.85                 -> v3.0.85
2026-09-20T05:52:01.5012601Z  * [new tag]               v3.0.86                 -> v3.0.86
2026-09-20T05:52:01.5012689Z  * [new tag]               v3.0.87                 -> v3.0.87
2026-09-20T05:52:01.5012782Z  * [new tag]               v3.0.88                 -> v3.0.88
2026-09-20T05:52:01.5012872Z  * [new tag]               v3.0.89                 -> v3.0.89
2026-09-20T05:52:01.5012960Z  * [new tag]               v3.0.9                  -> v3.0.9
2026-09-20T05:52:01.5013052Z  * [new tag]               v3.0.90                 -> v3.0.90
2026-09-20T05:52:01.5013139Z  * [new tag]               v3.0.91                 -> v3.0.91
2026-09-20T05:52:01.5013229Z  * [new tag]               v3.0.92                 -> v3.0.92
2026-09-20T05:52:01.5013322Z  * [new tag]               v3.0.93                 -> v3.0.93
2026-09-20T05:52:01.5013486Z  * [new tag]               v3.0.94                 -> v3.0.94
2026-09-20T05:52:01.5013585Z  * [new tag]               v3.0.95                 -> v3.0.95
2026-09-20T05:52:01.5013674Z  * [new tag]               v3.0.96                 -> v3.0.96
2026-09-20T05:52:01.5013767Z  * [new tag]               v3.0.97                 -> v3.0.97
2026-09-20T05:52:01.5013858Z  * [new tag]               v3.0.98                 -> v3.0.98
2026-09-20T05:52:01.5013946Z  * [new tag]               v3.0.99                 -> v3.0.99
2026-09-20T05:52:01.5014094Z  * [new ref]               8d2ad647abd812a78e3666c8bba8eeca51fbeb9c -> pull/2974/merge
2026-09-20T05:52:01.5015207Z ##[endgroup]
2026-09-20T05:52:01.5015419Z ##[group]Determining the checkout info
2026-09-20T05:52:01.5015597Z ##[endgroup]
2026-09-20T05:52:01.5015693Z [command]/usr/bin/git sparse-checkout disable
2026-09-20T05:52:01.5016025Z [command]/usr/bin/git config --local --unset-all extensions.worktreeConfig
2026-09-20T05:52:01.5016410Z ##[group]Checking out the ref
2026-09-20T05:52:01.5016567Z [command]/usr/bin/git checkout --progress --force refs/remotes/pull/2974/merge
2026-09-20T05:52:01.7921501Z Note: switching to 'refs/remotes/pull/2974/merge'.
2026-09-20T05:52:01.7921749Z 
2026-09-20T05:52:01.7921879Z You are in 'detached HEAD' state. You can look around, make experimental
2026-09-20T05:52:01.7922137Z changes and commit them, and you can discard any commits you make in this
2026-09-20T05:52:01.7922387Z state without impacting any branches by switching back to a branch.
2026-09-20T05:52:01.7922540Z 
2026-09-20T05:52:01.7922641Z If you want to create a new branch to retain commits you create, you may
2026-09-20T05:52:01.7922884Z do so (now or later) by using -c with the switch command. Example:
2026-09-20T05:52:01.7923021Z 
2026-09-20T05:52:01.7923092Z   git switch -c <new-branch-name>
2026-09-20T05:52:01.7923230Z 
2026-09-20T05:52:01.7923307Z Or undo this operation with:
2026-09-20T05:52:01.7923398Z 
2026-09-20T05:52:01.7923448Z   git switch -
2026-09-20T05:52:01.7923520Z 
2026-09-20T05:52:01.7923653Z Turn off this advice by setting config variable advice.detachedHead to false
2026-09-20T05:52:01.7923998Z 
2026-09-20T05:52:01.7924210Z HEAD is now at 8d2ad647a Merge 4d10758e2cb44e5afa72a08aa631a02541dad534 into 4b89e0d2d496a85f04922b2e019a4aea15326bb9
2026-09-20T05:52:01.7962061Z ##[endgroup]
2026-09-20T05:52:01.8002635Z [command]/usr/bin/git log -1 --format=%H
2026-09-20T05:52:01.8025098Z 8d2ad647abd812a78e3666c8bba8eeca51fbeb9c
2026-09-20T05:52:01.8033434Z ##[group]Removing auth
2026-09-20T05:52:01.8033714Z Removing SSH command configuration
2026-09-20T05:52:01.8037163Z [command]/usr/bin/git config --local --name-only --get-regexp core\.sshCommand
2026-09-20T05:52:01.8062500Z [command]/usr/bin/git submodule foreach --recursive sh -c "git config --local --name-only --get-regexp 'core\.sshCommand' && git config --local --unset-all 'core.sshCommand' || :"
2026-09-20T05:52:01.8249384Z Removing HTTP extra header
2026-09-20T05:52:01.8252376Z [command]/usr/bin/git config --local --name-only --get-regexp http\.https\:\/\/github\.com\/\.extraheader
2026-09-20T05:52:01.8280926Z [command]/usr/bin/git submodule foreach --recursive sh -c "git config --local --name-only --get-regexp 'http\.https\:\/\/github\.com\/\.extraheader' && git config --local --unset-all 'http.https://github.com/.extraheader' || :"
2026-09-20T05:52:01.8452966Z Removing includeIf entries pointing to credentials config files
2026-09-20T05:52:01.8455213Z [command]/usr/bin/git config --local --name-only --get-regexp ^includeIf\.gitdir:
2026-09-20T05:52:01.8477562Z includeif.gitdir:/home/runner/work/hol-guard/hol-guard/.git.path
2026-09-20T05:52:01.8478003Z includeif.gitdir:/home/runner/work/hol-guard/hol-guard/.git/worktrees/*.path
2026-09-20T05:52:01.8478250Z includeif.gitdir:/github/workspace/.git.path
2026-09-20T05:52:01.8478456Z includeif.gitdir:/github/workspace/.git/worktrees/*.path
2026-09-20T05:52:01.8491518Z [command]/usr/bin/git config --local --get-all includeif.gitdir:/home/runner/work/hol-guard/hol-guard/.git.path
2026-09-20T05:52:01.8511303Z /home/runner/work/_temp/git-credentials-6b74ef06-9b42-42b3-bb92-9548d9d543c8.config
2026-09-20T05:52:01.8518137Z [command]/usr/bin/git config --local --unset includeif.gitdir:/home/runner/work/hol-guard/hol-guard/.git.path /home/runner/work/_temp/git-credentials-6b74ef06-9b42-42b3-bb92-9548d9d543c8.config
2026-09-20T05:52:01.8544682Z [command]/usr/bin/git config --local --get-all includeif.gitdir:/home/runner/work/hol-guard/hol-guard/.git/worktrees/*.path
2026-09-20T05:52:01.8562320Z /home/runner/work/_temp/git-credentials-6b74ef06-9b42-42b3-bb92-9548d9d543c8.config
2026-09-20T05:52:01.8568478Z [command]/usr/bin/git config --local --unset includeif.gitdir:/home/runner/work/hol-guard/hol-guard/.git/worktrees/*.path /home/runner/work/_temp/git-credentials-6b74ef06-9b42-42b3-bb92-9548d9d543c8.config
2026-09-20T05:52:01.8593266Z [command]/usr/bin/git config --local --get-all includeif.gitdir:/github/workspace/.git.path
2026-09-20T05:52:01.8609959Z /github/runner_temp/git-credentials-6b74ef06-9b42-42b3-bb92-9548d9d543c8.config
2026-09-20T05:52:01.8615883Z [command]/usr/bin/git config --local --unset includeif.gitdir:/github/workspace/.git.path /github/runner_temp/git-credentials-6b74ef06-9b42-42b3-bb92-9548d9d543c8.config
2026-09-20T05:52:01.8644161Z [command]/usr/bin/git config --local --get-all includeif.gitdir:/github/workspace/.git/worktrees/*.path
2026-09-20T05:52:01.8661328Z /github/runner_temp/git-credentials-6b74ef06-9b42-42b3-bb92-9548d9d543c8.config
2026-09-20T05:52:01.8666986Z [command]/usr/bin/git config --local --unset includeif.gitdir:/github/workspace/.git/worktrees/*.path /github/runner_temp/git-credentials-6b74ef06-9b42-42b3-bb92-9548d9d543c8.config
2026-09-20T05:52:01.8691987Z [command]/usr/bin/git submodule foreach --recursive git config --local --show-origin --name-only --get-regexp remote.origin.url
2026-09-20T05:52:01.8872320Z Removing credentials config '/home/runner/work/_temp/git-credentials-6b74ef06-9b42-42b3-bb92-9548d9d543c8.config'
2026-09-20T05:52:01.8876534Z ##[endgroup]
2026-09-20T05:52:01.9067717Z ##[group]Run actions/setup-go@4a3601121dd01d1626a1e23e37211e3254c1c06c
2026-09-20T05:52:01.9068056Z with:
2026-09-20T05:52:01.9068171Z   go-version: 1.23
2026-09-20T05:52:01.9068289Z   check-latest: false
2026-09-20T05:52:01.9069649Z   token: ***
2026-09-20T05:52:01.9069761Z   cache: true
2026-09-20T05:52:01.9069877Z ##[endgroup]
2026-09-20T05:52:02.0029704Z Setup go version spec 1.23
2026-09-20T05:52:02.0218480Z Attempting to download 1.23...
2026-09-20T05:52:02.9317077Z matching 1.23...
2026-09-20T05:52:02.9336643Z Acquiring 1.23.12 from https://github.com/actions/go-versions/releases/download/1.23.12-16792118003/go-1.23.12-linux-x64.tar.gz
2026-09-20T05:52:03.4118568Z Extracting Go...
2026-09-20T05:52:03.4189469Z [command]/usr/bin/tar xz --warning=no-unknown-keyword --overwrite -C /home/runner/work/_temp/3b140838-398e-4fc3-b75e-650157e910a7 -f /home/runner/work/_temp/cfe4a929-00aa-455e-b505-0df87c168943
2026-09-20T05:52:04.6516975Z Successfully extracted go to /home/runner/work/_temp/3b140838-398e-4fc3-b75e-650157e910a7
2026-09-20T05:52:04.6517578Z Adding to the cache ...
2026-09-20T05:52:10.7815698Z Successfully cached go to /opt/hostedtoolcache/go/1.23.12/x64
2026-09-20T05:52:10.7818016Z Added go to the path
2026-09-20T05:52:10.7820151Z Successfully set up Go version 1.23
2026-09-20T05:52:10.7979873Z [command]/opt/hostedtoolcache/go/1.23.12/x64/bin/go env GOMODCACHE
2026-09-20T05:52:10.8007876Z [command]/opt/hostedtoolcache/go/1.23.12/x64/bin/go env GOCACHE
2026-09-20T05:52:10.8035719Z /home/runner/go/pkg/mod
2026-09-20T05:52:10.8045576Z /home/runner/.cache/go-build
2026-09-20T05:52:10.8066437Z ##[warning]Restore cache failed: Dependencies file is not found in /home/runner/work/hol-guard/hol-guard. Supported file pattern: go.mod
2026-09-20T05:52:10.8087846Z go version go1.23.12 linux/amd64
2026-09-20T05:52:10.8087980Z 
2026-09-20T05:52:10.8088178Z ##[group]go env
2026-09-20T05:52:10.9412602Z GO111MODULE=''
2026-09-20T05:52:10.9412892Z GOARCH='amd64'
2026-09-20T05:52:10.9413130Z GOBIN=''
2026-09-20T05:52:10.9413283Z GOCACHE='/home/runner/.cache/go-build'
2026-09-20T05:52:10.9413492Z GOENV='/home/runner/.config/go/env'
2026-09-20T05:52:10.9413646Z GOEXE=''
2026-09-20T05:52:10.9413768Z GOEXPERIMENT=''
2026-09-20T05:52:10.9413891Z GOFLAGS=''
2026-09-20T05:52:10.9414010Z GOHOSTARCH='amd64'
2026-09-20T05:52:10.9414141Z GOHOSTOS='linux'
2026-09-20T05:52:10.9414271Z GOINSECURE=''
2026-09-20T05:52:10.9414406Z GOMODCACHE='/home/runner/go/pkg/mod'
2026-09-20T05:52:10.9414558Z GONOPROXY=''
2026-09-20T05:52:10.9414670Z GONOSUMDB=''
2026-09-20T05:52:10.9414783Z GOOS='linux'
2026-09-20T05:52:10.9414912Z GOPATH='/home/runner/go'
2026-09-20T05:52:10.9415060Z GOPRIVATE=''
2026-09-20T05:52:10.9415237Z GOPROXY='https://proxy.golang.org,direct'
2026-09-20T05:52:10.9415453Z GOROOT='/opt/hostedtoolcache/go/1.23.12/x64'
2026-09-20T05:52:10.9415639Z GOSUMDB='sum.golang.org'
2026-09-20T05:52:10.9415787Z GOTMPDIR=''
2026-09-20T05:52:10.9415937Z GOTOOLCHAIN='local'
2026-09-20T05:52:10.9416157Z GOTOOLDIR='/opt/hostedtoolcache/go/1.23.12/x64/pkg/tool/linux_amd64'
2026-09-20T05:52:10.9416418Z GOVCS=''
2026-09-20T05:52:10.9416535Z GOVERSION='go1.23.12'
2026-09-20T05:52:10.9416670Z GODEBUG=''
2026-09-20T05:52:10.9416805Z GOTELEMETRY='local'
2026-09-20T05:52:10.9416979Z GOTELEMETRYDIR='/home/runner/.config/go/telemetry'
2026-09-20T05:52:10.9417168Z GCCGO='gccgo'
2026-09-20T05:52:10.9417300Z GOAMD64='v1'
2026-09-20T05:52:10.9417420Z AR='ar'
2026-09-20T05:52:10.9417538Z CC='gcc'
2026-09-20T05:52:10.9417649Z CXX='g++'
2026-09-20T05:52:10.9417761Z CGO_ENABLED='1'
2026-09-20T05:52:10.9417882Z GOMOD='/dev/null'
2026-09-20T05:52:10.9418014Z GOWORK=''
2026-09-20T05:52:10.9418138Z CGO_CFLAGS='-O2 -g'
2026-09-20T05:52:10.9418301Z CGO_CPPFLAGS=''
2026-09-20T05:52:10.9418434Z CGO_CXXFLAGS='-O2 -g'
2026-09-20T05:52:10.9418569Z CGO_FFLAGS='-O2 -g'
2026-09-20T05:52:10.9418699Z CGO_LDFLAGS='-O2 -g'
2026-09-20T05:52:10.9418852Z PKG_CONFIG='pkg-config'
2026-09-20T05:52:10.9419568Z GOGCCFLAGS='-fPIC -m64 -pthread -Wl,--no-gc-sections -fmessage-length=0 -ffile-prefix-map=/tmp/go-build2634973794=/tmp/go-build -gno-record-gcc-switches'
2026-09-20T05:52:10.9420081Z 
2026-09-20T05:52:10.9420376Z ##[endgroup]
2026-09-20T05:52:10.9583992Z ##[group]Run GOBIN="$RUNNER_TEMP/bin" go install github.com/zricethezav/gitleaks/v8@v8.24.2
2026-09-20T05:52:10.9584397Z [36;1mGOBIN="$RUNNER_TEMP/bin" go install github.com/zricethezav/gitleaks/v8@v8.24.2[0m
2026-09-20T05:52:10.9584653Z [36;1mecho "$RUNNER_TEMP/bin" >> "$GITHUB_PATH"[0m
2026-09-20T05:52:10.9620034Z shell: /usr/bin/bash -e {0}
2026-09-20T05:52:10.9620205Z env:
2026-09-20T05:52:10.9620334Z   GOTOOLCHAIN: local
2026-09-20T05:52:10.9620472Z ##[endgroup]
2026-09-20T05:52:11.0441480Z go: downloading github.com/zricethezav/gitleaks/v8 v8.24.2
2026-09-20T05:52:11.3361334Z go: downloading github.com/rs/zerolog v1.33.0
2026-09-20T05:52:11.3362597Z go: downloading github.com/spf13/cobra v1.9.1
2026-09-20T05:52:11.3371167Z go: downloading github.com/spf13/viper v1.19.0
2026-09-20T05:52:11.4294589Z go: downloading github.com/mattn/go-colorable v0.1.14
2026-09-20T05:52:11.4336164Z go: downloading golang.org/x/exp v0.0.0-20250218142911-aa4b98e5adaa
2026-09-20T05:52:11.4376356Z go: downloading github.com/BobuSumisu/aho-corasick v1.0.3
2026-09-20T05:52:11.4385779Z go: downloading github.com/charmbracelet/lipgloss v0.5.0
2026-09-20T05:52:11.4882729Z go: downloading github.com/fatih/semgroup v1.2.0
2026-09-20T05:52:11.5132226Z go: downloading github.com/gitleaks/go-gitdiff v0.9.1
2026-09-20T05:52:11.5523180Z go: downloading github.com/h2non/filetype v1.1.3
2026-09-20T05:52:11.5573329Z go: downloading github.com/Masterminds/sprig/v3 v3.3.0
2026-09-20T05:52:11.5834849Z go: downloading github.com/fsnotify/fsnotify v1.8.0
2026-09-20T05:52:11.6229413Z go: downloading github.com/mitchellh/mapstructure v1.5.0
2026-09-20T05:52:11.6592463Z go: downloading github.com/sagikazarmark/slog-shim v0.1.0
2026-09-20T05:52:11.6851433Z go: downloading github.com/spf13/afero v1.12.0
2026-09-20T05:52:11.7216232Z go: downloading github.com/spf13/cast v1.7.1
2026-09-20T05:52:11.9566279Z go: downloading github.com/spf13/pflag v1.0.6
2026-09-20T05:52:11.9611385Z go: downloading github.com/mattn/go-isatty v0.0.20
2026-09-20T05:52:11.9613304Z go: downloading github.com/lucasb-eyer/go-colorful v1.2.0
2026-09-20T05:52:12.1473233Z go: downloading github.com/mattn/go-runewidth v0.0.14
2026-09-20T05:52:12.4455373Z go: downloading github.com/muesli/reflow v0.2.1-0.20210115123740-9e1d0d53df68
2026-09-20T05:52:12.5321894Z go: downloading github.com/muesli/termenv v0.15.1
2026-09-20T05:52:12.5324600Z go: downloading golang.org/x/sync v0.11.0
2026-09-20T05:52:12.5369985Z go: downloading dario.cat/mergo v1.0.1
2026-09-20T05:52:12.5385766Z go: downloading github.com/Masterminds/goutils v1.1.1
2026-09-20T05:52:12.6614914Z go: downloading github.com/Masterminds/semver/v3 v3.3.0
2026-09-20T05:52:12.6632780Z go: downloading github.com/google/uuid v1.6.0
2026-09-20T05:52:12.7326663Z go: downloading github.com/huandu/xstrings v1.5.0
2026-09-20T05:52:12.7714524Z go: downloading github.com/mitchellh/copystructure v1.2.0
2026-09-20T05:52:12.7718836Z go: downloading github.com/shopspring/decimal v1.4.0
2026-09-20T05:52:12.7823653Z go: downloading golang.org/x/crypto v0.32.0
2026-09-20T05:52:12.8655721Z go: downloading golang.org/x/sys v0.30.0
2026-09-20T05:52:12.8946175Z go: downloading golang.org/x/text v0.22.0
2026-09-20T05:52:13.1878281Z go: downloading github.com/subosito/gotenv v1.6.0
2026-09-20T05:52:13.3031518Z go: downloading github.com/hashicorp/hcl v1.0.0
2026-09-20T05:52:13.4561485Z go: downloading gopkg.in/ini.v1 v1.67.0
2026-09-20T05:52:13.4562280Z go: downloading github.com/magiconair/properties v1.8.9
2026-09-20T05:52:13.6980655Z go: downloading github.com/pelletier/go-toml/v2 v2.2.3
2026-09-20T05:52:13.6981270Z go: downloading gopkg.in/yaml.v3 v3.0.1
2026-09-20T05:52:13.8081775Z go: downloading github.com/rivo/uniseg v0.2.0
2026-09-20T05:52:13.9021279Z go: downloading github.com/aymanbagabas/go-osc52/v2 v2.0.1
2026-09-20T05:52:14.0077014Z go: downloading github.com/mitchellh/reflectwalk v1.0.2
2026-09-20T05:52:23.6497772Z ##[group]Run set -euo pipefail
2026-09-20T05:52:23.6497996Z [36;1mset -euo pipefail[0m
2026-09-20T05:52:23.6498218Z [36;1mif [ "$EVENT_NAME" = "pull_request" ] && [ -n "$PR_BASE_SHA" ] && [ -n "$PR_HEAD_SHA" ]; then[0m
2026-09-20T05:52:23.6498464Z [36;1m  echo "mode=git" >> "$GITHUB_OUTPUT"[0m
2026-09-20T05:52:23.6498661Z [36;1m  echo "base_sha=$PR_BASE_SHA" >> "$GITHUB_OUTPUT"[0m
2026-09-20T05:52:23.6498859Z [36;1m  echo "head_sha=$PR_HEAD_SHA" >> "$GITHUB_OUTPUT"[0m
2026-09-20T05:52:23.6499091Z [36;1melif [ "$EVENT_NAME" = "merge_group" ] && [ -n "$MERGE_GROUP_BASE_SHA" ]; then[0m
2026-09-20T05:52:23.6499317Z [36;1m  echo "mode=git" >> "$GITHUB_OUTPUT"[0m
2026-09-20T05:52:23.6499511Z [36;1m  echo "base_sha=$MERGE_GROUP_BASE_SHA" >> "$GITHUB_OUTPUT"[0m
2026-09-20T05:52:23.6499726Z [36;1m  echo "head_sha=$EVENT_HEAD_SHA" >> "$GITHUB_OUTPUT"[0m
2026-09-20T05:52:23.6500048Z [36;1melif [ "$EVENT_NAME" = "push" ] && [ -n "$BEFORE_SHA" ] && [ "$BEFORE_SHA" != "0000000000000000000000000000000000000000" ]; then[0m
2026-09-20T05:52:23.6500332Z [36;1m  echo "mode=git" >> "$GITHUB_OUTPUT"[0m
2026-09-20T05:52:23.6505141Z [36;1m  echo "base_sha=$BEFORE_SHA" >> "$GITHUB_OUTPUT"[0m
2026-09-20T05:52:23.6505360Z [36;1m  echo "head_sha=$EVENT_HEAD_SHA" >> "$GITHUB_OUTPUT"[0m
2026-09-20T05:52:23.6505528Z [36;1melse[0m
2026-09-20T05:52:23.6505650Z [36;1m  echo "mode=dir" >> "$GITHUB_OUTPUT"[0m
2026-09-20T05:52:23.6505794Z [36;1mfi[0m
2026-09-20T05:52:23.6534502Z shell: /usr/bin/bash -e {0}
2026-09-20T05:52:23.6534637Z env:
2026-09-20T05:52:23.6534758Z   GOTOOLCHAIN: local
2026-09-20T05:52:23.6534916Z   EVENT_NAME: pull_request
2026-09-20T05:52:23.6535136Z   PR_BASE_SHA: 4b89e0d2d496a85f04922b2e019a4aea15326bb9
2026-09-20T05:52:23.6535406Z   PR_HEAD_SHA: 4d10758e2cb44e5afa72a08aa631a02541dad534
2026-09-20T05:52:23.6535674Z   BEFORE_SHA: 8f15b37b4a1bd054ef486148610e518b1be05cfc
2026-09-20T05:52:23.6535853Z   MERGE_GROUP_BASE_SHA: 
2026-09-20T05:52:23.6536023Z   EVENT_HEAD_SHA: 8d2ad647abd812a78e3666c8bba8eeca51fbeb9c
2026-09-20T05:52:23.6536204Z ##[endgroup]
2026-09-20T05:52:23.6618163Z ##[group]Run set -euo pipefail
2026-09-20T05:52:23.6618340Z [36;1mset -euo pipefail[0m
2026-09-20T05:52:23.6618487Z [36;1mgit cat-file -e "${BASE_SHA}^{commit}"[0m
2026-09-20T05:52:23.6618664Z [36;1mgit cat-file -e "${HEAD_SHA}^{commit}"[0m
2026-09-20T05:52:23.6618813Z [36;1m[0m
2026-09-20T05:52:23.6618961Z [36;1mscan_repo="${RUNNER_TEMP}/gitleaks-range-repository"[0m
2026-09-20T05:52:23.6619151Z [36;1mrm -rf "$scan_repo"[0m
2026-09-20T05:52:23.6619321Z [36;1mgit clone --no-hardlinks --no-checkout . "$scan_repo"[0m
2026-09-20T05:52:23.6619530Z [36;1mgit -C "$scan_repo" checkout --detach "$HEAD_SHA"[0m
2026-09-20T05:52:23.6619695Z [36;1m[0m
2026-09-20T05:52:23.6619807Z [36;1mwhile IFS= read -r ref; do[0m
2026-09-20T05:52:23.6619986Z [36;1m  [ -z "$ref" ] || git -C "$scan_repo" update-ref -d "$ref"[0m
2026-09-20T05:52:23.6620214Z [36;1mdone < <(git -C "$scan_repo" for-each-ref --format='%(refname)')[0m
2026-09-20T05:52:23.6620413Z [36;1m[0m
2026-09-20T05:52:23.6620756Z [36;1mgit -C "$scan_repo" update-ref refs/gitleaks/base "$BASE_SHA"[0m
2026-09-20T05:52:23.6621002Z [36;1mgit -C "$scan_repo" update-ref refs/gitleaks/head "$HEAD_SHA"[0m
2026-09-20T05:52:23.6621181Z [36;1m[0m
2026-09-20T05:52:23.6621362Z [36;1mmapfile -t refs < <(git -C "$scan_repo" for-each-ref --format='%(refname)' | sort)[0m
2026-09-20T05:52:23.6621618Z [36;1mexpected=(refs/gitleaks/base refs/gitleaks/head)[0m
2026-09-20T05:52:23.6621811Z [36;1mif [ "${refs[*]}" != "${expected[*]}" ]; then[0m
2026-09-20T05:52:23.6622048Z [36;1m  printf 'Unexpected refs in isolated Gitleaks repository: %s\n' "${refs[*]}" >&2[0m
2026-09-20T05:52:23.6622269Z [36;1m  exit 1[0m
2026-09-20T05:52:23.6622378Z [36;1mfi[0m
2026-09-20T05:52:23.6622480Z [36;1m[0m
2026-09-20T05:52:23.6622612Z [36;1mecho "repository=$scan_repo" >> "$GITHUB_OUTPUT"[0m
2026-09-20T05:52:23.6622822Z [36;1mecho "log_opts=${BASE_SHA}..${HEAD_SHA}" >> "$GITHUB_OUTPUT"[0m
2026-09-20T05:52:23.6648529Z shell: /usr/bin/bash -e {0}
2026-09-20T05:52:23.6648662Z env:
2026-09-20T05:52:23.6648768Z   GOTOOLCHAIN: local
2026-09-20T05:52:23.6648913Z   BASE_SHA: 4b89e0d2d496a85f04922b2e019a4aea15326bb9
2026-09-20T05:52:23.6649095Z   HEAD_SHA: 4d10758e2cb44e5afa72a08aa631a02541dad534
2026-09-20T05:52:23.6649255Z ##[endgroup]
2026-09-20T05:52:23.6732408Z Cloning into '/home/runner/work/_temp/gitleaks-range-repository'...
2026-09-20T05:52:23.8523468Z done.
2026-09-20T05:52:24.1856222Z Warning: you are leaving 1 commit behind, not connected to
2026-09-20T05:52:24.1856569Z any of your branches:
2026-09-20T05:52:24.1856693Z 
2026-09-20T05:52:24.1857021Z   8d2ad647a Merge 4d10758e2cb44e5afa72a08aa631a02541dad534 into 4b89e0d2d496a85f04922b2e019a4aea15326bb9
2026-09-20T05:52:24.1857351Z 
2026-09-20T05:52:24.1857529Z If you want to keep it by creating a new branch, this may be a good time
2026-09-20T05:52:24.1857825Z to do so with:
2026-09-20T05:52:24.1857923Z 
2026-09-20T05:52:24.1858065Z  git branch <new-branch-name> 8d2ad647a
2026-09-20T05:52:24.1858239Z 
2026-09-20T05:52:24.1861814Z HEAD is now at 4d10758e2 fix: require current native failure diagnostics contract
2026-09-20T05:52:31.3842022Z ##[group]Run gitleaks git --log-opts="4b89e0d2d496a85f04922b2e019a4aea15326bb9..4d10758e2cb44e5afa72a08aa631a02541dad534" --no-banner --redact --exit-code 1 "/home/runner/work/_temp/gitleaks-range-repository"
2026-09-20T05:52:31.3842794Z [36;1mgitleaks git --log-opts="4b89e0d2d496a85f04922b2e019a4aea15326bb9..4d10758e2cb44e5afa72a08aa631a02541dad534" --no-banner --redact --exit-code 1 "/home/runner/work/_temp/gitleaks-range-repository"[0m
2026-09-20T05:52:31.3871961Z shell: /usr/bin/bash -e {0}
2026-09-20T05:52:31.3872100Z env:
2026-09-20T05:52:31.3872210Z   GOTOOLCHAIN: local
2026-09-20T05:52:31.3872472Z   GITLEAKS_LICENSE: ***
2026-09-20T05:52:31.3872598Z ##[endgroup]
2026-09-20T05:52:31.4236656Z [90m5:52AM[0m [32mINF[0m [1mUnknown SCM platform. Use --platform to include links in findings.[0m [36mhost=[0m
2026-09-20T05:52:46.8560125Z [90m5:52AM[0m [32mINF[0m [1m1347 commits scanned.[0m
2026-09-20T05:52:46.8561280Z [90m5:52AM[0m [32mINF[0m [1mscanned ~69165228 bytes (69.17 MB) in 15.5s[0m
2026-09-20T05:52:46.8561882Z [90m5:52AM[0m [32mINF[0m [1mno leaks found[0m
2026-09-20T05:52:46.8645324Z Post job cleanup.
2026-09-20T05:52:46.9562928Z [command]/opt/hostedtoolcache/go/1.23.12/x64/bin/go env GOMODCACHE
2026-09-20T05:52:46.9591825Z [command]/opt/hostedtoolcache/go/1.23.12/x64/bin/go env GOCACHE
2026-09-20T05:52:46.9611751Z /home/runner/go/pkg/mod
2026-09-20T05:52:46.9625455Z /home/runner/.cache/go-build
2026-09-20T05:52:46.9628076Z Primary key was not generated. Please check the log messages above for more errors or information
2026-09-20T05:52:46.9734567Z Post job cleanup.
2026-09-20T05:52:47.0249964Z [command]/usr/bin/git version
2026-09-20T05:52:47.0278297Z git version 2.55.0
2026-09-20T05:52:47.0300440Z Temporarily overriding HOME='/home/runner/work/_temp/84110fec-2350-4b25-b163-62ab0ec8e0bf' before making global git config changes
2026-09-20T05:52:47.0301240Z Adding repository directory to the temporary git global config as a safe directory
2026-09-20T05:52:47.0303920Z [command]/usr/bin/git config --global --add safe.directory /home/runner/work/hol-guard/hol-guard
2026-09-20T05:52:47.0329630Z Removing SSH command configuration
2026-09-20T05:52:47.0333598Z [command]/usr/bin/git config --local --name-only --get-regexp core\.sshCommand
2026-09-20T05:52:47.0358112Z [command]/usr/bin/git submodule foreach --recursive sh -c "git config --local --name-only --get-regexp 'core\.sshCommand' && git config --local --unset-all 'core.sshCommand' || :"
2026-09-20T05:52:47.0530231Z Removing HTTP extra header
2026-09-20T05:52:47.0533974Z [command]/usr/bin/git config --local --name-only --get-regexp http\.https\:\/\/github\.com\/\.extraheader
2026-09-20T05:52:47.0557970Z [command]/usr/bin/git submodule foreach --recursive sh -c "git config --local --name-only --get-regexp 'http\.https\:\/\/github\.com\/\.extraheader' && git config --local --unset-all 'http.https://github.com/.extraheader' || :"
2026-09-20T05:52:47.0725941Z Removing includeIf entries pointing to credentials config files
2026-09-20T05:52:47.0731102Z [command]/usr/bin/git config --local --name-only --get-regexp ^includeIf\.gitdir:
2026-09-20T05:52:47.0755897Z [command]/usr/bin/git submodule foreach --recursive git config --local --show-origin --name-only --get-regexp remote.origin.url
2026-09-20T05:52:47.1037461Z Cleaning up orphan processes
