2026-09-20T17:39:10.2891526Z Current runner version: '2.337.0'
2026-09-20T17:39:10.2917696Z ##[group]Runner Image Provisioner
2026-09-20T17:39:10.2918591Z Hosted Compute Agent
2026-09-20T17:39:10.2919301Z Version: 20260828.587
2026-09-20T17:39:10.2920400Z Commit: abac92662cab4cc7352de4f9f9d2e2419aad9c29
2026-09-20T17:39:10.2921240Z Build Date: 2026-08-28T16:44:25Z
2026-09-20T17:39:10.2921947Z Worker ID: {b27f98c7-4e50-457f-bcb3-4a5a12fcd360}
2026-09-20T17:39:10.2922678Z Azure Region: westus
2026-09-20T17:39:10.2923434Z ##[endgroup]
2026-09-20T17:39:10.2925056Z ##[group]Operating System
2026-09-20T17:39:10.2925798Z Ubuntu
2026-09-20T17:39:10.2926345Z 24.04.5
2026-09-20T17:39:10.2926875Z LTS
2026-09-20T17:39:10.2927491Z ##[endgroup]
2026-09-20T17:39:10.2928081Z ##[group]Runner Image
2026-09-20T17:39:10.2928754Z Image: ubuntu-24.04
2026-09-20T17:39:10.2929354Z Version: 20260907.300.1
2026-09-20T17:39:10.2930949Z Included Software: https://github.com/actions/runner-images/blob/ubuntu24/20260907.300/images/ubuntu/Ubuntu2404-Readme.md
2026-09-20T17:39:10.2932583Z Image Release: https://github.com/actions/runner-images/releases/tag/ubuntu24%2F20260907.300
2026-09-20T17:39:10.2933654Z ##[endgroup]
2026-09-20T17:39:10.2934810Z ##[group]GITHUB_TOKEN Permissions
2026-09-20T17:39:10.2936822Z Contents: read
2026-09-20T17:39:10.2937492Z Metadata: read
2026-09-20T17:39:10.2938073Z ##[endgroup]
2026-09-20T17:39:10.2940728Z Secret source: Actions
2026-09-20T17:39:10.2941689Z Cache mode: write
2026-09-20T17:39:10.2942500Z Prepare workflow directory
2026-09-20T17:39:10.3344079Z Prepare all required actions
2026-09-20T17:39:10.3405726Z Getting action download info
2026-09-20T17:39:10.7018039Z Download action repository 'actions/checkout@df4cb1c069e1874edd31b4311f1884172cec0e10' (SHA:df4cb1c069e1874edd31b4311f1884172cec0e10)
2026-09-20T17:39:10.8314221Z Download action repository 'actions/setup-go@4a3601121dd01d1626a1e23e37211e3254c1c06c' (SHA:4a3601121dd01d1626a1e23e37211e3254c1c06c)
2026-09-20T17:39:11.4053192Z Complete job name: Gitleaks
2026-09-20T17:39:11.5082102Z ##[group]Run actions/checkout@df4cb1c069e1874edd31b4311f1884172cec0e10
2026-09-20T17:39:11.5083346Z with:
2026-09-20T17:39:11.5083854Z   fetch-depth: 0
2026-09-20T17:39:11.5084386Z   persist-credentials: false
2026-09-20T17:39:11.5084992Z   repository: hashgraph-online/hol-guard
2026-09-20T17:39:11.5089249Z   token: ***
2026-09-20T17:39:11.5089961Z   ssh-strict: true
2026-09-20T17:39:11.5090467Z   ssh-user: git
2026-09-20T17:39:11.5090951Z   clean: true
2026-09-20T17:39:11.5091458Z   sparse-checkout-cone-mode: true
2026-09-20T17:39:11.5092050Z   fetch-tags: false
2026-09-20T17:39:11.5092562Z   show-progress: true
2026-09-20T17:39:11.5093071Z   lfs: false
2026-09-20T17:39:11.5093561Z   submodules: false
2026-09-20T17:39:11.5094083Z   set-safe-directory: true
2026-09-20T17:39:11.5094937Z ##[endgroup]
2026-09-20T17:39:11.6169061Z Syncing repository: hashgraph-online/hol-guard
2026-09-20T17:39:11.6172654Z ##[group]Getting Git version info
2026-09-20T17:39:11.6173737Z Working directory is '/home/runner/work/hol-guard/hol-guard'
2026-09-20T17:39:11.6175147Z [command]/usr/bin/git version
2026-09-20T17:39:11.6223245Z git version 2.55.0
2026-09-20T17:39:11.6249214Z ##[endgroup]
2026-09-20T17:39:11.6267744Z Temporarily overriding HOME='/home/runner/work/_temp/4f61c874-8f17-4069-90cc-656088780257' before making global git config changes
2026-09-20T17:39:11.6270890Z Adding repository directory to the temporary git global config as a safe directory
2026-09-20T17:39:11.6274239Z [command]/usr/bin/git config --global --add safe.directory /home/runner/work/hol-guard/hol-guard
2026-09-20T17:39:11.6330692Z Deleting the contents of '/home/runner/work/hol-guard/hol-guard'
2026-09-20T17:39:11.6335842Z ##[group]Determining repository object format
2026-09-20T17:39:11.6338362Z ##[endgroup]
2026-09-20T17:39:11.6340221Z ##[group]Initializing the repository
2026-09-20T17:39:11.6345689Z [command]/usr/bin/git init /home/runner/work/hol-guard/hol-guard
2026-09-20T17:39:11.6455335Z hint: Using 'master' as the name for the initial branch. This default branch name
2026-09-20T17:39:11.6457920Z hint: will change to "main" in Git 3.0. To configure the initial branch name
2026-09-20T17:39:11.6460266Z hint: to use in all of your new repositories, which will suppress this warning,
2026-09-20T17:39:11.6461967Z hint: call:
2026-09-20T17:39:11.6462853Z hint:
2026-09-20T17:39:11.6463952Z hint: 	git config --global init.defaultBranch <name>
2026-09-20T17:39:11.6465264Z hint:
2026-09-20T17:39:11.6466487Z hint: Names commonly chosen instead of 'master' are 'main', 'trunk' and
2026-09-20T17:39:11.6468397Z hint: 'development'. The just-created branch can be renamed via this command:
2026-09-20T17:39:11.6470247Z hint:
2026-09-20T17:39:11.6471202Z hint: 	git branch -m <name>
2026-09-20T17:39:11.6472263Z hint:
2026-09-20T17:39:11.6473580Z hint: Disable this message with "git config set advice.defaultBranchName false"
2026-09-20T17:39:11.6475673Z Initialized empty Git repository in /home/runner/work/hol-guard/hol-guard/.git/
2026-09-20T17:39:11.6479097Z [command]/usr/bin/git remote add origin https://github.com/hashgraph-online/hol-guard
2026-09-20T17:39:11.6523441Z ##[endgroup]
2026-09-20T17:39:11.6525012Z ##[group]Disabling automatic garbage collection
2026-09-20T17:39:11.6528630Z [command]/usr/bin/git config --local gc.auto 0
2026-09-20T17:39:11.6565031Z ##[endgroup]
2026-09-20T17:39:11.6567240Z ##[group]Setting up auth
2026-09-20T17:39:11.6568723Z Removing SSH command configuration
2026-09-20T17:39:11.6574691Z [command]/usr/bin/git config --local --name-only --get-regexp core\.sshCommand
2026-09-20T17:39:11.6613325Z [command]/usr/bin/git submodule foreach --recursive sh -c "git config --local --name-only --get-regexp 'core\.sshCommand' && git config --local --unset-all 'core.sshCommand' || :"
2026-09-20T17:39:11.6980081Z Removing HTTP extra header
2026-09-20T17:39:11.6986949Z [command]/usr/bin/git config --local --name-only --get-regexp http\.https\:\/\/github\.com\/\.extraheader
2026-09-20T17:39:11.7020708Z [command]/usr/bin/git submodule foreach --recursive sh -c "git config --local --name-only --get-regexp 'http\.https\:\/\/github\.com\/\.extraheader' && git config --local --unset-all 'http.https://github.com/.extraheader' || :"
2026-09-20T17:39:11.7252977Z Removing includeIf entries pointing to credentials config files
2026-09-20T17:39:11.7254213Z [command]/usr/bin/git config --local --name-only --get-regexp ^includeIf\.gitdir:
2026-09-20T17:39:11.7287771Z [command]/usr/bin/git submodule foreach --recursive git config --local --show-origin --name-only --get-regexp remote.origin.url
2026-09-20T17:39:11.7524270Z [command]/usr/bin/git config --file /home/runner/work/_temp/git-credentials-b30bb624-5c5a-4fc0-b44e-6131b5a9e8c4.config http.https://github.com/.extraheader AUTHORIZATION: basic ***
2026-09-20T17:39:11.7565064Z [command]/usr/bin/git config --local includeIf.gitdir:/home/runner/work/hol-guard/hol-guard/.git.path /home/runner/work/_temp/git-credentials-b30bb624-5c5a-4fc0-b44e-6131b5a9e8c4.config
2026-09-20T17:39:11.7597227Z [command]/usr/bin/git config --local includeIf.gitdir:/home/runner/work/hol-guard/hol-guard/.git/worktrees/*.path /home/runner/work/_temp/git-credentials-b30bb624-5c5a-4fc0-b44e-6131b5a9e8c4.config
2026-09-20T17:39:11.7637306Z [command]/usr/bin/git config --local includeIf.gitdir:/github/workspace/.git.path /github/runner_temp/git-credentials-b30bb624-5c5a-4fc0-b44e-6131b5a9e8c4.config
2026-09-20T17:39:11.7668398Z [command]/usr/bin/git config --local includeIf.gitdir:/github/workspace/.git/worktrees/*.path /github/runner_temp/git-credentials-b30bb624-5c5a-4fc0-b44e-6131b5a9e8c4.config
2026-09-20T17:39:11.7700205Z ##[endgroup]
2026-09-20T17:39:11.7701126Z ##[group]Fetching the repository
2026-09-20T17:39:11.7710133Z [command]/usr/bin/git -c protocol.version=2 fetch --no-tags --prune --no-recurse-submodules origin +refs/heads/*:refs/remotes/origin/* +refs/tags/*:refs/tags/* +d7f30a0ad61d72d96d1a9e7970943404c4cc19dc:refs/remotes/pull/2974/merge
2026-09-20T17:39:33.5331813Z From https://github.com/hashgraph-online/hol-guard
2026-09-20T17:39:33.5333642Z  * [new branch]            ads/v213h-reddit-media  -> origin/ads/v213h-reddit-media
2026-09-20T17:39:33.5334719Z  * [new branch]            automation/apply-2325-fixes -> origin/automation/apply-2325-fixes
2026-09-20T17:39:33.5335987Z  * [new branch]            automation/apply-everyday-core-2629 -> origin/automation/apply-everyday-core-2629
2026-09-20T17:39:33.5337031Z  * [new branch]            automation/apply-everyday-core-clean-v2 -> origin/automation/apply-everyday-core-clean-v2
2026-09-20T17:39:33.5338482Z  * [new branch]            automation/everyday-101-200-final-20260829 -> origin/automation/everyday-101-200-final-20260829
2026-09-20T17:39:33.5339677Z  * [new branch]            automation/everyday-core-delivery-20260828 -> origin/automation/everyday-core-delivery-20260828
2026-09-20T17:39:33.5341066Z  * [new branch]            automation/everyday-core-seed-20260828 -> origin/automation/everyday-core-seed-20260828
2026-09-20T17:39:33.5342091Z  * [new branch]            automation/everyday-mode-finalize-20260828 -> origin/automation/everyday-mode-finalize-20260828
2026-09-20T17:39:33.5343774Z  * [new branch]            automation/finalize-pr2313-if-needed -> origin/automation/finalize-pr2313-if-needed
2026-09-20T17:39:33.5345375Z  * [new branch]            automation/finalize-pr2325-empty-refs-v3 -> origin/automation/finalize-pr2325-empty-refs-v3
2026-09-20T17:39:33.5346796Z  * [new branch]            automation/finalize-pr2325-v5 -> origin/automation/finalize-pr2325-v5
2026-09-20T17:39:33.5348099Z  * [new branch]            automation/finalize-pr2325-v7 -> origin/automation/finalize-pr2325-v7
2026-09-20T17:39:33.5349908Z  * [new branch]            automation/finalize-rust-pretool-authority-20260815 -> origin/automation/finalize-rust-pretool-authority-20260815
2026-09-20T17:39:33.5351642Z  * [new branch]            automation/finish-pr2325-v10 -> origin/automation/finish-pr2325-v10
2026-09-20T17:39:33.5353422Z  * [new branch]            automation/fix-pr2325-empty-refs-final-0814 -> origin/automation/fix-pr2325-empty-refs-final-0814
2026-09-20T17:39:33.5355181Z  * [new branch]            automation/fix-pr2325-empty-source-final-0814 -> origin/automation/fix-pr2325-empty-source-final-0814
2026-09-20T17:39:33.5356953Z  * [new branch]            automation/fix-pr2325-enums-reasons-final-0814 -> origin/automation/fix-pr2325-enums-reasons-final-0814
2026-09-20T17:39:33.5358568Z  * [new branch]            automation/fix-pr2325-final-review -> origin/automation/fix-pr2325-final-review
2026-09-20T17:39:33.5360392Z  * [new branch]            automation/fix-pr2325-sequences-final-0814 -> origin/automation/fix-pr2325-sequences-final-0814
2026-09-20T17:39:33.5362094Z  * [new branch]            automation/fix-pr2325-sequences-final-v2-0814 -> origin/automation/fix-pr2325-sequences-final-v2-0814
2026-09-20T17:39:33.5363799Z  * [new branch]            automation/harden-pr2325-coverage-final-0814 -> origin/automation/harden-pr2325-coverage-final-0814
2026-09-20T17:39:33.5365716Z  * [new branch]            automation/materialize-secrets-permanent-source-final -> origin/automation/materialize-secrets-permanent-source-final
2026-09-20T17:39:33.5367427Z  * [new branch]            automation/merge-pr2325-final-v6 -> origin/automation/merge-pr2325-final-v6
2026-09-20T17:39:33.5368671Z  * [new branch]            automation/merge-pr2325-v11 -> origin/automation/merge-pr2325-v11
2026-09-20T17:39:33.5370102Z  * [new branch]            automation/merge-pr2325-v8 -> origin/automation/merge-pr2325-v8
2026-09-20T17:39:33.5371234Z  * [new branch]            automation/merge-pr2325-v9 -> origin/automation/merge-pr2325-v9
2026-09-20T17:39:33.5372602Z  * [new branch]            automation/notify-hol-guard-plugin-runtime -> origin/automation/notify-hol-guard-plugin-runtime
2026-09-20T17:39:33.5374280Z  * [new branch]            automation/points-managed-controls-export -> origin/automation/points-managed-controls-export
2026-09-20T17:39:33.5375906Z  * [new branch]            automation/rebase-pr2325-v12 -> origin/automation/rebase-pr2325-v12
2026-09-20T17:39:33.5377682Z  * [new branch]            automation/rebuild-everyday-core-2629 -> origin/automation/rebuild-everyday-core-2629
2026-09-20T17:39:33.5379160Z  * [new branch]            automation/reconcile-pr-2797-20260917 -> origin/automation/reconcile-pr-2797-20260917
2026-09-20T17:39:33.5380883Z  * [new branch]            automation/reconcile-pr-2797-result -> origin/automation/reconcile-pr-2797-result
2026-09-20T17:39:33.5382375Z  * [new branch]            automation/release-32-source-snapshot -> origin/automation/release-32-source-snapshot
2026-09-20T17:39:33.5384238Z  * [new branch]            automation/rust-daemon-edge-hardening-watchdog-20260816 -> origin/automation/rust-daemon-edge-hardening-watchdog-20260816
2026-09-20T17:39:33.5385943Z  * [new branch]            automation/rust-p1-p2-end-to-end -> origin/automation/rust-p1-p2-end-to-end
2026-09-20T17:39:33.5387367Z  * [new branch]            automation/secrets-source-clean-v14 -> origin/automation/secrets-source-clean-v14
2026-09-20T17:39:33.5389202Z  * [new branch]            automation/shepherd-rust-pretool-authority-20260815 -> origin/automation/shepherd-rust-pretool-authority-20260815
2026-09-20T17:39:33.5391297Z  * [new branch]            automation/source-snapshot-2325-v2 -> origin/automation/source-snapshot-2325-v2
2026-09-20T17:39:33.5392928Z  * [new branch]            automation/sync-hol-guard-plugin-version -> origin/automation/sync-hol-guard-plugin-version
2026-09-20T17:39:33.5394628Z  * [new branch]            automation/validate-pr2325-current-base -> origin/automation/validate-pr2325-current-base
2026-09-20T17:39:33.5396158Z  * [new branch]            automation/validate-pr2325-stdlib -> origin/automation/validate-pr2325-stdlib
2026-09-20T17:39:33.5398691Z  * [new branch]            automation/verify-and-finish-hol-secrets-v13 -> origin/automation/verify-and-finish-hol-secrets-v13
2026-09-20T17:39:33.5401105Z  * [new branch]            backport/native-desktop-hook-proxy-release-3.0 -> origin/backport/native-desktop-hook-proxy-release-3.0
2026-09-20T17:39:33.5403137Z  * [new branch]            backport/native-desktop-hook-proxy-release-3.0-v2 -> origin/backport/native-desktop-hook-proxy-release-3.0-v2
2026-09-20T17:39:33.5405126Z  * [new branch]            backup/main-before-unmerge-release-3.0-20260827 -> origin/backup/main-before-unmerge-release-3.0-20260827
2026-09-20T17:39:33.5406645Z  * [new branch]            capy/add-omp-alias      -> origin/capy/add-omp-alias
2026-09-20T17:39:33.5407781Z  * [new branch]            capy/audit-filter-modal -> origin/capy/audit-filter-modal
2026-09-20T17:39:33.5409086Z  * [new branch]            capy/codex-hook-latency-daemon -> origin/capy/codex-hook-latency-daemon
2026-09-20T17:39:33.5410734Z  * [new branch]            capy/command-list-quoting-fix -> origin/capy/command-list-quoting-fix
2026-09-20T17:39:33.5412238Z  * [new branch]            capy/dashboard-abbreviate-queue-date -> origin/capy/dashboard-abbreviate-queue-date
2026-09-20T17:39:33.5413697Z  * [new branch]            capy/doc-secret-filtering -> origin/capy/doc-secret-filtering
2026-09-20T17:39:33.5414991Z  * [new branch]            capy/docker-compose-policy -> origin/capy/docker-compose-policy
2026-09-20T17:39:33.5416301Z  * [new branch]            capy/fix-bun-approval-replay -> origin/capy/fix-bun-approval-replay
2026-09-20T17:39:33.5417749Z  * [new branch]            capy/fix-compose-env-and-hook-block -> origin/capy/fix-compose-env-and-hook-block
2026-09-20T17:39:33.5419218Z  * [new branch]            capy/fix-install-dry-run-alias -> origin/capy/fix-install-dry-run-alias
2026-09-20T17:39:33.5424679Z  * [new branch]            capy/fix-package-scope-import -> origin/capy/fix-package-scope-import
2026-09-20T17:39:33.5426157Z  * [new branch]            capy/fix-package-worktree-approval -> origin/capy/fix-package-worktree-approval
2026-09-20T17:39:33.5427550Z  * [new branch]            capy/fix-pi-approval-browser -> origin/capy/fix-pi-approval-browser
2026-09-20T17:39:33.5428747Z  * [new branch]            capy/fix-pi-grep-command -> origin/capy/fix-pi-grep-command
2026-09-20T17:39:33.5430735Z  * [new branch]            capy/fix-pi-hook-resume-routing -> origin/capy/fix-pi-hook-resume-routing
2026-09-20T17:39:33.5432132Z  * [new branch]            capy/fix-pi-oversized-payload -> origin/capy/fix-pi-oversized-payload
2026-09-20T17:39:33.5433553Z  * [new branch]            capy/fix-pi-oversized-read-review -> origin/capy/fix-pi-oversized-read-review
2026-09-20T17:39:33.5434886Z  * [new branch]            capy/fix-pi-self-block-loop -> origin/capy/fix-pi-self-block-loop
2026-09-20T17:39:33.5438251Z  * [new branch]            capy/fix-policy-evidence-links -> origin/capy/fix-policy-evidence-links
2026-09-20T17:39:33.5439747Z  * [new branch]            capy/fix-test-suite-cleanup -> origin/capy/fix-test-suite-cleanup
2026-09-20T17:39:33.5441003Z  * [new branch]            capy/github-issue-button -> origin/capy/github-issue-button
2026-09-20T17:39:33.5441872Z  * [new branch]            capy/hol-guard-dashboard-typecheck-main -> origin/capy/hol-guard-dashboard-typecheck-main
2026-09-20T17:39:33.5442731Z  * [new branch]            capy/homebrew-firewall-support -> origin/capy/homebrew-firewall-support
2026-09-20T17:39:33.5443487Z  * [new branch]            capy/hook-transport-followup -> origin/capy/hook-transport-followup
2026-09-20T17:39:33.5444198Z  * [new branch]            capy/hook-transport-format -> origin/capy/hook-transport-format
2026-09-20T17:39:33.5444941Z  * [new branch]            capy/inbox-command-search-fields -> origin/capy/inbox-command-search-fields
2026-09-20T17:39:33.5445728Z  * [new branch]            capy/kubectl-secret-exfil-block -> origin/capy/kubectl-secret-exfil-block
2026-09-20T17:39:33.5446508Z  * [new branch]            capy/logged-action-copy-expand -> origin/capy/logged-action-copy-expand
2026-09-20T17:39:33.5447208Z  * [new branch]            capy/oh-my-pi-approval  -> origin/capy/oh-my-pi-approval
2026-09-20T17:39:33.5448163Z  * [new branch]            capy/optimize-evidence-backend -> origin/capy/optimize-evidence-backend
2026-09-20T17:39:33.5448976Z  * [new branch]            capy/perf-request-detail-ttfb -> origin/capy/perf-request-detail-ttfb
2026-09-20T17:39:33.5450037Z  * [new branch]            capy/pi-approval-link   -> origin/capy/pi-approval-link
2026-09-20T17:39:33.5450821Z  * [new branch]            capy/pi-hook-timeout-investigation -> origin/capy/pi-hook-timeout-investigation
2026-09-20T17:39:33.5451702Z  * [new branch]            capy/pi-kubectl-secret-argv-detection -> origin/capy/pi-kubectl-secret-argv-detection
2026-09-20T17:39:33.5452593Z  * [new branch]            capy/planning-write-false-positive -> origin/capy/planning-write-false-positive
2026-09-20T17:39:33.5453333Z  * [new branch]            capy/ruff-format-server -> origin/capy/ruff-format-server
2026-09-20T17:39:33.5454026Z  * [new branch]            capy/totp-precedence-override -> origin/capy/totp-precedence-override
2026-09-20T17:39:33.5454787Z  * [new branch]            chore/canonical-apache-license -> origin/chore/canonical-apache-license
2026-09-20T17:39:33.5455639Z  * [new branch]            chore/consolidate-release-2-2-into-2-1 -> origin/chore/consolidate-release-2-2-into-2-1
2026-09-20T17:39:33.5456429Z  * [new branch]            chore/ecc-2172-resolve-2185 -> origin/chore/ecc-2172-resolve-2185
2026-09-20T17:39:33.5457081Z  * [new branch]            chore/ecc-batch2-builder -> origin/chore/ecc-batch2-builder
2026-09-20T17:39:33.5457789Z  * [new branch]            chore/fec-source-export-20260827 -> origin/chore/fec-source-export-20260827
2026-09-20T17:39:33.5458768Z  * [new branch]            chore/fix-release-3-semantic-merge-artifacts -> origin/chore/fix-release-3-semantic-merge-artifacts
2026-09-20T17:39:33.5459955Z  * [new branch]            chore/guard-block-hosted-legacy-paths -> origin/chore/guard-block-hosted-legacy-paths
2026-09-20T17:39:33.5460903Z  * [new branch]            chore/guard-drop-legacy-capability-routes -> origin/chore/guard-drop-legacy-capability-routes
2026-09-20T17:39:33.5461813Z  * [new branch]            chore/network-main-snapshot-20260825 -> origin/chore/network-main-snapshot-20260825
2026-09-20T17:39:33.5462972Z  * [new branch]            chore/network-remediation-main-sync-r0-20260824 -> origin/chore/network-remediation-main-sync-r0-20260824
2026-09-20T17:39:33.5463867Z  * [new branch]            chore/openssf-security-insights -> origin/chore/openssf-security-insights
2026-09-20T17:39:33.5464645Z  * [new branch]            chore/package-security-links -> origin/chore/package-security-links
2026-09-20T17:39:33.5465353Z  * [new branch]            chore/pr-2077-clean-product -> origin/chore/pr-2077-clean-product
2026-09-20T17:39:33.5466231Z  * [new branch]            chore/pr-2077-evidence-fix -> origin/chore/pr-2077-evidence-fix
2026-09-20T17:39:33.5467268Z  * [new branch]            chore/pr-2077-shim-lock-fix -> origin/chore/pr-2077-shim-lock-fix
2026-09-20T17:39:33.5468582Z  * [new branch]            chore/pr-2077-shim-order-test-fix-v2 -> origin/chore/pr-2077-shim-order-test-fix-v2
2026-09-20T17:39:33.5470222Z  * [new branch]            chore/pr-2077-warn-receipt-fix -> origin/chore/pr-2077-warn-receipt-fix
2026-09-20T17:39:33.5471592Z  * [new branch]            chore/pr-2083-authority-updater-patch -> origin/chore/pr-2083-authority-updater-patch
2026-09-20T17:39:33.5472900Z  * [new branch]            chore/pr-2083-conflict-probe -> origin/chore/pr-2083-conflict-probe
2026-09-20T17:39:33.5474356Z  * [new branch]            chore/pr-2083-conflict-resolver-executor -> origin/chore/pr-2083-conflict-resolver-executor
2026-09-20T17:39:33.5475993Z  * [new branch]            chore/pr-2083-current-final-validation -> origin/chore/pr-2083-current-final-validation
2026-09-20T17:39:33.5477540Z  * [new branch]            chore/pr-2083-current-updater-base -> origin/chore/pr-2083-current-updater-base
2026-09-20T17:39:33.5478863Z  * [new branch]            chore/pr-2083-final-validation -> origin/chore/pr-2083-final-validation
2026-09-20T17:39:33.5480567Z  * [new branch]            chore/pr-2083-integration -> origin/chore/pr-2083-integration
2026-09-20T17:39:33.5481662Z  * [new branch]            chore/pr-2083-pi-replay -> origin/chore/pr-2083-pi-replay
2026-09-20T17:39:33.5482801Z  * [new branch]            chore/pr-2083-replay-2131-base -> origin/chore/pr-2083-replay-2131-base
2026-09-20T17:39:33.5484152Z  * [new branch]            chore/pr-2083-replay-2131-patch -> origin/chore/pr-2083-replay-2131-patch
2026-09-20T17:39:33.5485682Z  * [new branch]            chore/pr-2083-replay-2131-releasebase -> origin/chore/pr-2083-replay-2131-releasebase
2026-09-20T17:39:33.5487086Z  * [new branch]            chore/pr-2083-updater-merge-base -> origin/chore/pr-2083-updater-merge-base
2026-09-20T17:39:33.5488242Z  * [new branch]            chore/pr2172-static-rebuild -> origin/chore/pr2172-static-rebuild
2026-09-20T17:39:33.5489354Z  * [new branch]            chore/rebuild-pr-2077-clean -> origin/chore/rebuild-pr-2077-clean
2026-09-20T17:39:33.5491062Z  * [new branch]            chore/reconcile-main-into-release-3.0-2 -> origin/chore/reconcile-main-into-release-3.0-2
2026-09-20T17:39:33.5492464Z  * [new branch]            chore/reconcile-pr2359-release-3 -> origin/chore/reconcile-pr2359-release-3
2026-09-20T17:39:33.5494091Z  * [new branch]            chore/reconcile-pr2372-release-3 -> origin/chore/reconcile-pr2372-release-3
2026-09-20T17:39:33.5494837Z  * [new branch]            chore/release-22-sync-main -> origin/chore/release-22-sync-main
2026-09-20T17:39:33.5495616Z  * [new branch]            chore/release-22-sync-main-refresh -> origin/chore/release-22-sync-main-refresh
2026-09-20T17:39:33.5496385Z  * [new branch]            chore/release-22-sync-main-v2 -> origin/chore/release-22-sync-main-v2
2026-09-20T17:39:33.5497243Z  * [new branch]            chore/release-3-post-audit-cleanup-20260819 -> origin/chore/release-3-post-audit-cleanup-20260819
2026-09-20T17:39:33.5498071Z  * [new branch]            chore/resolve-2797-conflicts -> origin/chore/resolve-2797-conflicts
2026-09-20T17:39:33.5498953Z  * [new branch]            chore/resolve-release-3-main-conflicts-runner -> origin/chore/resolve-release-3-main-conflicts-runner
2026-09-20T17:39:33.5500739Z  * [new branch]            chore/resolve-secrets-v2-release-conflicts-runner -> origin/chore/resolve-secrets-v2-release-conflicts-runner
2026-09-20T17:39:33.5502434Z  * [new branch]            chore/rust-migration-cleanup-final -> origin/chore/rust-migration-cleanup-final
2026-09-20T17:39:33.5503743Z  * [new branch]            chore/sync-main-into-release-3.0 -> origin/chore/sync-main-into-release-3.0
2026-09-20T17:39:33.5504632Z  * [new branch]            chore/sync-main-into-release-3.0-20260812 -> origin/chore/sync-main-into-release-3.0-20260812
2026-09-20T17:39:33.5505575Z  * [new branch]            chore/sync-main-into-release-3.2-20260907 -> origin/chore/sync-main-into-release-3.2-20260907
2026-09-20T17:39:33.5506491Z  * [new branch]            chore/sync-release-3.0-into-3.1-everyday -> origin/chore/sync-release-3.0-into-3.1-everyday
2026-09-20T17:39:33.5507316Z  * [new branch]            ci/desktop-core-feed-request -> origin/ci/desktop-core-feed-request
2026-09-20T17:39:33.5507992Z  * [new branch]            ci/release-3-1-alpha    -> origin/ci/release-3-1-alpha
2026-09-20T17:39:33.5508628Z  * [new branch]            ci/release-please-stable -> origin/ci/release-please-stable
2026-09-20T17:39:33.5509346Z  * [new branch]            ci/retrigger-desktop-core-feed -> origin/ci/retrigger-desktop-core-feed
2026-09-20T17:39:33.5510530Z  * [new branch]            ci/retrigger-desktop-core-feed-v2 -> origin/ci/retrigger-desktop-core-feed-v2
2026-09-20T17:39:33.5511216Z  * [new branch]            codex/ci-speed          -> origin/codex/ci-speed
2026-09-20T17:39:33.5511878Z  * [new branch]            codex/claim-readiness-sidecars -> origin/codex/claim-readiness-sidecars
2026-09-20T17:39:33.5512690Z  * [new branch]            codex/instapods-remote-mcp-extension -> origin/codex/instapods-remote-mcp-extension
2026-09-20T17:39:33.5514028Z  * [new branch]            codex/pr2974-absolute-deadline-validation-20260920 -> origin/codex/pr2974-absolute-deadline-validation-20260920
2026-09-20T17:39:33.5515197Z  * [new branch]            codex/pr2974-absolute-deadline-validation-20260920-v2 -> origin/codex/pr2974-absolute-deadline-validation-20260920-v2
2026-09-20T17:39:33.5516569Z  * [new branch]            codex/pr2974-affected-capture-open-validation-20260920 -> origin/codex/pr2974-affected-capture-open-validation-20260920
2026-09-20T17:39:33.5517739Z  * [new branch]            codex/pr2974-affected-integration-validation-20260919 -> origin/codex/pr2974-affected-integration-validation-20260919
2026-09-20T17:39:33.5518879Z  * [new branch]            codex/pr2974-affected-retention-validation-20260919 -> origin/codex/pr2974-affected-retention-validation-20260919
2026-09-20T17:39:33.5520442Z  * [new branch]            codex/pr2974-affected-source-quality-validation-20260920 -> origin/codex/pr2974-affected-source-quality-validation-20260920
2026-09-20T17:39:33.5521655Z  * [new branch]            codex/pr2974-affected-vfs-types-validation-20260920 -> origin/codex/pr2974-affected-vfs-types-validation-20260920
2026-09-20T17:39:33.5522660Z  * [new branch]            codex/pr2974-artifact-audit-35431281846 -> origin/codex/pr2974-artifact-audit-35431281846
2026-09-20T17:39:33.5523751Z  * [new branch]            codex/pr2974-ci-repair-harvest-20260919 -> origin/codex/pr2974-ci-repair-harvest-20260919
2026-09-20T17:39:33.5524714Z  * [new branch]            codex/pr2974-cline-installed-witness-20260920 -> origin/codex/pr2974-cline-installed-witness-20260920
2026-09-20T17:39:33.5525766Z  * [new branch]            codex/pr2974-codex-continuation-guards-20260920-v1 -> origin/codex/pr2974-codex-continuation-guards-20260920-v1
2026-09-20T17:39:33.5526781Z  * [new branch]            codex/pr2974-codex-tmp-validation-20260919 -> origin/codex/pr2974-codex-tmp-validation-20260919
2026-09-20T17:39:33.5527949Z  * [new branch]            codex/pr2974-combined-corpus-harvest-20260919 -> origin/codex/pr2974-combined-corpus-harvest-20260919
2026-09-20T17:39:33.5529169Z  * [new branch]            codex/pr2974-combined-final-corpus-20260919 -> origin/codex/pr2974-combined-final-corpus-20260919
2026-09-20T17:39:33.5530666Z  * [new branch]            codex/pr2974-command-budget-diagnostic-20260919 -> origin/codex/pr2974-command-budget-diagnostic-20260919
2026-09-20T17:39:33.5531667Z  * [new branch]            codex/pr2974-completion-evidence-20260919 -> origin/codex/pr2974-completion-evidence-20260919
2026-09-20T17:39:33.5532902Z  * [new branch]            codex/pr2974-current-integration-validation-20260919 -> origin/codex/pr2974-current-integration-validation-20260919
2026-09-20T17:39:33.5534709Z  * [new branch]            codex/pr2974-deadline-rustfmt-preparation-20260920 -> origin/codex/pr2974-deadline-rustfmt-preparation-20260920
2026-09-20T17:39:33.5536596Z  * [new branch]            codex/pr2974-incoming-corpus-harvest-0dd6f65c -> origin/codex/pr2974-incoming-corpus-harvest-0dd6f65c
2026-09-20T17:39:33.5538321Z  * [new branch]            codex/pr2974-incoming-final-corpus-2564d9a4 -> origin/codex/pr2974-incoming-final-corpus-2564d9a4
2026-09-20T17:39:33.5540484Z  * [new branch]            codex/pr2974-incoming-final-corpus-manifest-2564d9a4 -> origin/codex/pr2974-incoming-final-corpus-manifest-2564d9a4
2026-09-20T17:39:33.5542460Z  * [new branch]            codex/pr2974-installed-validation-20260920-017f1244 -> origin/codex/pr2974-installed-validation-20260920-017f1244
2026-09-20T17:39:33.5544350Z  * [new branch]            codex/pr2974-installed-validation-20260920-2433a8ce -> origin/codex/pr2974-installed-validation-20260920-2433a8ce
2026-09-20T17:39:33.5546414Z  * [new branch]            codex/pr2974-installed-validation-20260920-3780ad89 -> origin/codex/pr2974-installed-validation-20260920-3780ad89
2026-09-20T17:39:33.5548367Z  * [new branch]            codex/pr2974-installed-validation-20260920-8f15b37b -> origin/codex/pr2974-installed-validation-20260920-8f15b37b
2026-09-20T17:39:33.5550805Z  * [new branch]            codex/pr2974-installed-validation-20260920-ed7313df -> origin/codex/pr2974-installed-validation-20260920-ed7313df
2026-09-20T17:39:33.5552699Z  * [new branch]            codex/pr2974-integrated-deadline-rustfmt-20260920 -> origin/codex/pr2974-integrated-deadline-rustfmt-20260920
2026-09-20T17:39:33.5554903Z  * [new branch]            codex/pr2974-integrated-deadline-validation-20260920 -> origin/codex/pr2974-integrated-deadline-validation-20260920
2026-09-20T17:39:33.5556048Z  * [new branch]            codex/pr2974-integrated-source-20260920-8f15b37b -> origin/codex/pr2974-integrated-source-20260920-8f15b37b
2026-09-20T17:39:33.5557054Z  * [new branch]            codex/pr2974-intel-c16-hash-phase-2564d9a4 -> origin/codex/pr2974-intel-c16-hash-phase-2564d9a4
2026-09-20T17:39:33.5558057Z  * [new branch]            codex/pr2974-intel-c16-name-admission-2564d9a4 -> origin/codex/pr2974-intel-c16-name-admission-2564d9a4
2026-09-20T17:39:33.5559006Z  * [new branch]            codex/pr2974-intel-c16-phases-2564d9a4 -> origin/codex/pr2974-intel-c16-phases-2564d9a4
2026-09-20T17:39:33.5560289Z  * [new branch]            codex/pr2974-intel-strip-comparison -> origin/codex/pr2974-intel-strip-comparison
2026-09-20T17:39:33.5561312Z  * [new branch]            codex/pr2974-intel-strip-comparison-startup-repair -> origin/codex/pr2974-intel-strip-comparison-startup-repair
2026-09-20T17:39:33.5563147Z  * [new branch]            codex/pr2974-lazy-export-source-20260920-e2a4deca -> origin/codex/pr2974-lazy-export-source-20260920-e2a4deca
2026-09-20T17:39:33.5564635Z  * [new branch]            codex/pr2974-linux-live-cause-4d10758 -> origin/codex/pr2974-linux-live-cause-4d10758
2026-09-20T17:39:33.5565595Z  * [new branch]            codex/pr2974-linux-live-cause-format-4d10758 -> origin/codex/pr2974-linux-live-cause-format-4d10758
2026-09-20T17:39:33.5566673Z  * [new branch]            codex/pr2974-linux-live-cause-format-4d10758-20260920 -> origin/codex/pr2974-linux-live-cause-format-4d10758-20260920
2026-09-20T17:39:33.5567760Z  * [new branch]            codex/pr2974-linux-live-cause-import-4d10758 -> origin/codex/pr2974-linux-live-cause-import-4d10758
2026-09-20T17:39:33.5569039Z  * [new branch]            codex/pr2974-linux-live-cause-lint-4d10758-20260920 -> origin/codex/pr2974-linux-live-cause-lint-4d10758-20260920
2026-09-20T17:39:33.5570464Z  * [new branch]            codex/pr2974-linux-live-cause-module-4d10758-20260920 -> origin/codex/pr2974-linux-live-cause-module-4d10758-20260920
2026-09-20T17:39:33.5571526Z  * [new branch]            codex/pr2974-linux-live-cause-static-4d10758 -> origin/codex/pr2974-linux-live-cause-static-4d10758
2026-09-20T17:39:33.5572496Z  * [new branch]            codex/pr2974-lsc-artifact-audit-35436715830 -> origin/codex/pr2974-lsc-artifact-audit-35436715830
2026-09-20T17:39:33.5573534Z  * [new branch]            codex/pr2974-lsc-installed-validation-35441981146 -> origin/codex/pr2974-lsc-installed-validation-35441981146
2026-09-20T17:39:33.5574767Z  * [new branch]            codex/pr2974-lsc-source-materialize-20260919 -> origin/codex/pr2974-lsc-source-materialize-20260919
2026-09-20T17:39:33.5576015Z  * [new branch]            codex/pr2974-lsc-validation-82c78d0b -> origin/codex/pr2974-lsc-validation-82c78d0b
2026-09-20T17:39:33.5577981Z  * [new branch]            codex/pr2974-mac-read-attribution-rustfmt-20260920 -> origin/codex/pr2974-mac-read-attribution-rustfmt-20260920
2026-09-20T17:39:33.5580066Z  * [new branch]            codex/pr2974-mac-recovery-rustfmt-20260920 -> origin/codex/pr2974-mac-recovery-rustfmt-20260920
2026-09-20T17:39:33.5581753Z  * [new branch]            codex/pr2974-mac-startup-io-20260920-0bf2452e -> origin/codex/pr2974-mac-startup-io-20260920-0bf2452e
2026-09-20T17:39:33.5583633Z  * [new branch]            codex/pr2974-mac-startup-phases-20260920-71f24e16 -> origin/codex/pr2974-mac-startup-phases-20260920-71f24e16
2026-09-20T17:39:33.5586002Z  * [new branch]            codex/pr2974-mac-supervisor-recovery-e440-20260920 -> origin/codex/pr2974-mac-supervisor-recovery-e440-20260920
2026-09-20T17:39:33.5588038Z  * [new branch]            codex/pr2974-mac-supervisor-recovery-e440-20260920-v2 -> origin/codex/pr2974-mac-supervisor-recovery-e440-20260920-v2
2026-09-20T17:39:33.5590266Z  * [new branch]            codex/pr2974-macos-endpoint-format-4b888052 -> origin/codex/pr2974-macos-endpoint-format-4b888052
2026-09-20T17:39:33.5591947Z  * [new branch]            codex/pr2974-macos-sigpipe-format-0c9f9cc0 -> origin/codex/pr2974-macos-sigpipe-format-0c9f9cc0
2026-09-20T17:39:33.5593591Z  * [new branch]            codex/pr2974-native-phase-validation-20260919 -> origin/codex/pr2974-native-phase-validation-20260919
2026-09-20T17:39:33.5595524Z  * [new branch]            codex/pr2974-native-phase-validation-backpressure-20260919 -> origin/codex/pr2974-native-phase-validation-backpressure-20260919
2026-09-20T17:39:33.5597692Z  * [new branch]            codex/pr2974-native-phase-validation-fixed-20260919 -> origin/codex/pr2974-native-phase-validation-fixed-20260919
2026-09-20T17:39:33.5598879Z  * [new branch]            codex/pr2974-native-phase-validation-typeignore-20260919 -> origin/codex/pr2974-native-phase-validation-typeignore-20260919
2026-09-20T17:39:33.5600313Z  * [new branch]            codex/pr2974-navigation-format-20260919 -> origin/codex/pr2974-navigation-format-20260919
2026-09-20T17:39:33.5601257Z  * [new branch]            codex/pr2974-package-eval-corpus-20260919 -> origin/codex/pr2974-package-eval-corpus-20260919
2026-09-20T17:39:33.5602249Z  * [new branch]            codex/pr2974-package-eval-corpus-fixed-20260919 -> origin/codex/pr2974-package-eval-corpus-fixed-20260919
2026-09-20T17:39:33.5603220Z  * [new branch]            codex/pr2974-package-eval-finite-20260919 -> origin/codex/pr2974-package-eval-finite-20260919
2026-09-20T17:39:33.5604597Z  * [new branch]            codex/pr2974-package-eval-finite-scope-20260919 -> origin/codex/pr2974-package-eval-finite-scope-20260919
2026-09-20T17:39:33.5606464Z  * [new branch]            codex/pr2974-package-eval-finite-types-20260919 -> origin/codex/pr2974-package-eval-finite-types-20260919
2026-09-20T17:39:33.5607836Z  * [new branch]            codex/pr2974-package-eval-format-20260919 -> origin/codex/pr2974-package-eval-format-20260919
2026-09-20T17:39:33.5608761Z  * [new branch]            codex/pr2974-package-eval-lint-20260919 -> origin/codex/pr2974-package-eval-lint-20260919
2026-09-20T17:39:33.5610342Z  * [new branch]            codex/pr2974-package-export-diagnostics-20260920-e2a4deca -> origin/codex/pr2974-package-export-diagnostics-20260920-e2a4deca
2026-09-20T17:39:33.5611653Z  * [new branch]            codex/pr2974-package-export-diagnostics-v2-20260920-e2a4deca -> origin/codex/pr2974-package-export-diagnostics-v2-20260920-e2a4deca
2026-09-20T17:39:33.5612799Z  * [new branch]            codex/pr2974-partition-349-validation-20260920 -> origin/codex/pr2974-partition-349-validation-20260920
2026-09-20T17:39:33.5613960Z  * [new branch]            codex/pr2974-partition-349-vfs-types-validation-20260920 -> origin/codex/pr2974-partition-349-vfs-types-validation-20260920
2026-09-20T17:39:33.5615144Z  * [new branch]            codex/pr2974-partition-corrected-validation-20260919 -> origin/codex/pr2974-partition-corrected-validation-20260919
2026-09-20T17:39:33.5616150Z  * [new branch]            codex/pr2974-partition-format-20260919 -> origin/codex/pr2974-partition-format-20260919
2026-09-20T17:39:33.5617071Z  * [new branch]            codex/pr2974-partition-validation-20260919 -> origin/codex/pr2974-partition-validation-20260919
2026-09-20T17:39:33.5618158Z  * [new branch]            codex/pr2974-priority-child-attribution-20260920-369444ec -> origin/codex/pr2974-priority-child-attribution-20260920-369444ec
2026-09-20T17:39:33.5619427Z  * [new branch]            codex/pr2974-priority-child-attribution-v2-20260920-6fee5ac6 -> origin/codex/pr2974-priority-child-attribution-v2-20260920-6fee5ac6
2026-09-20T17:39:33.5621069Z  * [new branch]            codex/pr2974-priority-phase-controls-20260920-490534b3 -> origin/codex/pr2974-priority-phase-controls-20260920-490534b3
2026-09-20T17:39:33.5622290Z  * [new branch]            codex/pr2974-priority-phase-controls-v2-20260920-65956a96 -> origin/codex/pr2974-priority-phase-controls-v2-20260920-65956a96
2026-09-20T17:39:33.5623704Z  * [new branch]            codex/pr2974-priority-phase-installed-20260920-65956a96 -> origin/codex/pr2974-priority-phase-installed-20260920-65956a96
2026-09-20T17:39:33.5624966Z  * [new branch]            codex/pr2974-priority-phase-installed-v2-20260920-65956a96 -> origin/codex/pr2974-priority-phase-installed-v2-20260920-65956a96
2026-09-20T17:39:33.5626262Z  * [new branch]            codex/pr2974-priority-phase-installed-v3-20260920-f8f190a2 -> origin/codex/pr2974-priority-phase-installed-v3-20260920-f8f190a2
2026-09-20T17:39:33.5627453Z  * [new branch]            codex/pr2974-private-authority-validation-20260920-v1 -> origin/codex/pr2974-private-authority-validation-20260920-v1
2026-09-20T17:39:33.5628617Z  * [new branch]            codex/pr2974-private-authority-validation-20260920-v2 -> origin/codex/pr2974-private-authority-validation-20260920-v2
2026-09-20T17:39:33.5630011Z  * [new branch]            codex/pr2974-private-authority-validation-20260920-v3 -> origin/codex/pr2974-private-authority-validation-20260920-v3
2026-09-20T17:39:33.5631147Z  * [new branch]            codex/pr2974-rsp024-delivery-validation-20260920-v1 -> origin/codex/pr2974-rsp024-delivery-validation-20260920-v1
2026-09-20T17:39:33.5632238Z  * [new branch]            codex/pr2974-rsp024-delivery-validation-20260920-v2 -> origin/codex/pr2974-rsp024-delivery-validation-20260920-v2
2026-09-20T17:39:33.5633323Z  * [new branch]            codex/pr2974-rsp100-approval-validation-20260920-v1 -> origin/codex/pr2974-rsp100-approval-validation-20260920-v1
2026-09-20T17:39:33.5634409Z  * [new branch]            codex/pr2974-rsp100-approval-validation-20260920-v2 -> origin/codex/pr2974-rsp100-approval-validation-20260920-v2
2026-09-20T17:39:33.5635499Z  * [new branch]            codex/pr2974-rsp100-approval-validation-20260920-v3 -> origin/codex/pr2974-rsp100-approval-validation-20260920-v3
2026-09-20T17:39:33.5636848Z  * [new branch]            codex/pr2974-rsp100-combined-python-validation-20260920-v1 -> origin/codex/pr2974-rsp100-combined-python-validation-20260920-v1
2026-09-20T17:39:33.5638092Z  * [new branch]            codex/pr2974-rsp100-combined-python-validation-20260920-v2 -> origin/codex/pr2974-rsp100-combined-python-validation-20260920-v2
2026-09-20T17:39:33.5639319Z  * [new branch]            codex/pr2974-rsp100-combined-python-validation-20260920-v3 -> origin/codex/pr2974-rsp100-combined-python-validation-20260920-v3
2026-09-20T17:39:33.5640839Z  * [new branch]            codex/pr2974-rsp100-combined-python-validation-20260920-v4 -> origin/codex/pr2974-rsp100-combined-python-validation-20260920-v4
2026-09-20T17:39:33.5641966Z  * [new branch]            codex/pr2974-rsp100-pair-validation-20260920-v5 -> origin/codex/pr2974-rsp100-pair-validation-20260920-v5
2026-09-20T17:39:33.5642993Z  * [new branch]            codex/pr2974-rsp100-pair-validation-20260920-v6 -> origin/codex/pr2974-rsp100-pair-validation-20260920-v6
2026-09-20T17:39:33.5644014Z  * [new branch]            codex/pr2974-rsp100-pair-validation-20260920-v7 -> origin/codex/pr2974-rsp100-pair-validation-20260920-v7
2026-09-20T17:39:33.5645021Z  * [new branch]            codex/pr2974-rsp100-pair-validation-20260920-v8 -> origin/codex/pr2974-rsp100-pair-validation-20260920-v8
2026-09-20T17:39:33.5646087Z  * [new branch]            codex/pr2974-rsp100-static-only-validation-20260920 -> origin/codex/pr2974-rsp100-static-only-validation-20260920
2026-09-20T17:39:33.5647250Z  * [new branch]            codex/pr2974-rsp129-consumer-quality-validation-20260920 -> origin/codex/pr2974-rsp129-consumer-quality-validation-20260920
2026-09-20T17:39:33.5648496Z  * [new branch]            codex/pr2974-rsp129-installed-provenance-validation-20260920 -> origin/codex/pr2974-rsp129-installed-provenance-validation-20260920
2026-09-20T17:39:33.5650092Z  * [new branch]            codex/pr2974-rsp129-poststart-current-retry-20260920 -> origin/codex/pr2974-rsp129-poststart-current-retry-20260920
2026-09-20T17:39:33.5651222Z  * [new branch]            codex/pr2974-rsp129-poststart-native-binding-20260920 -> origin/codex/pr2974-rsp129-poststart-native-binding-20260920
2026-09-20T17:39:33.5652326Z  * [new branch]            codex/pr2974-rsp129-poststart-validation-20260919 -> origin/codex/pr2974-rsp129-poststart-validation-20260919
2026-09-20T17:39:33.5653325Z  * [new branch]            codex/pr2974-rsp129-request-finite-20260919 -> origin/codex/pr2974-rsp129-request-finite-20260919
2026-09-20T17:39:33.5654295Z  * [new branch]            codex/pr2974-rsp129-request-followup-20260919 -> origin/codex/pr2974-rsp129-request-followup-20260919
2026-09-20T17:39:33.5655261Z  * [new branch]            codex/pr2974-rsp129-request-format-20260919 -> origin/codex/pr2974-rsp129-request-format-20260919
2026-09-20T17:39:33.5656357Z  * [new branch]            codex/pr2974-rsp129-worker-retirement-validation-20260920 -> origin/codex/pr2974-rsp129-worker-retirement-validation-20260920
2026-09-20T17:39:33.5657410Z  * [new branch]            codex/pr2974-rsp130-join-format-20260919 -> origin/codex/pr2974-rsp130-join-format-20260919
2026-09-20T17:39:33.5658294Z  * [new branch]            codex/pr2974-rsp130-join-timing-20260919 -> origin/codex/pr2974-rsp130-join-timing-20260919
2026-09-20T17:39:33.5659241Z  * [new branch]            codex/pr2974-rsp130-join-validation-20260919 -> origin/codex/pr2974-rsp130-join-validation-20260919
2026-09-20T17:39:33.5660607Z  * [new branch]            codex/pr2974-rsp130-opcode-validation-20260919 -> origin/codex/pr2974-rsp130-opcode-validation-20260919
2026-09-20T17:39:33.5661613Z  * [new branch]            codex/pr2974-rsp131-artifact-audit-35436919027 -> origin/codex/pr2974-rsp131-artifact-audit-35436919027
2026-09-20T17:39:33.5662608Z  * [new branch]            codex/pr2974-rsp131-artifact-audit-35440047669 -> origin/codex/pr2974-rsp131-artifact-audit-35440047669
2026-09-20T17:39:33.5663774Z  * [new branch]            codex/pr2974-rsp131-operations-format-20260919 -> origin/codex/pr2974-rsp131-operations-format-20260919
2026-09-20T17:39:33.5664797Z  * [new branch]            codex/pr2974-rsp131-sqlite-queue-finite-20260919 -> origin/codex/pr2974-rsp131-sqlite-queue-finite-20260919
2026-09-20T17:39:33.5665855Z  * [new branch]            codex/pr2974-rsp131-sqlite-queue-followup-20260919 -> origin/codex/pr2974-rsp131-sqlite-queue-followup-20260919
2026-09-20T17:39:33.5666909Z  * [new branch]            codex/pr2974-rsp131-sqlite-queue-format-20260919 -> origin/codex/pr2974-rsp131-sqlite-queue-format-20260919
2026-09-20T17:39:33.5667997Z  * [new branch]            codex/pr2974-rsp136-installed-correctness-20260920-v1 -> origin/codex/pr2974-rsp136-installed-correctness-20260920-v1
2026-09-20T17:39:33.5669141Z  * [new branch]            codex/pr2974-rsp136-installed-correctness-20260920-v2 -> origin/codex/pr2974-rsp136-installed-correctness-20260920-v2
2026-09-20T17:39:33.5670737Z  * [new branch]            codex/pr2974-rsp136-installed-correctness-20260920-v3 -> origin/codex/pr2974-rsp136-installed-correctness-20260920-v3
2026-09-20T17:39:33.5671896Z  * [new branch]            codex/pr2974-rsp136-installed-correctness-20260920-v4 -> origin/codex/pr2974-rsp136-installed-correctness-20260920-v4
2026-09-20T17:39:33.5673027Z  * [new branch]            codex/pr2974-rsp136-installed-correctness-20260920-v5 -> origin/codex/pr2974-rsp136-installed-correctness-20260920-v5
2026-09-20T17:39:33.5674122Z  * [new branch]            codex/pr2974-runtime63-artifact-audit-35433592816 -> origin/codex/pr2974-runtime63-artifact-audit-35433592816
2026-09-20T17:39:33.5675227Z  * [new branch]            codex/pr2974-runtime63-evidence-continuation-20260919 -> origin/codex/pr2974-runtime63-evidence-continuation-20260919
2026-09-20T17:39:33.5676517Z  * [new branch]            codex/pr2974-runtime63-failure-audit-35438843603 -> origin/codex/pr2974-runtime63-failure-audit-35438843603
2026-09-20T17:39:33.5677616Z  * [new branch]            codex/pr2974-runtime63-targeted-audit-35433592816 -> origin/codex/pr2974-runtime63-targeted-audit-35433592816
2026-09-20T17:39:33.5678642Z  * [new branch]            codex/pr2974-rust-deadline-validation-20260920 -> origin/codex/pr2974-rust-deadline-validation-20260920
2026-09-20T17:39:33.5680122Z  * [new branch]            codex/pr2974-rust-deadline-validation-format-20260920 -> origin/codex/pr2974-rust-deadline-validation-format-20260920
2026-09-20T17:39:33.5681157Z  * [new branch]            codex/pr2974-source-validation-20260919 -> origin/codex/pr2974-source-validation-20260919
2026-09-20T17:39:33.5682045Z  * [new branch]            codex/pr2974-store-base-format-20260919 -> origin/codex/pr2974-store-base-format-20260919
2026-09-20T17:39:33.5682971Z  * [new branch]            codex/pr2974-store-base-validation-20260919 -> origin/codex/pr2974-store-base-validation-20260919
2026-09-20T17:39:33.5684001Z  * [new branch]            codex/pr2974-store-base-validation-fix-20260919 -> origin/codex/pr2974-store-base-validation-fix-20260919
2026-09-20T17:39:33.5685070Z  * [new branch]            codex/pr2974-stream-diagnostics-20260920-8ffceba4 -> origin/codex/pr2974-stream-diagnostics-20260920-8ffceba4
2026-09-20T17:39:33.5686171Z  * [new branch]            codex/pr2974-supplemental-review-validation-20260920 -> origin/codex/pr2974-supplemental-review-validation-20260920
2026-09-20T17:39:33.5687434Z  * [new branch]            codex/pr2974-supplemental-review-validation-corrective-20260920 -> origin/codex/pr2974-supplemental-review-validation-corrective-20260920
2026-09-20T17:39:33.5688576Z  * [new branch]            codex/pr2974-token-reader-source-20260920 -> origin/codex/pr2974-token-reader-source-20260920
2026-09-20T17:39:33.5689940Z  * [new branch]            codex/pr2974-windows-atomic-rename-absolute-probe-20260920 -> origin/codex/pr2974-windows-atomic-rename-absolute-probe-20260920
2026-09-20T17:39:33.5691144Z  * [new branch]            codex/pr2974-windows-atomic-rename-probe-20260920 -> origin/codex/pr2974-windows-atomic-rename-probe-20260920
2026-09-20T17:39:33.5692361Z  * [new branch]            codex/pr2974-windows-auth-token-read-8f15b37 -> origin/codex/pr2974-windows-auth-token-read-8f15b37
2026-09-20T17:39:33.5693354Z  * [new branch]            codex/pr2974-windows-auth-token-roles-8f15b37 -> origin/codex/pr2974-windows-auth-token-roles-8f15b37
2026-09-20T17:39:33.5694344Z  * [new branch]            codex/pr2974-windows-checkpoint-hash-4d10758 -> origin/codex/pr2974-windows-checkpoint-hash-4d10758
2026-09-20T17:39:33.5695362Z  * [new branch]            codex/pr2974-windows-checkpoint-mismatch-4d10758 -> origin/codex/pr2974-windows-checkpoint-mismatch-4d10758
2026-09-20T17:39:33.5696397Z  * [new branch]            codex/pr2974-windows-checkpoint-static-4d10758 -> origin/codex/pr2974-windows-checkpoint-static-4d10758
2026-09-20T17:39:33.5697424Z  * [new branch]            codex/pr2974-windows-checkpoint-version-4d10758 -> origin/codex/pr2974-windows-checkpoint-version-4d10758
2026-09-20T17:39:33.5698757Z  * [new branch]            codex/pr2974-windows-command-control-source-20260920-6f5cd352 -> origin/codex/pr2974-windows-command-control-source-20260920-6f5cd352
2026-09-20T17:39:33.5700442Z  * [new branch]            codex/pr2974-windows-command-control-source-20260920-v2 -> origin/codex/pr2974-windows-command-control-source-20260920-v2
2026-09-20T17:39:33.5701772Z  * [new branch]            codex/pr2974-windows-command-open-controls-20260920 -> origin/codex/pr2974-windows-command-open-controls-20260920
2026-09-20T17:39:33.5702933Z  * [new branch]            codex/pr2974-windows-command-open-controls-20260920-v2 -> origin/codex/pr2974-windows-command-open-controls-20260920-v2
2026-09-20T17:39:33.5704073Z  * [new branch]            codex/pr2974-windows-journal-lock-overlap-20260920 -> origin/codex/pr2974-windows-journal-lock-overlap-20260920
2026-09-20T17:39:33.5705281Z  * [new branch]            codex/pr2974-windows-journal-origin-20260920 -> origin/codex/pr2974-windows-journal-origin-20260920
2026-09-20T17:39:33.5706436Z  * [new branch]            codex/pr2974-windows-original-startup-observation-20260920 -> origin/codex/pr2974-windows-original-startup-observation-20260920
2026-09-20T17:39:33.5707726Z  * [new branch]            codex/pr2974-windows-original-startup-observation-20260920-v2 -> origin/codex/pr2974-windows-original-startup-observation-20260920-v2
2026-09-20T17:39:33.5709047Z  * [new branch]            codex/pr2974-windows-original-startup-observation-20260920-v3 -> origin/codex/pr2974-windows-original-startup-observation-20260920-v3
2026-09-20T17:39:33.5710650Z  * [new branch]            codex/pr2974-windows-replaceable-reader-validation-20260920 -> origin/codex/pr2974-windows-replaceable-reader-validation-20260920
2026-09-20T17:39:33.5711798Z  * [new branch]            codex/pr2974-windows-startup-rustfmt-20260920 -> origin/codex/pr2974-windows-startup-rustfmt-20260920
2026-09-20T17:39:33.5712841Z  * [new branch]            codex/pr2974-windows-storage-diagnostics-20260920 -> origin/codex/pr2974-windows-storage-diagnostics-20260920
2026-09-20T17:39:33.5713949Z  * [new branch]            codex/pr2974-windows-stream-diagnostics-20260920-v2 -> origin/codex/pr2974-windows-stream-diagnostics-20260920-v2
2026-09-20T17:39:33.5715049Z  * [new branch]            codex/pr2974-windows-stream-diagnostics-20260920-v3 -> origin/codex/pr2974-windows-stream-diagnostics-20260920-v3
2026-09-20T17:39:33.5716153Z  * [new branch]            codex/pr2974-windows-token-reader-controls-20260920 -> origin/codex/pr2974-windows-token-reader-controls-20260920
2026-09-20T17:39:33.5717279Z  * [new branch]            codex/pr2974-windows-wtext-reader-acceptance-20260920 -> origin/codex/pr2974-windows-wtext-reader-acceptance-20260920
2026-09-20T17:39:33.5718459Z  * [new branch]            codex/pr2974-windows-wtext-reader-acceptance-20260920-v2 -> origin/codex/pr2974-windows-wtext-reader-acceptance-20260920-v2
2026-09-20T17:39:33.5719780Z  * [new branch]            codex/pr2974-workspace-cause-8f-20260920 -> origin/codex/pr2974-workspace-cause-8f-20260920
2026-09-20T17:39:33.5720967Z  * [new branch]            codex/pr2974-workspace-cause-8f-20260920-v2 -> origin/codex/pr2974-workspace-cause-8f-20260920-v2
2026-09-20T17:39:33.5722007Z  * [new branch]            codex/pr2974-workspace-key-predicates-e440-20260920 -> origin/codex/pr2974-workspace-key-predicates-e440-20260920
2026-09-20T17:39:33.5723134Z  * [new branch]            codex/pr2974-workspace-predicates-e440-20260920 -> origin/codex/pr2974-workspace-predicates-e440-20260920
2026-09-20T17:39:33.5724080Z  * [new branch]            codex/pr2974-workspace100-f8-20260920 -> origin/codex/pr2974-workspace100-f8-20260920
2026-09-20T17:39:33.5724808Z  * [new branch]            codex/pypi-quota-units  -> origin/codex/pypi-quota-units
2026-09-20T17:39:33.5725487Z  * [new branch]            codex/readme-extension-guide -> origin/codex/readme-extension-guide
2026-09-20T17:39:33.5726151Z  * [new branch]            codex/readme-refresh    -> origin/codex/readme-refresh
2026-09-20T17:39:33.5726889Z  * [new branch]            codex/release-3.2-rust-finalization -> origin/codex/release-3.2-rust-finalization
2026-09-20T17:39:33.5727708Z  * [new branch]            codex/release-3.2-rust-foundation -> origin/codex/release-3.2-rust-foundation
2026-09-20T17:39:33.5728508Z  * [new branch]            codex/release-3.2-rust-performance -> origin/codex/release-3.2-rust-performance
2026-09-20T17:39:33.5729306Z  * [new branch]            codex/rsp-20260918-review-evidence -> origin/codex/rsp-20260918-review-evidence
2026-09-20T17:39:33.5730440Z  * [new branch]            codex/rsp-codeql-materialization-20260918 -> origin/codex/rsp-codeql-materialization-20260918
2026-09-20T17:39:33.5731322Z  * [new branch]            codex/rsp-corpus-profile-a37a5df -> origin/codex/rsp-corpus-profile-a37a5df
2026-09-20T17:39:33.5732190Z  * [new branch]            codex/rsp-macos-cache-diagnostic-d104ac3 -> origin/codex/rsp-macos-cache-diagnostic-d104ac3
2026-09-20T17:39:33.5733256Z  * [new branch]            codex/rsp-macos-dnssd-endpoint-context -> origin/codex/rsp-macos-dnssd-endpoint-context
2026-09-20T17:39:33.5734196Z  * [new branch]            codex/rsp-macos-dnssd-sigpipe-condition -> origin/codex/rsp-macos-dnssd-sigpipe-condition
2026-09-20T17:39:33.5735231Z  * [new branch]            codex/rsp-macos-endpoint-artifact-audit-35453157385 -> origin/codex/rsp-macos-endpoint-artifact-audit-35453157385
2026-09-20T17:39:33.5736339Z  * [new branch]            codex/rsp-macos-endpoint-result-audit-35455096616 -> origin/codex/rsp-macos-endpoint-result-audit-35455096616
2026-09-20T17:39:33.5737414Z  * [new branch]            codex/rsp-macos-finite-artifact-audit-35435241584 -> origin/codex/rsp-macos-finite-artifact-audit-35435241584
2026-09-20T17:39:33.5738404Z  * [new branch]            codex/rsp-macos-intel-cache-only-d104ac3 -> origin/codex/rsp-macos-intel-cache-only-d104ac3
2026-09-20T17:39:33.5739349Z  * [new branch]            codex/rsp-macos-observed-cache-diagnostic -> origin/codex/rsp-macos-observed-cache-diagnostic
2026-09-20T17:39:33.5740662Z  * [new branch]            codex/rsp-macos-phase-artifact-audit-35438429333 -> origin/codex/rsp-macos-phase-artifact-audit-35438429333
2026-09-20T17:39:33.5741634Z  * [new branch]            codex/rsp-macos-phase-finite-20260919 -> origin/codex/rsp-macos-phase-finite-20260919
2026-09-20T17:39:33.5742577Z  * [new branch]            codex/rsp-macos-phase-source-validation-cf13 -> origin/codex/rsp-macos-phase-source-validation-cf13
2026-09-20T17:39:33.5743541Z  * [new branch]            codex/rsp-macos-resolver-path-diagnostic -> origin/codex/rsp-macos-resolver-path-diagnostic
2026-09-20T17:39:33.5744501Z  * [new branch]            codex/rsp-macos-service-identity-diagnostic -> origin/codex/rsp-macos-service-identity-diagnostic
2026-09-20T17:39:33.5745534Z  * [new branch]            codex/rsp-macos-sigpipe-result-audit-35462790028 -> origin/codex/rsp-macos-sigpipe-result-audit-35462790028
2026-09-20T17:39:33.5746549Z  * [new branch]            codex/rsp-qualification-preflight-d104ac3 -> origin/codex/rsp-qualification-preflight-d104ac3
2026-09-20T17:39:33.5747587Z  * [new branch]            codex/rsp-shell-candidate-a37a5df -> origin/codex/rsp-shell-candidate-a37a5df
2026-09-20T17:39:33.5748408Z  * [new branch]            codex/rsp-sqlite-host-profile-eb717 -> origin/codex/rsp-sqlite-host-profile-eb717
2026-09-20T17:39:33.5749250Z  * [new branch]            codex/rsp-sqlite-syscall-diagnostic -> origin/codex/rsp-sqlite-syscall-diagnostic
2026-09-20T17:39:33.5750320Z  * [new branch]            codex/rsp-takeover-evidence-20260917 -> origin/codex/rsp-takeover-evidence-20260917
2026-09-20T17:39:33.5751257Z  * [new branch]            codex/rsp-windows-config-diagnostic-d104ac3 -> origin/codex/rsp-windows-config-diagnostic-d104ac3
2026-09-20T17:39:33.5752166Z  * [new branch]            codex/rsp-windows-open-cause-d104ac3 -> origin/codex/rsp-windows-open-cause-d104ac3
2026-09-20T17:39:33.5753155Z  * [new branch]            codex/rsp100-risk-dependency-correctness-8afb03a2 -> origin/codex/rsp100-risk-dependency-correctness-8afb03a2
2026-09-20T17:39:33.5754142Z  * [new branch]            codex/rsp100-security-binding-20260918 -> origin/codex/rsp100-security-binding-20260918
2026-09-20T17:39:33.5755005Z  * [new branch]            codex/rsp131-owned-inode-feasibility -> origin/codex/rsp131-owned-inode-feasibility
2026-09-20T17:39:33.5755892Z  * [new branch]            codex/typed-request-identity-validation -> origin/codex/typed-request-identity-validation
2026-09-20T17:39:33.5756709Z  * [new branch]            codex/windows-open-cause-8156 -> origin/codex/windows-open-cause-8156
2026-09-20T17:39:33.5757441Z  * [new branch]            codex/windows-store-gate-60bd -> origin/codex/windows-store-gate-60bd
2026-09-20T17:39:33.5758239Z  * [new branch]            debug/package-shim-sqlite-lock-trace -> origin/debug/package-shim-sqlite-lock-trace
2026-09-20T17:39:33.5759320Z  * [new branch]            dependabot/docker/docker-all-6dafb4a59b -> origin/dependabot/docker/docker-all-6dafb4a59b
2026-09-20T17:39:33.5760747Z  * [new branch]            dependabot/github_actions/actions/attest-build-provenance-4.1.1 -> origin/dependabot/github_actions/actions/attest-build-provenance-4.1.1
2026-09-20T17:39:33.5761852Z  * [new branch]            dependabot/github_actions/actions/checkout-7 -> origin/dependabot/github_actions/actions/checkout-7
2026-09-20T17:39:33.5762831Z  * [new branch]            dependabot/github_actions/actions/setup-go-7.0.0 -> origin/dependabot/github_actions/actions/setup-go-7.0.0
2026-09-20T17:39:33.5800296Z  * [new branch]            dependabot/github_actions/actions/setup-python-7.0.0 -> origin/dependabot/github_actions/actions/setup-python-7.0.0
2026-09-20T17:39:33.5802387Z  * [new branch]            dependabot/github_actions/actions/upload-artifact-7 -> origin/dependabot/github_actions/actions/upload-artifact-7
2026-09-20T17:39:33.5804188Z  * [new branch]            dependabot/github_actions/astral-sh/setup-uv-7 -> origin/dependabot/github_actions/astral-sh/setup-uv-7
2026-09-20T17:39:33.5806097Z  * [new branch]            dependabot/github_actions/docker/setup-buildx-action-4.2.0 -> origin/dependabot/github_actions/docker/setup-buildx-action-4.2.0
2026-09-20T17:39:33.5808282Z  * [new branch]            dependabot/github_actions/github/codeql-action/analyze-4.37.3 -> origin/dependabot/github_actions/github/codeql-action/analyze-4.37.3
2026-09-20T17:39:33.5810782Z  * [new branch]            dependabot/github_actions/github/codeql-action/upload-sarif-4.37.3 -> origin/dependabot/github_actions/github/codeql-action/upload-sarif-4.37.3
2026-09-20T17:39:33.5812883Z  * [new branch]            dependabot/github_actions/ossf/scorecard-action-2.4.4 -> origin/dependabot/github_actions/ossf/scorecard-action-2.4.4
2026-09-20T17:39:33.5814588Z  * [new branch]            dependabot/pip/pip-major-3240ab288a -> origin/dependabot/pip/pip-major-3240ab288a
2026-09-20T17:39:33.5815991Z  * [new branch]            desktop/3.0-contracts-source -> origin/desktop/3.0-contracts-source
2026-09-20T17:39:33.5817534Z  * [new branch]            desktop/3.0-core-readiness -> origin/desktop/3.0-core-readiness
2026-09-20T17:39:33.5818646Z  * [new branch]            desktop/core-alpha-feed -> origin/desktop/core-alpha-feed
2026-09-20T17:39:33.5819983Z  * [new branch]            desktop/core-alpha-feed-main -> origin/desktop/core-alpha-feed-main
2026-09-20T17:39:33.5820866Z  * [new branch]            diagnostic/macos-intel-attribution-1cd -> origin/diagnostic/macos-intel-attribution-1cd
2026-09-20T17:39:33.5821774Z  * [new branch]            diagnostic/resident-registration-8156 -> origin/diagnostic/resident-registration-8156
2026-09-20T17:39:33.5822682Z  * [new branch]            diagnostic/workspace-active-stages-8156 -> origin/diagnostic/workspace-active-stages-8156
2026-09-20T17:39:33.5823638Z  * [new branch]            diagnostic/workspace-construction-8156 -> origin/diagnostic/workspace-construction-8156
2026-09-20T17:39:33.5824621Z  * [new branch]            diagnostic/workspace-early-attachment-8156 -> origin/diagnostic/workspace-early-attachment-8156
2026-09-20T17:39:33.5825539Z  * [new branch]            diagnostic/workspace-ownership-8156 -> origin/diagnostic/workspace-ownership-8156
2026-09-20T17:39:33.5826459Z  * [new branch]            diagnostic/workspace-phase-failures-8156 -> origin/diagnostic/workspace-phase-failures-8156
2026-09-20T17:39:33.5827435Z  * [new branch]            diagnostic/workspace-publication-spans-8156 -> origin/diagnostic/workspace-publication-spans-8156
2026-09-20T17:39:33.5828293Z  * [new branch]            diagnostics/pr2798-ci-898507 -> origin/diagnostics/pr2798-ci-898507
2026-09-20T17:39:33.5829050Z  * [new branch]            diagnostics/pr2798-format-5354f54 -> origin/diagnostics/pr2798-format-5354f54
2026-09-20T17:39:33.5830030Z  * [new branch]            dist/runx-hol-guard-skill -> origin/dist/runx-hol-guard-skill
2026-09-20T17:39:33.5830793Z  * [new branch]            docs/clarify-open-source-license -> origin/docs/clarify-open-source-license
2026-09-20T17:39:33.5831780Z  * [new branch]            docs/guard-evidence-links -> origin/docs/guard-evidence-links
2026-09-20T17:39:33.5832480Z  * [new branch]            docs/k0s-k0rdent-guard-demo -> origin/docs/k0s-k0rdent-guard-demo
2026-09-20T17:39:33.5833223Z  * [new branch]            docs/smithery-skill-frontmatter -> origin/docs/smithery-skill-frontmatter
2026-09-20T17:39:33.5834080Z  * [new branch]            docs/strands-agents-command-inspection -> origin/docs/strands-agents-command-inspection
2026-09-20T17:39:33.5834869Z  * [new branch]            docs/strands-alpha-install -> origin/docs/strands-alpha-install
2026-09-20T17:39:33.5835552Z  * [new branch]            docs/w5-runtime-selection -> origin/docs/w5-runtime-selection
2026-09-20T17:39:33.5836258Z  * [new branch]            factory/essh-2674-rebase-probe -> origin/factory/essh-2674-rebase-probe
2026-09-20T17:39:33.5837079Z  * [new branch]            factory/repo2nb-2541-merge-validation -> origin/factory/repo2nb-2541-merge-validation
2026-09-20T17:39:33.5837903Z  * [new branch]            feat/3.1-extension-control-api -> origin/feat/3.1-extension-control-api
2026-09-20T17:39:33.5838657Z  * [new branch]            feat/3.1-extension-control-audit -> origin/feat/3.1-extension-control-audit
2026-09-20T17:39:33.5839403Z  * [new branch]            feat/3.1-extension-control-cli -> origin/feat/3.1-extension-control-cli
2026-09-20T17:39:33.5840496Z  * [new branch]            feat/3.1-extension-control-dashboard -> origin/feat/3.1-extension-control-dashboard
2026-09-20T17:39:33.5841376Z  * [new branch]            feat/3.1-extension-control-enforcement -> origin/feat/3.1-extension-control-enforcement
2026-09-20T17:39:33.5842237Z  * [new branch]            feat/3.1-extension-control-migration -> origin/feat/3.1-extension-control-migration
2026-09-20T17:39:33.5843064Z  * [new branch]            feat/3.1-extension-control-proof -> origin/feat/3.1-extension-control-proof
2026-09-20T17:39:33.5843952Z  * [new branch]            feat/3.1-extension-control-proof-hardening -> origin/feat/3.1-extension-control-proof-hardening
2026-09-20T17:39:33.5845012Z  * [new branch]            feat/3.1-managed-extension-controls -> origin/feat/3.1-managed-extension-controls
2026-09-20T17:39:33.5845796Z  * [new branch]            feat/add-extension-fullscreen -> origin/feat/add-extension-fullscreen
2026-09-20T17:39:33.5846477Z  * [new branch]            feat/aibom-batch4-guard -> origin/feat/aibom-batch4-guard
2026-09-20T17:39:33.5847235Z  * [new branch]            feat/aibom-guard-security-phase13 -> origin/feat/aibom-guard-security-phase13
2026-09-20T17:39:33.5847964Z  * [new branch]            feat/aibom-live-trust-fix -> origin/feat/aibom-live-trust-fix
2026-09-20T17:39:33.5848700Z  * [new branch]            feat/aibom-receipt-sync-fix-guard -> origin/feat/aibom-receipt-sync-fix-guard
2026-09-20T17:39:33.5849756Z  * [new branch]            feat/aibom-skill-scan-root-fix -> origin/feat/aibom-skill-scan-root-fix
2026-09-20T17:39:33.5850607Z  * [new branch]            feat/aibom-skill-scanner-spawn-fix -> origin/feat/aibom-skill-scanner-spawn-fix
2026-09-20T17:39:33.5851416Z  * [new branch]            feat/aibom-skill-security-guard -> origin/feat/aibom-skill-security-guard
2026-09-20T17:39:33.5852230Z  * [new branch]            feat/aibom-trust-attestation-guard -> origin/feat/aibom-trust-attestation-guard
2026-09-20T17:39:33.5853153Z  * [new branch]            feat/aibom-verifiable-trust-headless-guard -> origin/feat/aibom-verifiable-trust-headless-guard
2026-09-20T17:39:33.5853980Z  * [new branch]            feat/all-harness-fast-hooks -> origin/feat/all-harness-fast-hooks
2026-09-20T17:39:33.5854712Z  * [new branch]            feat/audit-remediation-actions -> origin/feat/audit-remediation-actions
2026-09-20T17:39:33.5855380Z  * [new branch]            feat/canary-commons     -> origin/feat/canary-commons
2026-09-20T17:39:33.5856114Z  * [new branch]            feat/ci-platform-command-extensions -> origin/feat/ci-platform-command-extensions
2026-09-20T17:39:33.5857159Z  * [new branch]            feat/ci-platform-command-extensions-v2 -> origin/feat/ci-platform-command-extensions-v2
2026-09-20T17:39:33.5857991Z  * [new branch]            feat/cisco-mcp-multi-analyzer -> origin/feat/cisco-mcp-multi-analyzer
2026-09-20T17:39:33.5858765Z  * [new branch]            feat/cite-hf-dataset-pypi-url-cd97 -> origin/feat/cite-hf-dataset-pypi-url-cd97
2026-09-20T17:39:33.5859888Z  * [new branch]            feat/cite-hf-plugin-security-dataset-41a2 -> origin/feat/cite-hf-plugin-security-dataset-41a2
2026-09-20T17:39:33.5860855Z  * [new branch]            feat/cite-hf-plugin-security-dataset-dcbb -> origin/feat/cite-hf-plugin-security-dataset-dcbb
2026-09-20T17:39:33.5861757Z  * [new branch]            feat/claude-code-marketplace-plugin -> origin/feat/claude-code-marketplace-plugin
2026-09-20T17:39:33.5862468Z  * [new branch]            feat/cline-adapter      -> origin/feat/cline-adapter
2026-09-20T17:39:33.5863119Z  * [new branch]            feat/cline-mcp-marketplace -> origin/feat/cline-mcp-marketplace
2026-09-20T17:39:33.5863861Z  * [new branch]            feat/cloud-exception-request-ui -> origin/feat/cloud-exception-request-ui
2026-09-20T17:39:33.5864631Z  * [new branch]            feat/cloud-exception-sync-proof -> origin/feat/cloud-exception-sync-proof
2026-09-20T17:39:33.5865346Z  * [new branch]            feat/cloud-exceptions-tab -> origin/feat/cloud-exceptions-tab
2026-09-20T17:39:33.5866221Z  * [new branch]            feat/cloud-review-runtime-hardening-post-merge -> origin/feat/cloud-review-runtime-hardening-post-merge
2026-09-20T17:39:33.5867092Z  * [new branch]            feat/cloud-user-menu-plan-id -> origin/feat/cloud-user-menu-plan-id
2026-09-20T17:39:33.5867762Z  * [new branch]            feat/cloud-user-menu-v2 -> origin/feat/cloud-user-menu-v2
2026-09-20T17:39:33.5868449Z  * [new branch]            feat/command-cloud-exception -> origin/feat/command-cloud-exception
2026-09-20T17:39:33.5869311Z  * [new branch]            feat/command-variants-301-400-aws-long-tail -> origin/feat/command-variants-301-400-aws-long-tail
2026-09-20T17:39:33.5870651Z  * [new branch]            feat/community-ollama-extension -> origin/feat/community-ollama-extension
2026-09-20T17:39:33.5871466Z  * [new branch]            feat/composite-command-evaluation -> origin/feat/composite-command-evaluation
2026-09-20T17:39:33.5872269Z  * [new branch]            feat/database-command-extensions -> origin/feat/database-command-extensions
2026-09-20T17:39:33.5873073Z  * [new branch]            feat/declarative-native-authoring -> origin/feat/declarative-native-authoring
2026-09-20T17:39:33.5873803Z  * [new branch]            feat/deepseek-harness-dsh -> origin/feat/deepseek-harness-dsh
2026-09-20T17:39:33.5874494Z  * [new branch]            feat/default-attestation-v2 -> origin/feat/default-attestation-v2
2026-09-20T17:39:33.5875183Z  * [new branch]            feat/devcontainer-feature -> origin/feat/devcontainer-feature
2026-09-20T17:39:33.5875990Z  * [new branch]            feat/devcontainer-feature-review-fixes -> origin/feat/devcontainer-feature-review-fixes
2026-09-20T17:39:33.5876890Z  * [new branch]            feat/droid-compat-headless-fixtures -> origin/feat/droid-compat-headless-fixtures
2026-09-20T17:39:33.5877679Z  * [new branch]            feat/embedded-script-evidence -> origin/feat/embedded-script-evidence
2026-09-20T17:39:33.5878432Z  * [new branch]            feat/everyday-mode-001-100-v32 -> origin/feat/everyday-mode-001-100-v32
2026-09-20T17:39:33.5879129Z  * [new branch]            feat/everyday-mode-101-200 -> origin/feat/everyday-mode-101-200
2026-09-20T17:39:33.5880084Z  * [new branch]            feat/everyday-mode-201-300 -> origin/feat/everyday-mode-201-300
2026-09-20T17:39:33.5880991Z  * [new branch]            feat/everyday-mode-foundation-release-3.0-port -> origin/feat/everyday-mode-foundation-release-3.0-port
2026-09-20T17:39:33.5881923Z  * [new branch]            feat/everyday-mode-r32-complete-v2 -> origin/feat/everyday-mode-r32-complete-v2
2026-09-20T17:39:33.5882972Z  * [new branch]            feat/everyday-mode-release-3.2-complete -> origin/feat/everyday-mode-release-3.2-complete
2026-09-20T17:39:33.5883888Z  * [new branch]            feat/everyday-r32-surfaces-20260913 -> origin/feat/everyday-r32-surfaces-20260913
2026-09-20T17:39:33.5884712Z  * [new branch]            feat/everyday-runtime-r32-20260907 -> origin/feat/everyday-runtime-r32-20260907
2026-09-20T17:39:33.5885571Z  * [new branch]            feat/evidence-action-envelope-home-fix -> origin/feat/evidence-action-envelope-home-fix
2026-09-20T17:39:33.5886406Z  * [new branch]            feat/evidence-scanner-surfacing -> origin/feat/evidence-scanner-surfacing
2026-09-20T17:39:33.5887140Z  * [new branch]            feat/evidence-tabs-redesign -> origin/feat/evidence-tabs-redesign
2026-09-20T17:39:33.5887836Z  * [new branch]            feat/extension-claim-notice -> origin/feat/extension-claim-notice
2026-09-20T17:39:33.5888680Z  * [new branch]            feat/extension-control-center-01-details -> origin/feat/extension-control-center-01-details
2026-09-20T17:39:33.5889914Z  * [new branch]            feat/extension-control-center-03-rule-overrides -> origin/feat/extension-control-center-03-rule-overrides
2026-09-20T17:39:33.5890953Z  * [new branch]            feat/extension-directory-command-mapping -> origin/feat/extension-directory-command-mapping
2026-09-20T17:39:33.5891829Z  * [new branch]            feat/extension-publisher-profiles -> origin/feat/extension-publisher-profiles
2026-09-20T17:39:33.5892633Z  * [new branch]            feat/extensions-command-patterns -> origin/feat/extensions-command-patterns
2026-09-20T17:39:33.5893462Z  * [new branch]            feat/extensions-custom-add-command -> origin/feat/extensions-custom-add-command
2026-09-20T17:39:33.5894219Z  * [new branch]            feat/extensions-flat-surface -> origin/feat/extensions-flat-surface
2026-09-20T17:39:33.5894897Z  * [new branch]            feat/extensions-one-page -> origin/feat/extensions-one-page
2026-09-20T17:39:33.5895604Z  * [new branch]            feat/extensions-service-marks -> origin/feat/extensions-service-marks
2026-09-20T17:39:33.5896603Z  * [new branch]            feat/extensions-unlisted-cli-allowlist -> origin/feat/extensions-unlisted-cli-allowlist
2026-09-20T17:39:33.5897490Z  * [new branch]            feat/fast-hook-review-types-scanner -> origin/feat/fast-hook-review-types-scanner
2026-09-20T17:39:33.5898201Z  * [new branch]            feat/fec-001-100-core   -> origin/feat/fec-001-100-core
2026-09-20T17:39:33.5898787Z  * [new branch]            feat/fec-001-100-main   -> origin/feat/fec-001-100-main
2026-09-20T17:39:33.5899747Z  * [new branch]            feat/fec-001-100-r32-remediation -> origin/feat/fec-001-100-r32-remediation
2026-09-20T17:39:33.5900456Z  * [new branch]            feat/fec-101-200-r32    -> origin/feat/fec-101-200-r32
2026-09-20T17:39:33.5901046Z  * [new branch]            feat/fec-201-300-r32    -> origin/feat/fec-201-300-r32
2026-09-20T17:39:33.5901861Z  * [new branch]            feat/fix-portable-package-approvals-issue -> origin/feat/fix-portable-package-approvals-issue
2026-09-20T17:39:33.5902720Z  * [new branch]            feat/grok-adapter-release-3.0 -> origin/feat/grok-adapter-release-3.0
2026-09-20T17:39:33.5903414Z  * [new branch]            feat/grok-adapter-surface -> origin/feat/grok-adapter-surface
2026-09-20T17:39:33.5904158Z  * [new branch]            feat/guard-aeo-b01-truth-contract -> origin/feat/guard-aeo-b01-truth-contract
2026-09-20T17:39:33.5904994Z  * [new branch]            feat/guard-auth-cloud-handoff-disable -> origin/feat/guard-auth-cloud-handoff-disable
2026-09-20T17:39:33.5905865Z  * [new branch]            feat/guard-auth-headless-device-code -> origin/feat/guard-auth-headless-device-code
2026-09-20T17:39:33.5906716Z  * [new branch]            feat/guard-auth-phase-m-sync-refresh -> origin/feat/guard-auth-phase-m-sync-refresh
2026-09-20T17:39:33.5907563Z  * [new branch]            feat/guard-auth-phase-n-ci-safe-mode -> origin/feat/guard-auth-phase-n-ci-safe-mode
2026-09-20T17:39:33.5908666Z  * [new branch]            feat/guard-auth-phase-r-cli-reauth-only -> origin/feat/guard-auth-phase-r-cli-reauth-only
2026-09-20T17:39:33.5909801Z  * [new branch]            feat/guard-command-patterns-3-1 -> origin/feat/guard-command-patterns-3-1
2026-09-20T17:39:33.5910600Z  * [new branch]            feat/guard-daemon-oauth-cluster -> origin/feat/guard-daemon-oauth-cluster
2026-09-20T17:39:33.5911434Z  * [new branch]            feat/guard-dashboard-trust-center-nav -> origin/feat/guard-dashboard-trust-center-nav
2026-09-20T17:39:33.5912262Z  * [new branch]            feat/guard-doctor-auth-hygiene -> origin/feat/guard-doctor-auth-hygiene
2026-09-20T17:39:33.5913116Z  * [new branch]            feat/guard-insights-share-affiliate-cta -> origin/feat/guard-insights-share-affiliate-cta
2026-09-20T17:39:33.5913953Z  * [new branch]            feat/guard-insights-share-local -> origin/feat/guard-insights-share-local
2026-09-20T17:39:33.5914758Z  * [new branch]            feat/guard-kimi-cli-harness-adapter -> origin/feat/guard-kimi-cli-harness-adapter
2026-09-20T17:39:33.5915664Z  * [new branch]            feat/guard-policy-studio-multi-rule-tests -> origin/feat/guard-policy-studio-multi-rule-tests
2026-09-20T17:39:33.5916596Z  * [new branch]            feat/guard-policy-v1alpha1-public-spec -> origin/feat/guard-policy-v1alpha1-public-spec
2026-09-20T17:39:33.5917447Z  * [new branch]            feat/guard-policy-v2-capabilities -> origin/feat/guard-policy-v2-capabilities
2026-09-20T17:39:33.5918151Z  * [new branch]            feat/guard-policy-v3    -> origin/feat/guard-policy-v3
2026-09-20T17:39:33.5918808Z  * [new branch]            feat/guard-policy-v3-release -> origin/feat/guard-policy-v3-release
2026-09-20T17:39:33.5920064Z  * [new branch]            feat/guard-production-subscription-ws9-guard -> origin/feat/guard-production-subscription-ws9-guard
2026-09-20T17:39:33.5921006Z  * [new branch]            feat/guard-reviewer-role-claim -> origin/feat/guard-reviewer-role-claim
2026-09-20T17:39:33.5921778Z  * [new branch]            feat/guard-scsr071-085-lifecycle -> origin/feat/guard-scsr071-085-lifecycle
2026-09-20T17:39:33.5922695Z  * [new branch]            feat/guard-secrets-detection -> origin/feat/guard-secrets-detection
2026-09-20T17:39:33.5923516Z  * [new branch]            feat/guard-secrets-detection-clean -> origin/feat/guard-secrets-detection-clean
2026-09-20T17:39:33.5924292Z  * [new branch]            feat/guard-secrets-native-cli -> origin/feat/guard-secrets-native-cli
2026-09-20T17:39:33.5925085Z  * [new branch]            feat/guarded-repository-attestation -> origin/feat/guarded-repository-attestation
2026-09-20T17:39:33.5925964Z  * [new branch]            feat/guarded-repository-attestation-v2 -> origin/feat/guarded-repository-attestation-v2
2026-09-20T17:39:33.5926767Z  * [new branch]            feat/hgc-controls-reset-local -> origin/feat/hgc-controls-reset-local
2026-09-20T17:39:33.5927546Z  * [new branch]            feat/hgc-controls-reset-local-rest -> origin/feat/hgc-controls-reset-local-rest
2026-09-20T17:39:33.5928425Z  * [new branch]            feat/hol-guard-aibom-item-descriptions -> origin/feat/hol-guard-aibom-item-descriptions
2026-09-20T17:39:33.5929176Z  * [new branch]            feat/inbox-sync-repair  -> origin/feat/inbox-sync-repair
2026-09-20T17:39:33.5930223Z  * [new branch]            feat/laravel-artisan-command-safety -> origin/feat/laravel-artisan-command-safety
2026-09-20T17:39:33.5931102Z  * [new branch]            feat/linux-desktop-core-sidecar-feed -> origin/feat/linux-desktop-core-sidecar-feed
2026-09-20T17:39:33.5932022Z  * [new branch]            feat/managed-service-extensions-remaining -> origin/feat/managed-service-extensions-remaining
2026-09-20T17:39:33.5932912Z  * [new branch]            feat/mcp-distribution-consolidated -> origin/feat/mcp-distribution-consolidated
2026-09-20T17:39:33.5933680Z  * [new branch]            feat/mcp-enroll-steps-layout -> origin/feat/mcp-enroll-steps-layout
2026-09-20T17:39:33.5934573Z  * [new branch]            feat/mcp-extension-enroll-ux -> origin/feat/mcp-extension-enroll-ux
2026-09-20T17:39:33.5935317Z  * [new branch]            feat/mcp-harness-autodetect -> origin/feat/mcp-harness-autodetect
2026-09-20T17:39:33.5936027Z  * [new branch]            feat/mcp-registry-publishing -> origin/feat/mcp-registry-publishing
2026-09-20T17:39:33.5936746Z  * [new branch]            feat/mcp-registry-syndication -> origin/feat/mcp-registry-syndication
2026-09-20T17:39:33.5937382Z  * [new branch]            feat/mcp-server         -> origin/feat/mcp-server
2026-09-20T17:39:33.5938029Z  * [new branch]            feat/mcp-server-contributions -> origin/feat/mcp-server-contributions
2026-09-20T17:39:33.5938699Z  * [new branch]            feat/mcpb-distribution  -> origin/feat/mcpb-distribution
2026-09-20T17:39:33.5939404Z  * [new branch]            feat/mdm-cloud-multi-device-lab -> origin/feat/mdm-cloud-multi-device-lab
2026-09-20T17:39:33.5940316Z  * [new branch]            feat/mdm-ga-completion  -> origin/feat/mdm-ga-completion
2026-09-20T17:39:33.5940983Z  * [new branch]            feat/mdm-local-contract-lab -> origin/feat/mdm-local-contract-lab
2026-09-20T17:39:33.5941688Z  * [new branch]            feat/modules-2-best-in-class -> origin/feat/modules-2-best-in-class
2026-09-20T17:39:33.5942385Z  * [new branch]            feat/multi-source-connect -> origin/feat/multi-source-connect
2026-09-20T17:39:33.5943157Z  * [new branch]            feat/native-data-plane-ownership-v2 -> origin/feat/native-data-plane-ownership-v2
2026-09-20T17:39:33.5944044Z  * [new branch]            feat/native-hook-data-plane-completion -> origin/feat/native-hook-data-plane-completion
2026-09-20T17:39:33.5944930Z  * [new branch]            feat/network-isolation-r1-r3-20260824 -> origin/feat/network-isolation-r1-r3-20260824
2026-09-20T17:39:33.5945695Z  * [new branch]            feat/network-local-core-3.0 -> origin/feat/network-local-core-3.0
2026-09-20T17:39:33.5946384Z  * [new branch]            feat/openclaw-clawhub-skill -> origin/feat/openclaw-clawhub-skill
2026-09-20T17:39:33.5947171Z  * [new branch]            feat/owasp-agentic-skills-crosswalk -> origin/feat/owasp-agentic-skills-crosswalk
2026-09-20T17:39:33.5948160Z  * [new branch]            feat/package-script-extension-flow -> origin/feat/package-script-extension-flow
2026-09-20T17:39:33.5948915Z  * [new branch]            feat/package-support-matrix -> origin/feat/package-support-matrix
2026-09-20T17:39:33.5949835Z  * [new branch]            feat/paseo-native-provider-adapter -> origin/feat/paseo-native-provider-adapter
2026-09-20T17:39:33.5950650Z  * [new branch]            feat/policy-cloud-exception-dto -> origin/feat/policy-cloud-exception-dto
2026-09-20T17:39:33.5951537Z  * [new branch]            feat/policy-cloud-exceptions-final-polish -> origin/feat/policy-cloud-exceptions-final-polish
2026-09-20T17:39:33.5952366Z  * [new branch]            feat/policy-mockup-parity-m2 -> origin/feat/policy-mockup-parity-m2
2026-09-20T17:39:33.5953084Z  * [new branch]            feat/policy-mockup-parity-m3 -> origin/feat/policy-mockup-parity-m3
2026-09-20T17:39:33.5953841Z  * [new branch]            feat/policy-no-fixture-hardening -> origin/feat/policy-no-fixture-hardening
2026-09-20T17:39:33.5954606Z  * [new branch]            feat/policy-recipe-validation -> origin/feat/policy-recipe-validation
2026-09-20T17:39:33.5955635Z  * [new branch]            feat/policy-recipe-validation-v2 -> origin/feat/policy-recipe-validation-v2
2026-09-20T17:39:33.5956395Z  * [new branch]            feat/policy-workspace-parity -> origin/feat/policy-workspace-parity
2026-09-20T17:39:33.5957181Z  * [new branch]            feat/privacy-safe-local-risk-report -> origin/feat/privacy-safe-local-risk-report
2026-09-20T17:39:33.5958009Z  * [new branch]            feat/privacy-safe-outcome-receipts -> origin/feat/privacy-safe-outcome-receipts
2026-09-20T17:39:33.5958855Z  * [new branch]            feat/protection-center-01-foundation -> origin/feat/protection-center-01-foundation
2026-09-20T17:39:33.5960055Z  * [new branch]            feat/protection-center-02-landing -> origin/feat/protection-center-02-landing
2026-09-20T17:39:33.5960946Z  * [new branch]            feat/protection-center-03-module-detail -> origin/feat/protection-center-03-module-detail
2026-09-20T17:39:33.5961900Z  * [new branch]            feat/protection-center-04-friendly-settings -> origin/feat/protection-center-04-friendly-settings
2026-09-20T17:39:33.5962953Z  * [new branch]            feat/protection-center-04-friendly-settings-final -> origin/feat/protection-center-04-friendly-settings-final
2026-09-20T17:39:33.5963960Z  * [new branch]            feat/protection-center-04-policy-editor -> origin/feat/protection-center-04-policy-editor
2026-09-20T17:39:33.5964930Z  * [new branch]            feat/protection-center-04-policy-editor-final -> origin/feat/protection-center-04-policy-editor-final
2026-09-20T17:39:33.5965890Z  * [new branch]            feat/protection-center-05-test-activity -> origin/feat/protection-center-05-test-activity
2026-09-20T17:39:33.5966915Z  * [new branch]            feat/protection-center-06-cloud-boundary-hardening -> origin/feat/protection-center-06-cloud-boundary-hardening
2026-09-20T17:39:33.5967927Z  * [new branch]            feat/protection-modules-ux-release-3.0 -> origin/feat/protection-modules-ux-release-3.0
2026-09-20T17:39:33.5968668Z  * [new branch]            feat/read-state-sqlite  -> origin/feat/read-state-sqlite
2026-09-20T17:39:33.5969372Z  * [new branch]            feat/release-22-adaptive-workers -> origin/feat/release-22-adaptive-workers
2026-09-20T17:39:33.5970487Z  * [new branch]            feat/release-22-admission-final -> origin/feat/release-22-admission-final
2026-09-20T17:39:33.5971221Z  * [new branch]            feat/release-22-approval-ux -> origin/feat/release-22-approval-ux
2026-09-20T17:39:33.5972090Z  * [new branch]            feat/release-22-authorization-gates-followup -> origin/feat/release-22-authorization-gates-followup
2026-09-20T17:39:33.5973023Z  * [new branch]            feat/release-22-command-activity-api -> origin/feat/release-22-command-activity-api
2026-09-20T17:39:33.5974094Z  * [new branch]            feat/release-22-command-activity-contracts -> origin/feat/release-22-command-activity-contracts
2026-09-20T17:39:33.5975070Z  * [new branch]            feat/release-22-command-activity-persistence -> origin/feat/release-22-command-activity-persistence
2026-09-20T17:39:33.5976022Z  * [new branch]            feat/release-22-command-activity-privacy -> origin/feat/release-22-command-activity-privacy
2026-09-20T17:39:33.5977012Z  * [new branch]            feat/release-22-command-authorization-security -> origin/feat/release-22-command-authorization-security
2026-09-20T17:39:33.5977892Z  * [new branch]            feat/release-22-command-corpus -> origin/feat/release-22-command-corpus
2026-09-20T17:39:33.5978731Z  * [new branch]            feat/release-22-command-dashboard-client -> origin/feat/release-22-command-dashboard-client
2026-09-20T17:39:33.5979881Z  * [new branch]            feat/release-22-contained-local-writes -> origin/feat/release-22-contained-local-writes
2026-09-20T17:39:33.5980803Z  * [new branch]            feat/release-22-contained-routine-flows -> origin/feat/release-22-contained-routine-flows
2026-09-20T17:39:33.5981702Z  * [new branch]            feat/release-22-contained-routine-proof -> origin/feat/release-22-contained-routine-proof
2026-09-20T17:39:33.5982493Z  * [new branch]            feat/release-22-daemon-final -> origin/feat/release-22-daemon-final
2026-09-20T17:39:33.5983199Z  * [new branch]            feat/release-22-decision-diff -> origin/feat/release-22-decision-diff
2026-09-20T17:39:33.5983930Z  * [new branch]            feat/release-22-decision-plane -> origin/feat/release-22-decision-plane
2026-09-20T17:39:33.5984694Z  * [new branch]            feat/release-22-evidence-routing -> origin/feat/release-22-evidence-routing
2026-09-20T17:39:33.5985549Z  * [new branch]            feat/release-22-github-capability-floors -> origin/feat/release-22-github-capability-floors
2026-09-20T17:39:33.5986656Z  * [new branch]            feat/release-22-github-capability-floors-v2 -> origin/feat/release-22-github-capability-floors-v2
2026-09-20T17:39:33.5987518Z  * [new branch]            feat/release-22-hook-scheduler -> origin/feat/release-22-hook-scheduler
2026-09-20T17:39:33.5988290Z  * [new branch]            feat/release-22-installed-evidence -> origin/feat/release-22-installed-evidence
2026-09-20T17:39:33.5989100Z  * [new branch]            feat/release-22-launch-capability -> origin/feat/release-22-launch-capability
2026-09-20T17:39:33.5990145Z  * [new branch]            feat/release-22-launch-identity -> origin/feat/release-22-launch-identity
2026-09-20T17:39:33.5990906Z  * [new branch]            feat/release-22-safety-guidance -> origin/feat/release-22-safety-guidance
2026-09-20T17:39:33.5991672Z  * [new branch]            feat/release-22-shadow-evaluation -> origin/feat/release-22-shadow-evaluation
2026-09-20T17:39:33.5992509Z  * [new branch]            feat/release-22-supply-chain-fix-all -> origin/feat/release-22-supply-chain-fix-all
2026-09-20T17:39:33.5993348Z  * [new branch]            feat/release-22-trusted-local-tools -> origin/feat/release-22-trusted-local-tools
2026-09-20T17:39:33.5994249Z  * [new branch]            feat/release-3.2-cli-first-class-expansion -> origin/feat/release-3.2-cli-first-class-expansion
2026-09-20T17:39:33.5995181Z  * [new branch]            feat/release-30-cloud-review-v2-contract -> origin/feat/release-30-cloud-review-v2-contract
2026-09-20T17:39:33.5996159Z  * [new branch]            feat/release-30-review-batch-worker-integrated -> origin/feat/release-30-review-batch-worker-integrated
2026-09-20T17:39:33.5997082Z  * [new branch]            feat/release-30-review-event-outbox -> origin/feat/release-30-review-event-outbox
2026-09-20T17:39:33.5997867Z  * [new branch]            feat/release31-lease-operations -> origin/feat/release31-lease-operations
2026-09-20T17:39:33.5998669Z  * [new branch]            feat/release31-observer-conformance -> origin/feat/release31-observer-conformance
2026-09-20T17:39:33.5999890Z  * [new branch]            feat/release31-support-diagnostics -> origin/feat/release31-support-diagnostics
2026-09-20T17:39:33.6000708Z  * [new branch]            feat/release31-user-managed-leases -> origin/feat/release31-user-managed-leases
2026-09-20T17:39:33.6001452Z  * [new branch]            feat/review-unread-requests -> origin/feat/review-unread-requests
2026-09-20T17:39:33.6002242Z  * [new branch]            feat/rust-command-shadow-bridge-final -> origin/feat/rust-command-shadow-bridge-final
2026-09-20T17:39:33.6003165Z  * [new branch]            feat/rust-command-shadow-observation-final -> origin/feat/rust-command-shadow-observation-final
2026-09-20T17:39:33.6004007Z  * [new branch]            feat/rust-hardening-foundation -> origin/feat/rust-hardening-foundation
2026-09-20T17:39:33.6004794Z  * [new branch]            feat/rust-p0-native-core-final-v3 -> origin/feat/rust-p0-native-core-final-v3
2026-09-20T17:39:33.6005591Z  * [new branch]            feat/rust-p0-native-core-final-v4 -> origin/feat/rust-p0-native-core-final-v4
2026-09-20T17:39:33.6006370Z  * [new branch]            feat/rust-p0-native-core-final-v5 -> origin/feat/rust-p0-native-core-final-v5
2026-09-20T17:39:33.6007089Z  * [new branch]            feat/rust-p1-p2-autonomous -> origin/feat/rust-p1-p2-autonomous
2026-09-20T17:39:33.6007768Z  * [new branch]            feat/rust-p1-p2-native-core -> origin/feat/rust-p1-p2-native-core
2026-09-20T17:39:33.6008514Z  * [new branch]            feat/rust-runtime-bundle-identity -> origin/feat/rust-runtime-bundle-identity
2026-09-20T17:39:33.6009287Z  * [new branch]            feat/rust-runtime-command-model -> origin/feat/rust-runtime-command-model
2026-09-20T17:39:33.6010494Z  * [new branch]            feat/rust-runtime-command-shadow-bridge -> origin/feat/rust-runtime-command-shadow-bridge
2026-09-20T17:39:33.6011464Z  * [new branch]            feat/rust-runtime-command-shadow-observation -> origin/feat/rust-runtime-command-shadow-observation
2026-09-20T17:39:33.6012541Z  * [new branch]            feat/rust-runtime-foundation -> origin/feat/rust-runtime-foundation
2026-09-20T17:39:33.6013240Z  * [new branch]            feat/rust-runtime-gates -> origin/feat/rust-runtime-gates
2026-09-20T17:39:33.6014023Z  * [new branch]            feat/rust-runtime-mutation-differential -> origin/feat/rust-runtime-mutation-differential
2026-09-20T17:39:33.6014870Z  * [new branch]            feat/rust-runtime-native-publish -> origin/feat/rust-runtime-native-publish
2026-09-20T17:39:33.6015604Z  * [new branch]            feat/rust-runtime-packaging -> origin/feat/rust-runtime-packaging
2026-09-20T17:39:33.6016279Z  * [new branch]            feat/rust-runtime-publish -> origin/feat/rust-runtime-publish
2026-09-20T17:39:33.6016952Z  * [new branch]            feat/rust-runtime-resident -> origin/feat/rust-runtime-resident
2026-09-20T17:39:33.6017674Z  * [new branch]            feat/rust-runtime-resilience-v2 -> origin/feat/rust-runtime-resilience-v2
2026-09-20T17:39:33.6018447Z  * [new branch]            feat/rust-runtime-rule-contract -> origin/feat/rust-runtime-rule-contract
2026-09-20T17:39:33.6019279Z  * [new branch]            feat/rust-runtime-source-path-parity -> origin/feat/rust-runtime-source-path-parity
2026-09-20T17:39:33.6020510Z  * [new branch]            feat/rust-runtime-source-path-parity-clean -> origin/feat/rust-runtime-source-path-parity-clean
2026-09-20T17:39:33.6021425Z  * [new branch]            feat/rust-runtime-supervision-final -> origin/feat/rust-runtime-supervision-final
2026-09-20T17:39:33.6022342Z  * [new branch]            feat/rust-runtime-supervision-reconciled-v2 -> origin/feat/rust-runtime-supervision-reconciled-v2
2026-09-20T17:39:33.6023305Z  * [new branch]            feat/rust-runtime-supervision-release -> origin/feat/rust-runtime-supervision-release
2026-09-20T17:39:33.6024148Z  * [new branch]            feat/rust-runtime-windows-resident -> origin/feat/rust-runtime-windows-resident
2026-09-20T17:39:33.6025045Z  * [new branch]            feat/rust-safety-kernel-integration-final -> origin/feat/rust-safety-kernel-integration-final
2026-09-20T17:39:33.6026144Z  * [new branch]            feat/rust-safety-kernel-pretool-completion -> origin/feat/rust-safety-kernel-pretool-completion
2026-09-20T17:39:33.6027142Z  * [new branch]            feat/rust-safety-kernel-pretool-completion-v2 -> origin/feat/rust-safety-kernel-pretool-completion-v2
2026-09-20T17:39:33.6028032Z  * [new branch]            feat/rust-windows-resident-final -> origin/feat/rust-windows-resident-final
2026-09-20T17:39:33.6028867Z  * [new branch]            feat/scanner-assurance-rust-hardening -> origin/feat/scanner-assurance-rust-hardening
2026-09-20T17:39:33.6029954Z  * [new branch]            feat/scanner-assurance-rust-hardening-20260816 -> origin/feat/scanner-assurance-rust-hardening-20260816
2026-09-20T17:39:33.6030935Z  * [new branch]            feat/scanner-reliability-foundation-v1 -> origin/feat/scanner-reliability-foundation-v1
2026-09-20T17:39:33.6031805Z  * [new branch]            feat/scsr214-248-local-runtime-proof -> origin/feat/scsr214-248-local-runtime-proof
2026-09-20T17:39:33.6032729Z  * [new branch]            feat/search-messaging-command-extensions-v2 -> origin/feat/search-messaging-command-extensions-v2
2026-09-20T17:39:33.6033546Z  * [new branch]            feat/secrets-v2-contracts -> origin/feat/secrets-v2-contracts
2026-09-20T17:39:33.6034230Z  * [new branch]            feat/secrets-v2-contracts-v3 -> origin/feat/secrets-v2-contracts-v3
2026-09-20T17:39:33.6035055Z  * [new branch]            feat/secrets-v2-evidence-contracts-clean -> origin/feat/secrets-v2-evidence-contracts-clean
2026-09-20T17:39:33.6036053Z  * [new branch]            feat/secrets-v2-evidence-contracts-current-base -> origin/feat/secrets-v2-evidence-contracts-current-base
2026-09-20T17:39:33.6037042Z  * [new branch]            feat/secrets-v2-evidence-contracts-final -> origin/feat/secrets-v2-evidence-contracts-final
2026-09-20T17:39:33.6038127Z  * [new branch]            feat/secrets-v2-evidence-contracts-final-v4 -> origin/feat/secrets-v2-evidence-contracts-final-v4
2026-09-20T17:39:33.6039028Z  * [new branch]            feat/self-protection-contracts-v7 -> origin/feat/self-protection-contracts-v7
2026-09-20T17:39:33.6039999Z  * [new branch]            feat/self-protection-lease-delivery -> origin/feat/self-protection-lease-delivery
2026-09-20T17:39:33.6040823Z  * [new branch]            feat/server-side-source-ref-synth -> origin/feat/server-side-source-ref-synth
2026-09-20T17:39:33.6041532Z  * [new branch]            feat/sidebar-user-menu  -> origin/feat/sidebar-user-menu
2026-09-20T17:39:33.6042248Z  * [new branch]            feat/skill-evidence-capabilities -> origin/feat/skill-evidence-capabilities
2026-09-20T17:39:33.6043032Z  * [new branch]            feat/strands-vended-intervention -> origin/feat/strands-vended-intervention
2026-09-20T17:39:33.6043718Z  * [new branch]            feat/strict-config-tab  -> origin/feat/strict-config-tab
2026-09-20T17:39:33.6044378Z  * [new branch]            feat/subsecond-live-review -> origin/feat/subsecond-live-review
2026-09-20T17:39:33.6045033Z  * [new branch]            feat/test-eval-command  -> origin/feat/test-eval-command
2026-09-20T17:39:33.6045670Z  * [new branch]            feat/user-menu-sidebar-v3 -> origin/feat/user-menu-sidebar-v3
2026-09-20T17:39:33.6046303Z  * [new branch]            feat/w5-runsc-reference -> origin/feat/w5-runsc-reference
2026-09-20T17:39:33.6046948Z  * [new branch]            feat/zcode-harness-adapter -> origin/feat/zcode-harness-adapter
2026-09-20T17:39:33.6047696Z  * [new branch]            feat/zt-p08-device-claim-contract -> origin/feat/zt-p08-device-claim-contract
2026-09-20T17:39:33.6048509Z  * [new branch]            fix-policy-integrity-no-ui-signed -> origin/fix-policy-integrity-no-ui-signed
2026-09-20T17:39:33.6049338Z  * [new branch]            fix-remote-approval-envelope-scope -> origin/fix-remote-approval-envelope-scope
2026-09-20T17:39:33.6050446Z  * [new branch]            fix/3.2-command-review-followup -> origin/fix/3.2-command-review-followup
2026-09-20T17:39:33.6051392Z  * [new branch]            fix/3.2-command-review-followup-v2 -> origin/fix/3.2-command-review-followup-v2
2026-09-20T17:39:33.6052108Z  * [new branch]            fix/about-partners-link -> origin/fix/about-partners-link
2026-09-20T17:39:33.6052882Z  * [new branch]            fix/about-security-and-ui-post-update -> origin/fix/about-security-and-ui-post-update
2026-09-20T17:39:33.6053696Z  * [new branch]            fix/action-envelope-dict-type -> origin/fix/action-envelope-dict-type
2026-09-20T17:39:33.6054427Z  * [new branch]            fix/action-publish-pypi-wait -> origin/fix/action-publish-pypi-wait
2026-09-20T17:39:33.6055183Z  * [new branch]            fix/action-yaml-multiline-python -> origin/fix/action-yaml-multiline-python
2026-09-20T17:39:33.6055970Z  * [new branch]            fix/activate-oauth-cloud-app-url -> origin/fix/activate-oauth-cloud-app-url
2026-09-20T17:39:33.6056684Z  * [new branch]            fix/active-approval-url -> origin/fix/active-approval-url
2026-09-20T17:39:33.6057376Z  * [new branch]            fix/adaptive-shell-navigation -> origin/fix/adaptive-shell-navigation
2026-09-20T17:39:33.6058150Z  * [new branch]            fix/aeo-canonical-answers-20260828 -> origin/fix/aeo-canonical-answers-20260828
2026-09-20T17:39:33.6058917Z  * [new branch]            fix/aeo-license-scope-20260831 -> origin/fix/aeo-license-scope-20260831
2026-09-20T17:39:33.6060307Z  * [new branch]            fix/ai-plugin-scanner-step-summary-findings -> origin/fix/ai-plugin-scanner-step-summary-findings
2026-09-20T17:39:33.6061424Z  * [new branch]            fix/aibom-401-token-refresh -> origin/fix/aibom-401-token-refresh
2026-09-20T17:39:33.6062110Z  * [new branch]            fix/aibom-atomic-snapshots -> origin/fix/aibom-atomic-snapshots
2026-09-20T17:39:33.6062817Z  * [new branch]            fix/aibom-cisco-mcp-evidence -> origin/fix/aibom-cisco-mcp-evidence
2026-09-20T17:39:33.6063747Z  * [new branch]            fix/aibom-content-all-harnesses -> origin/fix/aibom-content-all-harnesses
2026-09-20T17:39:33.6064649Z  * [new branch]            fix/aibom-content-upload-snapshot-binding -> origin/fix/aibom-content-upload-snapshot-binding
2026-09-20T17:39:33.6065462Z  * [new branch]            fix/aibom-full-content-hash -> origin/fix/aibom-full-content-hash
2026-09-20T17:39:33.6066221Z  * [new branch]            fix/aibom-inventory-camelcase-sync -> origin/fix/aibom-inventory-camelcase-sync
2026-09-20T17:39:33.6067058Z  * [new branch]            fix/aibom-openclaw-skill-file-trust -> origin/fix/aibom-openclaw-skill-file-trust
2026-09-20T17:39:33.6067781Z  * [new branch]            fix/aibom-request-limit -> origin/fix/aibom-request-limit
2026-09-20T17:39:33.6068455Z  * [new branch]            fix/aibom-skill-contam-final -> origin/fix/aibom-skill-contam-final
2026-09-20T17:39:33.6069113Z  * [new branch]            fix/aibom-sync-batching -> origin/fix/aibom-sync-batching
2026-09-20T17:39:33.6070078Z  * [new branch]            fix/aibom-sync-hardening -> origin/fix/aibom-sync-hardening
2026-09-20T17:39:33.6070749Z  * [new branch]            fix/aibom-workspace-leak -> origin/fix/aibom-workspace-leak
2026-09-20T17:39:33.6071604Z  * [new branch]            fix/aibom-workspace-skill-cross-contamination -> origin/fix/aibom-workspace-skill-cross-contamination
2026-09-20T17:39:33.6072472Z  * [new branch]            fix/aibom-workspace-skill-v2 -> origin/fix/aibom-workspace-skill-v2
2026-09-20T17:39:33.6073142Z  * [new branch]            fix/alert-consolidation -> origin/fix/alert-consolidation
2026-09-20T17:39:33.6073770Z  * [new branch]            fix/alpha-update-pipx   -> origin/fix/alpha-update-pipx
2026-09-20T17:39:33.6074406Z  * [new branch]            fix/alpha-update-resolver -> origin/fix/alpha-update-resolver
2026-09-20T17:39:33.6075123Z  * [new branch]            fix/apache-2-license-detection -> origin/fix/apache-2-license-detection
2026-09-20T17:39:33.6075882Z  * [new branch]            fix/apache-2-license-release-3 -> origin/fix/apache-2-license-release-3
2026-09-20T17:39:33.6076767Z  * [new branch]            fix/appimage-omp-runtime-owner -> origin/fix/appimage-omp-runtime-owner
2026-09-20T17:39:33.6077474Z  * [new branch]            fix/approval-gate-mfa-ux -> origin/fix/approval-gate-mfa-ux
2026-09-20T17:39:33.6078215Z  * [new branch]            fix/approval-password-progressive -> origin/fix/approval-password-progressive
2026-09-20T17:39:33.6078957Z  * [new branch]            fix/attached-short-options -> origin/fix/attached-short-options
2026-09-20T17:39:33.6079838Z  * [new branch]            fix/audit-progressive-recovery -> origin/fix/audit-progressive-recovery
2026-09-20T17:39:33.6080521Z  * [new branch]            fix/audit-workbench-ux  -> origin/fix/audit-workbench-ux
2026-09-20T17:39:33.6081289Z  * [new branch]            fix/authenticated-approval-pause-url -> origin/fix/authenticated-approval-pause-url
2026-09-20T17:39:33.6082046Z  * [new branch]            fix/browser-scope-bypass -> origin/fix/browser-scope-bypass
2026-09-20T17:39:33.6082780Z  * [new branch]            fix/bun-lock-analysis-resilience -> origin/fix/bun-lock-analysis-resilience
2026-09-20T17:39:33.6083488Z  * [new branch]            fix/bunx-local-test-shim -> origin/fix/bunx-local-test-shim
2026-09-20T17:39:33.6084375Z  * [new branch]            fix/catalog-digest-enforcement-semantics-20260908 -> origin/fix/catalog-digest-enforcement-semantics-20260908
2026-09-20T17:39:33.6085395Z  * [new branch]            fix/catalog-manifest-same-digest-refresh -> origin/fix/catalog-manifest-same-digest-refresh
2026-09-20T17:39:33.6086152Z  * [new branch]            fix/ci-bundle-20260813  -> origin/fix/ci-bundle-20260813
2026-09-20T17:39:33.6086760Z  * [new branch]            fix/ci-cd-release-3-0   -> origin/fix/ci-cd-release-3-0
2026-09-20T17:39:33.6087414Z  * [new branch]            fix/ci-hook-peer-disconnect -> origin/fix/ci-hook-peer-disconnect
2026-09-20T17:39:33.6088350Z  * [new branch]            fix/claude-hook-bridge-loopback-proxy -> origin/fix/claude-hook-bridge-loopback-proxy
2026-09-20T17:39:33.6089283Z  * [new branch]            fix/claude-marketplace-strict-per-plugin -> origin/fix/claude-marketplace-strict-per-plugin
2026-09-20T17:39:33.6090463Z  * [new branch]            fix/claude-mcp-artifact-collision -> origin/fix/claude-mcp-artifact-collision
2026-09-20T17:39:33.6091321Z  * [new branch]            fix/claude-permission-request-visible -> origin/fix/claude-permission-request-visible
2026-09-20T17:39:33.6092105Z  * [new branch]            fix/cleanup-post-release-ci -> origin/fix/cleanup-post-release-ci
2026-09-20T17:39:33.6092891Z  * [new branch]            fix/cli-facade-late-import-isolation -> origin/fix/cli-facade-late-import-isolation
2026-09-20T17:39:33.6093693Z  * [new branch]            fix/cloud-connect-tls-recovery -> origin/fix/cloud-connect-tls-recovery
2026-09-20T17:39:33.6094380Z  * [new branch]            fix/cloud-optional-copy -> origin/fix/cloud-optional-copy
2026-09-20T17:39:33.6095086Z  * [new branch]            fix/cloud-request-snapshot-413 -> origin/fix/cloud-request-snapshot-413
2026-09-20T17:39:33.6095926Z  * [new branch]            fix/cloud-review-current-actionability -> origin/fix/cloud-review-current-actionability
2026-09-20T17:39:33.6096704Z  * [new branch]            fix/cloud-review-e2e-clean -> origin/fix/cloud-review-e2e-clean
2026-09-20T17:39:33.6097449Z  * [new branch]            fix/cloud-review-runtime-recovery -> origin/fix/cloud-review-runtime-recovery
2026-09-20T17:39:33.6098208Z  * [new branch]            fix/cloud-review-state-repair -> origin/fix/cloud-review-state-repair
2026-09-20T17:39:33.6098995Z  * [new branch]            fix/cloud-review-target-routing-id -> origin/fix/cloud-review-target-routing-id
2026-09-20T17:39:33.6099860Z  * [new branch]            fix/cloud-sync-auth     -> origin/fix/cloud-sync-auth
2026-09-20T17:39:33.6100485Z  * [new branch]            fix/codeql-required-check -> origin/fix/codeql-required-check
2026-09-20T17:39:33.6101208Z  * [new branch]            fix/codex-approval-browser-url -> origin/fix/codex-approval-browser-url
2026-09-20T17:39:33.6102076Z  * [new branch]            fix/codex-posttool-reason -> origin/fix/codex-posttool-reason
2026-09-20T17:39:33.6102882Z  * [new branch]            fix/codex-private-group-packaged-hooks -> origin/fix/codex-private-group-packaged-hooks
2026-09-20T17:39:33.6103701Z  * [new branch]            fix/command-coverage-followup -> origin/fix/command-coverage-followup
2026-09-20T17:39:33.6104528Z  * [new branch]            fix/command-display-and-skill-blocking -> origin/fix/command-display-and-skill-blocking
2026-09-20T17:39:33.6105413Z  * [new branch]            fix/command-visibility-secret-review -> origin/fix/command-visibility-secret-review
2026-09-20T17:39:33.6106240Z  * [new branch]            fix/complete-local-request-sync -> origin/fix/complete-local-request-sync
2026-09-20T17:39:33.6106983Z  * [new branch]            fix/connect-guard-cloud-oauth -> origin/fix/connect-guard-cloud-oauth
2026-09-20T17:39:33.6107639Z  * [new branch]            fix/connect-handoff     -> origin/fix/connect-handoff
2026-09-20T17:39:33.6108329Z  * [new branch]            fix/connect-progress-indicators -> origin/fix/connect-progress-indicators
2026-09-20T17:39:33.6109079Z  * [new branch]            fix/connect-rich-progress-bar -> origin/fix/connect-rich-progress-bar
2026-09-20T17:39:33.6110004Z  * [new branch]            fix/consolidate-pause-reason -> origin/fix/consolidate-pause-reason
2026-09-20T17:39:33.6110678Z  * [new branch]            fix/contracts-v2-rebase -> origin/fix/contracts-v2-rebase
2026-09-20T17:39:33.6111382Z  * [new branch]            fix/core-alpha-feed-apple-trust -> origin/fix/core-alpha-feed-apple-trust
2026-09-20T17:39:33.6112207Z  * [new branch]            fix/credential-platform-hardening-v3 -> origin/fix/credential-platform-hardening-v3
2026-09-20T17:39:33.6113094Z  * [new branch]            fix/cursor-aftershell-approval-forgery -> origin/fix/cursor-aftershell-approval-forgery
2026-09-20T17:39:33.6114072Z  * [new branch]            fix/cursor-hook-daemon-spoofing -> origin/fix/cursor-hook-daemon-spoofing
2026-09-20T17:39:33.6114840Z  * [new branch]            fix/cursor-native-inbox-accept -> origin/fix/cursor-native-inbox-accept
2026-09-20T17:39:33.6115627Z  * [new branch]            fix/cursor-shell-binding-fallback -> origin/fix/cursor-shell-binding-fallback
2026-09-20T17:39:33.6116482Z  * [new branch]            fix/cursor-shell-heuristics-overprompt -> origin/fix/cursor-shell-heuristics-overprompt
2026-09-20T17:39:33.6117289Z  * [new branch]            fix/daemon-aibom-home-refresh -> origin/fix/daemon-aibom-home-refresh
2026-09-20T17:39:33.6118038Z  * [new branch]            fix/daemon-auth-lifecycle-races -> origin/fix/daemon-auth-lifecycle-races
2026-09-20T17:39:33.6118802Z  * [new branch]            fix/daemon-auth-recovery-thrash -> origin/fix/daemon-auth-recovery-thrash
2026-09-20T17:39:33.6119704Z  * [new branch]            fix/daemon-background-scan-cpu -> origin/fix/daemon-background-scan-cpu
2026-09-20T17:39:33.6120395Z  * [new branch]            fix/daemon-cli-liveness -> origin/fix/daemon-cli-liveness
2026-09-20T17:39:33.6121074Z  * [new branch]            fix/daemon-csp-https-avatars -> origin/fix/daemon-csp-https-avatars
2026-09-20T17:39:33.6121734Z  * [new branch]            fix/daemon-edge-cases   -> origin/fix/daemon-edge-cases
2026-09-20T17:39:33.6122400Z  * [new branch]            fix/daemon-ipc-exposure-order -> origin/fix/daemon-ipc-exposure-order
2026-09-20T17:39:33.6123113Z  * [new branch]            fix/daemon-server-format -> origin/fix/daemon-server-format
2026-09-20T17:39:33.6123890Z  * [new branch]            fix/dashboard-approval-hook-responses -> origin/fix/dashboard-approval-hook-responses
2026-09-20T17:39:33.6124744Z  * [new branch]            fix/dashboard-compound-risk-dedupe -> origin/fix/dashboard-compound-risk-dedupe
2026-09-20T17:39:33.6125618Z  * [new branch]            fix/dashboard-connect-authorize-window -> origin/fix/dashboard-connect-authorize-window
2026-09-20T17:39:33.6126453Z  * [new branch]            fix/dashboard-responsive-layout -> origin/fix/dashboard-responsive-layout
2026-09-20T17:39:33.6127446Z  * [new branch]            fix/dashboard-settings-appview-build -> origin/fix/dashboard-settings-appview-build
2026-09-20T17:39:33.6128344Z  * [new branch]            fix/defer-extension-control-enforcement -> origin/fix/defer-extension-control-enforcement
2026-09-20T17:39:33.6129259Z  * [new branch]            fix/desktop-bootstrap-skip-cli-parser -> origin/fix/desktop-bootstrap-skip-cli-parser
2026-09-20T17:39:33.6130496Z  * [new branch]            fix/desktop-bootstrap-skip-harness-scan -> origin/fix/desktop-bootstrap-skip-harness-scan
2026-09-20T17:39:33.6131286Z  * [new branch]            fix/desktop-build-ci-cd -> origin/fix/desktop-build-ci-cd
2026-09-20T17:39:33.6131981Z  * [new branch]            fix/desktop-build-ci-cd-backup -> origin/fix/desktop-build-ci-cd-backup
2026-09-20T17:39:33.6132728Z  * [new branch]            fix/desktop-build-ci-cd-final -> origin/fix/desktop-build-ci-cd-final
2026-09-20T17:39:33.6133450Z  * [new branch]            fix/desktop-build-ci-cd-pr -> origin/fix/desktop-build-ci-cd-pr
2026-09-20T17:39:33.6134159Z  * [new branch]            fix/desktop-build-ci-cd-review -> origin/fix/desktop-build-ci-cd-review
2026-09-20T17:39:33.6134912Z  * [new branch]            fix/desktop-canonical-dashboard -> origin/fix/desktop-canonical-dashboard
2026-09-20T17:39:33.6135691Z  * [new branch]            fix/desktop-core-cert-extraction -> origin/fix/desktop-core-cert-extraction
2026-09-20T17:39:33.6137097Z  * [new branch]            fix/desktop-core-cli-notarization-check -> origin/fix/desktop-core-cli-notarization-check
2026-09-20T17:39:33.6138310Z  * [new branch]            fix/desktop-core-dashboard-cli-update -> origin/fix/desktop-core-dashboard-cli-update
2026-09-20T17:39:33.6139206Z  * [new branch]            fix/desktop-core-feed-apple-trust-3-0 -> origin/fix/desktop-core-feed-apple-trust-3-0
2026-09-20T17:39:33.6140584Z  * [new branch]            fix/desktop-core-feed-arm64-wheel -> origin/fix/desktop-core-feed-arm64-wheel
2026-09-20T17:39:33.6141420Z  * [new branch]            fix/desktop-core-feed-macos-bash3 -> origin/fix/desktop-core-feed-macos-bash3
2026-09-20T17:39:33.6142278Z  * [new branch]            fix/desktop-core-feed-signing-identity -> origin/fix/desktop-core-feed-signing-identity
2026-09-20T17:39:33.6143167Z  * [new branch]            fix/desktop-core-native-macho-headers -> origin/fix/desktop-core-native-macho-headers
2026-09-20T17:39:33.6144036Z  * [new branch]            fix/desktop-core-native-manifest-seal -> origin/fix/desktop-core-native-manifest-seal
2026-09-20T17:39:33.6144880Z  * [new branch]            fix/desktop-core-native-outer-sign -> origin/fix/desktop-core-native-outer-sign
2026-09-20T17:39:33.6145733Z  * [new branch]            fix/desktop-core-pyinstaller-signing -> origin/fix/desktop-core-pyinstaller-signing
2026-09-20T17:39:33.6146719Z  * [new branch]            fix/desktop-core-pyinstaller-signing-release-3 -> origin/fix/desktop-core-pyinstaller-signing-release-3
2026-09-20T17:39:33.6147600Z  * [new branch]            fix/desktop-daemon-lifecycle -> origin/fix/desktop-daemon-lifecycle
2026-09-20T17:39:33.6148365Z  * [new branch]            fix/desktop-managed-repair-limbo -> origin/fix/desktop-managed-repair-limbo
2026-09-20T17:39:33.6149173Z  * [new branch]            fix/desktop-managed-version-status -> origin/fix/desktop-managed-version-status
2026-09-20T17:39:33.6150326Z  * [new branch]            fix/desktop-repair-review-projection -> origin/fix/desktop-repair-review-projection
2026-09-20T17:39:33.6151161Z  * [new branch]            fix/desktop-shim-runtime-origin -> origin/fix/desktop-shim-runtime-origin
2026-09-20T17:39:33.6151924Z  * [new branch]            fix/detached-worktree-creation -> origin/fix/detached-worktree-creation
2026-09-20T17:39:33.6152759Z  * [new branch]            fix/deterministic-extension-authoring -> origin/fix/deterministic-extension-authoring
2026-09-20T17:39:33.6153637Z  * [new branch]            fix/devcontainer-ci-python-injection -> origin/fix/devcontainer-ci-python-injection
2026-09-20T17:39:33.6154607Z  * [new branch]            fix/device-code-install-output -> origin/fix/device-code-install-output
2026-09-20T17:39:33.6155434Z  * [new branch]            fix/docker-kubernetes-command-coverage -> origin/fix/docker-kubernetes-command-coverage
2026-09-20T17:39:33.6156246Z  * [new branch]            fix/docker-test-runtime-fixes -> origin/fix/docker-test-runtime-fixes
2026-09-20T17:39:33.6156924Z  * [new branch]            fix/doctor-codex-routing -> origin/fix/doctor-codex-routing
2026-09-20T17:39:33.6157645Z  * [new branch]            fix/dpop-replay-on-timeout-retry -> origin/fix/dpop-replay-on-timeout-retry
2026-09-20T17:39:33.6158399Z  * [new branch]            fix/dsh-native-ecosystem-2501 -> origin/fix/dsh-native-ecosystem-2501
2026-09-20T17:39:33.6159093Z  * [new branch]            fix/dsh-patch-only-bundles -> origin/fix/dsh-patch-only-bundles
2026-09-20T17:39:33.6159895Z  * [new branch]            fix/dsh-scanner-support -> origin/fix/dsh-scanner-support
2026-09-20T17:39:33.6160672Z  * [new branch]            fix/durable-approval-scope-visibility -> origin/fix/durable-approval-scope-visibility
2026-09-20T17:39:33.6161556Z  * [new branch]            fix/e2e-test-guard-preflight-fallback -> origin/fix/e2e-test-guard-preflight-fallback
2026-09-20T17:39:33.6162413Z  * [new branch]            fix/emergency-denylist-enforcement -> origin/fix/emergency-denylist-enforcement
2026-09-20T17:39:33.6163257Z  * [new branch]            fix/emit-foreign-shim-bypass-reason -> origin/fix/emit-foreign-shim-bypass-reason
2026-09-20T17:39:33.6164170Z  * [new branch]            fix/everyday-mode-live-release-3.2-20260908 -> origin/fix/everyday-mode-live-release-3.2-20260908
2026-09-20T17:39:33.6165091Z  * [new branch]            fix/everyday-mode-live-wiring-20260908 -> origin/fix/everyday-mode-live-wiring-20260908
2026-09-20T17:39:33.6166130Z  * [new branch]            fix/everyday-mode-release-3.2-completion -> origin/fix/everyday-mode-release-3.2-completion
2026-09-20T17:39:33.6166999Z  * [new branch]            fix/everyday-r32-runtime-20260907 -> origin/fix/everyday-r32-runtime-20260907
2026-09-20T17:39:33.6167753Z  * [new branch]            fix/evidence-decision-linking -> origin/fix/evidence-decision-linking
2026-09-20T17:39:33.6168427Z  * [new branch]            fix/evidence-screen-ux  -> origin/fix/evidence-screen-ux
2026-09-20T17:39:33.6169059Z  * [new branch]            fix/evidence-total-count -> origin/fix/evidence-total-count
2026-09-20T17:39:33.6170171Z  * [new branch]            fix/extension-control-authority-stability -> origin/fix/extension-control-authority-stability
2026-09-20T17:39:33.6171148Z  * [new branch]            fix/extension-publisher-claim-authority -> origin/fix/extension-publisher-claim-authority
2026-09-20T17:39:33.6171965Z  * [new branch]            fix/extensions-landing-copy -> origin/fix/extensions-landing-copy
2026-09-20T17:39:33.6172670Z  * [new branch]            fix/extensions-removechild -> origin/fix/extensions-removechild
2026-09-20T17:39:33.6173469Z  * [new branch]            fix/foreign-package-shim-path-bypass -> origin/fix/foreign-package-shim-path-bypass
2026-09-20T17:39:33.6174243Z  * [new branch]            fix/frozen-cli-hook-bridge -> origin/fix/frozen-cli-hook-bridge
2026-09-20T17:39:33.6175044Z  * [new branch]            fix/frozen-codex-health-acked-snapshot -> origin/fix/frozen-codex-health-acked-snapshot
2026-09-20T17:39:33.6175871Z  * [new branch]            fix/frozen-daemon-owner-parent -> origin/fix/frozen-daemon-owner-parent
2026-09-20T17:39:33.6176685Z  * [new branch]            fix/frozen-daemon-parent-path-spaces -> origin/fix/frozen-daemon-parent-path-spaces
2026-09-20T17:39:33.6177448Z  * [new branch]            fix/frozen-spawn-pid-match -> origin/fix/frozen-spawn-pid-match
2026-09-20T17:39:33.6178170Z  * [new branch]            fix/frozen-windows-daemon-gate -> origin/fix/frozen-windows-daemon-gate
2026-09-20T17:39:33.6178994Z  * [new branch]            fix/gh-pr-merge-delete-branch-false -> origin/fix/gh-pr-merge-delete-branch-false
2026-09-20T17:39:33.6180045Z  * [new branch]            fix/git-c-home-fetch    -> origin/fix/git-c-home-fetch
2026-09-20T17:39:33.6180787Z  * [new branch]            fix/global-package-install-context -> origin/fix/global-package-install-context
2026-09-20T17:39:33.6181643Z  * [new branch]            fix/global-package-install-context-v2 -> origin/fix/global-package-install-context-v2
2026-09-20T17:39:33.6182463Z  * [new branch]            fix/gpre-026-synced-graph-rules -> origin/fix/gpre-026-synced-graph-rules
2026-09-20T17:39:33.6183153Z  * [new branch]            fix/grep-operand-bypass -> origin/fix/grep-operand-bypass
2026-09-20T17:39:33.6183805Z  * [new branch]            fix/grok-compat-hook-crash -> origin/fix/grok-compat-hook-crash
2026-09-20T17:39:33.6184441Z  * [new branch]            fix/grok-hook-runtime   -> origin/fix/grok-hook-runtime
2026-09-20T17:39:33.6185096Z  * [new branch]            fix/grok-mcp-env-reapproval -> origin/fix/grok-mcp-env-reapproval
2026-09-20T17:39:33.6185841Z  * [new branch]            fix/grok-observe-empty-failsafe -> origin/fix/grok-observe-empty-failsafe
2026-09-20T17:39:33.6186594Z  * [new branch]            fix/grok-prompt-native-success -> origin/fix/grok-prompt-native-success
2026-09-20T17:39:33.6187296Z  * [new branch]            fix/grok-prompt-submission -> origin/fix/grok-prompt-submission
2026-09-20T17:39:33.6187996Z  * [new branch]            fix/guard-app-update-command -> origin/fix/guard-app-update-command
2026-09-20T17:39:33.6188763Z  * [new branch]            fix/guard-connect-state-normalize -> origin/fix/guard-connect-state-normalize
2026-09-20T17:39:33.6189667Z  * [new branch]            fix/guard-daemon-reuse-auth -> origin/fix/guard-daemon-reuse-auth
2026-09-20T17:39:33.6190417Z  * [new branch]            fix/guard-daemon-shim-test-audit -> origin/fix/guard-daemon-shim-test-audit
2026-09-20T17:39:33.6191384Z  * [new branch]            fix/guard-evidence-schema-migration -> origin/fix/guard-evidence-schema-migration
2026-09-20T17:39:33.6192182Z  * [new branch]            fix/guard-insights-share-auth -> origin/fix/guard-insights-share-auth
2026-09-20T17:39:33.6192904Z  * [new branch]            fix/guard-insights-share-p0 -> origin/fix/guard-insights-share-p0
2026-09-20T17:39:33.6193640Z  * [new branch]            fix/guard-keychain-popup-probes -> origin/fix/guard-keychain-popup-probes
2026-09-20T17:39:33.6194520Z  * [new branch]            fix/guard-live-cloud-state-and-supply-data -> origin/fix/guard-live-cloud-state-and-supply-data
2026-09-20T17:39:33.6195343Z  * [new branch]            fix/guard-live-supply-chain -> origin/fix/guard-live-supply-chain
2026-09-20T17:39:33.6196119Z  * [new branch]            fix/guard-local-protection-hotfixes -> origin/fix/guard-local-protection-hotfixes
2026-09-20T17:39:33.6196987Z  * [new branch]            fix/guard-managed-installs-validation -> origin/fix/guard-managed-installs-validation
2026-09-20T17:39:33.6197801Z  * [new branch]            fix/guard-mcp-policy-authoring -> origin/fix/guard-mcp-policy-authoring
2026-09-20T17:39:33.6198549Z  * [new branch]            fix/guard-missing-keyring-dep -> origin/fix/guard-missing-keyring-dep
2026-09-20T17:39:33.6199373Z  * [new branch]            fix/guard-oauth-disconnect-self-revoke -> origin/fix/guard-oauth-disconnect-self-revoke
2026-09-20T17:39:33.6200331Z  * [new branch]            fix/guard-oauth-fallback-store -> origin/fix/guard-oauth-fallback-store
2026-09-20T17:39:33.6201086Z  * [new branch]            fix/guard-oauth-keychain-quiet -> origin/fix/guard-oauth-keychain-quiet
2026-09-20T17:39:33.6201817Z  * [new branch]            fix/guard-oauth-keychain-spam -> origin/fix/guard-oauth-keychain-spam
2026-09-20T17:39:33.6202605Z  * [new branch]            fix/guard-oauth-storage-auto-repair -> origin/fix/guard-oauth-storage-auto-repair
2026-09-20T17:39:33.6203392Z  * [new branch]            fix/guard-oauth-storage-repair -> origin/fix/guard-oauth-storage-repair
2026-09-20T17:39:33.6204181Z  * [new branch]            fix/guard-pip-dependency-conflict -> origin/fix/guard-pip-dependency-conflict
2026-09-20T17:39:33.6205245Z  * [new branch]            fix/guard-raw-command-text-in-approval -> origin/fix/guard-raw-command-text-in-approval
2026-09-20T17:39:33.6206155Z  * [new branch]            fix/guard-review-command-queue-recovery -> origin/fix/guard-review-command-queue-recovery
2026-09-20T17:39:33.6206979Z  * [new branch]            fix/guard-settings-write-proof -> origin/fix/guard-settings-write-proof
2026-09-20T17:39:33.6207691Z  * [new branch]            fix/guard-sync-data-loss -> origin/fix/guard-sync-data-loss
2026-09-20T17:39:33.6208359Z  * [new branch]            fix/guard-sync-rate-limit -> origin/fix/guard-sync-rate-limit
2026-09-20T17:39:33.6209138Z  * [new branch]            fix/guard-sync-workspace-plan-client -> origin/fix/guard-sync-workspace-plan-client
2026-09-20T17:39:33.6210315Z  * [new branch]            fix/guard-transparent-wrapper-trust -> origin/fix/guard-transparent-wrapper-trust
2026-09-20T17:39:33.6211151Z  * [new branch]            fix/guard-update-button-persist -> origin/fix/guard-update-button-persist
2026-09-20T17:39:33.6211922Z  * [new branch]            fix/guard-wrapper-trust-default -> origin/fix/guard-wrapper-trust-default
2026-09-20T17:39:33.6212716Z  * [new branch]            fix/guard-wrapper-trust-followup -> origin/fix/guard-wrapper-trust-followup
2026-09-20T17:39:33.6213536Z  * [new branch]            fix/hardcoded-secret-interpolations -> origin/fix/hardcoded-secret-interpolations
2026-09-20T17:39:33.6214374Z  * [new branch]            fix/hermes-host-home-autodiscovery -> origin/fix/hermes-host-home-autodiscovery
2026-09-20T17:39:33.6215154Z  * [new branch]            fix/hermes-host-home-detection -> origin/fix/hermes-host-home-detection
2026-09-20T17:39:33.6215934Z  * [new branch]            fix/hermes-large-snapshot-chunking -> origin/fix/hermes-large-snapshot-chunking
2026-09-20T17:39:33.6216898Z  * [new branch]            fix/hermes-primary-cloud-content -> origin/fix/hermes-primary-cloud-content
2026-09-20T17:39:33.6217664Z  * [new branch]            fix/hermes-saved-policy-2675 -> origin/fix/hermes-saved-policy-2675
2026-09-20T17:39:33.6218415Z  * [new branch]            fix/home-guard-stats-card-polish -> origin/fix/home-guard-stats-card-polish
2026-09-20T17:39:33.6219137Z  * [new branch]            fix/home-stats-card-rollup -> origin/fix/home-stats-card-rollup
2026-09-20T17:39:33.6219996Z  * [new branch]            fix/home-stats-unified-card -> origin/fix/home-stats-unified-card
2026-09-20T17:39:33.6220722Z  * [new branch]            fix/hook-stability-and-repair -> origin/fix/hook-stability-and-repair
2026-09-20T17:39:33.6221496Z  * [new branch]            fix/hotfix-execution-context-hash -> origin/fix/hotfix-execution-context-hash
2026-09-20T17:39:33.6222291Z  * [new branch]            fix/incident-enrollment-guidance -> origin/fix/incident-enrollment-guidance
2026-09-20T17:39:33.6223108Z  * [new branch]            fix/init-no-root-token-bootstrap -> origin/fix/init-no-root-token-bootstrap
2026-09-20T17:39:33.6223829Z  * [new branch]            fix/insights-bento-trust -> origin/fix/insights-bento-trust
2026-09-20T17:39:33.6224468Z  * [new branch]            fix/install-lock-retry  -> origin/fix/install-lock-retry
2026-09-20T17:39:33.6225216Z  * [new branch]            fix/isolated-bounded-hook-launchers -> origin/fix/isolated-bounded-hook-launchers
2026-09-20T17:39:33.6225976Z  * [new branch]            fix/linux-enrollment-update -> origin/fix/linux-enrollment-update
2026-09-20T17:39:33.6226683Z  * [new branch]            fix/linux-pipx-update-pep668 -> origin/fix/linux-pipx-update-pep668
2026-09-20T17:39:33.6227438Z  * [new branch]            fix/live-request-command-details -> origin/fix/live-request-command-details
2026-09-20T17:39:33.6228123Z  * [new branch]            fix/live-request-sync   -> origin/fix/live-request-sync
2026-09-20T17:39:33.6228782Z  * [new branch]            fix/live-review-auth-context -> origin/fix/live-review-auth-context
2026-09-20T17:39:33.6229958Z  * [new branch]            fix/live-reviews-never-expire -> origin/fix/live-reviews-never-expire
2026-09-20T17:39:33.6230663Z  * [new branch]            fix/live-sync-endpoint  -> origin/fix/live-sync-endpoint
2026-09-20T17:39:33.6231332Z  * [new branch]            fix/live-sync-payload-limits -> origin/fix/live-sync-payload-limits
2026-09-20T17:39:33.6232022Z  * [new branch]            fix/live-sync-waf-envelope -> origin/fix/live-sync-waf-envelope
2026-09-20T17:39:33.6232785Z  * [new branch]            fix/local-approval-warning-copy-pr -> origin/fix/local-approval-warning-copy-pr
2026-09-20T17:39:33.6233506Z  * [new branch]            fix/local-trust-contract -> origin/fix/local-trust-contract
2026-09-20T17:39:33.6234171Z  * [new branch]            fix/local-wheel-update-flow -> origin/fix/local-wheel-update-flow
2026-09-20T17:39:33.6234864Z  * [new branch]            fix/low-risk-read-approvals -> origin/fix/low-risk-read-approvals
2026-09-20T17:39:33.6235521Z  * [new branch]            fix/macos-connect-open  -> origin/fix/macos-connect-open
2026-09-20T17:39:33.6236303Z  * [new branch]            fix/macos-frozen-daemon-reexec-current -> origin/fix/macos-frozen-daemon-reexec-current
2026-09-20T17:39:33.6237145Z  * [new branch]            fix/macos-frozen-daemon-reexec-v2 -> origin/fix/macos-frozen-daemon-reexec-v2
2026-09-20T17:39:33.6237926Z  * [new branch]            fix/macos-frozen-daemon-signing -> origin/fix/macos-frozen-daemon-signing
2026-09-20T17:39:33.6238774Z  * [new branch]            fix/main-background-keychain-isolation -> origin/fix/main-background-keychain-isolation
2026-09-20T17:39:33.6239725Z  * [new branch]            fix/main-cloud-sync-recovery -> origin/fix/main-cloud-sync-recovery
2026-09-20T17:39:33.6240539Z  * [new branch]            fix/main-cursor-control-plane-recovery -> origin/fix/main-cursor-control-plane-recovery
2026-09-20T17:39:33.6241516Z  * [new branch]            fix/main-daemon-hook-resilience -> origin/fix/main-daemon-hook-resilience
2026-09-20T17:39:33.6242345Z  * [new branch]            fix/main-daemon-resilience-finalize -> origin/fix/main-daemon-resilience-finalize
2026-09-20T17:39:33.6243194Z  * [new branch]            fix/main-daemon-resilience-followup -> origin/fix/main-daemon-resilience-followup
2026-09-20T17:39:33.6243953Z  * [new branch]            fix/main-daemon-trust-cache -> origin/fix/main-daemon-trust-cache
2026-09-20T17:39:33.6244748Z  * [new branch]            fix/main-frozen-hook-bridge-hardening -> origin/fix/main-frozen-hook-bridge-hardening
2026-09-20T17:39:33.6245582Z  * [new branch]            fix/main-keychain-daemon-liveness -> origin/fix/main-keychain-daemon-liveness
2026-09-20T17:39:33.6246422Z  * [new branch]            fix/main-native-extension-enforcement -> origin/fix/main-native-extension-enforcement
2026-09-20T17:39:33.6247165Z  * [new branch]            fix/main-native-release -> origin/fix/main-native-release
2026-09-20T17:39:33.6247856Z  * [new branch]            fix/main-omp-install-lifecycle -> origin/fix/main-omp-install-lifecycle
2026-09-20T17:39:33.6248641Z  * [new branch]            fix/main-pr-body-shell-validation -> origin/fix/main-pr-body-shell-validation
2026-09-20T17:39:33.6249366Z  * [new branch]            fix/main-pr-create-routine -> origin/fix/main-pr-create-routine
2026-09-20T17:39:33.6250465Z  * [new branch]            fix/main-protection-repair-connected-app -> origin/fix/main-protection-repair-connected-app
2026-09-20T17:39:33.6251326Z  * [new branch]            fix/main-restore-hook-fast-path -> origin/fix/main-restore-hook-fast-path
2026-09-20T17:39:33.6252010Z  * [new branch]            fix/main-stable-release -> origin/fix/main-stable-release
2026-09-20T17:39:33.6252703Z  * [new branch]            fix/main-stale-daemon-hardening -> origin/fix/main-stale-daemon-hardening
2026-09-20T17:39:33.6253545Z  * [new branch]            fix/managed-controls-catalog-projection -> origin/fix/managed-controls-catalog-projection
2026-09-20T17:39:33.6254456Z  * [new branch]            fix/managed-service-help-redirection -> origin/fix/managed-service-help-redirection
2026-09-20T17:39:33.6255438Z  * [new branch]            fix/manual-desktop-core-feed-wake -> origin/fix/manual-desktop-core-feed-wake
2026-09-20T17:39:33.6256276Z  * [new branch]            fix/manual-release-3-1-reconcile-wake -> origin/fix/manual-release-3-1-reconcile-wake
2026-09-20T17:39:33.6257002Z  * [new branch]            fix/mark-unread-squish  -> origin/fix/mark-unread-squish
2026-09-20T17:39:33.6257681Z  * [new branch]            fix/mcp-exact-action-approval -> origin/fix/mcp-exact-action-approval
2026-09-20T17:39:33.6258450Z  * [new branch]            fix/mcp-fastmcp-annotation-scope -> origin/fix/mcp-fastmcp-annotation-scope
2026-09-20T17:39:33.6259143Z  * [new branch]            fix/mcp-receipt-search  -> origin/fix/mcp-receipt-search
2026-09-20T17:39:33.6260023Z  * [new branch]            fix/mcp-standalone-launch-command -> origin/fix/mcp-standalone-launch-command
2026-09-20T17:39:33.6260869Z  * [new branch]            fix/mcp-standalone-launch-command-v2 -> origin/fix/mcp-standalone-launch-command-v2
2026-09-20T17:39:33.6261678Z  * [new branch]            fix/mcp-tool-call-command-text -> origin/fix/mcp-tool-call-command-text
2026-09-20T17:39:33.6262347Z  * [new branch]            fix/mcp-tool-listing    -> origin/fix/mcp-tool-listing
2026-09-20T17:39:33.6262969Z  * [new branch]            fix/mdm-cloud-lab-nonroot -> origin/fix/mdm-cloud-lab-nonroot
2026-09-20T17:39:33.6263625Z  * [new branch]            fix/mdm-pinned-powershell -> origin/fix/mdm-pinned-powershell
2026-09-20T17:39:33.6264369Z  * [new branch]            fix/mdm-r005-enterprise-networking -> origin/fix/mdm-r005-enterprise-networking
2026-09-20T17:39:33.6265168Z  * [new branch]            fix/memory-event-receipt-lineage -> origin/fix/memory-event-receipt-lineage
2026-09-20T17:39:33.6265980Z  * [new branch]            fix/memory-machine-installation-id -> origin/fix/memory-machine-installation-id
2026-09-20T17:39:33.6266881Z  * [new branch]            fix/merge-approval-replay-ux -> origin/fix/merge-approval-replay-ux
2026-09-20T17:39:33.6267709Z  * [new branch]            fix/native-approval-caller-validation -> origin/fix/native-approval-caller-validation
2026-09-20T17:39:33.6268583Z  * [new branch]            fix/native-approval-envelope-binding -> origin/fix/native-approval-envelope-binding
2026-09-20T17:39:33.6269567Z  * [new branch]            fix/native-client-invalid-input -> origin/fix/native-client-invalid-input
2026-09-20T17:39:33.6270427Z  * [new branch]            fix/native-command-expression-consumer -> origin/fix/native-command-expression-consumer
2026-09-20T17:39:33.6271458Z  * [new branch]            fix/native-command-expression-resident-validation -> origin/fix/native-command-expression-resident-validation
2026-09-20T17:39:33.6272439Z  * [new branch]            fix/native-command-expression-source -> origin/fix/native-command-expression-source
2026-09-20T17:39:33.6273315Z  * [new branch]            fix/native-expression-sync-admission -> origin/fix/native-expression-sync-admission
2026-09-20T17:39:33.6274293Z  * [new branch]            fix/native-expression-sync-resident-validation -> origin/fix/native-expression-sync-resident-validation
2026-09-20T17:39:33.6275226Z  * [new branch]            fix/native-managed-command-consumer -> origin/fix/native-managed-command-consumer
2026-09-20T17:39:33.6276095Z  * [new branch]            fix/native-managed-resident-validation -> origin/fix/native-managed-resident-validation
2026-09-20T17:39:33.6276970Z  * [new branch]            fix/native-managed-source-validation -> origin/fix/native-managed-source-validation
2026-09-20T17:39:33.6277843Z  * [new branch]            fix/native-policy-control-plane-union -> origin/fix/native-policy-control-plane-union
2026-09-20T17:39:33.6278734Z  * [new branch]            fix/native-policy-generation-monotonic -> origin/fix/native-policy-generation-monotonic
2026-09-20T17:39:33.6279703Z  * [new branch]            fix/native-policy-source-union -> origin/fix/native-policy-source-union
2026-09-20T17:39:33.6280724Z  * [new branch]            fix/native-review-approval-coordination -> origin/fix/native-review-approval-coordination
2026-09-20T17:39:33.6281625Z  * [new branch]            fix/native-runtime-process-lifecycle -> origin/fix/native-runtime-process-lifecycle
2026-09-20T17:39:33.6282508Z  * [new branch]            fix/native-sensitive-origin-validation -> origin/fix/native-sensitive-origin-validation
2026-09-20T17:39:33.6283355Z  * [new branch]            fix/native-sensitive-read-identity -> origin/fix/native-sensitive-read-identity
2026-09-20T17:39:33.6284152Z  * [new branch]            fix/native-slo-rss-load-baseline -> origin/fix/native-slo-rss-load-baseline
2026-09-20T17:39:33.6284872Z  * [new branch]            fix/native-wheel-ci-flakes -> origin/fix/native-wheel-ci-flakes
2026-09-20T17:39:33.6285726Z  * [new branch]            fix/network-isolation-dockerlabs-rem-121-139 -> origin/fix/network-isolation-dockerlabs-rem-121-139
2026-09-20T17:39:33.6286743Z  * [new branch]            fix/network-isolation-remediation-rem121-139 -> origin/fix/network-isolation-remediation-rem121-139
2026-09-20T17:39:33.6287649Z  * [new branch]            fix/npx-memory-impact-explanation -> origin/fix/npx-memory-impact-explanation
2026-09-20T17:39:33.6288456Z  * [new branch]            fix/npx-package-typescript-bypass -> origin/fix/npx-package-typescript-bypass
2026-09-20T17:39:33.6289256Z  * [new branch]            fix/oauth-connect-metadata-repair -> origin/fix/oauth-connect-metadata-repair
2026-09-20T17:39:33.6290497Z  * [new branch]            fix/observe-lifecycle-native-unavailable -> origin/fix/observe-lifecycle-native-unavailable
2026-09-20T17:39:33.6291534Z  * [new branch]            fix/observe-sourced-scripts-in-compound-commands -> origin/fix/observe-sourced-scripts-in-compound-commands
2026-09-20T17:39:33.6292491Z  * [new branch]            fix/omp-approval-dashboard-recovery -> origin/fix/omp-approval-dashboard-recovery
2026-09-20T17:39:33.6293419Z  * [new branch]            fix/omp-native-hook-decision -> origin/fix/omp-native-hook-decision
2026-09-20T17:39:33.6294216Z  * [new branch]            fix/omp-posttool-deadline-fallback -> origin/fix/omp-posttool-deadline-fallback
2026-09-20T17:39:33.6295037Z  * [new branch]            fix/opencode-stale-pretool-python -> origin/fix/opencode-stale-pretool-python
2026-09-20T17:39:33.6295810Z  * [new branch]            fix/overlay-synced-graph-rules -> origin/fix/overlay-synced-graph-rules
2026-09-20T17:39:33.6296556Z  * [new branch]            fix/p0-command-bypass-coverage -> origin/fix/p0-command-bypass-coverage
2026-09-20T17:39:33.6297292Z  * [new branch]            fix/p0-command-bypass-followup -> origin/fix/p0-command-bypass-followup
2026-09-20T17:39:33.6298018Z  * [new branch]            fix/p0-global-option-followup -> origin/fix/p0-global-option-followup
2026-09-20T17:39:33.6298740Z  * [new branch]            fix/p0-global-option-parsing -> origin/fix/p0-global-option-parsing
2026-09-20T17:39:33.6299739Z  * [new branch]            fix/p0-safe-variant-followup -> origin/fix/p0-safe-variant-followup
2026-09-20T17:39:33.6300676Z  * [new branch]            fix/p0-safe-variant-semantics -> origin/fix/p0-safe-variant-semantics
2026-09-20T17:39:33.6301523Z  * [new branch]            fix/package-artifact-approval-stability -> origin/fix/package-artifact-approval-stability
2026-09-20T17:39:33.6302392Z  * [new branch]            fix/package-exact-approval-reuse -> origin/fix/package-exact-approval-reuse
2026-09-20T17:39:33.6303252Z  * [new branch]            fix/package-firewall-connect-endpoint -> origin/fix/package-firewall-connect-endpoint
2026-09-20T17:39:33.6304026Z  * [new branch]            fix/package-harness-origin -> origin/fix/package-harness-origin
2026-09-20T17:39:33.6304791Z  * [new branch]            fix/package-policy-stale-row-allow -> origin/fix/package-policy-stale-row-allow
2026-09-20T17:39:33.6305611Z  * [new branch]            fix/package-shim-store-lock-main -> origin/fix/package-shim-store-lock-main
2026-09-20T17:39:33.6306325Z  * [new branch]            fix/paseo-adapter-main  -> origin/fix/paseo-adapter-main
2026-09-20T17:39:33.6307241Z  * [new branch]            fix/payload-hash-prefix-tolerance -> origin/fix/payload-hash-prefix-tolerance
2026-09-20T17:39:33.6308016Z  * [new branch]            fix/persist-approval-contract -> origin/fix/persist-approval-contract
2026-09-20T17:39:33.6308685Z  * [new branch]            fix/pi-hook-deadline    -> origin/fix/pi-hook-deadline
2026-09-20T17:39:33.6309301Z  * [new branch]            fix/pi-posttool-timeout -> origin/fix/pi-posttool-timeout
2026-09-20T17:39:33.6310323Z  * [new branch]            fix/pipx-alpha-update-hotfix -> origin/fix/pipx-alpha-update-hotfix
2026-09-20T17:39:33.6311210Z  * [new branch]            fix/plugin-scanner-inline-markdown-summary -> origin/fix/plugin-scanner-inline-markdown-summary
2026-09-20T17:39:33.6312180Z  * [new branch]            fix/policy-bundle-receipt-redaction-level -> origin/fix/policy-bundle-receipt-redaction-level
2026-09-20T17:39:33.6313089Z  * [new branch]            fix/policy-bundle-runtime-snapshot -> origin/fix/policy-bundle-runtime-snapshot
2026-09-20T17:39:33.6313970Z  * [new branch]            fix/policy-bundle-sync-key-persistence -> origin/fix/policy-bundle-sync-key-persistence
2026-09-20T17:39:33.6314873Z  * [new branch]            fix/policy-bundle-trusted-signing-keys -> origin/fix/policy-bundle-trusted-signing-keys
2026-09-20T17:39:33.6315769Z  * [new branch]            fix/policy-cloud-exception-request-cta -> origin/fix/policy-cloud-exception-request-cta
2026-09-20T17:39:33.6316564Z  * [new branch]            fix/policy-human-readable-ux -> origin/fix/policy-human-readable-ux
2026-09-20T17:39:33.6317332Z  * [new branch]            fix/policy-integrity-never-prompt -> origin/fix/policy-integrity-never-prompt
2026-09-20T17:39:33.6318066Z  * [new branch]            fix/policy-integrity-no-ui -> origin/fix/policy-integrity-no-ui
2026-09-20T17:39:33.6318956Z  * [new branch]            fix/policy-integrity-no-ui-signed -> origin/fix/policy-integrity-no-ui-signed
2026-09-20T17:39:33.6319911Z  * [new branch]            fix/policy-mockup-alignment -> origin/fix/policy-mockup-alignment
2026-09-20T17:39:33.6320680Z  * [new branch]            fix/policy-mockup-visual-alignment -> origin/fix/policy-mockup-visual-alignment
2026-09-20T17:39:33.6321496Z  * [new branch]            fix/policy-remembered-rules-polish -> origin/fix/policy-remembered-rules-polish
2026-09-20T17:39:33.6322283Z  * [new branch]            fix/policy-remembered-rules-ux -> origin/fix/policy-remembered-rules-ux
2026-09-20T17:39:33.6323032Z  * [new branch]            fix/policy-summary-cards-v2 -> origin/fix/policy-summary-cards-v2
2026-09-20T17:39:33.6323739Z  * [new branch]            fix/policy-v3-review-findings -> origin/fix/policy-v3-review-findings
2026-09-20T17:39:33.6324573Z  * [new branch]            fix/policy-yaml-cli-completion -> origin/fix/policy-yaml-cli-completion
2026-09-20T17:39:33.6325286Z  * [new branch]            fix/pop-os-connect-sync-dx -> origin/fix/pop-os-connect-sync-dx
2026-09-20T17:39:33.6325970Z  * [new branch]            fix/popos-oauth-activation -> origin/fix/popos-oauth-activation
2026-09-20T17:39:33.6326732Z  * [new branch]            fix/port-release-30-commits-to-main -> origin/fix/port-release-30-commits-to-main
2026-09-20T17:39:33.6327619Z  * [new branch]            fix/pr-2629-post-merge-review-remediation -> origin/fix/pr-2629-post-merge-review-remediation
2026-09-20T17:39:33.6328390Z  * [new branch]            fix/pr-body-file-safe-dx -> origin/fix/pr-body-file-safe-dx
2026-09-20T17:39:33.6329046Z  * [new branch]            fix/pr2110-review-followup -> origin/fix/pr2110-review-followup
2026-09-20T17:39:33.6330130Z  * [new branch]            fix/pr2798-native-probe-cleanup -> origin/fix/pr2798-native-probe-cleanup
2026-09-20T17:39:33.6330985Z  * [new branch]            fix/preserve-desktop-hook-ownership -> origin/fix/preserve-desktop-hook-ownership
2026-09-20T17:39:33.6331792Z  * [new branch]            fix/progress-bar-step-advance -> origin/fix/progress-bar-step-advance
2026-09-20T17:39:33.6332706Z  * [new branch]            fix/progress-bar-stuck-at-zero -> origin/fix/progress-bar-stuck-at-zero
2026-09-20T17:39:33.6333537Z  * [new branch]            fix/promotion-ci-cleartext-benchmark -> origin/fix/promotion-ci-cleartext-benchmark
2026-09-20T17:39:33.6334398Z  * [new branch]            fix/prompt-truncation-persistence -> origin/fix/prompt-truncation-persistence
2026-09-20T17:39:33.6335192Z  * [new branch]            fix/protect-cloud-connect-oauth -> origin/fix/protect-cloud-connect-oauth
2026-09-20T17:39:33.6336020Z  * [new branch]            fix/protect-cloud-connect-oauth-main -> origin/fix/protect-cloud-connect-oauth-main
2026-09-20T17:39:33.6336945Z  * [new branch]            fix/protect-cloud-connect-oauth-main-final -> origin/fix/protect-cloud-connect-oauth-main-final
2026-09-20T17:39:33.6350770Z  * [new branch]            fix/protect-cloud-connect-oauth-release-followup -> origin/fix/protect-cloud-connect-oauth-release-followup
2026-09-20T17:39:33.6352184Z  * [new branch]            fix/protect-cloud-connect-url-policy-release -> origin/fix/protect-cloud-connect-url-policy-release
2026-09-20T17:39:33.6353053Z  * [new branch]            fix/protect-inline-repair -> origin/fix/protect-inline-repair
2026-09-20T17:39:33.6353913Z  * [new branch]            fix/protection-repair-after-catalog-update -> origin/fix/protection-repair-after-catalog-update
2026-09-20T17:39:33.6354944Z  * [new branch]            fix/protection-repair-dashboard-regressions -> origin/fix/protection-repair-dashboard-regressions
2026-09-20T17:39:33.6355985Z  * [new branch]            fix/protection-repair-requires-connected-app -> origin/fix/protection-repair-requires-connected-app
2026-09-20T17:39:33.6356909Z  * [new branch]            fix/publish-release-push-isolation -> origin/fix/publish-release-push-isolation
2026-09-20T17:39:33.6358016Z  * [new branch]            fix/publish-workflow-dispatch-version -> origin/fix/publish-workflow-dispatch-version
2026-09-20T17:39:33.6359011Z  * [new branch]            fix/pyinstaller-framework-runtime-verifier -> origin/fix/pyinstaller-framework-runtime-verifier
2026-09-20T17:39:33.6360314Z  * [new branch]            fix/pyinstaller-framework-runtime-verifier-release -> origin/fix/pyinstaller-framework-runtime-verifier-release
2026-09-20T17:39:33.6361230Z  * [new branch]            fix/pypi-alpha-pure-upload -> origin/fix/pypi-alpha-pure-upload
2026-09-20T17:39:33.6361947Z  * [new branch]            fix/pypi-publish-verify-retry -> origin/fix/pypi-publish-verify-retry
2026-09-20T17:39:33.6362624Z  * [new branch]            fix/pypi-registry-retry -> origin/fix/pypi-registry-retry
2026-09-20T17:39:33.6363302Z  * [new branch]            fix/pypi-verification-retry -> origin/fix/pypi-verification-retry
2026-09-20T17:39:33.6363979Z  * [new branch]            fix/pypi-version-parity -> origin/fix/pypi-version-parity
2026-09-20T17:39:33.6364582Z  * [new branch]            fix/queue-row-ux        -> origin/fix/queue-row-ux
2026-09-20T17:39:33.6365167Z  * [new branch]            fix/queue-tooltips      -> origin/fix/queue-tooltips
2026-09-20T17:39:33.6365879Z  * [new branch]            fix/quote-aware-command-redirects -> origin/fix/quote-aware-command-redirects
2026-09-20T17:39:33.6366818Z  * [new branch]            fix/raw-command-text-action-envelope-fallback -> origin/fix/raw-command-text-action-envelope-fallback
2026-09-20T17:39:33.6367751Z  * [new branch]            fix/raw-command-text-artifact-null -> origin/fix/raw-command-text-artifact-null
2026-09-20T17:39:33.6368616Z  * [new branch]            fix/raw-command-text-metadata-fallback -> origin/fix/raw-command-text-metadata-fallback
2026-09-20T17:39:33.6369339Z  * [new branch]            fix/read-state-ux       -> origin/fix/read-state-ux
2026-09-20T17:39:33.6370410Z  * [new branch]            fix/rebuild-dashboard-cloud-user-menu -> origin/fix/rebuild-dashboard-cloud-user-menu
2026-09-20T17:39:33.6371311Z  * [new branch]            fix/reconcile-release-3-1-pypi-alphas -> origin/fix/reconcile-release-3-1-pypi-alphas
2026-09-20T17:39:33.6372299Z  * [new branch]            fix/refresh-cloud-user-profile -> origin/fix/refresh-cloud-user-profile
2026-09-20T17:39:33.6373058Z  * [new branch]            fix/refresh-decision-artifacts -> origin/fix/refresh-decision-artifacts
2026-09-20T17:39:33.6373871Z  * [new branch]            fix/release-21-cloud-sync-entitlement -> origin/fix/release-21-cloud-sync-entitlement
2026-09-20T17:39:33.6374742Z  * [new branch]            fix/release-21-command-category-icons -> origin/fix/release-21-command-category-icons
2026-09-20T17:39:33.6375595Z  * [new branch]            fix/release-21-compound-readonly-dx -> origin/fix/release-21-compound-readonly-dx
2026-09-20T17:39:33.6376429Z  * [new branch]            fix/release-21-guard-removal-floor -> origin/fix/release-21-guard-removal-floor
2026-09-20T17:39:33.6377228Z  * [new branch]            fix/release-21-oauth-refresh-race -> origin/fix/release-21-oauth-refresh-race
2026-09-20T17:39:33.6378068Z  * [new branch]            fix/release-21-policy-floor-integrity -> origin/fix/release-21-policy-floor-integrity
2026-09-20T17:39:33.6378919Z  * [new branch]            fix/release-21-queue-command-prefix -> origin/fix/release-21-queue-command-prefix
2026-09-20T17:39:33.6380006Z  * [new branch]            fix/release-21-unify-policy-settings -> origin/fix/release-21-unify-policy-settings
2026-09-20T17:39:33.6380822Z  * [new branch]            fix/release-22-alpha-update-pin -> origin/fix/release-22-alpha-update-pin
2026-09-20T17:39:33.6381728Z  * [new branch]            fix/release-22-auth-event-write-amplification -> origin/fix/release-22-auth-event-write-amplification
2026-09-20T17:39:33.6382686Z  * [new branch]            fix/release-22-authorization-hardening -> origin/fix/release-22-authorization-hardening
2026-09-20T17:39:33.6383517Z  * [new branch]            fix/release-22-bounded-sed-final -> origin/fix/release-22-bounded-sed-final
2026-09-20T17:39:33.6384675Z  * [new branch]            fix/release-22-browser-grant-reuse -> origin/fix/release-22-browser-grant-reuse
2026-09-20T17:39:33.6385711Z  * [new branch]            fix/release-22-browser-schema-sensitive-surface -> origin/fix/release-22-browser-schema-sensitive-surface
2026-09-20T17:39:33.6386756Z  * [new branch]            fix/release-22-chrome-devtools-review-context -> origin/fix/release-22-chrome-devtools-review-context
2026-09-20T17:39:33.6387746Z  * [new branch]            fix/release-22-cleared-launch-environments -> origin/fix/release-22-cleared-launch-environments
2026-09-20T17:39:33.6388555Z  * [new branch]            fix/release-22-cli-step-up -> origin/fix/release-22-cli-step-up
2026-09-20T17:39:33.6389240Z  * [new branch]            fix/release-22-cli-trust-ui -> origin/fix/release-22-cli-trust-ui
2026-09-20T17:39:33.6390340Z  * [new branch]            fix/release-22-cloud-recovery-cta -> origin/fix/release-22-cloud-recovery-cta
2026-09-20T17:39:33.6391203Z  * [new branch]            fix/release-22-cloud-session-privacy -> origin/fix/release-22-cloud-session-privacy
2026-09-20T17:39:33.6392088Z  * [new branch]            fix/release-22-cloud-signin-completion -> origin/fix/release-22-cloud-signin-completion
2026-09-20T17:39:33.6392977Z  * [new branch]            fix/release-22-codex-compound-readonly -> origin/fix/release-22-codex-compound-readonly
2026-09-20T17:39:33.6393506Z  * [new branch]            fix/release-22-codex-posttool-safe-fallthrough -> origin/fix/release-22-codex-posttool-safe-fallthrough
2026-09-20T17:39:33.6393973Z  * [new branch]            fix/release-22-codex-routine-read-blocks -> origin/fix/release-22-codex-routine-read-blocks
2026-09-20T17:39:33.6394379Z  * [new branch]            fix/release-22-codex-setup-commands -> origin/fix/release-22-codex-setup-commands
2026-09-20T17:39:33.6394801Z  * [new branch]            fix/release-22-compositional-effects -> origin/fix/release-22-compositional-effects
2026-09-20T17:39:33.6395229Z  * [new branch]            fix/release-22-compound-github-reads -> origin/fix/release-22-compound-github-reads
2026-09-20T17:39:33.6395968Z  * [new branch]            fix/release-22-compound-python-daemon-reconcile -> origin/fix/release-22-compound-python-daemon-reconcile
2026-09-20T17:39:33.6396322Z  * [new branch]            fix/release-22-contextual-mv -> origin/fix/release-22-contextual-mv
2026-09-20T17:39:33.6396737Z  * [new branch]            fix/release-22-daemon-auth-recovery -> origin/fix/release-22-daemon-auth-recovery
2026-09-20T17:39:33.6397098Z  * [new branch]            fix/release-22-daemon-fallback -> origin/fix/release-22-daemon-fallback
2026-09-20T17:39:33.6397485Z  * [new branch]            fix/release-22-daemon-resilience -> origin/fix/release-22-daemon-resilience
2026-09-20T17:39:33.6397861Z  * [new branch]            fix/release-22-fallback-deadline -> origin/fix/release-22-fallback-deadline
2026-09-20T17:39:33.6398209Z  * [new branch]            fix/release-22-github-userinfo -> origin/fix/release-22-github-userinfo
2026-09-20T17:39:33.6398643Z  * [new branch]            fix/release-22-inbox-false-positives -> origin/fix/release-22-inbox-false-positives
2026-09-20T17:39:33.6399063Z  * [new branch]            fix/release-22-inline-browser-access -> origin/fix/release-22-inline-browser-access
2026-09-20T17:39:33.6399701Z  * [new branch]            fix/release-22-installed-daemon-liveness -> origin/fix/release-22-installed-daemon-liveness
2026-09-20T17:39:33.6400148Z  * [new branch]            fix/release-22-installed-lab-evidence -> origin/fix/release-22-installed-lab-evidence
2026-09-20T17:39:33.6400555Z  * [new branch]            fix/release-22-main-ancestry-final -> origin/fix/release-22-main-ancestry-final
2026-09-20T17:39:33.6400883Z  * [new branch]            fix/release-22-npx-vitest -> origin/fix/release-22-npx-vitest
2026-09-20T17:39:33.6401354Z  * [new branch]            fix/release-22-observe-compound-commands -> origin/fix/release-22-observe-compound-commands
2026-09-20T17:39:33.6401898Z  * [new branch]            fix/release-22-omp-detached-recovery -> origin/fix/release-22-omp-detached-recovery
2026-09-20T17:39:33.6402391Z  * [new branch]            fix/release-22-package-reconnect-guidance -> origin/fix/release-22-package-reconnect-guidance
2026-09-20T17:39:33.6402785Z  * [new branch]            fix/release-22-pi-review-followup -> origin/fix/release-22-pi-review-followup
2026-09-20T17:39:33.6403178Z  * [new branch]            fix/release-22-pipx-alpha-update -> origin/fix/release-22-pipx-alpha-update
2026-09-20T17:39:33.6403624Z  * [new branch]            fix/release-22-policy-keyring-recovery -> origin/fix/release-22-policy-keyring-recovery
2026-09-20T17:39:33.6404033Z  * [new branch]            fix/release-22-policy-remove-nowrap -> origin/fix/release-22-policy-remove-nowrap
2026-09-20T17:39:33.6404369Z  * [new branch]            fix/release-22-pr-body-edit -> origin/fix/release-22-pr-body-edit
2026-09-20T17:39:33.6404775Z  * [new branch]            fix/release-22-read-only-git-show -> origin/fix/release-22-read-only-git-show
2026-09-20T17:39:33.6405244Z  * [new branch]            fix/release-22-readonly-compound-effects -> origin/fix/release-22-readonly-compound-effects
2026-09-20T17:39:33.6405626Z  * [new branch]            fix/release-22-relay-half-close -> origin/fix/release-22-relay-half-close
2026-09-20T17:39:33.6405997Z  * [new branch]            fix/release-22-routine-git-push -> origin/fix/release-22-routine-git-push
2026-09-20T17:39:33.6406412Z  * [new branch]            fix/release-22-routine-test-commands -> origin/fix/release-22-routine-test-commands
2026-09-20T17:39:33.6406817Z  * [new branch]            fix/release-22-safe-decode-ancestry -> origin/fix/release-22-safe-decode-ancestry
2026-09-20T17:39:33.6407208Z  * [new branch]            fix/release-22-sqlite-maintenance -> origin/fix/release-22-sqlite-maintenance
2026-09-20T17:39:33.6407580Z  * [new branch]            fix/release-22-storage-topology -> origin/fix/release-22-storage-topology
2026-09-20T17:39:33.6408137Z  * [new branch]            fix/release-22-update-channel-and-thread-resolve -> origin/fix/release-22-update-channel-and-thread-resolve
2026-09-20T17:39:33.6408613Z  * [new branch]            fix/release-22-update-handoff -> origin/fix/release-22-update-handoff
2026-09-20T17:39:33.6408981Z  * [new branch]            fix/release-22-uv-alpha-refresh -> origin/fix/release-22-uv-alpha-refresh
2026-09-20T17:39:33.6409316Z  * [new branch]            fix/release-3-0-pypi-direct -> origin/fix/release-3-0-pypi-direct
2026-09-20T17:39:33.6409958Z  * [new branch]            fix/release-3-0-pypi-final -> origin/fix/release-3-0-pypi-final
2026-09-20T17:39:33.6410384Z  * [new branch]            fix/release-3-1-alpha-every-commit -> origin/fix/release-3-1-alpha-every-commit
2026-09-20T17:39:33.6410749Z  * [new branch]            fix/release-3-1-decision-budget -> origin/fix/release-3-1-decision-budget
2026-09-20T17:39:33.6411218Z  * [new branch]            fix/release-3-1-heal-legacy-prereleases -> origin/fix/release-3-1-heal-legacy-prereleases
2026-09-20T17:39:33.6411685Z  * [new branch]            fix/release-3-1-publisher-packaging-env -> origin/fix/release-3-1-publisher-packaging-env
2026-09-20T17:39:33.6412028Z  * [new branch]            fix/release-3-1-publisher-v2 -> origin/fix/release-3-1-publisher-v2
2026-09-20T17:39:33.6412461Z  * [new branch]            fix/release-3-bounded-guidance-reads -> origin/fix/release-3-bounded-guidance-reads
2026-09-20T17:39:33.6412877Z  * [new branch]            fix/release-3-decision-diff-fixture -> origin/fix/release-3-decision-diff-fixture
2026-09-20T17:39:33.6413189Z  * [new branch]            fix/release-3-dx-recovery -> origin/fix/release-3-dx-recovery
2026-09-20T17:39:33.6413577Z  * [new branch]            fix/release-3-frozen-codex-hooks -> origin/fix/release-3-frozen-codex-hooks
2026-09-20T17:39:33.6413980Z  * [new branch]            fix/release-3-frozen-daemon-launch -> origin/fix/release-3-frozen-daemon-launch
2026-09-20T17:39:33.6414422Z  * [new branch]            fix/release-3-github-graphql-extension -> origin/fix/release-3-github-graphql-extension
2026-09-20T17:39:33.6415049Z  * [new branch]            fix/release-3-hook-runner-queue-listener -> origin/fix/release-3-hook-runner-queue-listener
2026-09-20T17:39:33.6415473Z  * [new branch]            fix/release-3-inbox-false-positives -> origin/fix/release-3-inbox-false-positives
2026-09-20T17:39:33.6415991Z  * [new branch]            fix/release-3-mcp-registry-description-limit -> origin/fix/release-3-mcp-registry-description-limit
2026-09-20T17:39:33.6416366Z  * [new branch]            fix/release-3-merge-approval-ux -> origin/fix/release-3-merge-approval-ux
2026-09-20T17:39:33.6416769Z  * [new branch]            fix/release-3-merged-alpha-publish -> origin/fix/release-3-merged-alpha-publish
2026-09-20T17:39:33.6417143Z  * [new branch]            fix/release-3-runtime-lifecycle -> origin/fix/release-3-runtime-lifecycle
2026-09-20T17:39:33.6417756Z  * [new branch]            fix/release-3-watch-exit-policy -> origin/fix/release-3-watch-exit-policy
2026-09-20T17:39:33.6418394Z  * [new branch]            fix/release-3.0-cline-dashboard-contract -> origin/fix/release-3.0-cline-dashboard-contract
2026-09-20T17:39:33.6419011Z  * [new branch]            fix/release-3.0-cline-live-policy -> origin/fix/release-3.0-cline-live-policy
2026-09-20T17:39:33.6420070Z  * [new branch]            fix/release-3.0-decision-diff-evidence -> origin/fix/release-3.0-decision-diff-evidence
2026-09-20T17:39:33.6420889Z  * [new branch]            fix/release-3.0-desktop-ratchet -> origin/fix/release-3.0-desktop-ratchet
2026-09-20T17:39:33.6421679Z  * [new branch]            fix/release-3.0-testpypi-optional -> origin/fix/release-3.0-testpypi-optional
2026-09-20T17:39:33.6422446Z  * [new branch]            fix/release-30-approval-scopes -> origin/fix/release-30-approval-scopes
2026-09-20T17:39:33.6423310Z  * [new branch]            fix/release-30-blocked-action-recovery -> origin/fix/release-30-blocked-action-recovery
2026-09-20T17:39:33.6424099Z  * [new branch]            fix/release-30-ci-contracts -> origin/fix/release-30-ci-contracts
2026-09-20T17:39:33.6425136Z  * [new branch]            fix/release-30-daemon-generation-identity -> origin/fix/release-30-daemon-generation-identity
2026-09-20T17:39:33.6426046Z  * [new branch]            fix/release-30-dashboard-load-status -> origin/fix/release-30-dashboard-load-status
2026-09-20T17:39:33.6426856Z  * [new branch]            fix/release-30-detached-worktree -> origin/fix/release-30-detached-worktree
2026-09-20T17:39:33.6427672Z  * [new branch]            fix/release-30-extension-persistence -> origin/fix/release-30-extension-persistence
2026-09-20T17:39:33.6428566Z  * [new branch]            fix/release-30-extension-pr-create-chain -> origin/fix/release-30-extension-pr-create-chain
2026-09-20T17:39:33.6429575Z  * [new branch]            fix/release-30-extension-recovery -> origin/fix/release-30-extension-recovery
2026-09-20T17:39:33.6430435Z  * [new branch]            fix/release-30-frozen-cli-hook-bridge -> origin/fix/release-30-frozen-cli-hook-bridge
2026-09-20T17:39:33.6431414Z  * [new branch]            fix/release-30-frozen-cli-hook-bridge-isolated -> origin/fix/release-30-frozen-cli-hook-bridge-isolated
2026-09-20T17:39:33.6432294Z  * [new branch]            fix/release-30-live-payload-dx -> origin/fix/release-30-live-payload-dx
2026-09-20T17:39:33.6433100Z  * [new branch]            fix/release-30-managed-version-status -> origin/fix/release-30-managed-version-status
2026-09-20T17:39:33.6434009Z  * [new branch]            fix/release-30-mcp-exact-action-approval -> origin/fix/release-30-mcp-exact-action-approval
2026-09-20T17:39:33.6434851Z  * [new branch]            fix/release-30-optional-testpypi -> origin/fix/release-30-optional-testpypi
2026-09-20T17:39:33.6435704Z  * [new branch]            fix/release-30-package-shim-integrity-v2 -> origin/fix/release-30-package-shim-integrity-v2
2026-09-20T17:39:33.6436572Z  * [new branch]            fix/release-30-pypi-version-parity -> origin/fix/release-30-pypi-version-parity
2026-09-20T17:39:33.6437631Z  * [new branch]            fix/release-30-routine-developer-inspection -> origin/fix/release-30-routine-developer-inspection
2026-09-20T17:39:33.6438610Z  * [new branch]            fix/release-30-routine-review-resolution -> origin/fix/release-30-routine-review-resolution
2026-09-20T17:39:33.6439616Z  * [new branch]            fix/release-30-stale-daemon-repair -> origin/fix/release-30-stale-daemon-repair
2026-09-20T17:39:33.6440430Z  * [new branch]            fix/release-30-test-ratchet-320650 -> origin/fix/release-30-test-ratchet-320650
2026-09-20T17:39:33.6441201Z  * [new branch]            fix/release-30-totp-recent-mfa -> origin/fix/release-30-totp-recent-mfa
2026-09-20T17:39:33.6442040Z  * [new branch]            fix/release-30-update-index-propagation -> origin/fix/release-30-update-index-propagation
2026-09-20T17:39:33.6442872Z  * [new branch]            fix/release-30-watch-only-inbox -> origin/fix/release-30-watch-only-inbox
2026-09-20T17:39:33.6443716Z  * [new branch]            fix/release-30-watch-only-inbox-current -> origin/fix/release-30-watch-only-inbox-current
2026-09-20T17:39:33.6444613Z  * [new branch]            fix/release-30-watch-only-inbox-linear -> origin/fix/release-30-watch-only-inbox-linear
2026-09-20T17:39:33.6445548Z  * [new branch]            fix/release-30-windows-provider-containment -> origin/fix/release-30-windows-provider-containment
2026-09-20T17:39:33.6446360Z  * [new branch]            fix/release-31-dev-history -> origin/fix/release-31-dev-history
2026-09-20T17:39:33.6447090Z  * [new branch]            fix/release-31-filter-dev-history -> origin/fix/release-31-filter-dev-history
2026-09-20T17:39:33.6447859Z  * [new branch]            fix/release-31-nested-tag-lookup -> origin/fix/release-31-nested-tag-lookup
2026-09-20T17:39:33.6448652Z  * [new branch]            fix/release-31-prerelease-checkout -> origin/fix/release-31-prerelease-checkout
2026-09-20T17:39:33.6449709Z  * [new branch]            fix/release-31-pypi-version-parity -> origin/fix/release-31-pypi-version-parity
2026-09-20T17:39:33.6450567Z  * [new branch]            fix/release-31-testpypi-capacity -> origin/fix/release-31-testpypi-capacity
2026-09-20T17:39:33.6451582Z  * [new branch]            fix/release-local-attestation-sidecars -> origin/fix/release-local-attestation-sidecars
2026-09-20T17:39:33.6452379Z  * [new branch]            fix/release-notes-changelog -> origin/fix/release-notes-changelog
2026-09-20T17:39:33.6453161Z  * [new branch]            fix/release-promotion-review-round2 -> origin/fix/release-promotion-review-round2
2026-09-20T17:39:33.6454009Z  * [new branch]            fix/release-publish-cache-poisoning -> origin/fix/release-publish-cache-poisoning
2026-09-20T17:39:33.6454892Z  * [new branch]            fix/release-registry-attestation-filter -> origin/fix/release-registry-attestation-filter
2026-09-20T17:39:33.6455768Z  * [new branch]            fix/release21-alpha-container-check -> origin/fix/release21-alpha-container-check
2026-09-20T17:39:33.6456615Z  * [new branch]            fix/release21-approval-request-dedup -> origin/fix/release21-approval-request-dedup
2026-09-20T17:39:33.6457355Z  * [new branch]            fix/release21-auto-alpha -> origin/fix/release21-auto-alpha
2026-09-20T17:39:33.6458148Z  * [new branch]            fix/release21-codex-doctor-proxy-health -> origin/fix/release21-codex-doctor-proxy-health
2026-09-20T17:39:33.6459055Z  * [new branch]            fix/release21-command-evidence-degraded -> origin/fix/release21-command-evidence-degraded
2026-09-20T17:39:33.6460083Z  * [new branch]            fix/release21-command-evidence-health -> origin/fix/release21-command-evidence-health
2026-09-20T17:39:33.6460973Z  * [new branch]            fix/release21-command-evidence-recovery -> origin/fix/release21-command-evidence-recovery
2026-09-20T17:39:33.6461815Z  * [new branch]            fix/release21-command-post-replay -> origin/fix/release21-command-post-replay
2026-09-20T17:39:33.6462800Z  * [new branch]            fix/release21-protect-repair-route -> origin/fix/release21-protect-repair-route
2026-09-20T17:39:33.6464057Z  * [new branch]            fix/release21-settings-forwardref -> origin/fix/release21-settings-forwardref
2026-09-20T17:39:33.6464912Z  * [new branch]            fix/release22-claude-fallback-fix -> origin/fix/release22-claude-fallback-fix
2026-09-20T17:39:33.6465733Z  * [new branch]            fix/release22-mcp-browser-approvals -> origin/fix/release22-mcp-browser-approvals
2026-09-20T17:39:33.6466616Z  * [new branch]            fix/release3-native-action-consequences -> origin/fix/release3-native-action-consequences
2026-09-20T17:39:33.6467385Z  * [new branch]            fix/release3-patch-alpha -> origin/fix/release3-patch-alpha
2026-09-20T17:39:33.6468213Z  * [new branch]            fix/release31-connect-test-synchronization -> origin/fix/release31-connect-test-synchronization
2026-09-20T17:39:33.6469136Z  * [new branch]            fix/release31-protection-lease-bounds -> origin/fix/release31-protection-lease-bounds
2026-09-20T17:39:33.6470383Z  * [new branch]            fix/release31-testpypi-attestation-links -> origin/fix/release31-testpypi-attestation-links
2026-09-20T17:39:33.6471258Z  * [new branch]            fix/remote-pairing-code-length -> origin/fix/remote-pairing-code-length
2026-09-20T17:39:33.6472003Z  * [new branch]            fix/remove-accidental-pr-body -> origin/fix/remove-accidental-pr-body
2026-09-20T17:39:33.6472765Z  * [new branch]            fix/remove-hardcoded-staging-url -> origin/fix/remove-hardcoded-staging-url
2026-09-20T17:39:33.6473512Z  * [new branch]            fix/remove-stray-review-body -> origin/fix/remove-stray-review-body
2026-09-20T17:39:33.6474377Z  * [new branch]            fix/reopened-release-train-validation-only -> origin/fix/reopened-release-train-validation-only
2026-09-20T17:39:33.6475240Z  * [new branch]            fix/repair-extensions-mfa-enter -> origin/fix/repair-extensions-mfa-enter
2026-09-20T17:39:33.6475948Z  * [new branch]            fix/request-scope-options -> origin/fix/request-scope-options
2026-09-20T17:39:33.6476693Z  * [new branch]            fix/required-nullable-policy-wire -> origin/fix/required-nullable-policy-wire
2026-09-20T17:39:33.6477682Z  * [new branch]            fix/restore-action-publish-pipeline -> origin/fix/restore-action-publish-pipeline
2026-09-20T17:39:33.6478472Z  * [new branch]            fix/retain-newer-desktop-core -> origin/fix/retain-newer-desktop-core
2026-09-20T17:39:33.6479205Z  * [new branch]            fix/review-alert-consolidation -> origin/fix/review-alert-consolidation
2026-09-20T17:39:33.6480236Z  * [new branch]            fix/review-backend-remediation -> origin/fix/review-backend-remediation
2026-09-20T17:39:33.6480951Z  * [new branch]            fix/review-command-fidelity -> origin/fix/review-command-fidelity
2026-09-20T17:39:33.6481651Z  * [new branch]            fix/review-identity-recovery -> origin/fix/review-identity-recovery
2026-09-20T17:39:33.6482301Z  * [new branch]            fix/review-sync-auth    -> origin/fix/review-sync-auth
2026-09-20T17:39:33.6482909Z  * [new branch]            fix/risk-dot-css        -> origin/fix/risk-dot-css
2026-09-20T17:39:33.6483622Z  * [new branch]            fix/routine-developer-inspection -> origin/fix/routine-developer-inspection
2026-09-20T17:39:33.6484423Z  * [new branch]            fix/routine-github-review-actions -> origin/fix/routine-github-review-actions
2026-09-20T17:39:33.6485188Z  * [new branch]            fix/routine-origin-fetch-chain -> origin/fix/routine-origin-fetch-chain
2026-09-20T17:39:33.6485854Z  * [new branch]            fix/ruff-syntax-error   -> origin/fix/ruff-syntax-error
2026-09-20T17:39:33.6486515Z  * [new branch]            fix/runtime-parser-security -> origin/fix/runtime-parser-security
2026-09-20T17:39:33.6487207Z  * [new branch]            fix/rust-authority-batch-1 -> origin/fix/rust-authority-batch-1
2026-09-20T17:39:33.6487876Z  * [new branch]            fix/rust-authority-batch-2 -> origin/fix/rust-authority-batch-2
2026-09-20T17:39:33.6488765Z  * [new branch]            fix/rust-authority-batch-3 -> origin/fix/rust-authority-batch-3
2026-09-20T17:39:33.6489804Z  * [new branch]            fix/rust-authority-master -> origin/fix/rust-authority-master
2026-09-20T17:39:33.6490563Z  * [new branch]            fix/rust-daemon-edge-hardening -> origin/fix/rust-daemon-edge-hardening
2026-09-20T17:39:33.6491406Z  * [new branch]            fix/rust-daemon-edge-hardening-20260816 -> origin/fix/rust-daemon-edge-hardening-20260816
2026-09-20T17:39:33.6492368Z  * [new branch]            fix/rust-daemon-edge-hardening-20260816-final -> origin/fix/rust-daemon-edge-hardening-20260816-final
2026-09-20T17:39:33.6493293Z  * [new branch]            fix/rust-daemon-edge-hardening-final -> origin/fix/rust-daemon-edge-hardening-final
2026-09-20T17:39:33.6494183Z  * [new branch]            fix/rust-daemon-edge-hardening-final-v2 -> origin/fix/rust-daemon-edge-hardening-final-v2
2026-09-20T17:39:33.6495086Z  * [new branch]            fix/rust-daemon-edge-hardening-final-v3 -> origin/fix/rust-daemon-edge-hardening-final-v3
2026-09-20T17:39:33.6496060Z  * [new branch]            fix/rust-daemon-edge-hardening-implementation -> origin/fix/rust-daemon-edge-hardening-implementation
2026-09-20T17:39:33.6496966Z  * [new branch]            fix/rust-daemon-edge-hardening-v2 -> origin/fix/rust-daemon-edge-hardening-v2
2026-09-20T17:39:33.6497758Z  * [new branch]            fix/rust-daemon-edge-hardening-v3 -> origin/fix/rust-daemon-edge-hardening-v3
2026-09-20T17:39:33.6498569Z  * [new branch]            fix/rust-daemon-edge-hardening-work -> origin/fix/rust-daemon-edge-hardening-work
2026-09-20T17:39:33.6499431Z  * [new branch]            fix/rust-daemon-edge-hardening-work-v2 -> origin/fix/rust-daemon-edge-hardening-work-v2
2026-09-20T17:39:33.6500453Z  * [new branch]            fix/rust-daemon-edge-hardening-work-v3 -> origin/fix/rust-daemon-edge-hardening-work-v3
2026-09-20T17:39:33.6501333Z  * [new branch]            fix/rust-daemon-edge-hardening-work-v4 -> origin/fix/rust-daemon-edge-hardening-work-v4
2026-09-20T17:39:33.6502123Z  * [new branch]            fix/rust-daemon-ux-hardening -> origin/fix/rust-daemon-ux-hardening
2026-09-20T17:39:33.6503070Z  * [new branch]            fix/rust-daemon-ux-hardening-20260816 -> origin/fix/rust-daemon-ux-hardening-20260816
2026-09-20T17:39:33.6503985Z  * [new branch]            fix/rust-daemon-ux-hardening-20260816-final -> origin/fix/rust-daemon-ux-hardening-20260816-final
2026-09-20T17:39:33.6504938Z  * [new branch]            fix/rust-daemon-ux-hardening-final-actual -> origin/fix/rust-daemon-ux-hardening-final-actual
2026-09-20T17:39:33.6505913Z  * [new branch]            fix/rust-daemon-ux-hardening-final-actual-v2 -> origin/fix/rust-daemon-ux-hardening-final-actual-v2
2026-09-20T17:39:33.6506778Z  * [new branch]            fix/rust-daemon-ux-hardening-v2 -> origin/fix/rust-daemon-ux-hardening-v2
2026-09-20T17:39:33.6507476Z  * [new branch]            fix/rust-default-auto-3x -> origin/fix/rust-default-auto-3x
2026-09-20T17:39:33.6508133Z  * [new branch]            fix/rust-native-main-line -> origin/fix/rust-native-main-line
2026-09-20T17:39:33.6508844Z  * [new branch]            fix/rust-native-wheel-hardening -> origin/fix/rust-native-wheel-hardening
2026-09-20T17:39:33.6509784Z  * [new branch]            fix/rust-p0-p2-regression-hardening -> origin/fix/rust-p0-p2-regression-hardening
2026-09-20T17:39:33.6510631Z  * [new branch]            fix/rust-pretool-authority-20260815 -> origin/fix/rust-pretool-authority-20260815
2026-09-20T17:39:33.6511458Z  * [new branch]            fix/rust-pretool-native-authority -> origin/fix/rust-pretool-native-authority
2026-09-20T17:39:33.6512373Z  * [new branch]            fix/rust-required-no-python-runtime-fallback -> origin/fix/rust-required-no-python-runtime-fallback
2026-09-20T17:39:33.6513251Z  * [new branch]            fix/scanner-false-positives-108 -> origin/fix/scanner-false-positives-108
2026-09-20T17:39:33.6514044Z  * [new branch]            fix/scoped-passkey-consumption -> origin/fix/scoped-passkey-consumption
2026-09-20T17:39:33.6514888Z  * [new branch]            fix/scoped-request-aliases -> origin/fix/scoped-request-aliases
2026-09-20T17:39:33.6515641Z  * [new branch]            fix/scorecard-dangerous-workflow -> origin/fix/scorecard-dangerous-workflow
2026-09-20T17:39:33.6516417Z  * [new branch]            fix/scorecard-token-permissions -> origin/fix/scorecard-token-permissions
2026-09-20T17:39:33.6517302Z  * [new branch]            fix/secret-read-floors-and-contained-vitest -> origin/fix/secret-read-floors-and-contained-vitest
2026-09-20T17:39:33.6518185Z  * [new branch]            fix/secret-read-floors-publisher -> origin/fix/secret-read-floors-publisher
2026-09-20T17:39:33.6518935Z  * [new branch]            fix/secret-stdout-print-block -> origin/fix/secret-stdout-print-block
2026-09-20T17:39:33.6520042Z  * [new branch]            fix/secrets-complete-hardening-final-v1 -> origin/fix/secrets-complete-hardening-final-v1
2026-09-20T17:39:33.6520977Z  * [new branch]            fix/secrets-complete-hardening-final-v2 -> origin/fix/secrets-complete-hardening-final-v2
2026-09-20T17:39:33.6521869Z  * [new branch]            fix/secrets-coverage-edge-cases-v2 -> origin/fix/secrets-coverage-edge-cases-v2
2026-09-20T17:39:33.6522657Z  * [new branch]            fix/secrets-coverage-evidence-v2 -> origin/fix/secrets-coverage-evidence-v2
2026-09-20T17:39:33.6523483Z  * [new branch]            fix/secrets-e2e-platform-hardening -> origin/fix/secrets-e2e-platform-hardening
2026-09-20T17:39:33.6524367Z  * [new branch]            fix/secrets-e2e-platform-hardening-final -> origin/fix/secrets-e2e-platform-hardening-final
2026-09-20T17:39:33.6525262Z  * [new branch]            fix/secrets-e2e-platform-hardening-v2 -> origin/fix/secrets-e2e-platform-hardening-v2
2026-09-20T17:39:33.6526140Z  * [new branch]            fix/secrets-fixture-context-precision -> origin/fix/secrets-fixture-context-precision
2026-09-20T17:39:33.6527042Z  * [new branch]            fix/secrets-fixture-context-precision-v2 -> origin/fix/secrets-fixture-context-precision-v2
2026-09-20T17:39:33.6527968Z  * [new branch]            fix/secrets-fixture-context-precision-v3 -> origin/fix/secrets-fixture-context-precision-v3
2026-09-20T17:39:33.6529018Z  * [new branch]            fix/secrets-git-object-edge-hardening -> origin/fix/secrets-git-object-edge-hardening
2026-09-20T17:39:33.6530102Z  * [new branch]            fix/secrets-git-process-hardening-v2 -> origin/fix/secrets-git-process-hardening-v2
2026-09-20T17:39:33.6531009Z  * [new branch]            fix/secrets-hardening-bootstrap-cleanup -> origin/fix/secrets-hardening-bootstrap-cleanup
2026-09-20T17:39:33.6531977Z  * [new branch]            fix/secrets-hardening-final-cleanup-20260813 -> origin/fix/secrets-hardening-final-cleanup-20260813
2026-09-20T17:39:33.6532874Z  * [new branch]            fix/secrets-hook-identity-final-v2 -> origin/fix/secrets-hook-identity-final-v2
2026-09-20T17:39:33.6533791Z  * [new branch]            fix/secrets-hook-identity-worktree-hardening -> origin/fix/secrets-hook-identity-worktree-hardening
2026-09-20T17:39:33.6534803Z  * [new branch]            fix/secrets-ignore-indirect-code-references -> origin/fix/secrets-ignore-indirect-code-references
2026-09-20T17:39:33.6535706Z  * [new branch]            fix/secrets-permanent-source-final -> origin/fix/secrets-permanent-source-final
2026-09-20T17:39:33.6536569Z  * [new branch]            fix/secrets-truncation-reasons-dogfood -> origin/fix/secrets-truncation-reasons-dogfood
2026-09-20T17:39:33.6537471Z  * [new branch]            fix/secrets-windows-shell-diagnostic-v2 -> origin/fix/secrets-windows-shell-diagnostic-v2
2026-09-20T17:39:33.6538361Z  * [new branch]            fix/security-gates-gitleaks-ref-scope -> origin/fix/security-gates-gitleaks-ref-scope
2026-09-20T17:39:33.6539156Z  * [new branch]            fix/security-hardening-dx-v3 -> origin/fix/security-hardening-dx-v3
2026-09-20T17:39:33.6540061Z  * [new branch]            fix/security-output-pr-create -> origin/fix/security-output-pr-create
2026-09-20T17:39:33.6540946Z  * [new branch]            fix/settings-save-proof-modal -> origin/fix/settings-save-proof-modal
2026-09-20T17:39:33.6541611Z  * [new branch]            fix/severity-dot        -> origin/fix/severity-dot
2026-09-20T17:39:33.6542263Z  * [new branch]            fix/shell-activation-recovery -> origin/fix/shell-activation-recovery
2026-09-20T17:39:33.6542964Z  * [new branch]            fix/shim-approval-guidance -> origin/fix/shim-approval-guidance
2026-09-20T17:39:33.6543607Z  * [new branch]            fix/skill-uri-blocking  -> origin/fix/skill-uri-blocking
2026-09-20T17:39:33.6544321Z  * [new branch]            fix/sonar-adapter-path-authority -> origin/fix/sonar-adapter-path-authority
2026-09-20T17:39:33.6545085Z  * [new branch]            fix/sonar-blocker-control-flow -> origin/fix/sonar-blocker-control-flow
2026-09-20T17:39:33.6545778Z  * [new branch]            fix/sonar-main-completion -> origin/fix/sonar-main-completion
2026-09-20T17:39:33.6546412Z  * [new branch]            fix/sonar-rust-analysis -> origin/fix/sonar-rust-analysis
2026-09-20T17:39:33.6547058Z  * [new branch]            fix/stable-tag-reservation -> origin/fix/stable-tag-reservation
2026-09-20T17:39:33.6547806Z  * [new branch]            fix/staging-oauth-registry-origin -> origin/fix/staging-oauth-registry-origin
2026-09-20T17:39:33.6548605Z  * [new branch]            fix/supply-chain-audit-incomplete -> origin/fix/supply-chain-audit-incomplete
2026-09-20T17:39:33.6549581Z  * [new branch]            fix/supply-chain-audit-workspace-dir -> origin/fix/supply-chain-audit-workspace-dir
2026-09-20T17:39:33.6550444Z  * [new branch]            fix/supply-chain-bundle-payload-hash -> origin/fix/supply-chain-bundle-payload-hash
2026-09-20T17:39:33.6551280Z  * [new branch]            fix/supply-chain-evaluate-contract -> origin/fix/supply-chain-evaluate-contract
2026-09-20T17:39:33.6552048Z  * [new branch]            fix/supply-chain-hero-import -> origin/fix/supply-chain-hero-import
2026-09-20T17:39:33.6552749Z  * [new branch]            fix/supply-chain-home-dedup -> origin/fix/supply-chain-home-dedup
2026-09-20T17:39:33.6553482Z  * [new branch]            fix/supply-chain-null-lockfile -> origin/fix/supply-chain-null-lockfile
2026-09-20T17:39:33.6554520Z  * [new branch]            fix/supply-chain-repair-staged-state-3.0 -> origin/fix/supply-chain-repair-staged-state-3.0
2026-09-20T17:39:33.6555462Z  * [new branch]            fix/supply-chain-repair-staged-state-main -> origin/fix/supply-chain-repair-staged-state-main
2026-09-20T17:39:33.6556369Z  * [new branch]            fix/supply-chain-sync-approval-detect -> origin/fix/supply-chain-sync-approval-detect
2026-09-20T17:39:33.6557209Z  * [new branch]            fix/supply-chain-sync-approval-v2 -> origin/fix/supply-chain-sync-approval-v2
2026-09-20T17:39:33.6558078Z  * [new branch]            fix/supply-chain-sync-cloud-unavailable -> origin/fix/supply-chain-sync-cloud-unavailable
2026-09-20T17:39:33.6558832Z  * [new branch]            fix/totp-session-grace  -> origin/fix/totp-session-grace
2026-09-20T17:39:33.6559894Z  * [new branch]            fix/typescript-positional-containment -> origin/fix/typescript-positional-containment
2026-09-20T17:39:33.6560718Z  * [new branch]            fix/typescript-validation-ux -> origin/fix/typescript-validation-ux
2026-09-20T17:39:33.6561587Z  * [new branch]            fix/unidentified-package-policy-condition -> origin/fix/unidentified-package-policy-condition
2026-09-20T17:39:33.6562576Z  * [new branch]            fix/update-codex-integrity-and-harness-noise -> origin/fix/update-codex-integrity-and-harness-noise
2026-09-20T17:39:33.6563418Z  * [new branch]            fix/update-index-propagation -> origin/fix/update-index-propagation
2026-09-20T17:39:33.6564098Z  * [new branch]            fix/update-latest-release -> origin/fix/update-latest-release
2026-09-20T17:39:33.6564869Z  * [new branch]            fix/update-pypi-propagation-recovery -> origin/fix/update-pypi-propagation-recovery
2026-09-20T17:39:33.6565635Z  * [new branch]            fix/v3-alpha-windows-tests -> origin/fix/v3-alpha-windows-tests
2026-09-20T17:39:33.6566521Z  * [new branch]            fix/v3-client-rollout-contract -> origin/fix/v3-client-rollout-contract
2026-09-20T17:39:33.6567302Z  * [new branch]            fix/wake-desktop-core-alpha-feed -> origin/fix/wake-desktop-core-alpha-feed
2026-09-20T17:39:33.6568118Z  * [new branch]            fix/wake-desktop-core-feed-all-3x-v3 -> origin/fix/wake-desktop-core-feed-all-3x-v3
2026-09-20T17:39:33.6568909Z  * [new branch]            fix/wake-release-3-1-reconciler -> origin/fix/wake-release-3-1-reconciler
2026-09-20T17:39:33.6569912Z  * [new branch]            fix/watch-only-approved-requests -> origin/fix/watch-only-approved-requests
2026-09-20T17:39:33.6570698Z  * [new branch]            fix/watch-only-package-firewall -> origin/fix/watch-only-package-firewall
2026-09-20T17:39:33.6571503Z  * [new branch]            fix/windows-authority-watcher-race -> origin/fix/windows-authority-watcher-race
2026-09-20T17:39:33.6572302Z  * [new branch]            fix/windows-core-protection-api -> origin/fix/windows-core-protection-api
2026-09-20T17:39:33.6573166Z  * [new branch]            fix/windows-core-protection-consolidated -> origin/fix/windows-core-protection-consolidated
2026-09-20T17:39:33.6574175Z  * [new branch]            fix/windows-core-protection-consolidated-final -> origin/fix/windows-core-protection-consolidated-final
2026-09-20T17:39:33.6575157Z  * [new branch]            fix/windows-keyring-session-unavailable -> origin/fix/windows-keyring-session-unavailable
2026-09-20T17:39:33.6576003Z  * [new branch]            fix/windows-mdm-signing-boundary -> origin/fix/windows-mdm-signing-boundary
2026-09-20T17:39:33.6576849Z  * [new branch]            fix/windows-native-state-handle-cleanup -> origin/fix/windows-native-state-handle-cleanup
2026-09-20T17:39:33.6577706Z  * [new branch]            fix/windows-os-containment-health -> origin/fix/windows-os-containment-health
2026-09-20T17:39:33.6578586Z  * [new branch]            fix/windows-provider-path-containment-v2 -> origin/fix/windows-provider-path-containment-v2
2026-09-20T17:39:33.6579702Z  * [new branch]            fix/zcode-mcp-hook-bypass -> origin/fix/zcode-mcp-hook-bypass
2026-09-20T17:39:33.6580371Z  * [new branch]            hgcff-local-sync-20260704 -> origin/hgcff-local-sync-20260704
2026-09-20T17:39:33.6581096Z  * [new branch]            hgp/batch-02-v2-runtime-admission -> origin/hgp/batch-02-v2-runtime-admission
2026-09-20T17:39:33.6581928Z  * [new branch]            hgp/batch-03-policy-source-ownership -> origin/hgp/batch-03-policy-source-ownership
2026-09-20T17:39:33.6582730Z  * [new branch]            hgp/batch-08-cloud-review-status -> origin/hgp/batch-08-cloud-review-status
2026-09-20T17:39:33.6583572Z  * [new branch]            hgp/batch-08-policy-capability-evidence -> origin/hgp/batch-08-policy-capability-evidence
2026-09-20T17:39:33.6584435Z  * [new branch]            hgp/batch-08-policy-error-guidance -> origin/hgp/batch-08-policy-error-guidance
2026-09-20T17:39:33.6585304Z  * [new branch]            hgp/batch-08-policy-proof-prerequisites -> origin/hgp/batch-08-policy-proof-prerequisites
2026-09-20T17:39:33.6586222Z  * [new branch]            hgp/batch-08-policy-telemetry-isolation -> origin/hgp/batch-08-policy-telemetry-isolation
2026-09-20T17:39:33.6587099Z  * [new branch]            hgp/batch-08-portable-policy-contract -> origin/hgp/batch-08-portable-policy-contract
2026-09-20T17:39:33.6587976Z  * [new branch]            hgp/batch-08-review-worker-reliability -> origin/hgp/batch-08-review-worker-reliability
2026-09-20T17:39:33.6588796Z  * [new branch]            hgp/batch-08-runtime-reliability -> origin/hgp/batch-08-runtime-reliability
2026-09-20T17:39:33.6589709Z  * [new branch]            hgp/batch-08b-policy-identity -> origin/hgp/batch-08b-policy-identity
2026-09-20T17:39:33.6590464Z  * [new branch]            hgp/batch-09-core-desktop-status -> origin/hgp/batch-09-core-desktop-status
2026-09-20T17:39:33.6591228Z  * [new branch]            hgp/batch-10b-runtime-acceptance -> origin/hgp/batch-10b-runtime-acceptance
2026-09-20T17:39:33.6592094Z  * [new branch]            hgp/batch-11b-release-gating -> origin/hgp/batch-11b-release-gating
2026-09-20T17:39:33.6592855Z  * [new branch]            hgp/ci-admission-rebased-20260918 -> origin/hgp/ci-admission-rebased-20260918
2026-09-20T17:39:33.6593706Z  * [new branch]            hgp/ci-core-policy-integration-20260917 -> origin/hgp/ci-core-policy-integration-20260917
2026-09-20T17:39:33.6594509Z  * [new branch]            hgp/ci-native-stop-diagnostic -> origin/hgp/ci-native-stop-diagnostic
2026-09-20T17:39:33.6595209Z  * [new branch]            hgp/ci-policy-clean-20260918 -> origin/hgp/ci-policy-clean-20260918
2026-09-20T17:39:33.6595891Z  * [new branch]            hgp/ci-policy-final-20260918 -> origin/hgp/ci-policy-final-20260918
2026-09-20T17:39:33.6596676Z  * [new branch]            hgp/ci-policy-integration-074-20260918 -> origin/hgp/ci-policy-integration-074-20260918
2026-09-20T17:39:33.6597582Z  * [new branch]            hgp/ci-workspace-config-repair-20260918 -> origin/hgp/ci-workspace-config-repair-20260918
2026-09-20T17:39:33.6598425Z  * [new branch]            hgp/command-authority-projection -> origin/hgp/command-authority-projection
2026-09-20T17:39:33.6599261Z  * [new branch]            hgp/command-source-validation-20260920 -> origin/hgp/command-source-validation-20260920
2026-09-20T17:39:33.6600411Z  * [new branch]            hgp/consumer-source-validation -> origin/hgp/consumer-source-validation
2026-09-20T17:39:33.6601295Z  * [new branch]            hgp/diagnostic-af9-fixture-repair-20260918 -> origin/hgp/diagnostic-af9-fixture-repair-20260918
2026-09-20T17:39:33.6602202Z  * [new branch]            hgp/diagnostic-af9-fixtures-20260918 -> origin/hgp/diagnostic-af9-fixtures-20260918
2026-09-20T17:39:33.6603091Z  * [new branch]            hgp/diagnostic-af9-network-event-20260918 -> origin/hgp/diagnostic-af9-network-event-20260918
2026-09-20T17:39:33.6604135Z  * [new branch]            hgp/diagnostic-bounded-native-activation-20260919 -> origin/hgp/diagnostic-bounded-native-activation-20260919
2026-09-20T17:39:33.6605303Z  * [new branch]            hgp/diagnostic-capture-baseline-20260919 -> origin/hgp/diagnostic-capture-baseline-20260919
2026-09-20T17:39:33.6606204Z  * [new branch]            hgp/diagnostic-capture-fixed-20260919 -> origin/hgp/diagnostic-capture-fixed-20260919
2026-09-20T17:39:33.6607165Z  * [new branch]            hgp/diagnostic-claude-context-checked-20260918 -> origin/hgp/diagnostic-claude-context-checked-20260918
2026-09-20T17:39:33.6608126Z  * [new branch]            hgp/diagnostic-claude-fallback-20260918 -> origin/hgp/diagnostic-claude-fallback-20260918
2026-09-20T17:39:33.6609119Z  * [new branch]            hgp/diagnostic-claude-fallback-artifact-20260918 -> origin/hgp/diagnostic-claude-fallback-artifact-20260918
2026-09-20T17:39:33.6610486Z  * [new branch]            hgp/diagnostic-claude-fallback-imports-20260918 -> origin/hgp/diagnostic-claude-fallback-imports-20260918
2026-09-20T17:39:33.6611564Z  * [new branch]            hgp/diagnostic-claude-original-context-20260918 -> origin/hgp/diagnostic-claude-original-context-20260918
2026-09-20T17:39:33.6612516Z  * [new branch]            hgp/diagnostic-claude-phase-20260918 -> origin/hgp/diagnostic-claude-phase-20260918
2026-09-20T17:39:33.6613382Z  * [new branch]            hgp/diagnostic-claude-startup-20260918 -> origin/hgp/diagnostic-claude-startup-20260918
2026-09-20T17:39:33.6614318Z  * [new branch]            hgp/diagnostic-combined-acceptance-20260919 -> origin/hgp/diagnostic-combined-acceptance-20260919
2026-09-20T17:39:33.6615241Z  * [new branch]            hgp/diagnostic-command-ownership-074 -> origin/hgp/diagnostic-command-ownership-074
2026-09-20T17:39:33.6616101Z  * [new branch]            hgp/diagnostic-consent-expiry-155cc5e -> origin/hgp/diagnostic-consent-expiry-155cc5e
2026-09-20T17:39:33.6617011Z  * [new branch]            hgp/diagnostic-context-selection-20260919 -> origin/hgp/diagnostic-context-selection-20260919
2026-09-20T17:39:33.6618088Z  * [new branch]            hgp/diagnostic-corpus-compat-20260918 -> origin/hgp/diagnostic-corpus-compat-20260918
2026-09-20T17:39:33.6618967Z  * [new branch]            hgp/diagnostic-corpus-profile-75413 -> origin/hgp/diagnostic-corpus-profile-75413
2026-09-20T17:39:33.6619992Z  * [new branch]            hgp/diagnostic-corpus-shard-20260919 -> origin/hgp/diagnostic-corpus-shard-20260919
2026-09-20T17:39:33.6620889Z  * [new branch]            hgp/diagnostic-corpus-terminal-20260919 -> origin/hgp/diagnostic-corpus-terminal-20260919
2026-09-20T17:39:33.6621763Z  * [new branch]            hgp/diagnostic-current-prewarm-a3 -> origin/hgp/diagnostic-current-prewarm-a3
2026-09-20T17:39:33.6622624Z  * [new branch]            hgp/diagnostic-current-regressions-9a6 -> origin/hgp/diagnostic-current-regressions-9a6
2026-09-20T17:39:33.6623603Z  * [new branch]            hgp/diagnostic-decision-report-6c-20260919 -> origin/hgp/diagnostic-decision-report-6c-20260919
2026-09-20T17:39:33.6624639Z  * [new branch]            hgp/diagnostic-decision-report-ac0dad5c-20260919 -> origin/hgp/diagnostic-decision-report-ac0dad5c-20260919
2026-09-20T17:39:33.6625705Z  * [new branch]            hgp/diagnostic-desktop-report-binding-20260919 -> origin/hgp/diagnostic-desktop-report-binding-20260919
2026-09-20T17:39:33.6626721Z  * [new branch]            hgp/diagnostic-exact-policy-fixture-20260918 -> origin/hgp/diagnostic-exact-policy-fixture-20260918
2026-09-20T17:39:33.6627715Z  * [new branch]            hgp/diagnostic-final-python-format-20260919 -> origin/hgp/diagnostic-final-python-format-20260919
2026-09-20T17:39:33.6628672Z  * [new branch]            hgp/diagnostic-format-acceptance-20260919 -> origin/hgp/diagnostic-format-acceptance-20260919
2026-09-20T17:39:33.6629738Z  * [new branch]            hgp/diagnostic-gitleaks-cfd1aba9-20260917 -> origin/hgp/diagnostic-gitleaks-cfd1aba9-20260917
2026-09-20T17:39:33.6630614Z  * [new branch]            hgp/diagnostic-heredoc-guard-75413 -> origin/hgp/diagnostic-heredoc-guard-75413
2026-09-20T17:39:33.6631447Z  * [new branch]            hgp/diagnostic-http-compat-20260917 -> origin/hgp/diagnostic-http-compat-20260917
2026-09-20T17:39:33.6632595Z  * [new branch]            hgp/diagnostic-initial-retry-priority-f064-20260919 -> origin/hgp/diagnostic-initial-retry-priority-f064-20260919
2026-09-20T17:39:33.6633762Z  * [new branch]            hgp/diagnostic-installation-rotation-baseline-20260919 -> origin/hgp/diagnostic-installation-rotation-baseline-20260919
2026-09-20T17:39:33.6634937Z  * [new branch]            hgp/diagnostic-installation-rotation-repair-20260919 -> origin/hgp/diagnostic-installation-rotation-repair-20260919
2026-09-20T17:39:33.6636017Z  * [new branch]            hgp/diagnostic-materialization-state-20260919 -> origin/hgp/diagnostic-materialization-state-20260919
2026-09-20T17:39:33.6637054Z  * [new branch]            hgp/diagnostic-native-activation-bf259-20260919 -> origin/hgp/diagnostic-native-activation-bf259-20260919
2026-09-20T17:39:33.6638061Z  * [new branch]            hgp/diagnostic-native-compatibility-1b514 -> origin/hgp/diagnostic-native-compatibility-1b514
2026-09-20T17:39:33.6639064Z  * [new branch]            hgp/diagnostic-native-fresh-byte-hash-20260919 -> origin/hgp/diagnostic-native-fresh-byte-hash-20260919
2026-09-20T17:39:33.6640262Z  * [new branch]            hgp/diagnostic-native-green-067ef -> origin/hgp/diagnostic-native-green-067ef
2026-09-20T17:39:33.6641136Z  * [new branch]            hgp/diagnostic-native-readiness-20260919 -> origin/hgp/diagnostic-native-readiness-20260919
2026-09-20T17:39:33.6642168Z  * [new branch]            hgp/diagnostic-native-validation-phases-20260919 -> origin/hgp/diagnostic-native-validation-phases-20260919
2026-09-20T17:39:33.6643137Z  * [new branch]            hgp/diagnostic-normal-report-resource -> origin/hgp/diagnostic-normal-report-resource
2026-09-20T17:39:33.6644098Z  * [new branch]            hgp/diagnostic-normal-report-resource-20260918 -> origin/hgp/diagnostic-normal-report-resource-20260918
2026-09-20T17:39:33.6645282Z  * [new branch]            hgp/diagnostic-oauth-fixture-recovery-20260919 -> origin/hgp/diagnostic-oauth-fixture-recovery-20260919
2026-09-20T17:39:33.6646283Z  * [new branch]            hgp/diagnostic-oracle-ready-imports-3424 -> origin/hgp/diagnostic-oracle-ready-imports-3424
2026-09-20T17:39:33.6647259Z  * [new branch]            hgp/diagnostic-owned-python-fallback-20260919 -> origin/hgp/diagnostic-owned-python-fallback-20260919
2026-09-20T17:39:33.6648242Z  * [new branch]            hgp/diagnostic-performance-phases-20260919 -> origin/hgp/diagnostic-performance-phases-20260919
2026-09-20T17:39:33.6649213Z  * [new branch]            hgp/diagnostic-performance-semantics-bc047 -> origin/hgp/diagnostic-performance-semantics-bc047
2026-09-20T17:39:33.6650531Z  * [new branch]            hgp/diagnostic-permission-metadata-20260919 -> origin/hgp/diagnostic-permission-metadata-20260919
2026-09-20T17:39:33.6651497Z  * [new branch]            hgp/diagnostic-permission-repair-20260919 -> origin/hgp/diagnostic-permission-repair-20260919
2026-09-20T17:39:33.6652432Z  * [new branch]            hgp/diagnostic-policy-composed-20260918 -> origin/hgp/diagnostic-policy-composed-20260918
2026-09-20T17:39:33.6653310Z  * [new branch]            hgp/diagnostic-policy-final-120a1db -> origin/hgp/diagnostic-policy-final-120a1db
2026-09-20T17:39:33.6654256Z  * [new branch]            hgp/diagnostic-policy-fixture-imports-20260919 -> origin/hgp/diagnostic-policy-fixture-imports-20260919
2026-09-20T17:39:33.6655314Z  * [new branch]            hgp/diagnostic-policy-fixture-isolation-20260918 -> origin/hgp/diagnostic-policy-fixture-isolation-20260918
2026-09-20T17:39:33.6656300Z  * [new branch]            hgp/diagnostic-policy-format-77-20260919 -> origin/hgp/diagnostic-policy-format-77-20260919
2026-09-20T17:39:33.6657238Z  * [new branch]            hgp/diagnostic-policy-regressions-20260919 -> origin/hgp/diagnostic-policy-regressions-20260919
2026-09-20T17:39:33.6658353Z  * [new branch]            hgp/diagnostic-policy-reliability-preflight-686-20260919 -> origin/hgp/diagnostic-policy-reliability-preflight-686-20260919
2026-09-20T17:39:33.6659740Z  * [new branch]            hgp/diagnostic-post-ack-baseline-20260919 -> origin/hgp/diagnostic-post-ack-baseline-20260919
2026-09-20T17:39:33.6660655Z  * [new branch]            hgp/diagnostic-post-ack-fixed-20260919 -> origin/hgp/diagnostic-post-ack-fixed-20260919
2026-09-20T17:39:33.6661547Z  * [new branch]            hgp/diagnostic-post-ack-format-20260919 -> origin/hgp/diagnostic-post-ack-format-20260919
2026-09-20T17:39:33.6662453Z  * [new branch]            hgp/diagnostic-prewarm-boundary-155cc5e -> origin/hgp/diagnostic-prewarm-boundary-155cc5e
2026-09-20T17:39:33.6663325Z  * [new branch]            hgp/diagnostic-prewarm-causal-1b514 -> origin/hgp/diagnostic-prewarm-causal-1b514
2026-09-20T17:39:33.6664207Z  * [new branch]            hgp/diagnostic-prewarm-terminal-155cc5e -> origin/hgp/diagnostic-prewarm-terminal-155cc5e
2026-09-20T17:39:33.6665224Z  * [new branch]            hgp/diagnostic-publication-barrier-state-20260919 -> origin/hgp/diagnostic-publication-barrier-state-20260919
2026-09-20T17:39:33.6666365Z  * [new branch]            hgp/diagnostic-publication-barrier-state-v2-20260919 -> origin/hgp/diagnostic-publication-barrier-state-v2-20260919
2026-09-20T17:39:33.6667528Z  * [new branch]            hgp/diagnostic-publication-epoch-acceptance-20260919 -> origin/hgp/diagnostic-publication-epoch-acceptance-20260919
2026-09-20T17:39:33.6668635Z  * [new branch]            hgp/diagnostic-publication-late-errors-20260919 -> origin/hgp/diagnostic-publication-late-errors-20260919
2026-09-20T17:39:33.6669829Z  * [new branch]            hgp/diagnostic-publication-supersession-20260919 -> origin/hgp/diagnostic-publication-supersession-20260919
2026-09-20T17:39:33.6670709Z  * [new branch]            hgp/diagnostic-py310-compat -> origin/hgp/diagnostic-py310-compat
2026-09-20T17:39:33.6671531Z  * [new branch]            hgp/diagnostic-receipt-fixtures-20260919 -> origin/hgp/diagnostic-receipt-fixtures-20260919
2026-09-20T17:39:33.6672745Z  * [new branch]            hgp/diagnostic-refresh-shared-reader-baseline-20260919 -> origin/hgp/diagnostic-refresh-shared-reader-baseline-20260919
2026-09-20T17:39:33.6673815Z  * [new branch]            hgp/diagnostic-report-regeneration-cc42 -> origin/hgp/diagnostic-report-regeneration-cc42
2026-09-20T17:39:33.6674839Z  * [new branch]            hgp/diagnostic-required-command-fence-c73-20260919 -> origin/hgp/diagnostic-required-command-fence-c73-20260919
2026-09-20T17:39:33.6676012Z  * [new branch]            hgp/diagnostic-required-command-fence-fixed-c73-20260919 -> origin/hgp/diagnostic-required-command-fence-fixed-c73-20260919
2026-09-20T17:39:33.6676952Z  * [new branch]            hgp/diagnostic-review-green -> origin/hgp/diagnostic-review-green
2026-09-20T17:39:33.6677756Z  * [new branch]            hgp/diagnostic-review-regressions-9a6 -> origin/hgp/diagnostic-review-regressions-9a6
2026-09-20T17:39:33.6678631Z  * [new branch]            hgp/diagnostic-rust-fixtures-20260919 -> origin/hgp/diagnostic-rust-fixtures-20260919
2026-09-20T17:39:33.6679836Z  * [new branch]            hgp/diagnostic-scanner-findings-20260917 -> origin/hgp/diagnostic-scanner-findings-20260917
2026-09-20T17:39:33.6680792Z  * [new branch]            hgp/diagnostic-scanner-findings-3dc2d9cb -> origin/hgp/diagnostic-scanner-findings-3dc2d9cb
2026-09-20T17:39:33.6681789Z  * [new branch]            hgp/diagnostic-sensitive-read-baseline-20260919 -> origin/hgp/diagnostic-sensitive-read-baseline-20260919
2026-09-20T17:39:33.6682861Z  * [new branch]            hgp/diagnostic-sensitive-read-corrected-20260919 -> origin/hgp/diagnostic-sensitive-read-corrected-20260919
2026-09-20T17:39:33.6683939Z  * [new branch]            hgp/diagnostic-signed-redaction-baseline-20260919 -> origin/hgp/diagnostic-signed-redaction-baseline-20260919
2026-09-20T17:39:33.6684998Z  * [new branch]            hgp/diagnostic-signed-redaction-commit-20260919 -> origin/hgp/diagnostic-signed-redaction-commit-20260919
2026-09-20T17:39:33.6686086Z  * [new branch]            hgp/diagnostic-sonar-current-issue-review-20260919 -> origin/hgp/diagnostic-sonar-current-issue-review-20260919
2026-09-20T17:39:33.6687251Z  * [new branch]            hgp/diagnostic-sonar-issue-read-20260919 -> origin/hgp/diagnostic-sonar-issue-read-20260919
2026-09-20T17:39:33.6688195Z  * [new branch]            hgp/diagnostic-sonar-issue-review-20260919 -> origin/hgp/diagnostic-sonar-issue-review-20260919
2026-09-20T17:39:33.6689160Z  * [new branch]            hgp/diagnostic-source-free-capture-20260919 -> origin/hgp/diagnostic-source-free-capture-20260919
2026-09-20T17:39:33.6690360Z  * [new branch]            hgp/diagnostic-storage-boundary-35 -> origin/hgp/diagnostic-storage-boundary-35
2026-09-20T17:39:33.6691190Z  * [new branch]            hgp/diagnostic-storage-cleanup-35 -> origin/hgp/diagnostic-storage-cleanup-35
2026-09-20T17:39:33.6692106Z  * [new branch]            hgp/diagnostic-storage-required-job-20260919 -> origin/hgp/diagnostic-storage-required-job-20260919
2026-09-20T17:39:33.6693059Z  * [new branch]            hgp/diagnostic-storage-tracing-20260919 -> origin/hgp/diagnostic-storage-tracing-20260919
2026-09-20T17:39:33.6694098Z  * [new branch]            hgp/diagnostic-store-extraction-acceptance-20260919 -> origin/hgp/diagnostic-store-extraction-acceptance-20260919
2026-09-20T17:39:33.6695133Z  * [new branch]            hgp/diagnostic-test-type-baseline-20260919 -> origin/hgp/diagnostic-test-type-baseline-20260919
2026-09-20T17:39:33.6696143Z  * [new branch]            hgp/diagnostic-toml-type-compatibility-20260919 -> origin/hgp/diagnostic-toml-type-compatibility-20260919
2026-09-20T17:39:33.6697112Z  * [new branch]            hgp/diagnostic-transition-lock-20260919 -> origin/hgp/diagnostic-transition-lock-20260919
2026-09-20T17:39:33.6698070Z  * [new branch]            hgp/diagnostic-transition-lock-fixed-20260919 -> origin/hgp/diagnostic-transition-lock-fixed-20260919
2026-09-20T17:39:33.6699182Z  * [new branch]            hgp/diagnostic-transition-lock-v2-20260919 -> origin/hgp/diagnostic-transition-lock-v2-20260919
2026-09-20T17:39:33.6700298Z  * [new branch]            hgp/diagnostic-worker-lifecycle-20260919 -> origin/hgp/diagnostic-worker-lifecycle-20260919
2026-09-20T17:39:33.6701299Z  * [new branch]            hgp/diagnostic-worker-lifecycle-repair-20260919 -> origin/hgp/diagnostic-worker-lifecycle-repair-20260919
2026-09-20T17:39:33.6702335Z  * [new branch]            hgp/diagnostic-workspace-ancestor-20260918 -> origin/hgp/diagnostic-workspace-ancestor-20260918
2026-09-20T17:39:33.6703371Z  * [new branch]            hgp/diagnostic-workspace-ancestor-repair-20260918 -> origin/hgp/diagnostic-workspace-ancestor-repair-20260918
2026-09-20T17:39:33.6704373Z  * [new branch]            hgp/diagnostic-workspace-config-20260918 -> origin/hgp/diagnostic-workspace-config-20260918
2026-09-20T17:39:33.6705405Z  * [new branch]            hgp/diagnostic-workspace-config-formatted-20260918 -> origin/hgp/diagnostic-workspace-config-formatted-20260918
2026-09-20T17:39:33.6706492Z  * [new branch]            hgp/diagnostic-workspace-config-repair-20260918 -> origin/hgp/diagnostic-workspace-config-repair-20260918
2026-09-20T17:39:33.6707591Z  * [new branch]            hgp/diagnostic-workspace-containment-final-20260918 -> origin/hgp/diagnostic-workspace-containment-final-20260918
2026-09-20T17:39:33.6708682Z  * [new branch]            hgp/diagnostic-workspace-literal-paths-20260918 -> origin/hgp/diagnostic-workspace-literal-paths-20260918
2026-09-20T17:39:33.6709878Z  * [new branch]            hgp/extension-diagnostic-root-validation-20260920 -> origin/hgp/extension-diagnostic-root-validation-20260920
2026-09-20T17:39:33.6710988Z  * [new branch]            hgp/extension-diagnostic-source-validation-20260920 -> origin/hgp/extension-diagnostic-source-validation-20260920
2026-09-20T17:39:33.6712131Z  * [new branch]            hgp/extension-diagnostic-subtest-validation-20260920 -> origin/hgp/extension-diagnostic-subtest-validation-20260920
2026-09-20T17:39:33.6713127Z  * [new branch]            hgp/final-source-validation-20260920 -> origin/hgp/final-source-validation-20260920
2026-09-20T17:39:33.6714235Z  * [new branch]            hgp/inspect-native-extension-original-20260920 -> origin/hgp/inspect-native-extension-original-20260920
2026-09-20T17:39:33.6715171Z  * [new branch]            hgp/inspect-original-native-20260920 -> origin/hgp/inspect-original-native-20260920
2026-09-20T17:39:33.6716038Z  * [new branch]            hgp/inspect-original-native-artifacts -> origin/hgp/inspect-original-native-artifacts
2026-09-20T17:39:33.6716895Z  * [new branch]            hgp/native-command-row-association -> origin/hgp/native-command-row-association
2026-09-20T17:39:33.6717773Z  * [new branch]            hgp/native-extension-diagnostic-20260920 -> origin/hgp/native-extension-diagnostic-20260920
2026-09-20T17:39:33.6718592Z  * [new branch]            hgp/native-literal-evaluator -> origin/hgp/native-literal-evaluator
2026-09-20T17:39:33.6719368Z  * [new branch]            hgp/native-literal-materialization -> origin/hgp/native-literal-materialization
2026-09-20T17:39:33.6720557Z  * [new branch]            hgp/native-readiness-profile-20260920 -> origin/hgp/native-readiness-profile-20260920
2026-09-20T17:39:33.6721473Z  * [new branch]            hgp/permission-source-validation-20260920 -> origin/hgp/permission-source-validation-20260920
2026-09-20T17:39:33.6722407Z  * [new branch]            hgp/policy-inventory-contract-followup -> origin/hgp/policy-inventory-contract-followup
2026-09-20T17:39:33.6723343Z  * [new branch]            hgp/recovery-source-validation-20260920 -> origin/hgp/recovery-source-validation-20260920
2026-09-20T17:39:33.6724307Z  * [new branch]            hgp/recovery-spawn-source-validation-20260920 -> origin/hgp/recovery-spawn-source-validation-20260920
2026-09-20T17:39:33.6725243Z  * [new branch]            hgp/repair-policy-acceptance-20260919 -> origin/hgp/repair-policy-acceptance-20260919
2026-09-20T17:39:33.6726430Z  * [new branch]            hgp/runtime-continuation-source-validation-20260920 -> origin/hgp/runtime-continuation-source-validation-20260920
2026-09-20T17:39:33.6727518Z  * [new branch]            hgp/runtime-managed-revision-proof-20260917 -> origin/hgp/runtime-managed-revision-proof-20260917
2026-09-20T17:39:33.6728404Z  * [new branch]            hgp/workspace-preference-contract -> origin/hgp/workspace-preference-contract
2026-09-20T17:39:33.6729163Z  * [new branch]            inspect/paseo-main-ci-source -> origin/inspect/paseo-main-ci-source
2026-09-20T17:39:33.6730156Z  * [new branch]            kantorcodes-patch-1     -> origin/kantorcodes-patch-1
2026-09-20T17:39:33.6730767Z  * [new branch]            kantorcodes-patch-2     -> origin/kantorcodes-patch-2
2026-09-20T17:39:33.6731358Z  * [new branch]            kantorcodes-patch-3     -> origin/kantorcodes-patch-3
2026-09-20T17:39:33.6731932Z  * [new branch]            kantorcodes-patch-4     -> origin/kantorcodes-patch-4
2026-09-20T17:39:33.6732632Z  * [new branch]            kantorcodes/fix-cloud-connection -> origin/kantorcodes/fix-cloud-connection
2026-09-20T17:39:33.6733256Z  * [new branch]            main                    -> origin/main
2026-09-20T17:39:33.6733989Z  * [new branch]            managed-controls/batch-01-product-contract -> origin/managed-controls/batch-01-product-contract
2026-09-20T17:39:33.6734913Z  * [new branch]            managed-controls/batch-02-actions-limits -> origin/managed-controls/batch-02-actions-limits
2026-09-20T17:39:33.6735870Z  * [new branch]            managed-controls/batch-02-actions-limits-clean -> origin/managed-controls/batch-02-actions-limits-clean
2026-09-20T17:39:33.6736913Z  * [new branch]            managed-controls/batch-04-catalog-privacy-identity -> origin/managed-controls/batch-04-catalog-privacy-identity
2026-09-20T17:39:33.6737967Z  * [new branch]            managed-controls/batch-05-authority-composition -> origin/managed-controls/batch-05-authority-composition
2026-09-20T17:39:33.6739025Z  * [new branch]            managed-controls/batch-06-bundle-extension-targets -> origin/managed-controls/batch-06-bundle-extension-targets
2026-09-20T17:39:33.6740324Z  * [new branch]            managed-controls/batch-07-atomic-apply -> origin/managed-controls/batch-07-atomic-apply
2026-09-20T17:39:33.6741284Z  * [new branch]            managed-controls/batch-08-acknowledgement-drift -> origin/managed-controls/batch-08-acknowledgement-drift
2026-09-20T17:39:33.6742371Z  * [new branch]            managed-controls/batch-09-package-firewall-delegation -> origin/managed-controls/batch-09-package-firewall-delegation
2026-09-20T17:39:33.6743475Z  * [new branch]            managed-controls/batch-10-compatibility-migration -> origin/managed-controls/batch-10-compatibility-migration
2026-09-20T17:39:33.6744530Z  * [new branch]            managed-controls/batch-11-local-protection-model -> origin/managed-controls/batch-11-local-protection-model
2026-09-20T17:39:33.6745567Z  * [new branch]            managed-controls/batch-12-rules-exceptions-model -> origin/managed-controls/batch-12-rules-exceptions-model
2026-09-20T17:39:33.6746665Z  * [new branch]            managed-controls/batch-13-custom-extension-continuity -> origin/managed-controls/batch-13-custom-extension-continuity
2026-09-20T17:39:33.6747794Z  * [new branch]            managed-controls/batch-13-extension-policy-parser -> origin/managed-controls/batch-13-extension-policy-parser
2026-09-20T17:39:33.6748913Z  * [new branch]            managed-controls/batch-13-local-parser-shared-posture -> origin/managed-controls/batch-13-local-parser-shared-posture
2026-09-20T17:39:33.6750175Z  * [new branch]            managed-controls/batch-14-privacy-telemetry-flags -> origin/managed-controls/batch-14-privacy-telemetry-flags
2026-09-20T17:39:33.6751197Z  * [new branch]            managed-controls/batch-15-adversarial-runtime -> origin/managed-controls/batch-15-adversarial-runtime
2026-09-20T17:39:33.6752221Z  * [new branch]            managed-controls/batch-16-operations-performance -> origin/managed-controls/batch-16-operations-performance
2026-09-20T17:39:33.6753457Z  * [new branch]            managed-controls/batch-17-local-release-gate -> origin/managed-controls/batch-17-local-release-gate
2026-09-20T17:39:33.6754401Z  * [new branch]            managed-controls/full-implementation -> origin/managed-controls/full-implementation
2026-09-20T17:39:33.6755352Z  * [new branch]            managed-controls/points-portal-source-snapshot -> origin/managed-controls/points-portal-source-snapshot
2026-09-20T17:39:33.6756271Z  * [new branch]            managed-controls/program-bootstrap -> origin/managed-controls/program-bootstrap
2026-09-20T17:39:33.6757036Z  * [new branch]            ops/beta20-build-failure-log -> origin/ops/beta20-build-failure-log
2026-09-20T17:39:33.6757758Z  * [new branch]            ops/beta20-public-macos-build -> origin/ops/beta20-public-macos-build
2026-09-20T17:39:33.6758572Z  * [new branch]            ops/install-growth-route-test-20260813 -> origin/ops/install-growth-route-test-20260813
2026-09-20T17:39:33.6759337Z  * [new branch]            perf/ci-balance-headroom -> origin/perf/ci-balance-headroom
2026-09-20T17:39:33.6760446Z  * [new branch]            perf/ci-precomputed-32-shards -> origin/perf/ci-precomputed-32-shards
2026-09-20T17:39:33.6761209Z  * [new branch]            perf/ci-split-node-heavy-files -> origin/perf/ci-split-node-heavy-files
2026-09-20T17:39:33.6761883Z  * [new branch]            perf/ci-under-5-minutes -> origin/perf/ci-under-5-minutes
2026-09-20T17:39:33.6762570Z  * [new branch]            perf/ci-under-5-minutes-v2 -> origin/perf/ci-under-5-minutes-v2
2026-09-20T17:39:33.6763229Z  * [new branch]            perf/ci-under-5-minutes-v3 -> origin/perf/ci-under-5-minutes-v3
2026-09-20T17:39:33.6763886Z  * [new branch]            perf/ci-under-five-minutes -> origin/perf/ci-under-five-minutes
2026-09-20T17:39:33.6764602Z  * [new branch]            perf/guard-hook-startup-sqlite -> origin/perf/guard-hook-startup-sqlite
2026-09-20T17:39:33.6765281Z  * [new branch]            perf/hook-import-weight -> origin/perf/hook-import-weight
2026-09-20T17:39:33.6766128Z  * [new branch]            perf/native-desktop-hook-proxy -> origin/perf/native-desktop-hook-proxy
2026-09-20T17:39:33.6766939Z  * [new branch]            perf/native-desktop-hook-proxy-final -> origin/perf/native-desktop-hook-proxy-final
2026-09-20T17:39:33.6767745Z  * [new branch]            perf/upgrade-shims-store-growth -> origin/perf/upgrade-shims-store-growth
2026-09-20T17:39:33.6768564Z  * [new branch]            policy-matcher-observation-contract -> origin/policy-matcher-observation-contract
2026-09-20T17:39:33.6769670Z  * [new branch]            refactor/guard-package-firewall-connect-api -> origin/refactor/guard-package-firewall-connect-api
2026-09-20T17:39:33.6770673Z  * [new branch]            refactor/release-22-secret-file-services -> origin/refactor/release-22-secret-file-services
2026-09-20T17:39:33.6771592Z  * [new branch]            refactor/release-3-code-quality-hardening -> origin/refactor/release-3-code-quality-hardening
2026-09-20T17:39:33.6772508Z  * [new branch]            refactor/release-3-dead-code-deep-pass -> origin/refactor/release-3-dead-code-deep-pass
2026-09-20T17:39:33.6773197Z  * [new branch]            release/2.2             -> origin/release/2.2
2026-09-20T17:39:33.6773714Z  * [new branch]            release/3.0             -> origin/release/3.0
2026-09-20T17:39:33.6774225Z  * [new branch]            release/3.1             -> origin/release/3.1
2026-09-20T17:39:33.6774779Z  * [new branch]            release/3.1-policy-v3   -> origin/release/3.1-policy-v3
2026-09-20T17:39:33.6775325Z  * [new branch]            release/3.2             -> origin/release/3.2
2026-09-20T17:39:33.6776056Z  * [new branch]            release/backport-appimage-runtime-owner -> origin/release/backport-appimage-runtime-owner
2026-09-20T17:39:33.6776973Z  * [new branch]            release/sync-repository-version-v2.0.1014 -> origin/release/sync-repository-version-v2.0.1014
2026-09-20T17:39:33.6778062Z  * [new branch]            release/sync-repository-version-v2.0.1062 -> origin/release/sync-repository-version-v2.0.1062
2026-09-20T17:39:33.6778980Z  * [new branch]            release/sync-repository-version-v2.0.1067 -> origin/release/sync-repository-version-v2.0.1067
2026-09-20T17:39:33.6780071Z  * [new branch]            release/sync-repository-version-v2.0.1069 -> origin/release/sync-repository-version-v2.0.1069
2026-09-20T17:39:33.6780980Z  * [new branch]            release/sync-repository-version-v2.0.1071 -> origin/release/sync-repository-version-v2.0.1071
2026-09-20T17:39:33.6781889Z  * [new branch]            release/sync-repository-version-v2.0.1073 -> origin/release/sync-repository-version-v2.0.1073
2026-09-20T17:39:33.6782787Z  * [new branch]            release/sync-repository-version-v2.0.1074 -> origin/release/sync-repository-version-v2.0.1074
2026-09-20T17:39:33.6783688Z  * [new branch]            release/sync-repository-version-v2.0.1075 -> origin/release/sync-repository-version-v2.0.1075
2026-09-20T17:39:33.6784606Z  * [new branch]            release/sync-repository-version-v2.0.1076 -> origin/release/sync-repository-version-v2.0.1076
2026-09-20T17:39:33.6785513Z  * [new branch]            release/sync-repository-version-v2.0.1077 -> origin/release/sync-repository-version-v2.0.1077
2026-09-20T17:39:33.6786411Z  * [new branch]            release/sync-repository-version-v2.0.1078 -> origin/release/sync-repository-version-v2.0.1078
2026-09-20T17:39:33.6787312Z  * [new branch]            release/sync-repository-version-v2.0.1079 -> origin/release/sync-repository-version-v2.0.1079
2026-09-20T17:39:33.6788219Z  * [new branch]            release/sync-repository-version-v2.0.1080 -> origin/release/sync-repository-version-v2.0.1080
2026-09-20T17:39:33.6789118Z  * [new branch]            release/sync-repository-version-v2.0.1081 -> origin/release/sync-repository-version-v2.0.1081
2026-09-20T17:39:33.6790160Z  * [new branch]            release/sync-repository-version-v2.0.1082 -> origin/release/sync-repository-version-v2.0.1082
2026-09-20T17:39:33.6791072Z  * [new branch]            release/sync-repository-version-v2.0.1083 -> origin/release/sync-repository-version-v2.0.1083
2026-09-20T17:39:33.6792119Z  * [new branch]            release/sync-repository-version-v2.0.1084 -> origin/release/sync-repository-version-v2.0.1084
2026-09-20T17:39:33.6793022Z  * [new branch]            release/sync-repository-version-v2.0.1085 -> origin/release/sync-repository-version-v2.0.1085
2026-09-20T17:39:33.6793923Z  * [new branch]            release/sync-repository-version-v2.0.1086 -> origin/release/sync-repository-version-v2.0.1086
2026-09-20T17:39:33.6794822Z  * [new branch]            release/sync-repository-version-v2.0.1087 -> origin/release/sync-repository-version-v2.0.1087
2026-09-20T17:39:33.6795725Z  * [new branch]            release/sync-repository-version-v2.0.1088 -> origin/release/sync-repository-version-v2.0.1088
2026-09-20T17:39:33.6796631Z  * [new branch]            release/sync-repository-version-v2.0.1089 -> origin/release/sync-repository-version-v2.0.1089
2026-09-20T17:39:33.6797543Z  * [new branch]            release/sync-repository-version-v2.0.1090 -> origin/release/sync-repository-version-v2.0.1090
2026-09-20T17:39:33.6798451Z  * [new branch]            release/sync-repository-version-v2.0.1091 -> origin/release/sync-repository-version-v2.0.1091
2026-09-20T17:39:33.6799351Z  * [new branch]            release/sync-repository-version-v2.0.1092 -> origin/release/sync-repository-version-v2.0.1092
2026-09-20T17:39:33.6800679Z  * [new branch]            release/sync-repository-version-v2.0.1093 -> origin/release/sync-repository-version-v2.0.1093
2026-09-20T17:39:33.6801595Z  * [new branch]            release/sync-repository-version-v2.0.1094 -> origin/release/sync-repository-version-v2.0.1094
2026-09-20T17:39:33.6802505Z  * [new branch]            release/sync-repository-version-v2.0.1095 -> origin/release/sync-repository-version-v2.0.1095
2026-09-20T17:39:33.6803409Z  * [new branch]            release/sync-repository-version-v2.0.1096 -> origin/release/sync-repository-version-v2.0.1096
2026-09-20T17:39:33.6804487Z  * [new branch]            release/sync-repository-version-v2.0.1097 -> origin/release/sync-repository-version-v2.0.1097
2026-09-20T17:39:33.6805473Z  * [new branch]            release/sync-repository-version-v2.0.1098 -> origin/release/sync-repository-version-v2.0.1098
2026-09-20T17:39:33.6806374Z  * [new branch]            release/sync-repository-version-v2.0.1099 -> origin/release/sync-repository-version-v2.0.1099
2026-09-20T17:39:33.6807274Z  * [new branch]            release/sync-repository-version-v2.0.1100 -> origin/release/sync-repository-version-v2.0.1100
2026-09-20T17:39:33.6808173Z  * [new branch]            release/sync-repository-version-v2.0.1101 -> origin/release/sync-repository-version-v2.0.1101
2026-09-20T17:39:33.6809075Z  * [new branch]            release/sync-repository-version-v2.0.1102 -> origin/release/sync-repository-version-v2.0.1102
2026-09-20T17:39:33.6810377Z  * [new branch]            release/sync-repository-version-v2.0.1103 -> origin/release/sync-repository-version-v2.0.1103
2026-09-20T17:39:33.6811309Z  * [new branch]            release/sync-repository-version-v2.0.1104 -> origin/release/sync-repository-version-v2.0.1104
2026-09-20T17:39:33.6812209Z  * [new branch]            release/sync-repository-version-v2.0.1105 -> origin/release/sync-repository-version-v2.0.1105
2026-09-20T17:39:33.6813108Z  * [new branch]            release/sync-repository-version-v2.0.1106 -> origin/release/sync-repository-version-v2.0.1106
2026-09-20T17:39:33.6814014Z  * [new branch]            release/sync-repository-version-v2.0.1107 -> origin/release/sync-repository-version-v2.0.1107
2026-09-20T17:39:33.6814912Z  * [new branch]            release/sync-repository-version-v2.0.1108 -> origin/release/sync-repository-version-v2.0.1108
2026-09-20T17:39:33.6815810Z  * [new branch]            release/sync-repository-version-v2.0.1109 -> origin/release/sync-repository-version-v2.0.1109
2026-09-20T17:39:33.6816714Z  * [new branch]            release/sync-repository-version-v2.0.1110 -> origin/release/sync-repository-version-v2.0.1110
2026-09-20T17:39:33.6817780Z  * [new branch]            release/sync-repository-version-v2.0.1111 -> origin/release/sync-repository-version-v2.0.1111
2026-09-20T17:39:33.6818680Z  * [new branch]            release/sync-repository-version-v2.0.1112 -> origin/release/sync-repository-version-v2.0.1112
2026-09-20T17:39:33.6819730Z  * [new branch]            release/sync-repository-version-v2.0.1113 -> origin/release/sync-repository-version-v2.0.1113
2026-09-20T17:39:33.6820637Z  * [new branch]            release/sync-repository-version-v2.0.1114 -> origin/release/sync-repository-version-v2.0.1114
2026-09-20T17:39:33.6821534Z  * [new branch]            release/sync-repository-version-v2.0.1115 -> origin/release/sync-repository-version-v2.0.1115
2026-09-20T17:39:33.6822434Z  * [new branch]            release/sync-repository-version-v2.0.1116 -> origin/release/sync-repository-version-v2.0.1116
2026-09-20T17:39:33.6823402Z  * [new branch]            release/sync-repository-version-v2.0.1117 -> origin/release/sync-repository-version-v2.0.1117
2026-09-20T17:39:33.6824308Z  * [new branch]            release/sync-repository-version-v2.0.848 -> origin/release/sync-repository-version-v2.0.848
2026-09-20T17:39:33.6825200Z  * [new branch]            release/sync-repository-version-v2.0.849 -> origin/release/sync-repository-version-v2.0.849
2026-09-20T17:39:33.6826086Z  * [new branch]            release/sync-repository-version-v2.0.850 -> origin/release/sync-repository-version-v2.0.850
2026-09-20T17:39:33.6826975Z  * [new branch]            release/sync-repository-version-v2.0.851 -> origin/release/sync-repository-version-v2.0.851
2026-09-20T17:39:33.6827861Z  * [new branch]            release/sync-repository-version-v2.0.852 -> origin/release/sync-repository-version-v2.0.852
2026-09-20T17:39:33.6828740Z  * [new branch]            release/sync-repository-version-v2.0.853 -> origin/release/sync-repository-version-v2.0.853
2026-09-20T17:39:33.6829951Z  * [new branch]            release/sync-repository-version-v2.0.854 -> origin/release/sync-repository-version-v2.0.854
2026-09-20T17:39:33.6830899Z  * [new branch]            release/sync-repository-version-v2.0.857 -> origin/release/sync-repository-version-v2.0.857
2026-09-20T17:39:33.6831786Z  * [new branch]            release/sync-repository-version-v2.0.858 -> origin/release/sync-repository-version-v2.0.858
2026-09-20T17:39:33.6832678Z  * [new branch]            release/sync-repository-version-v2.0.859 -> origin/release/sync-repository-version-v2.0.859
2026-09-20T17:39:33.6833561Z  * [new branch]            release/sync-repository-version-v2.0.860 -> origin/release/sync-repository-version-v2.0.860
2026-09-20T17:39:33.6834444Z  * [new branch]            release/sync-repository-version-v2.0.861 -> origin/release/sync-repository-version-v2.0.861
2026-09-20T17:39:33.6835335Z  * [new branch]            release/sync-repository-version-v2.0.862 -> origin/release/sync-repository-version-v2.0.862
2026-09-20T17:39:33.6836230Z  * [new branch]            release/sync-repository-version-v2.0.893 -> origin/release/sync-repository-version-v2.0.893
2026-09-20T17:39:33.6837143Z  * [new branch]            release/sync-repository-version-v2.0.922 -> origin/release/sync-repository-version-v2.0.922
2026-09-20T17:39:33.6838044Z  * [new branch]            release/sync-repository-version-v2.0.963 -> origin/release/sync-repository-version-v2.0.963
2026-09-20T17:39:33.6838943Z  * [new branch]            release/sync-repository-version-v2.0.967 -> origin/release/sync-repository-version-v2.0.967
2026-09-20T17:39:33.6840182Z  * [new branch]            repro/extension-authority-repair-banner-20260907 -> origin/repro/extension-authority-repair-banner-20260907
2026-09-20T17:39:33.6841216Z  * [new branch]            revert-1194-fix/progress-bar-stuck-at-zero -> origin/revert-1194-fix/progress-bar-stuck-at-zero
2026-09-20T17:39:33.6842049Z  * [new branch]            rust/authority-t001-t100-final -> origin/rust/authority-t001-t100-final
2026-09-20T17:39:33.6842816Z  * [new branch]            rust/hotpath-authority-t001-t100 -> origin/rust/hotpath-authority-t001-t100
2026-09-20T17:39:33.6843715Z  * [new branch]            test/cline-live-e2e-20260808 -> origin/test/cline-live-e2e-20260808
2026-09-20T17:39:33.6844465Z  * [new branch]            test/cline-live-e2e-final-20260808 -> origin/test/cline-live-e2e-final-20260808
2026-09-20T17:39:33.6845239Z  * [new branch]            test/cline-live-e2e-fix-20260808 -> origin/test/cline-live-e2e-fix-20260808
2026-09-20T17:39:33.6845929Z  * [new branch]            test/cloud-local-identity -> origin/test/cloud-local-identity
2026-09-20T17:39:33.6846743Z  * [new branch]            test/durable-exact-shell-approval-expiry -> origin/test/durable-exact-shell-approval-expiry
2026-09-20T17:39:33.6847492Z  * [new branch]            test/fec-schema-18      -> origin/test/fec-schema-18
2026-09-20T17:39:33.6848186Z  * [new branch]            test/g6-decision-evidence-refresh -> origin/test/g6-decision-evidence-refresh
2026-09-20T17:39:33.6848874Z  * [new branch]            test/g6-quality-gate    -> origin/test/g6-quality-gate
2026-09-20T17:39:33.6849851Z  * [new branch]            test/guard-loopback-port-retry -> origin/test/guard-loopback-port-retry
2026-09-20T17:39:33.6850662Z  * [new branch]            test/guard-offline-local-blocking -> origin/test/guard-offline-local-blocking
2026-09-20T17:39:33.6851473Z  * [new branch]            test/installed-timing-observations -> origin/test/installed-timing-observations
2026-09-20T17:39:33.6852379Z  * [new branch]            test/native-client-invalid-input-baseline -> origin/test/native-client-invalid-input-baseline
2026-09-20T17:39:33.6853304Z  * [new branch]            test/network-remediation-proof-101-119 -> origin/test/network-remediation-proof-101-119
2026-09-20T17:39:33.6854143Z  * [new branch]            test/raw-command-text-propagation -> origin/test/raw-command-text-propagation
2026-09-20T17:39:33.6855232Z  * [new branch]            test/release-22-consolidate-redundant-cases -> origin/test/release-22-consolidate-redundant-cases
2026-09-20T17:39:33.6856142Z  * [new branch]            test/release-22-omp-burst-deadline -> origin/test/release-22-omp-burst-deadline
2026-09-20T17:39:33.6856957Z  * [new branch]            test/release-22-reconnect-test-sync -> origin/test/release-22-reconnect-test-sync
2026-09-20T17:39:33.6857769Z  * [new branch]            test/release-22-specialized-corpus -> origin/test/release-22-specialized-corpus
2026-09-20T17:39:33.6858609Z  * [new branch]            test/secrets-complete-release-gate-v2 -> origin/test/secrets-complete-release-gate-v2
2026-09-20T17:39:33.6859349Z  * [new branch]            test/w6-assurance-gates -> origin/test/w6-assurance-gates
2026-09-20T17:39:33.6860225Z  * [new branch]            tmp/everyday-101-export-20260828 -> origin/tmp/everyday-101-export-20260828
2026-09-20T17:39:33.6860979Z  * [new branch]            tmp/everyday-201-export-20260828 -> origin/tmp/everyday-201-export-20260828
2026-09-20T17:39:33.6861752Z  * [new branch]            tmp/everyday-base-export-20260828 -> origin/tmp/everyday-base-export-20260828
2026-09-20T17:39:33.6862623Z  * [new branch]            tmp/everyday-completion-source-20260903 -> origin/tmp/everyday-completion-source-20260903
2026-09-20T17:39:33.6863537Z  * [new branch]            tmp/everyday-mode-base-snapshot-20260825 -> origin/tmp/everyday-mode-base-snapshot-20260825
2026-09-20T17:39:33.6864528Z  * [new branch]            tmp/everyday-mode-batch1-rebase-runner-20260825 -> origin/tmp/everyday-mode-batch1-rebase-runner-20260825
2026-09-20T17:39:33.6865479Z  * [new branch]            tmp/everyday-orchestrator-20260826-v2 -> origin/tmp/everyday-orchestrator-20260826-v2
2026-09-20T17:39:33.6866341Z  * [new branch]            tmp/everyday-payload-export-20260903 -> origin/tmp/everyday-payload-export-20260903
2026-09-20T17:39:33.6867200Z  * [new branch]            tmp/everyday-pr2569-clean-v3-20260826 -> origin/tmp/everyday-pr2569-clean-v3-20260826
2026-09-20T17:39:33.6868087Z  * [new branch]            tmp/everyday-r32-fixture-export-20260903 -> origin/tmp/everyday-r32-fixture-export-20260903
2026-09-20T17:39:33.6869015Z  * [new branch]            tmp/everyday-v32-source -> origin/tmp/everyday-v32-source
2026-09-20T17:39:33.6869968Z  * [new branch]            tmp/export-pr2372-permanent-assets-20260815 -> origin/tmp/export-pr2372-permanent-assets-20260815
2026-09-20T17:39:33.6870801Z  * [new branch]            tmp/finish-pr2569-20260826-v1 -> origin/tmp/finish-pr2569-20260826-v1
2026-09-20T17:39:33.6871501Z  * [new branch]            tmp/finish-pr2588-20260826-v1 -> origin/tmp/finish-pr2588-20260826-v1
2026-09-20T17:39:33.6872254Z  * [new branch]            tmp/finish-prs-2569-2588-20260826-v2 -> origin/tmp/finish-prs-2569-2588-20260826-v2
2026-09-20T17:39:33.6872565Z  * [new branch]            tmp/mdm-ruff-format-diff -> origin/tmp/mdm-ruff-format-diff
2026-09-20T17:39:33.6872876Z  * [new branch]            tmp/pr2104-rebase-20260807 -> origin/tmp/pr2104-rebase-20260807
2026-09-20T17:39:33.6873228Z  * [new branch]            tmp/pr2110-finalize-20260807 -> origin/tmp/pr2110-finalize-20260807
2026-09-20T17:39:33.6873721Z  * [new branch]            tmp/pr2400-authoritative-finalizer-20260816 -> origin/tmp/pr2400-authoritative-finalizer-20260816
2026-09-20T17:39:33.6874107Z  * [new branch]            tmp/pr2400-deliver-clean-20260816 -> origin/tmp/pr2400-deliver-clean-20260816
2026-09-20T17:39:33.6874486Z  * [new branch]            tmp/pr2400-rebase-source-20260816 -> origin/tmp/pr2400-rebase-source-20260816
2026-09-20T17:39:33.6874794Z  * [new branch]            tmp/pr2569-base-20260825-2 -> origin/tmp/pr2569-base-20260825-2
2026-09-20T17:39:33.6875174Z  * [new branch]            tmp/pr2569-base-snapshot-20260825 -> origin/tmp/pr2569-base-snapshot-20260825
2026-09-20T17:39:33.6875564Z  * [new branch]            tmp/pr2569-conflict-audit-20260826 -> origin/tmp/pr2569-conflict-audit-20260826
2026-09-20T17:39:33.6876218Z  * [new branch]            tmp/pr2569-current-base-snapshot-20260825-95032c -> origin/tmp/pr2569-current-base-snapshot-20260825-95032c
2026-09-20T17:39:33.6876578Z  * [new branch]            tmp/pr2569-merge-base-20260825 -> origin/tmp/pr2569-merge-base-20260825
2026-09-20T17:39:33.6876941Z  * [new branch]            tmp/pr2569-orchestrate-20260826 -> origin/tmp/pr2569-orchestrate-20260826
2026-09-20T17:39:33.6877416Z  * [new branch]            tmp/pr2569-original-base-snapshot-20260825 -> origin/tmp/pr2569-original-base-snapshot-20260825
2026-09-20T17:39:33.6877828Z  * [new branch]            tmp/pr2569-rebase-runner-20260825-v2 -> origin/tmp/pr2569-rebase-runner-20260825-v2
2026-09-20T17:39:33.6878292Z  * [new branch]            tmp/pr2691-windows-durable-debug-20260902 -> origin/tmp/pr2691-windows-durable-debug-20260902
2026-09-20T17:39:33.6878803Z  * [new branch]            tmp/pretool-native-authority-source-20260815 -> origin/tmp/pretool-native-authority-source-20260815
2026-09-20T17:39:33.6879291Z  * [new branch]            tmp/reconcile-canonical-dashboard-20260811 -> origin/tmp/reconcile-canonical-dashboard-20260811
2026-09-20T17:39:33.6880170Z  * [new branch]            tmp/reconcile-canonical-dashboard-20260811-check -> origin/tmp/reconcile-canonical-dashboard-20260811-check
2026-09-20T17:39:33.6880724Z  * [new branch]            tmp/reconcile-canonical-dashboard-20260811-final -> origin/tmp/reconcile-canonical-dashboard-20260811-final
2026-09-20T17:39:33.6881195Z  * [new branch]            tmp/rust-authority-local-source-20260827 -> origin/tmp/rust-authority-local-source-20260827
2026-09-20T17:39:33.6881604Z  * [new branch]            tmp/rust-merge-base-source-20260813 -> origin/tmp/rust-merge-base-source-20260813
2026-09-20T17:39:33.6881982Z  * [new branch]            tmp/rust-p0-export-release-92d0 -> origin/tmp/rust-p0-export-release-92d0
2026-09-20T17:39:33.6882397Z  * [new branch]            tmp/rust-p0-export-release-92d0-copy -> origin/tmp/rust-p0-export-release-92d0-copy
2026-09-20T17:39:33.6882802Z  * [new branch]            tmp/rust-p0-latest-bundle-20260814 -> origin/tmp/rust-p0-latest-bundle-20260814
2026-09-20T17:39:33.6883361Z  * [new branch]            tmp/rust-p0-latest-bundle-20260814b -> origin/tmp/rust-p0-latest-bundle-20260814b
2026-09-20T17:39:33.6883761Z  * [new branch]            tmp/rust-p0-latest-bundle-20260814c -> origin/tmp/rust-p0-latest-bundle-20260814c
2026-09-20T17:39:33.6884160Z  * [new branch]            tmp/rust-p0-latest-bundle-20260814d -> origin/tmp/rust-p0-latest-bundle-20260814d
2026-09-20T17:39:33.6884644Z  * [new branch]            tmp/rust-p0-latest-release-source-20260814 -> origin/tmp/rust-p0-latest-release-source-20260814
2026-09-20T17:39:33.6885126Z  * [new branch]            tmp/rust-p0-p2-remediation-confirm-20260815 -> origin/tmp/rust-p0-p2-remediation-confirm-20260815
2026-09-20T17:39:33.6885625Z  * [new branch]            tmp/rust-p0-p2-remediation-verifier-20260815 -> origin/tmp/rust-p0-p2-remediation-verifier-20260815
2026-09-20T17:39:33.6886161Z  * [new branch]            tmp/rust-p0-p2-remediation-verifier-v2-20260815 -> origin/tmp/rust-p0-p2-remediation-verifier-v2-20260815
2026-09-20T17:39:33.6886525Z  * [new branch]            tmp/rust-p1-p2-bundle-20260814 -> origin/tmp/rust-p1-p2-bundle-20260814
2026-09-20T17:39:33.6886896Z  * [new branch]            tmp/rust-p1-p2-compile-20260815 -> origin/tmp/rust-p1-p2-compile-20260815
2026-09-20T17:39:33.6887363Z  * [new branch]            tmp/rust-p1p2-final-verification-20260814 -> origin/tmp/rust-p1p2-final-verification-20260814
2026-09-20T17:39:33.6887783Z  * [new branch]            tmp/rust-p1p2-patch-staging-20260814 -> origin/tmp/rust-p1p2-patch-staging-20260814
2026-09-20T17:39:33.6888198Z  * [new branch]            tmp/rust-p1p2-release-asset-staging -> origin/tmp/rust-p1p2-release-asset-staging
2026-09-20T17:39:33.6888640Z  * [new branch]            tmp/rust-p1p2-release-asset-staging-v2 -> origin/tmp/rust-p1p2-release-asset-staging-v2
2026-09-20T17:39:33.6889081Z  * [new branch]            tmp/rust-p1p2-release-asset-staging-v3 -> origin/tmp/rust-p1p2-release-asset-staging-v3
2026-09-20T17:39:33.6889915Z  * [new branch]            tmp/rust-p1p2-release-tag-target -> origin/tmp/rust-p1p2-release-tag-target
2026-09-20T17:39:33.6890344Z  * [new branch]            tmp/rust-p1p2-shepherd-20260814 -> origin/tmp/rust-p1p2-shepherd-20260814
2026-09-20T17:39:33.6890716Z  * [new branch]            tmp/rust-p1p2-transfer-20260814 -> origin/tmp/rust-p1p2-transfer-20260814
2026-09-20T17:39:33.6891137Z  * [new branch]            tmp/rust-pr2310-base-source-20260813 -> origin/tmp/rust-pr2310-base-source-20260813
2026-09-20T17:39:33.6891500Z  * [new branch]            tmp/rust-resume-source-20260813 -> origin/tmp/rust-resume-source-20260813
2026-09-20T17:39:33.6891939Z  * [new branch]            tmp/rust-safety-kernel-source-20260813 -> origin/tmp/rust-safety-kernel-source-20260813
2026-09-20T17:39:33.6892334Z  * [new branch]            tmp/rust-source-path-windows-root -> origin/tmp/rust-source-path-windows-root
2026-09-20T17:39:33.6892829Z  * [new branch]            tmp/rust-supervision-final-source-20260813 -> origin/tmp/rust-supervision-final-source-20260813
2026-09-20T17:39:33.6893259Z  * [new branch]            tmp/rust-supervision-source-20260813 -> origin/tmp/rust-supervision-source-20260813
2026-09-20T17:39:33.6893769Z  * [new branch]            tmp/secrets-pr-reconciliation-source-20260825 -> origin/tmp/secrets-pr-reconciliation-source-20260825
2026-09-20T17:39:33.6894021Z  * [new branch]            tmp/unused              -> origin/tmp/unused
2026-09-20T17:39:33.6894268Z  * [new branch]            tmp/unused2             -> origin/tmp/unused2
2026-09-20T17:39:33.6894588Z  * [new branch]            ux/catalog-filter-toolbar -> origin/ux/catalog-filter-toolbar
2026-09-20T17:39:33.6895034Z  * [new branch]            verify/rust-pretool-authority-20260815 -> origin/verify/rust-pretool-authority-20260815
2026-09-20T17:39:33.6895494Z  * [new branch]            verify/rust-pretool-publication-20260815 -> origin/verify/rust-pretool-publication-20260815
2026-09-20T17:39:33.6895731Z  * [new tag]               alpha/v2.1.0a1          -> alpha/v2.1.0a1
2026-09-20T17:39:33.6896092Z  * [new tag]               alpha/v2.1.0a10         -> alpha/v2.1.0a10
2026-09-20T17:39:33.6896312Z  * [new tag]               alpha/v2.1.0a11         -> alpha/v2.1.0a11
2026-09-20T17:39:33.6896536Z  * [new tag]               alpha/v2.1.0a12         -> alpha/v2.1.0a12
2026-09-20T17:39:33.6896756Z  * [new tag]               alpha/v2.1.0a13         -> alpha/v2.1.0a13
2026-09-20T17:39:33.6896973Z  * [new tag]               alpha/v2.1.0a14         -> alpha/v2.1.0a14
2026-09-20T17:39:33.6897192Z  * [new tag]               alpha/v2.1.0a15         -> alpha/v2.1.0a15
2026-09-20T17:39:33.6897407Z  * [new tag]               alpha/v2.1.0a16         -> alpha/v2.1.0a16
2026-09-20T17:39:33.6897625Z  * [new tag]               alpha/v2.1.0a17         -> alpha/v2.1.0a17
2026-09-20T17:39:33.6897848Z  * [new tag]               alpha/v2.1.0a18         -> alpha/v2.1.0a18
2026-09-20T17:39:33.6898086Z  * [new tag]               alpha/v2.1.0a19         -> alpha/v2.1.0a19
2026-09-20T17:39:33.6898446Z  * [new tag]               alpha/v2.1.0a2          -> alpha/v2.1.0a2
2026-09-20T17:39:33.6898701Z  * [new tag]               alpha/v2.1.0a20         -> alpha/v2.1.0a20
2026-09-20T17:39:33.6899026Z  * [new tag]               alpha/v2.1.0a21         -> alpha/v2.1.0a21
2026-09-20T17:39:33.6899315Z  * [new tag]               alpha/v2.1.0a22         -> alpha/v2.1.0a22
2026-09-20T17:39:33.6916631Z  * [new tag]               alpha/v2.1.0a23         -> alpha/v2.1.0a23
2026-09-20T17:39:33.6917450Z  * [new tag]               alpha/v2.1.0a24         -> alpha/v2.1.0a24
2026-09-20T17:39:33.6917875Z  * [new tag]               alpha/v2.1.0a25         -> alpha/v2.1.0a25
2026-09-20T17:39:33.6918214Z  * [new tag]               alpha/v2.1.0a26         -> alpha/v2.1.0a26
2026-09-20T17:39:33.6918531Z  * [new tag]               alpha/v2.1.0a27         -> alpha/v2.1.0a27
2026-09-20T17:39:33.6918853Z  * [new tag]               alpha/v2.1.0a28         -> alpha/v2.1.0a28
2026-09-20T17:39:33.6919770Z  * [new tag]               alpha/v2.1.0a29         -> alpha/v2.1.0a29
2026-09-20T17:39:33.6920150Z  * [new tag]               alpha/v2.1.0a3          -> alpha/v2.1.0a3
2026-09-20T17:39:33.6920486Z  * [new tag]               alpha/v2.1.0a30         -> alpha/v2.1.0a30
2026-09-20T17:39:33.6920810Z  * [new tag]               alpha/v2.1.0a31         -> alpha/v2.1.0a31
2026-09-20T17:39:33.6921138Z  * [new tag]               alpha/v2.1.0a32         -> alpha/v2.1.0a32
2026-09-20T17:39:33.6921433Z  * [new tag]               alpha/v2.1.0a33         -> alpha/v2.1.0a33
2026-09-20T17:39:33.6921738Z  * [new tag]               alpha/v2.1.0a34         -> alpha/v2.1.0a34
2026-09-20T17:39:33.6922060Z  * [new tag]               alpha/v2.1.0a35         -> alpha/v2.1.0a35
2026-09-20T17:39:33.6922382Z  * [new tag]               alpha/v2.1.0a36         -> alpha/v2.1.0a36
2026-09-20T17:39:33.6922708Z  * [new tag]               alpha/v2.1.0a37         -> alpha/v2.1.0a37
2026-09-20T17:39:33.6923122Z  * [new tag]               alpha/v2.1.0a38         -> alpha/v2.1.0a38
2026-09-20T17:39:33.6923448Z  * [new tag]               alpha/v2.1.0a39         -> alpha/v2.1.0a39
2026-09-20T17:39:33.6923812Z  * [new tag]               alpha/v2.1.0a4          -> alpha/v2.1.0a4
2026-09-20T17:39:33.6924170Z  * [new tag]               alpha/v2.1.0a40         -> alpha/v2.1.0a40
2026-09-20T17:39:33.6924490Z  * [new tag]               alpha/v2.1.0a41         -> alpha/v2.1.0a41
2026-09-20T17:39:33.6924805Z  * [new tag]               alpha/v2.1.0a42         -> alpha/v2.1.0a42
2026-09-20T17:39:33.6925125Z  * [new tag]               alpha/v2.1.0a43         -> alpha/v2.1.0a43
2026-09-20T17:39:33.6925446Z  * [new tag]               alpha/v2.1.0a44         -> alpha/v2.1.0a44
2026-09-20T17:39:33.6925755Z  * [new tag]               alpha/v2.1.0a45         -> alpha/v2.1.0a45
2026-09-20T17:39:33.6926077Z  * [new tag]               alpha/v2.1.0a46         -> alpha/v2.1.0a46
2026-09-20T17:39:33.6926400Z  * [new tag]               alpha/v2.1.0a47         -> alpha/v2.1.0a47
2026-09-20T17:39:33.6926730Z  * [new tag]               alpha/v2.1.0a48         -> alpha/v2.1.0a48
2026-09-20T17:39:33.6927296Z  * [new tag]               alpha/v2.1.0a49         -> alpha/v2.1.0a49
2026-09-20T17:39:33.6927620Z  * [new tag]               alpha/v2.1.0a5          -> alpha/v2.1.0a5
2026-09-20T17:39:33.6927952Z  * [new tag]               alpha/v2.1.0a50         -> alpha/v2.1.0a50
2026-09-20T17:39:33.6928268Z  * [new tag]               alpha/v2.1.0a51         -> alpha/v2.1.0a51
2026-09-20T17:39:33.6928584Z  * [new tag]               alpha/v2.1.0a52         -> alpha/v2.1.0a52
2026-09-20T17:39:33.6928914Z  * [new tag]               alpha/v2.1.0a53         -> alpha/v2.1.0a53
2026-09-20T17:39:33.6929236Z  * [new tag]               alpha/v2.1.0a54         -> alpha/v2.1.0a54
2026-09-20T17:39:33.6929771Z  * [new tag]               alpha/v2.1.0a55         -> alpha/v2.1.0a55
2026-09-20T17:39:33.6930100Z  * [new tag]               alpha/v2.1.0a56         -> alpha/v2.1.0a56
2026-09-20T17:39:33.6930426Z  * [new tag]               alpha/v2.1.0a57         -> alpha/v2.1.0a57
2026-09-20T17:39:33.6930765Z  * [new tag]               alpha/v2.1.0a58         -> alpha/v2.1.0a58
2026-09-20T17:39:33.6931081Z  * [new tag]               alpha/v2.1.0a59         -> alpha/v2.1.0a59
2026-09-20T17:39:33.6931400Z  * [new tag]               alpha/v2.1.0a6          -> alpha/v2.1.0a6
2026-09-20T17:39:33.6931725Z  * [new tag]               alpha/v2.1.0a7          -> alpha/v2.1.0a7
2026-09-20T17:39:33.6932043Z  * [new tag]               alpha/v2.1.0a8          -> alpha/v2.1.0a8
2026-09-20T17:39:33.6932371Z  * [new tag]               alpha/v2.1.0a9          -> alpha/v2.1.0a9
2026-09-20T17:39:33.6932692Z  * [new tag]               alpha/v2.2.0a1          -> alpha/v2.2.0a1
2026-09-20T17:39:33.6933014Z  * [new tag]               alpha/v2.2.0a10         -> alpha/v2.2.0a10
2026-09-20T17:39:33.6933352Z  * [new tag]               alpha/v2.2.0a100        -> alpha/v2.2.0a100
2026-09-20T17:39:33.6933874Z  * [new tag]               alpha/v2.2.0a101        -> alpha/v2.2.0a101
2026-09-20T17:39:33.6934224Z  * [new tag]               alpha/v2.2.0a102        -> alpha/v2.2.0a102
2026-09-20T17:39:33.6934550Z  * [new tag]               alpha/v2.2.0a103        -> alpha/v2.2.0a103
2026-09-20T17:39:33.6934868Z  * [new tag]               alpha/v2.2.0a104        -> alpha/v2.2.0a104
2026-09-20T17:39:33.6935195Z  * [new tag]               alpha/v2.2.0a105        -> alpha/v2.2.0a105
2026-09-20T17:39:33.6935518Z  * [new tag]               alpha/v2.2.0a106        -> alpha/v2.2.0a106
2026-09-20T17:39:33.6935828Z  * [new tag]               alpha/v2.2.0a107        -> alpha/v2.2.0a107
2026-09-20T17:39:33.6936152Z  * [new tag]               alpha/v2.2.0a108        -> alpha/v2.2.0a108
2026-09-20T17:39:33.6936463Z  * [new tag]               alpha/v2.2.0a109        -> alpha/v2.2.0a109
2026-09-20T17:39:33.6936824Z  * [new tag]               alpha/v2.2.0a11         -> alpha/v2.2.0a11
2026-09-20T17:39:33.6937149Z  * [new tag]               alpha/v2.2.0a110        -> alpha/v2.2.0a110
2026-09-20T17:39:33.6937469Z  * [new tag]               alpha/v2.2.0a111        -> alpha/v2.2.0a111
2026-09-20T17:39:33.6937796Z  * [new tag]               alpha/v2.2.0a112        -> alpha/v2.2.0a112
2026-09-20T17:39:33.6938129Z  * [new tag]               alpha/v2.2.0a113        -> alpha/v2.2.0a113
2026-09-20T17:39:33.6938533Z  * [new tag]               alpha/v2.2.0a114        -> alpha/v2.2.0a114
2026-09-20T17:39:33.6939032Z  * [new tag]               alpha/v2.2.0a115        -> alpha/v2.2.0a115
2026-09-20T17:39:33.6944614Z  * [new tag]               alpha/v2.2.0a116        -> alpha/v2.2.0a116
2026-09-20T17:39:33.6945165Z  * [new tag]               alpha/v2.2.0a117        -> alpha/v2.2.0a117
2026-09-20T17:39:33.6945578Z  * [new tag]               alpha/v2.2.0a118        -> alpha/v2.2.0a118
2026-09-20T17:39:33.6945931Z  * [new tag]               alpha/v2.2.0a119        -> alpha/v2.2.0a119
2026-09-20T17:39:33.6946279Z  * [new tag]               alpha/v2.2.0a12         -> alpha/v2.2.0a12
2026-09-20T17:39:33.6946649Z  * [new tag]               alpha/v2.2.0a120        -> alpha/v2.2.0a120
2026-09-20T17:39:33.6947273Z  * [new tag]               alpha/v2.2.0a121        -> alpha/v2.2.0a121
2026-09-20T17:39:33.6947633Z  * [new tag]               alpha/v2.2.0a122        -> alpha/v2.2.0a122
2026-09-20T17:39:33.6947974Z  * [new tag]               alpha/v2.2.0a123        -> alpha/v2.2.0a123
2026-09-20T17:39:33.6948315Z  * [new tag]               alpha/v2.2.0a124        -> alpha/v2.2.0a124
2026-09-20T17:39:33.6948638Z  * [new tag]               alpha/v2.2.0a125        -> alpha/v2.2.0a125
2026-09-20T17:39:33.6948964Z  * [new tag]               alpha/v2.2.0a126        -> alpha/v2.2.0a126
2026-09-20T17:39:33.6949292Z  * [new tag]               alpha/v2.2.0a127        -> alpha/v2.2.0a127
2026-09-20T17:39:33.6949891Z  * [new tag]               alpha/v2.2.0a128        -> alpha/v2.2.0a128
2026-09-20T17:39:33.6950234Z  * [new tag]               alpha/v2.2.0a129        -> alpha/v2.2.0a129
2026-09-20T17:39:33.6950583Z  * [new tag]               alpha/v2.2.0a13         -> alpha/v2.2.0a13
2026-09-20T17:39:33.6950919Z  * [new tag]               alpha/v2.2.0a130        -> alpha/v2.2.0a130
2026-09-20T17:39:33.6951247Z  * [new tag]               alpha/v2.2.0a131        -> alpha/v2.2.0a131
2026-09-20T17:39:33.6951573Z  * [new tag]               alpha/v2.2.0a132        -> alpha/v2.2.0a132
2026-09-20T17:39:33.6951900Z  * [new tag]               alpha/v2.2.0a133        -> alpha/v2.2.0a133
2026-09-20T17:39:33.6952237Z  * [new tag]               alpha/v2.2.0a134        -> alpha/v2.2.0a134
2026-09-20T17:39:33.6952560Z  * [new tag]               alpha/v2.2.0a135        -> alpha/v2.2.0a135
2026-09-20T17:39:33.6952891Z  * [new tag]               alpha/v2.2.0a136        -> alpha/v2.2.0a136
2026-09-20T17:39:33.6953212Z  * [new tag]               alpha/v2.2.0a137        -> alpha/v2.2.0a137
2026-09-20T17:39:33.6953542Z  * [new tag]               alpha/v2.2.0a138        -> alpha/v2.2.0a138
2026-09-20T17:39:33.6954064Z  * [new tag]               alpha/v2.2.0a139        -> alpha/v2.2.0a139
2026-09-20T17:39:33.6954412Z  * [new tag]               alpha/v2.2.0a14         -> alpha/v2.2.0a14
2026-09-20T17:39:33.6954745Z  * [new tag]               alpha/v2.2.0a140        -> alpha/v2.2.0a140
2026-09-20T17:39:33.6955071Z  * [new tag]               alpha/v2.2.0a141        -> alpha/v2.2.0a141
2026-09-20T17:39:33.6955387Z  * [new tag]               alpha/v2.2.0a142        -> alpha/v2.2.0a142
2026-09-20T17:39:33.6955713Z  * [new tag]               alpha/v2.2.0a143        -> alpha/v2.2.0a143
2026-09-20T17:39:33.6956036Z  * [new tag]               alpha/v2.2.0a144        -> alpha/v2.2.0a144
2026-09-20T17:39:33.6956367Z  * [new tag]               alpha/v2.2.0a145        -> alpha/v2.2.0a145
2026-09-20T17:39:33.6956694Z  * [new tag]               alpha/v2.2.0a146        -> alpha/v2.2.0a146
2026-09-20T17:39:33.6957013Z  * [new tag]               alpha/v2.2.0a147        -> alpha/v2.2.0a147
2026-09-20T17:39:33.6957340Z  * [new tag]               alpha/v2.2.0a148        -> alpha/v2.2.0a148
2026-09-20T17:39:33.6957669Z  * [new tag]               alpha/v2.2.0a149        -> alpha/v2.2.0a149
2026-09-20T17:39:33.6958001Z  * [new tag]               alpha/v2.2.0a15         -> alpha/v2.2.0a15
2026-09-20T17:39:33.6958342Z  * [new tag]               alpha/v2.2.0a150        -> alpha/v2.2.0a150
2026-09-20T17:39:33.6958663Z  * [new tag]               alpha/v2.2.0a151        -> alpha/v2.2.0a151
2026-09-20T17:39:33.6959006Z  * [new tag]               alpha/v2.2.0a152        -> alpha/v2.2.0a152
2026-09-20T17:39:33.6959348Z  * [new tag]               alpha/v2.2.0a153        -> alpha/v2.2.0a153
2026-09-20T17:39:33.6959961Z  * [new tag]               alpha/v2.2.0a154        -> alpha/v2.2.0a154
2026-09-20T17:39:33.6960320Z  * [new tag]               alpha/v2.2.0a155        -> alpha/v2.2.0a155
2026-09-20T17:39:33.6960650Z  * [new tag]               alpha/v2.2.0a156        -> alpha/v2.2.0a156
2026-09-20T17:39:33.6960986Z  * [new tag]               alpha/v2.2.0a157        -> alpha/v2.2.0a157
2026-09-20T17:39:33.6961331Z  * [new tag]               alpha/v2.2.0a158        -> alpha/v2.2.0a158
2026-09-20T17:39:33.6961904Z  * [new tag]               alpha/v2.2.0a159        -> alpha/v2.2.0a159
2026-09-20T17:39:33.6962287Z  * [new tag]               alpha/v2.2.0a16         -> alpha/v2.2.0a16
2026-09-20T17:39:33.6962642Z  * [new tag]               alpha/v2.2.0a160        -> alpha/v2.2.0a160
2026-09-20T17:39:33.6962990Z  * [new tag]               alpha/v2.2.0a161        -> alpha/v2.2.0a161
2026-09-20T17:39:33.6963351Z  * [new tag]               alpha/v2.2.0a162        -> alpha/v2.2.0a162
2026-09-20T17:39:33.6963699Z  * [new tag]               alpha/v2.2.0a163        -> alpha/v2.2.0a163
2026-09-20T17:39:33.6964043Z  * [new tag]               alpha/v2.2.0a164        -> alpha/v2.2.0a164
2026-09-20T17:39:33.6964396Z  * [new tag]               alpha/v2.2.0a165        -> alpha/v2.2.0a165
2026-09-20T17:39:33.6964743Z  * [new tag]               alpha/v2.2.0a166        -> alpha/v2.2.0a166
2026-09-20T17:39:33.6965097Z  * [new tag]               alpha/v2.2.0a167        -> alpha/v2.2.0a167
2026-09-20T17:39:33.6965461Z  * [new tag]               alpha/v2.2.0a168        -> alpha/v2.2.0a168
2026-09-20T17:39:33.6965816Z  * [new tag]               alpha/v2.2.0a169        -> alpha/v2.2.0a169
2026-09-20T17:39:33.6966162Z  * [new tag]               alpha/v2.2.0a17         -> alpha/v2.2.0a17
2026-09-20T17:39:33.6966508Z  * [new tag]               alpha/v2.2.0a170        -> alpha/v2.2.0a170
2026-09-20T17:39:33.6966860Z  * [new tag]               alpha/v2.2.0a18         -> alpha/v2.2.0a18
2026-09-20T17:39:33.6967186Z  * [new tag]               alpha/v2.2.0a19         -> alpha/v2.2.0a19
2026-09-20T17:39:33.6967533Z  * [new tag]               alpha/v2.2.0a2          -> alpha/v2.2.0a2
2026-09-20T17:39:33.6967891Z  * [new tag]               alpha/v2.2.0a20         -> alpha/v2.2.0a20
2026-09-20T17:39:33.6968232Z  * [new tag]               alpha/v2.2.0a21         -> alpha/v2.2.0a21
2026-09-20T17:39:33.6968758Z  * [new tag]               alpha/v2.2.0a22         -> alpha/v2.2.0a22
2026-09-20T17:39:33.6969155Z  * [new tag]               alpha/v2.2.0a23         -> alpha/v2.2.0a23
2026-09-20T17:39:33.6969765Z  * [new tag]               alpha/v2.2.0a24         -> alpha/v2.2.0a24
2026-09-20T17:39:33.6970140Z  * [new tag]               alpha/v2.2.0a25         -> alpha/v2.2.0a25
2026-09-20T17:39:33.6970494Z  * [new tag]               alpha/v2.2.0a26         -> alpha/v2.2.0a26
2026-09-20T17:39:33.6970852Z  * [new tag]               alpha/v2.2.0a27         -> alpha/v2.2.0a27
2026-09-20T17:39:33.6971201Z  * [new tag]               alpha/v2.2.0a28         -> alpha/v2.2.0a28
2026-09-20T17:39:33.6971544Z  * [new tag]               alpha/v2.2.0a29         -> alpha/v2.2.0a29
2026-09-20T17:39:33.6971897Z  * [new tag]               alpha/v2.2.0a3          -> alpha/v2.2.0a3
2026-09-20T17:39:33.6972252Z  * [new tag]               alpha/v2.2.0a30         -> alpha/v2.2.0a30
2026-09-20T17:39:33.6972591Z  * [new tag]               alpha/v2.2.0a31         -> alpha/v2.2.0a31
2026-09-20T17:39:33.6972942Z  * [new tag]               alpha/v2.2.0a32         -> alpha/v2.2.0a32
2026-09-20T17:39:33.6973277Z  * [new tag]               alpha/v2.2.0a33         -> alpha/v2.2.0a33
2026-09-20T17:39:33.6973624Z  * [new tag]               alpha/v2.2.0a34         -> alpha/v2.2.0a34
2026-09-20T17:39:33.6973987Z  * [new tag]               alpha/v2.2.0a35         -> alpha/v2.2.0a35
2026-09-20T17:39:33.6974328Z  * [new tag]               alpha/v2.2.0a36         -> alpha/v2.2.0a36
2026-09-20T17:39:33.6974668Z  * [new tag]               alpha/v2.2.0a37         -> alpha/v2.2.0a37
2026-09-20T17:39:33.6975000Z  * [new tag]               alpha/v2.2.0a38         -> alpha/v2.2.0a38
2026-09-20T17:39:33.6975356Z  * [new tag]               alpha/v2.2.0a39         -> alpha/v2.2.0a39
2026-09-20T17:39:33.6975707Z  * [new tag]               alpha/v2.2.0a4          -> alpha/v2.2.0a4
2026-09-20T17:39:33.6976052Z  * [new tag]               alpha/v2.2.0a40         -> alpha/v2.2.0a40
2026-09-20T17:39:33.6976396Z  * [new tag]               alpha/v2.2.0a41         -> alpha/v2.2.0a41
2026-09-20T17:39:33.6976962Z  * [new tag]               alpha/v2.2.0a42         -> alpha/v2.2.0a42
2026-09-20T17:39:33.6977312Z  * [new tag]               alpha/v2.2.0a43         -> alpha/v2.2.0a43
2026-09-20T17:39:33.6977656Z  * [new tag]               alpha/v2.2.0a44         -> alpha/v2.2.0a44
2026-09-20T17:39:33.6978005Z  * [new tag]               alpha/v2.2.0a45         -> alpha/v2.2.0a45
2026-09-20T17:39:33.6978363Z  * [new tag]               alpha/v2.2.0a46         -> alpha/v2.2.0a46
2026-09-20T17:39:33.6978722Z  * [new tag]               alpha/v2.2.0a47         -> alpha/v2.2.0a47
2026-09-20T17:39:33.6979067Z  * [new tag]               alpha/v2.2.0a48         -> alpha/v2.2.0a48
2026-09-20T17:39:33.6979431Z  * [new tag]               alpha/v2.2.0a49         -> alpha/v2.2.0a49
2026-09-20T17:39:33.6980003Z  * [new tag]               alpha/v2.2.0a5          -> alpha/v2.2.0a5
2026-09-20T17:39:33.6980383Z  * [new tag]               alpha/v2.2.0a50         -> alpha/v2.2.0a50
2026-09-20T17:39:33.6980738Z  * [new tag]               alpha/v2.2.0a51         -> alpha/v2.2.0a51
2026-09-20T17:39:33.6981082Z  * [new tag]               alpha/v2.2.0a52         -> alpha/v2.2.0a52
2026-09-20T17:39:33.6981437Z  * [new tag]               alpha/v2.2.0a53         -> alpha/v2.2.0a53
2026-09-20T17:39:33.6981767Z  * [new tag]               alpha/v2.2.0a54         -> alpha/v2.2.0a54
2026-09-20T17:39:33.6982126Z  * [new tag]               alpha/v2.2.0a55         -> alpha/v2.2.0a55
2026-09-20T17:39:33.6982491Z  * [new tag]               alpha/v2.2.0a56         -> alpha/v2.2.0a56
2026-09-20T17:39:33.6982834Z  * [new tag]               alpha/v2.2.0a57         -> alpha/v2.2.0a57
2026-09-20T17:39:33.6983197Z  * [new tag]               alpha/v2.2.0a58         -> alpha/v2.2.0a58
2026-09-20T17:39:33.6983555Z  * [new tag]               alpha/v2.2.0a59         -> alpha/v2.2.0a59
2026-09-20T17:39:33.6983917Z  * [new tag]               alpha/v2.2.0a6          -> alpha/v2.2.0a6
2026-09-20T17:39:33.6984507Z  * [new tag]               alpha/v2.2.0a60         -> alpha/v2.2.0a60
2026-09-20T17:39:33.6984880Z  * [new tag]               alpha/v2.2.0a61         -> alpha/v2.2.0a61
2026-09-20T17:39:33.6985242Z  * [new tag]               alpha/v2.2.0a62         -> alpha/v2.2.0a62
2026-09-20T17:39:33.6985581Z  * [new tag]               alpha/v2.2.0a63         -> alpha/v2.2.0a63
2026-09-20T17:39:33.6985911Z  * [new tag]               alpha/v2.2.0a64         -> alpha/v2.2.0a64
2026-09-20T17:39:33.6986266Z  * [new tag]               alpha/v2.2.0a65         -> alpha/v2.2.0a65
2026-09-20T17:39:33.6986611Z  * [new tag]               alpha/v2.2.0a66         -> alpha/v2.2.0a66
2026-09-20T17:39:33.6986971Z  * [new tag]               alpha/v2.2.0a67         -> alpha/v2.2.0a67
2026-09-20T17:39:33.6987318Z  * [new tag]               alpha/v2.2.0a68         -> alpha/v2.2.0a68
2026-09-20T17:39:33.6987651Z  * [new tag]               alpha/v2.2.0a69         -> alpha/v2.2.0a69
2026-09-20T17:39:33.6988020Z  * [new tag]               alpha/v2.2.0a7          -> alpha/v2.2.0a7
2026-09-20T17:39:33.6988385Z  * [new tag]               alpha/v2.2.0a70         -> alpha/v2.2.0a70
2026-09-20T17:39:33.6988732Z  * [new tag]               alpha/v2.2.0a71         -> alpha/v2.2.0a71
2026-09-20T17:39:33.6989079Z  * [new tag]               alpha/v2.2.0a72         -> alpha/v2.2.0a72
2026-09-20T17:39:33.6989642Z  * [new tag]               alpha/v2.2.0a73         -> alpha/v2.2.0a73
2026-09-20T17:39:33.6990027Z  * [new tag]               alpha/v2.2.0a74         -> alpha/v2.2.0a74
2026-09-20T17:39:33.6990383Z  * [new tag]               alpha/v2.2.0a75         -> alpha/v2.2.0a75
2026-09-20T17:39:33.6990729Z  * [new tag]               alpha/v2.2.0a76         -> alpha/v2.2.0a76
2026-09-20T17:39:33.6991076Z  * [new tag]               alpha/v2.2.0a77         -> alpha/v2.2.0a77
2026-09-20T17:39:33.6991406Z  * [new tag]               alpha/v2.2.0a78         -> alpha/v2.2.0a78
2026-09-20T17:39:33.6991748Z  * [new tag]               alpha/v2.2.0a79         -> alpha/v2.2.0a79
2026-09-20T17:39:33.6992315Z  * [new tag]               alpha/v2.2.0a8          -> alpha/v2.2.0a8
2026-09-20T17:39:33.6992672Z  * [new tag]               alpha/v2.2.0a80         -> alpha/v2.2.0a80
2026-09-20T17:39:33.6993032Z  * [new tag]               alpha/v2.2.0a81         -> alpha/v2.2.0a81
2026-09-20T17:39:33.6993380Z  * [new tag]               alpha/v2.2.0a82         -> alpha/v2.2.0a82
2026-09-20T17:39:33.6993710Z  * [new tag]               alpha/v2.2.0a83         -> alpha/v2.2.0a83
2026-09-20T17:39:33.6994070Z  * [new tag]               alpha/v2.2.0a84         -> alpha/v2.2.0a84
2026-09-20T17:39:33.6994402Z  * [new tag]               alpha/v2.2.0a85         -> alpha/v2.2.0a85
2026-09-20T17:39:33.6994735Z  * [new tag]               alpha/v2.2.0a86         -> alpha/v2.2.0a86
2026-09-20T17:39:33.6995079Z  * [new tag]               alpha/v2.2.0a87         -> alpha/v2.2.0a87
2026-09-20T17:39:33.6995427Z  * [new tag]               alpha/v2.2.0a88         -> alpha/v2.2.0a88
2026-09-20T17:39:33.6995787Z  * [new tag]               alpha/v2.2.0a89         -> alpha/v2.2.0a89
2026-09-20T17:39:33.6996125Z  * [new tag]               alpha/v2.2.0a9          -> alpha/v2.2.0a9
2026-09-20T17:39:33.6996463Z  * [new tag]               alpha/v2.2.0a90         -> alpha/v2.2.0a90
2026-09-20T17:39:33.6996799Z  * [new tag]               alpha/v2.2.0a91         -> alpha/v2.2.0a91
2026-09-20T17:39:33.6997123Z  * [new tag]               alpha/v2.2.0a92         -> alpha/v2.2.0a92
2026-09-20T17:39:33.6997467Z  * [new tag]               alpha/v2.2.0a93         -> alpha/v2.2.0a93
2026-09-20T17:39:33.6997815Z  * [new tag]               alpha/v2.2.0a94         -> alpha/v2.2.0a94
2026-09-20T17:39:33.6998165Z  * [new tag]               alpha/v2.2.0a95         -> alpha/v2.2.0a95
2026-09-20T17:39:33.6998510Z  * [new tag]               alpha/v2.2.0a96         -> alpha/v2.2.0a96
2026-09-20T17:39:33.6998844Z  * [new tag]               alpha/v2.2.0a97         -> alpha/v2.2.0a97
2026-09-20T17:39:33.6999364Z  * [new tag]               alpha/v2.2.0a98         -> alpha/v2.2.0a98
2026-09-20T17:39:33.7000007Z  * [new tag]               alpha/v2.2.0a99         -> alpha/v2.2.0a99
2026-09-20T17:39:33.7000350Z  * [new tag]               alpha/v3.0.0a1          -> alpha/v3.0.0a1
2026-09-20T17:39:33.7000696Z  * [new tag]               alpha/v3.0.0a10         -> alpha/v3.0.0a10
2026-09-20T17:39:33.7001056Z  * [new tag]               alpha/v3.0.0a100        -> alpha/v3.0.0a100
2026-09-20T17:39:33.7001416Z  * [new tag]               alpha/v3.0.0a101        -> alpha/v3.0.0a101
2026-09-20T17:39:33.7001761Z  * [new tag]               alpha/v3.0.0a102        -> alpha/v3.0.0a102
2026-09-20T17:39:33.7002116Z  * [new tag]               alpha/v3.0.0a103        -> alpha/v3.0.0a103
2026-09-20T17:39:33.7002464Z  * [new tag]               alpha/v3.0.0a104        -> alpha/v3.0.0a104
2026-09-20T17:39:33.7002805Z  * [new tag]               alpha/v3.0.0a105        -> alpha/v3.0.0a105
2026-09-20T17:39:33.7003159Z  * [new tag]               alpha/v3.0.0a106        -> alpha/v3.0.0a106
2026-09-20T17:39:33.7003539Z  * [new tag]               alpha/v3.0.0a107        -> alpha/v3.0.0a107
2026-09-20T17:39:33.7003874Z  * [new tag]               alpha/v3.0.0a108        -> alpha/v3.0.0a108
2026-09-20T17:39:33.7004205Z  * [new tag]               alpha/v3.0.0a109        -> alpha/v3.0.0a109
2026-09-20T17:39:33.7004551Z  * [new tag]               alpha/v3.0.0a11         -> alpha/v3.0.0a11
2026-09-20T17:39:33.7004907Z  * [new tag]               alpha/v3.0.0a110        -> alpha/v3.0.0a110
2026-09-20T17:39:33.7005267Z  * [new tag]               alpha/v3.0.0a111        -> alpha/v3.0.0a111
2026-09-20T17:39:33.7005602Z  * [new tag]               alpha/v3.0.0a112        -> alpha/v3.0.0a112
2026-09-20T17:39:33.7005937Z  * [new tag]               alpha/v3.0.0a113        -> alpha/v3.0.0a113
2026-09-20T17:39:33.7006277Z  * [new tag]               alpha/v3.0.0a114        -> alpha/v3.0.0a114
2026-09-20T17:39:33.7006623Z  * [new tag]               alpha/v3.0.0a115        -> alpha/v3.0.0a115
2026-09-20T17:39:33.7006991Z  * [new tag]               alpha/v3.0.0a116        -> alpha/v3.0.0a116
2026-09-20T17:39:33.7007534Z  * [new tag]               alpha/v3.0.0a117        -> alpha/v3.0.0a117
2026-09-20T17:39:33.7007882Z  * [new tag]               alpha/v3.0.0a118        -> alpha/v3.0.0a118
2026-09-20T17:39:33.7008239Z  * [new tag]               alpha/v3.0.0a119        -> alpha/v3.0.0a119
2026-09-20T17:39:33.7008592Z  * [new tag]               alpha/v3.0.0a12         -> alpha/v3.0.0a12
2026-09-20T17:39:33.7008954Z  * [new tag]               alpha/v3.0.0a120        -> alpha/v3.0.0a120
2026-09-20T17:39:33.7009303Z  * [new tag]               alpha/v3.0.0a121        -> alpha/v3.0.0a121
2026-09-20T17:39:33.7009875Z  * [new tag]               alpha/v3.0.0a122        -> alpha/v3.0.0a122
2026-09-20T17:39:33.7010242Z  * [new tag]               alpha/v3.0.0a123        -> alpha/v3.0.0a123
2026-09-20T17:39:33.7010593Z  * [new tag]               alpha/v3.0.0a124        -> alpha/v3.0.0a124
2026-09-20T17:39:33.7010977Z  * [new tag]               alpha/v3.0.0a125        -> alpha/v3.0.0a125
2026-09-20T17:39:33.7011357Z  * [new tag]               alpha/v3.0.0a126        -> alpha/v3.0.0a126
2026-09-20T17:39:33.7011702Z  * [new tag]               alpha/v3.0.0a127        -> alpha/v3.0.0a127
2026-09-20T17:39:33.7012065Z  * [new tag]               alpha/v3.0.0a128        -> alpha/v3.0.0a128
2026-09-20T17:39:33.7012428Z  * [new tag]               alpha/v3.0.0a129        -> alpha/v3.0.0a129
2026-09-20T17:39:33.7012778Z  * [new tag]               alpha/v3.0.0a13         -> alpha/v3.0.0a13
2026-09-20T17:39:33.7013146Z  * [new tag]               alpha/v3.0.0a130        -> alpha/v3.0.0a130
2026-09-20T17:39:33.7013493Z  * [new tag]               alpha/v3.0.0a131        -> alpha/v3.0.0a131
2026-09-20T17:39:33.7013861Z  * [new tag]               alpha/v3.0.0a132        -> alpha/v3.0.0a132
2026-09-20T17:39:33.7014222Z  * [new tag]               alpha/v3.0.0a133        -> alpha/v3.0.0a133
2026-09-20T17:39:33.7014748Z  * [new tag]               alpha/v3.0.0a134        -> alpha/v3.0.0a134
2026-09-20T17:39:33.7015139Z  * [new tag]               alpha/v3.0.0a135        -> alpha/v3.0.0a135
2026-09-20T17:39:33.7015506Z  * [new tag]               alpha/v3.0.0a136        -> alpha/v3.0.0a136
2026-09-20T17:39:33.7015863Z  * [new tag]               alpha/v3.0.0a137        -> alpha/v3.0.0a137
2026-09-20T17:39:33.7016298Z  * [new tag]               alpha/v3.0.0a138        -> alpha/v3.0.0a138
2026-09-20T17:39:33.7016653Z  * [new tag]               alpha/v3.0.0a139        -> alpha/v3.0.0a139
2026-09-20T17:39:33.7017029Z  * [new tag]               alpha/v3.0.0a14         -> alpha/v3.0.0a14
2026-09-20T17:39:33.7017377Z  * [new tag]               alpha/v3.0.0a140        -> alpha/v3.0.0a140
2026-09-20T17:39:33.7017743Z  * [new tag]               alpha/v3.0.0a141        -> alpha/v3.0.0a141
2026-09-20T17:39:33.7018110Z  * [new tag]               alpha/v3.0.0a142        -> alpha/v3.0.0a142
2026-09-20T17:39:33.7018467Z  * [new tag]               alpha/v3.0.0a143        -> alpha/v3.0.0a143
2026-09-20T17:39:33.7018859Z  * [new tag]               alpha/v3.0.0a144        -> alpha/v3.0.0a144
2026-09-20T17:39:33.7019227Z  * [new tag]               alpha/v3.0.0a145        -> alpha/v3.0.0a145
2026-09-20T17:39:33.7019881Z  * [new tag]               alpha/v3.0.0a146        -> alpha/v3.0.0a146
2026-09-20T17:39:33.7020285Z  * [new tag]               alpha/v3.0.0a147        -> alpha/v3.0.0a147
2026-09-20T17:39:33.7020651Z  * [new tag]               alpha/v3.0.0a148        -> alpha/v3.0.0a148
2026-09-20T17:39:33.7021018Z  * [new tag]               alpha/v3.0.0a149        -> alpha/v3.0.0a149
2026-09-20T17:39:33.7021388Z  * [new tag]               alpha/v3.0.0a15         -> alpha/v3.0.0a15
2026-09-20T17:39:33.7021755Z  * [new tag]               alpha/v3.0.0a150        -> alpha/v3.0.0a150
2026-09-20T17:39:33.7022127Z  * [new tag]               alpha/v3.0.0a151        -> alpha/v3.0.0a151
2026-09-20T17:39:33.7022487Z  * [new tag]               alpha/v3.0.0a152        -> alpha/v3.0.0a152
2026-09-20T17:39:33.7022873Z  * [new tag]               alpha/v3.0.0a153        -> alpha/v3.0.0a153
2026-09-20T17:39:33.7023523Z  * [new tag]               alpha/v3.0.0a154        -> alpha/v3.0.0a154
2026-09-20T17:39:33.7023881Z  * [new tag]               alpha/v3.0.0a155        -> alpha/v3.0.0a155
2026-09-20T17:39:33.7024252Z  * [new tag]               alpha/v3.0.0a156        -> alpha/v3.0.0a156
2026-09-20T17:39:33.7024616Z  * [new tag]               alpha/v3.0.0a157        -> alpha/v3.0.0a157
2026-09-20T17:39:33.7024975Z  * [new tag]               alpha/v3.0.0a158        -> alpha/v3.0.0a158
2026-09-20T17:39:33.7025334Z  * [new tag]               alpha/v3.0.0a159        -> alpha/v3.0.0a159
2026-09-20T17:39:33.7025686Z  * [new tag]               alpha/v3.0.0a16         -> alpha/v3.0.0a16
2026-09-20T17:39:33.7026033Z  * [new tag]               alpha/v3.0.0a160        -> alpha/v3.0.0a160
2026-09-20T17:39:33.7026395Z  * [new tag]               alpha/v3.0.0a161        -> alpha/v3.0.0a161
2026-09-20T17:39:33.7026756Z  * [new tag]               alpha/v3.0.0a162        -> alpha/v3.0.0a162
2026-09-20T17:39:33.7027120Z  * [new tag]               alpha/v3.0.0a163        -> alpha/v3.0.0a163
2026-09-20T17:39:33.7027470Z  * [new tag]               alpha/v3.0.0a164        -> alpha/v3.0.0a164
2026-09-20T17:39:33.7027824Z  * [new tag]               alpha/v3.0.0a165        -> alpha/v3.0.0a165
2026-09-20T17:39:33.7028191Z  * [new tag]               alpha/v3.0.0a166        -> alpha/v3.0.0a166
2026-09-20T17:39:33.7028547Z  * [new tag]               alpha/v3.0.0a167        -> alpha/v3.0.0a167
2026-09-20T17:39:33.7028918Z  * [new tag]               alpha/v3.0.0a168        -> alpha/v3.0.0a168
2026-09-20T17:39:33.7029259Z  * [new tag]               alpha/v3.0.0a169        -> alpha/v3.0.0a169
2026-09-20T17:39:33.7029819Z  * [new tag]               alpha/v3.0.0a17         -> alpha/v3.0.0a17
2026-09-20T17:39:33.7030192Z  * [new tag]               alpha/v3.0.0a170        -> alpha/v3.0.0a170
2026-09-20T17:39:33.7030728Z  * [new tag]               alpha/v3.0.0a171        -> alpha/v3.0.0a171
2026-09-20T17:39:33.7031122Z  * [new tag]               alpha/v3.0.0a172        -> alpha/v3.0.0a172
2026-09-20T17:39:33.7031488Z  * [new tag]               alpha/v3.0.0a173        -> alpha/v3.0.0a173
2026-09-20T17:39:33.7031838Z  * [new tag]               alpha/v3.0.0a174        -> alpha/v3.0.0a174
2026-09-20T17:39:33.7032198Z  * [new tag]               alpha/v3.0.0a175        -> alpha/v3.0.0a175
2026-09-20T17:39:33.7032559Z  * [new tag]               alpha/v3.0.0a176        -> alpha/v3.0.0a176
2026-09-20T17:39:33.7032906Z  * [new tag]               alpha/v3.0.0a177        -> alpha/v3.0.0a177
2026-09-20T17:39:33.7033251Z  * [new tag]               alpha/v3.0.0a178        -> alpha/v3.0.0a178
2026-09-20T17:39:33.7033610Z  * [new tag]               alpha/v3.0.0a179        -> alpha/v3.0.0a179
2026-09-20T17:39:33.7033976Z  * [new tag]               alpha/v3.0.0a18         -> alpha/v3.0.0a18
2026-09-20T17:39:33.7034331Z  * [new tag]               alpha/v3.0.0a180        -> alpha/v3.0.0a180
2026-09-20T17:39:33.7034702Z  * [new tag]               alpha/v3.0.0a181        -> alpha/v3.0.0a181
2026-09-20T17:39:33.7035040Z  * [new tag]               alpha/v3.0.0a182        -> alpha/v3.0.0a182
2026-09-20T17:39:33.7035394Z  * [new tag]               alpha/v3.0.0a183        -> alpha/v3.0.0a183
2026-09-20T17:39:33.7035736Z  * [new tag]               alpha/v3.0.0a184        -> alpha/v3.0.0a184
2026-09-20T17:39:33.7036075Z  * [new tag]               alpha/v3.0.0a185        -> alpha/v3.0.0a185
2026-09-20T17:39:33.7036427Z  * [new tag]               alpha/v3.0.0a186        -> alpha/v3.0.0a186
2026-09-20T17:39:33.7036781Z  * [new tag]               alpha/v3.0.0a187        -> alpha/v3.0.0a187
2026-09-20T17:39:33.7037135Z  * [new tag]               alpha/v3.0.0a188        -> alpha/v3.0.0a188
2026-09-20T17:39:33.7037496Z  * [new tag]               alpha/v3.0.0a189        -> alpha/v3.0.0a189
2026-09-20T17:39:33.7037855Z  * [new tag]               alpha/v3.0.0a19         -> alpha/v3.0.0a19
2026-09-20T17:39:33.7038227Z  * [new tag]               alpha/v3.0.0a190        -> alpha/v3.0.0a190
2026-09-20T17:39:33.7038785Z  * [new tag]               alpha/v3.0.0a191        -> alpha/v3.0.0a191
2026-09-20T17:39:33.7039139Z  * [new tag]               alpha/v3.0.0a192        -> alpha/v3.0.0a192
2026-09-20T17:39:33.7039719Z  * [new tag]               alpha/v3.0.0a193        -> alpha/v3.0.0a193
2026-09-20T17:39:33.7040092Z  * [new tag]               alpha/v3.0.0a194        -> alpha/v3.0.0a194
2026-09-20T17:39:33.7040453Z  * [new tag]               alpha/v3.0.0a195        -> alpha/v3.0.0a195
2026-09-20T17:39:33.7040807Z  * [new tag]               alpha/v3.0.0a196        -> alpha/v3.0.0a196
2026-09-20T17:39:33.7041164Z  * [new tag]               alpha/v3.0.0a197        -> alpha/v3.0.0a197
2026-09-20T17:39:33.7041514Z  * [new tag]               alpha/v3.0.0a198        -> alpha/v3.0.0a198
2026-09-20T17:39:33.7041881Z  * [new tag]               alpha/v3.0.0a199        -> alpha/v3.0.0a199
2026-09-20T17:39:33.7042255Z  * [new tag]               alpha/v3.0.0a2          -> alpha/v3.0.0a2
2026-09-20T17:39:33.7042631Z  * [new tag]               alpha/v3.0.0a20         -> alpha/v3.0.0a20
2026-09-20T17:39:33.7042983Z  * [new tag]               alpha/v3.0.0a200        -> alpha/v3.0.0a200
2026-09-20T17:39:33.7043334Z  * [new tag]               alpha/v3.0.0a201        -> alpha/v3.0.0a201
2026-09-20T17:39:33.7043683Z  * [new tag]               alpha/v3.0.0a202        -> alpha/v3.0.0a202
2026-09-20T17:39:33.7044014Z  * [new tag]               alpha/v3.0.0a203        -> alpha/v3.0.0a203
2026-09-20T17:39:33.7044365Z  * [new tag]               alpha/v3.0.0a204        -> alpha/v3.0.0a204
2026-09-20T17:39:33.7044743Z  * [new tag]               alpha/v3.0.0a205        -> alpha/v3.0.0a205
2026-09-20T17:39:33.7045097Z  * [new tag]               alpha/v3.0.0a206        -> alpha/v3.0.0a206
2026-09-20T17:39:33.7045464Z  * [new tag]               alpha/v3.0.0a207        -> alpha/v3.0.0a207
2026-09-20T17:39:33.7046069Z  * [new tag]               alpha/v3.0.0a208        -> alpha/v3.0.0a208
2026-09-20T17:39:33.7046435Z  * [new tag]               alpha/v3.0.0a209        -> alpha/v3.0.0a209
2026-09-20T17:39:33.7046813Z  * [new tag]               alpha/v3.0.0a21         -> alpha/v3.0.0a21
2026-09-20T17:39:33.7047170Z  * [new tag]               alpha/v3.0.0a210        -> alpha/v3.0.0a210
2026-09-20T17:39:33.7047532Z  * [new tag]               alpha/v3.0.0a211        -> alpha/v3.0.0a211
2026-09-20T17:39:33.7047882Z  * [new tag]               alpha/v3.0.0a212        -> alpha/v3.0.0a212
2026-09-20T17:39:33.7048215Z  * [new tag]               alpha/v3.0.0a213        -> alpha/v3.0.0a213
2026-09-20T17:39:33.7048573Z  * [new tag]               alpha/v3.0.0a214        -> alpha/v3.0.0a214
2026-09-20T17:39:33.7048926Z  * [new tag]               alpha/v3.0.0a215        -> alpha/v3.0.0a215
2026-09-20T17:39:33.7049274Z  * [new tag]               alpha/v3.0.0a216        -> alpha/v3.0.0a216
2026-09-20T17:39:33.7049829Z  * [new tag]               alpha/v3.0.0a217        -> alpha/v3.0.0a217
2026-09-20T17:39:33.7050246Z  * [new tag]               alpha/v3.0.0a218        -> alpha/v3.0.0a218
2026-09-20T17:39:33.7050606Z  * [new tag]               alpha/v3.0.0a219        -> alpha/v3.0.0a219
2026-09-20T17:39:33.7050971Z  * [new tag]               alpha/v3.0.0a22         -> alpha/v3.0.0a22
2026-09-20T17:39:33.7051327Z  * [new tag]               alpha/v3.0.0a220        -> alpha/v3.0.0a220
2026-09-20T17:39:33.7051665Z  * [new tag]               alpha/v3.0.0a221        -> alpha/v3.0.0a221
2026-09-20T17:39:33.7052019Z  * [new tag]               alpha/v3.0.0a222        -> alpha/v3.0.0a222
2026-09-20T17:39:33.7052384Z  * [new tag]               alpha/v3.0.0a223        -> alpha/v3.0.0a223
2026-09-20T17:39:33.7052724Z  * [new tag]               alpha/v3.0.0a224        -> alpha/v3.0.0a224
2026-09-20T17:39:33.7053050Z  * [new tag]               alpha/v3.0.0a225        -> alpha/v3.0.0a225
2026-09-20T17:39:33.7053385Z  * [new tag]               alpha/v3.0.0a226        -> alpha/v3.0.0a226
2026-09-20T17:39:33.7053726Z  * [new tag]               alpha/v3.0.0a227        -> alpha/v3.0.0a227
2026-09-20T17:39:33.7054291Z  * [new tag]               alpha/v3.0.0a228        -> alpha/v3.0.0a228
2026-09-20T17:39:33.7054651Z  * [new tag]               alpha/v3.0.0a229        -> alpha/v3.0.0a229
2026-09-20T17:39:33.7054985Z  * [new tag]               alpha/v3.0.0a23         -> alpha/v3.0.0a23
2026-09-20T17:39:33.7055331Z  * [new tag]               alpha/v3.0.0a230        -> alpha/v3.0.0a230
2026-09-20T17:39:33.7055701Z  * [new tag]               alpha/v3.0.0a231        -> alpha/v3.0.0a231
2026-09-20T17:39:33.7056061Z  * [new tag]               alpha/v3.0.0a232        -> alpha/v3.0.0a232
2026-09-20T17:39:33.7056433Z  * [new tag]               alpha/v3.0.0a233        -> alpha/v3.0.0a233
2026-09-20T17:39:33.7056771Z  * [new tag]               alpha/v3.0.0a234        -> alpha/v3.0.0a234
2026-09-20T17:39:33.7057134Z  * [new tag]               alpha/v3.0.0a235        -> alpha/v3.0.0a235
2026-09-20T17:39:33.7057501Z  * [new tag]               alpha/v3.0.0a236        -> alpha/v3.0.0a236
2026-09-20T17:39:33.7057852Z  * [new tag]               alpha/v3.0.0a237        -> alpha/v3.0.0a237
2026-09-20T17:39:33.7058217Z  * [new tag]               alpha/v3.0.0a238        -> alpha/v3.0.0a238
2026-09-20T17:39:33.7058582Z  * [new tag]               alpha/v3.0.0a239        -> alpha/v3.0.0a239
2026-09-20T17:39:33.7058945Z  * [new tag]               alpha/v3.0.0a24         -> alpha/v3.0.0a24
2026-09-20T17:39:33.7059301Z  * [new tag]               alpha/v3.0.0a240        -> alpha/v3.0.0a240
2026-09-20T17:39:33.7059886Z  * [new tag]               alpha/v3.0.0a241        -> alpha/v3.0.0a241
2026-09-20T17:39:33.7060256Z  * [new tag]               alpha/v3.0.0a242        -> alpha/v3.0.0a242
2026-09-20T17:39:33.7060615Z  * [new tag]               alpha/v3.0.0a243        -> alpha/v3.0.0a243
2026-09-20T17:39:33.7060977Z  * [new tag]               alpha/v3.0.0a244        -> alpha/v3.0.0a244
2026-09-20T17:39:33.7061513Z  * [new tag]               alpha/v3.0.0a245        -> alpha/v3.0.0a245
2026-09-20T17:39:33.7061878Z  * [new tag]               alpha/v3.0.0a246        -> alpha/v3.0.0a246
2026-09-20T17:39:33.7062248Z  * [new tag]               alpha/v3.0.0a247        -> alpha/v3.0.0a247
2026-09-20T17:39:33.7062613Z  * [new tag]               alpha/v3.0.0a248        -> alpha/v3.0.0a248
2026-09-20T17:39:33.7062961Z  * [new tag]               alpha/v3.0.0a249        -> alpha/v3.0.0a249
2026-09-20T17:39:33.7063325Z  * [new tag]               alpha/v3.0.0a25         -> alpha/v3.0.0a25
2026-09-20T17:39:33.7063675Z  * [new tag]               alpha/v3.0.0a250        -> alpha/v3.0.0a250
2026-09-20T17:39:33.7064037Z  * [new tag]               alpha/v3.0.0a251        -> alpha/v3.0.0a251
2026-09-20T17:39:33.7064395Z  * [new tag]               alpha/v3.0.0a252        -> alpha/v3.0.0a252
2026-09-20T17:39:33.7064733Z  * [new tag]               alpha/v3.0.0a253        -> alpha/v3.0.0a253
2026-09-20T17:39:33.7065097Z  * [new tag]               alpha/v3.0.0a254        -> alpha/v3.0.0a254
2026-09-20T17:39:33.7065480Z  * [new tag]               alpha/v3.0.0a255        -> alpha/v3.0.0a255
2026-09-20T17:39:33.7065868Z  * [new tag]               alpha/v3.0.0a256        -> alpha/v3.0.0a256
2026-09-20T17:39:33.7066251Z  * [new tag]               alpha/v3.0.0a257        -> alpha/v3.0.0a257
2026-09-20T17:39:33.7066610Z  * [new tag]               alpha/v3.0.0a258        -> alpha/v3.0.0a258
2026-09-20T17:39:33.7066981Z  * [new tag]               alpha/v3.0.0a259        -> alpha/v3.0.0a259
2026-09-20T17:39:33.7067342Z  * [new tag]               alpha/v3.0.0a26         -> alpha/v3.0.0a26
2026-09-20T17:39:33.7067700Z  * [new tag]               alpha/v3.0.0a260        -> alpha/v3.0.0a260
2026-09-20T17:39:33.7068055Z  * [new tag]               alpha/v3.0.0a261        -> alpha/v3.0.0a261
2026-09-20T17:39:33.7068416Z  * [new tag]               alpha/v3.0.0a262        -> alpha/v3.0.0a262
2026-09-20T17:39:33.7068755Z  * [new tag]               alpha/v3.0.0a263        -> alpha/v3.0.0a263
2026-09-20T17:39:33.7069115Z  * [new tag]               alpha/v3.0.0a264        -> alpha/v3.0.0a264
2026-09-20T17:39:33.7069930Z  * [new tag]               alpha/v3.0.0a265        -> alpha/v3.0.0a265
2026-09-20T17:39:33.7070309Z  * [new tag]               alpha/v3.0.0a266        -> alpha/v3.0.0a266
2026-09-20T17:39:33.7070677Z  * [new tag]               alpha/v3.0.0a267        -> alpha/v3.0.0a267
2026-09-20T17:39:33.7071039Z  * [new tag]               alpha/v3.0.0a268        -> alpha/v3.0.0a268
2026-09-20T17:39:33.7071397Z  * [new tag]               alpha/v3.0.0a269        -> alpha/v3.0.0a269
2026-09-20T17:39:33.7071742Z  * [new tag]               alpha/v3.0.0a27         -> alpha/v3.0.0a27
2026-09-20T17:39:33.7072108Z  * [new tag]               alpha/v3.0.0a270        -> alpha/v3.0.0a270
2026-09-20T17:39:33.7072461Z  * [new tag]               alpha/v3.0.0a271        -> alpha/v3.0.0a271
2026-09-20T17:39:33.7072814Z  * [new tag]               alpha/v3.0.0a272        -> alpha/v3.0.0a272
2026-09-20T17:39:33.7073177Z  * [new tag]               alpha/v3.0.0a273        -> alpha/v3.0.0a273
2026-09-20T17:39:33.7073526Z  * [new tag]               alpha/v3.0.0a274        -> alpha/v3.0.0a274
2026-09-20T17:39:33.7073886Z  * [new tag]               alpha/v3.0.0a275        -> alpha/v3.0.0a275
2026-09-20T17:39:33.7074245Z  * [new tag]               alpha/v3.0.0a276        -> alpha/v3.0.0a276
2026-09-20T17:39:33.7074596Z  * [new tag]               alpha/v3.0.0a277        -> alpha/v3.0.0a277
2026-09-20T17:39:33.7074958Z  * [new tag]               alpha/v3.0.0a278        -> alpha/v3.0.0a278
2026-09-20T17:39:33.7075303Z  * [new tag]               alpha/v3.0.0a279        -> alpha/v3.0.0a279
2026-09-20T17:39:33.7075639Z  * [new tag]               alpha/v3.0.0a28         -> alpha/v3.0.0a28
2026-09-20T17:39:33.7075990Z  * [new tag]               alpha/v3.0.0a280        -> alpha/v3.0.0a280
2026-09-20T17:39:33.7076347Z  * [new tag]               alpha/v3.0.0a281        -> alpha/v3.0.0a281
2026-09-20T17:39:33.7076862Z  * [new tag]               alpha/v3.0.0a282        -> alpha/v3.0.0a282
2026-09-20T17:39:33.7077266Z  * [new tag]               alpha/v3.0.0a283        -> alpha/v3.0.0a283
2026-09-20T17:39:33.7077633Z  * [new tag]               alpha/v3.0.0a284        -> alpha/v3.0.0a284
2026-09-20T17:39:33.7077998Z  * [new tag]               alpha/v3.0.0a285        -> alpha/v3.0.0a285
2026-09-20T17:39:33.7078340Z  * [new tag]               alpha/v3.0.0a286        -> alpha/v3.0.0a286
2026-09-20T17:39:33.7078697Z  * [new tag]               alpha/v3.0.0a287        -> alpha/v3.0.0a287
2026-09-20T17:39:33.7079057Z  * [new tag]               alpha/v3.0.0a288        -> alpha/v3.0.0a288
2026-09-20T17:39:33.7079405Z  * [new tag]               alpha/v3.0.0a289        -> alpha/v3.0.0a289
2026-09-20T17:39:33.7080026Z  * [new tag]               alpha/v3.0.0a29         -> alpha/v3.0.0a29
2026-09-20T17:39:33.7080390Z  * [new tag]               alpha/v3.0.0a290        -> alpha/v3.0.0a290
2026-09-20T17:39:33.7080749Z  * [new tag]               alpha/v3.0.0a3          -> alpha/v3.0.0a3
2026-09-20T17:39:33.7081145Z  * [new tag]               alpha/v3.0.0a30         -> alpha/v3.0.0a30
2026-09-20T17:39:33.7081504Z  * [new tag]               alpha/v3.0.0a31         -> alpha/v3.0.0a31
2026-09-20T17:39:33.7081850Z  * [new tag]               alpha/v3.0.0a32         -> alpha/v3.0.0a32
2026-09-20T17:39:33.7082199Z  * [new tag]               alpha/v3.0.0a33         -> alpha/v3.0.0a33
2026-09-20T17:39:33.7082552Z  * [new tag]               alpha/v3.0.0a34         -> alpha/v3.0.0a34
2026-09-20T17:39:33.7082900Z  * [new tag]               alpha/v3.0.0a35         -> alpha/v3.0.0a35
2026-09-20T17:39:33.7083230Z  * [new tag]               alpha/v3.0.0a36         -> alpha/v3.0.0a36
2026-09-20T17:39:33.7083585Z  * [new tag]               alpha/v3.0.0a37         -> alpha/v3.0.0a37
2026-09-20T17:39:33.7083935Z  * [new tag]               alpha/v3.0.0a38         -> alpha/v3.0.0a38
2026-09-20T17:39:33.7084269Z  * [new tag]               alpha/v3.0.0a39         -> alpha/v3.0.0a39
2026-09-20T17:39:33.7084616Z  * [new tag]               alpha/v3.0.0a4          -> alpha/v3.0.0a4
2026-09-20T17:39:33.7085173Z  * [new tag]               alpha/v3.0.0a40         -> alpha/v3.0.0a40
2026-09-20T17:39:33.7085528Z  * [new tag]               alpha/v3.0.0a41         -> alpha/v3.0.0a41
2026-09-20T17:39:33.7085868Z  * [new tag]               alpha/v3.0.0a42         -> alpha/v3.0.0a42
2026-09-20T17:39:33.7086193Z  * [new tag]               alpha/v3.0.0a43         -> alpha/v3.0.0a43
2026-09-20T17:39:33.7086546Z  * [new tag]               alpha/v3.0.0a44         -> alpha/v3.0.0a44
2026-09-20T17:39:33.7086891Z  * [new tag]               alpha/v3.0.0a45         -> alpha/v3.0.0a45
2026-09-20T17:39:33.7087235Z  * [new tag]               alpha/v3.0.0a46         -> alpha/v3.0.0a46
2026-09-20T17:39:33.7087570Z  * [new tag]               alpha/v3.0.0a47         -> alpha/v3.0.0a47
2026-09-20T17:39:33.7087917Z  * [new tag]               alpha/v3.0.0a48         -> alpha/v3.0.0a48
2026-09-20T17:39:33.7088288Z  * [new tag]               alpha/v3.0.0a49         -> alpha/v3.0.0a49
2026-09-20T17:39:33.7088656Z  * [new tag]               alpha/v3.0.0a5          -> alpha/v3.0.0a5
2026-09-20T17:39:33.7089009Z  * [new tag]               alpha/v3.0.0a50         -> alpha/v3.0.0a50
2026-09-20T17:39:33.7089346Z  * [new tag]               alpha/v3.0.0a51         -> alpha/v3.0.0a51
2026-09-20T17:39:33.7089874Z  * [new tag]               alpha/v3.0.0a52         -> alpha/v3.0.0a52
2026-09-20T17:39:33.7090207Z  * [new tag]               alpha/v3.0.0a53         -> alpha/v3.0.0a53
2026-09-20T17:39:33.7090544Z  * [new tag]               alpha/v3.0.0a54         -> alpha/v3.0.0a54
2026-09-20T17:39:33.7090881Z  * [new tag]               alpha/v3.0.0a55         -> alpha/v3.0.0a55
2026-09-20T17:39:33.7091234Z  * [new tag]               alpha/v3.0.0a56         -> alpha/v3.0.0a56
2026-09-20T17:39:33.7091578Z  * [new tag]               alpha/v3.0.0a57         -> alpha/v3.0.0a57
2026-09-20T17:39:33.7091920Z  * [new tag]               alpha/v3.0.0a58         -> alpha/v3.0.0a58
2026-09-20T17:39:33.7092430Z  * [new tag]               alpha/v3.0.0a59         -> alpha/v3.0.0a59
2026-09-20T17:39:33.7092805Z  * [new tag]               alpha/v3.0.0a6          -> alpha/v3.0.0a6
2026-09-20T17:39:33.7093156Z  * [new tag]               alpha/v3.0.0a60         -> alpha/v3.0.0a60
2026-09-20T17:39:33.7093499Z  * [new tag]               alpha/v3.0.0a61         -> alpha/v3.0.0a61
2026-09-20T17:39:33.7093848Z  * [new tag]               alpha/v3.0.0a62         -> alpha/v3.0.0a62
2026-09-20T17:39:33.7094199Z  * [new tag]               alpha/v3.0.0a63         -> alpha/v3.0.0a63
2026-09-20T17:39:33.7094554Z  * [new tag]               alpha/v3.0.0a64         -> alpha/v3.0.0a64
2026-09-20T17:39:33.7094902Z  * [new tag]               alpha/v3.0.0a65         -> alpha/v3.0.0a65
2026-09-20T17:39:33.7095265Z  * [new tag]               alpha/v3.0.0a66         -> alpha/v3.0.0a66
2026-09-20T17:39:33.7095599Z  * [new tag]               alpha/v3.0.0a67         -> alpha/v3.0.0a67
2026-09-20T17:39:33.7095970Z  * [new tag]               alpha/v3.0.0a68         -> alpha/v3.0.0a68
2026-09-20T17:39:33.7096338Z  * [new tag]               alpha/v3.0.0a69         -> alpha/v3.0.0a69
2026-09-20T17:39:33.7096696Z  * [new tag]               alpha/v3.0.0a7          -> alpha/v3.0.0a7
2026-09-20T17:39:33.7097060Z  * [new tag]               alpha/v3.0.0a70         -> alpha/v3.0.0a70
2026-09-20T17:39:33.7097404Z  * [new tag]               alpha/v3.0.0a71         -> alpha/v3.0.0a71
2026-09-20T17:39:33.7097772Z  * [new tag]               alpha/v3.0.0a72         -> alpha/v3.0.0a72
2026-09-20T17:39:33.7098119Z  * [new tag]               alpha/v3.0.0a73         -> alpha/v3.0.0a73
2026-09-20T17:39:33.7098449Z  * [new tag]               alpha/v3.0.0a74         -> alpha/v3.0.0a74
2026-09-20T17:39:33.7098792Z  * [new tag]               alpha/v3.0.0a75         -> alpha/v3.0.0a75
2026-09-20T17:39:33.7099144Z  * [new tag]               alpha/v3.0.0a76         -> alpha/v3.0.0a76
2026-09-20T17:39:33.7099766Z  * [new tag]               alpha/v3.0.0a77         -> alpha/v3.0.0a77
2026-09-20T17:39:33.7100357Z  * [new tag]               alpha/v3.0.0a78         -> alpha/v3.0.0a78
2026-09-20T17:39:33.7100722Z  * [new tag]               alpha/v3.0.0a79         -> alpha/v3.0.0a79
2026-09-20T17:39:33.7101088Z  * [new tag]               alpha/v3.0.0a8          -> alpha/v3.0.0a8
2026-09-20T17:39:33.7101434Z  * [new tag]               alpha/v3.0.0a80         -> alpha/v3.0.0a80
2026-09-20T17:39:33.7101789Z  * [new tag]               alpha/v3.0.0a81         -> alpha/v3.0.0a81
2026-09-20T17:39:33.7102130Z  * [new tag]               alpha/v3.0.0a82         -> alpha/v3.0.0a82
2026-09-20T17:39:33.7102461Z  * [new tag]               alpha/v3.0.0a83         -> alpha/v3.0.0a83
2026-09-20T17:39:33.7102819Z  * [new tag]               alpha/v3.0.0a84         -> alpha/v3.0.0a84
2026-09-20T17:39:33.7103172Z  * [new tag]               alpha/v3.0.0a85         -> alpha/v3.0.0a85
2026-09-20T17:39:33.7103501Z  * [new tag]               alpha/v3.0.0a86         -> alpha/v3.0.0a86
2026-09-20T17:39:33.7103849Z  * [new tag]               alpha/v3.0.0a87         -> alpha/v3.0.0a87
2026-09-20T17:39:33.7104180Z  * [new tag]               alpha/v3.0.0a88         -> alpha/v3.0.0a88
2026-09-20T17:39:33.7104526Z  * [new tag]               alpha/v3.0.0a89         -> alpha/v3.0.0a89
2026-09-20T17:39:33.7104883Z  * [new tag]               alpha/v3.0.0a9          -> alpha/v3.0.0a9
2026-09-20T17:39:33.7105230Z  * [new tag]               alpha/v3.0.0a90         -> alpha/v3.0.0a90
2026-09-20T17:39:33.7105570Z  * [new tag]               alpha/v3.0.0a91         -> alpha/v3.0.0a91
2026-09-20T17:39:33.7105899Z  * [new tag]               alpha/v3.0.0a92         -> alpha/v3.0.0a92
2026-09-20T17:39:33.7106259Z  * [new tag]               alpha/v3.0.0a93         -> alpha/v3.0.0a93
2026-09-20T17:39:33.7106609Z  * [new tag]               alpha/v3.0.0a94         -> alpha/v3.0.0a94
2026-09-20T17:39:33.7106942Z  * [new tag]               alpha/v3.0.0a95         -> alpha/v3.0.0a95
2026-09-20T17:39:33.7107463Z  * [new tag]               alpha/v3.0.0a96         -> alpha/v3.0.0a96
2026-09-20T17:39:33.7107832Z  * [new tag]               alpha/v3.0.0a97         -> alpha/v3.0.0a97
2026-09-20T17:39:33.7108159Z  * [new tag]               alpha/v3.0.0a98         -> alpha/v3.0.0a98
2026-09-20T17:39:33.7108509Z  * [new tag]               alpha/v3.0.0a99         -> alpha/v3.0.0a99
2026-09-20T17:39:33.7108860Z  * [new tag]               alpha/v3.0.1a1          -> alpha/v3.0.1a1
2026-09-20T17:39:33.7109210Z  * [new tag]               alpha/v3.0.1a2          -> alpha/v3.0.1a2
2026-09-20T17:39:33.7109769Z  * [new tag]               alpha/v3.1.0a1          -> alpha/v3.1.0a1
2026-09-20T17:39:33.7110120Z  * [new tag]               alpha/v3.1.0a10         -> alpha/v3.1.0a10
2026-09-20T17:39:33.7110484Z  * [new tag]               alpha/v3.1.0a11         -> alpha/v3.1.0a11
2026-09-20T17:39:33.7110832Z  * [new tag]               alpha/v3.1.0a12         -> alpha/v3.1.0a12
2026-09-20T17:39:33.7111203Z  * [new tag]               alpha/v3.1.0a13         -> alpha/v3.1.0a13
2026-09-20T17:39:33.7111552Z  * [new tag]               alpha/v3.1.0a2          -> alpha/v3.1.0a2
2026-09-20T17:39:33.7111888Z  * [new tag]               alpha/v3.1.0a3          -> alpha/v3.1.0a3
2026-09-20T17:39:33.7112273Z  * [new tag]               alpha/v3.1.0a4          -> alpha/v3.1.0a4
2026-09-20T17:39:33.7112674Z  * [new tag]               alpha/v3.1.0a5          -> alpha/v3.1.0a5
2026-09-20T17:39:33.7113159Z  * [new tag]               feature_hol-guard_1.0.0 -> feature_hol-guard_1.0.0
2026-09-20T17:39:33.7113506Z  * [new tag]               v1                      -> v1
2026-09-20T17:39:33.7113864Z  * [new tag]               v1.0.0                  -> v1.0.0
2026-09-20T17:39:33.7114215Z  * [new tag]               v1.1.0                  -> v1.1.0
2026-09-20T17:39:33.7114524Z  * [new tag]               v1.2.0                  -> v1.2.0
2026-09-20T17:39:33.7114826Z  * [new tag]               v1.2.25                 -> v1.2.25
2026-09-20T17:39:33.7115238Z  * [new tag]               v1.3.0                  -> v1.3.0
2026-09-20T17:39:33.7116406Z  * [new tag]               v1.3.0.dev43            -> v1.3.0.dev43
2026-09-20T17:39:33.7116842Z  * [new tag]               v1.3.0.post44           -> v1.3.0.post44
2026-09-20T17:39:33.7117201Z  * [new tag]               v1.4.0                  -> v1.4.0
2026-09-20T17:39:33.7117519Z  * [new tag]               v1.4.1                  -> v1.4.1
2026-09-20T17:39:33.7117831Z  * [new tag]               v1.4.10                 -> v1.4.10
2026-09-20T17:39:33.7118158Z  * [new tag]               v1.4.11                 -> v1.4.11
2026-09-20T17:39:33.7118494Z  * [new tag]               v1.4.12                 -> v1.4.12
2026-09-20T17:39:33.7118809Z  * [new tag]               v1.4.13                 -> v1.4.13
2026-09-20T17:39:33.7119097Z  * [new tag]               v1.4.14                 -> v1.4.14
2026-09-20T17:39:33.7119415Z  * [new tag]               v1.4.15                 -> v1.4.15
2026-09-20T17:39:33.7120008Z  * [new tag]               v1.4.16                 -> v1.4.16
2026-09-20T17:39:33.7120341Z  * [new tag]               v1.4.2                  -> v1.4.2
2026-09-20T17:39:33.7120655Z  * [new tag]               v1.4.3                  -> v1.4.3
2026-09-20T17:39:33.7120984Z  * [new tag]               v1.4.4                  -> v1.4.4
2026-09-20T17:39:33.7121338Z  * [new tag]               v1.4.5                  -> v1.4.5
2026-09-20T17:39:33.7121668Z  * [new tag]               v1.4.6                  -> v1.4.6
2026-09-20T17:39:33.7121960Z  * [new tag]               v1.4.7                  -> v1.4.7
2026-09-20T17:39:33.7122304Z  * [new tag]               v1.4.8                  -> v1.4.8
2026-09-20T17:39:33.7122615Z  * [new tag]               v1.4.9                  -> v1.4.9
2026-09-20T17:39:33.7122924Z  * [new tag]               v2.0.0                  -> v2.0.0
2026-09-20T17:39:33.7123230Z  * [new tag]               v2.0.1                  -> v2.0.1
2026-09-20T17:39:33.7123561Z  * [new tag]               v2.0.100                -> v2.0.100
2026-09-20T17:39:33.7124064Z  * [new tag]               v2.0.1000               -> v2.0.1000
2026-09-20T17:39:33.7124382Z  * [new tag]               v2.0.1001               -> v2.0.1001
2026-09-20T17:39:33.7124695Z  * [new tag]               v2.0.1002               -> v2.0.1002
2026-09-20T17:39:33.7125017Z  * [new tag]               v2.0.1003               -> v2.0.1003
2026-09-20T17:39:33.7125330Z  * [new tag]               v2.0.1004               -> v2.0.1004
2026-09-20T17:39:33.7125638Z  * [new tag]               v2.0.1005               -> v2.0.1005
2026-09-20T17:39:33.7125936Z  * [new tag]               v2.0.1006               -> v2.0.1006
2026-09-20T17:39:33.7126262Z  * [new tag]               v2.0.1007               -> v2.0.1007
2026-09-20T17:39:33.7126574Z  * [new tag]               v2.0.1008               -> v2.0.1008
2026-09-20T17:39:33.7126872Z  * [new tag]               v2.0.1009               -> v2.0.1009
2026-09-20T17:39:33.7127194Z  * [new tag]               v2.0.101                -> v2.0.101
2026-09-20T17:39:33.7127528Z  * [new tag]               v2.0.1010               -> v2.0.1010
2026-09-20T17:39:33.7127858Z  * [new tag]               v2.0.1011               -> v2.0.1011
2026-09-20T17:39:33.7128176Z  * [new tag]               v2.0.1012               -> v2.0.1012
2026-09-20T17:39:33.7128472Z  * [new tag]               v2.0.1013               -> v2.0.1013
2026-09-20T17:39:33.7128773Z  * [new tag]               v2.0.1014               -> v2.0.1014
2026-09-20T17:39:33.7129097Z  * [new tag]               v2.0.1015               -> v2.0.1015
2026-09-20T17:39:33.7129409Z  * [new tag]               v2.0.1016               -> v2.0.1016
2026-09-20T17:39:33.7129960Z  * [new tag]               v2.0.1017               -> v2.0.1017
2026-09-20T17:39:33.7130277Z  * [new tag]               v2.0.1018               -> v2.0.1018
2026-09-20T17:39:33.7130595Z  * [new tag]               v2.0.1019               -> v2.0.1019
2026-09-20T17:39:33.7130921Z  * [new tag]               v2.0.102                -> v2.0.102
2026-09-20T17:39:33.7131243Z  * [new tag]               v2.0.1020               -> v2.0.1020
2026-09-20T17:39:33.7131724Z  * [new tag]               v2.0.1021               -> v2.0.1021
2026-09-20T17:39:33.7132021Z  * [new tag]               v2.0.1022               -> v2.0.1022
2026-09-20T17:39:33.7132341Z  * [new tag]               v2.0.1023               -> v2.0.1023
2026-09-20T17:39:33.7132659Z  * [new tag]               v2.0.1024               -> v2.0.1024
2026-09-20T17:39:33.7132964Z  * [new tag]               v2.0.1025               -> v2.0.1025
2026-09-20T17:39:33.7133267Z  * [new tag]               v2.0.1026               -> v2.0.1026
2026-09-20T17:39:33.7133568Z  * [new tag]               v2.0.1027               -> v2.0.1027
2026-09-20T17:39:33.7133860Z  * [new tag]               v2.0.1028               -> v2.0.1028
2026-09-20T17:39:33.7134165Z  * [new tag]               v2.0.1029               -> v2.0.1029
2026-09-20T17:39:33.7134479Z  * [new tag]               v2.0.103                -> v2.0.103
2026-09-20T17:39:33.7134811Z  * [new tag]               v2.0.1030               -> v2.0.1030
2026-09-20T17:39:33.7135136Z  * [new tag]               v2.0.1031               -> v2.0.1031
2026-09-20T17:39:33.7135433Z  * [new tag]               v2.0.1032               -> v2.0.1032
2026-09-20T17:39:33.7135737Z  * [new tag]               v2.0.1033               -> v2.0.1033
2026-09-20T17:39:33.7136049Z  * [new tag]               v2.0.1034               -> v2.0.1034
2026-09-20T17:39:33.7136365Z  * [new tag]               v2.0.1035               -> v2.0.1035
2026-09-20T17:39:33.7136669Z  * [new tag]               v2.0.1036               -> v2.0.1036
2026-09-20T17:39:33.7136960Z  * [new tag]               v2.0.1037               -> v2.0.1037
2026-09-20T17:39:33.7137255Z  * [new tag]               v2.0.1038               -> v2.0.1038
2026-09-20T17:39:33.7137541Z  * [new tag]               v2.0.1039               -> v2.0.1039
2026-09-20T17:39:33.7137850Z  * [new tag]               v2.0.104                -> v2.0.104
2026-09-20T17:39:33.7138374Z  * [new tag]               v2.0.1040               -> v2.0.1040
2026-09-20T17:39:33.7138714Z  * [new tag]               v2.0.1041               -> v2.0.1041
2026-09-20T17:39:33.7139026Z  * [new tag]               v2.0.1042               -> v2.0.1042
2026-09-20T17:39:33.7139326Z  * [new tag]               v2.0.1043               -> v2.0.1043
2026-09-20T17:39:33.7140368Z  * [new tag]               v2.0.1044               -> v2.0.1044
2026-09-20T17:39:33.7140743Z  * [new tag]               v2.0.1045               -> v2.0.1045
2026-09-20T17:39:33.7140990Z  * [new tag]               v2.0.1046               -> v2.0.1046
2026-09-20T17:39:33.7141228Z  * [new tag]               v2.0.1047               -> v2.0.1047
2026-09-20T17:39:33.7141472Z  * [new tag]               v2.0.1048               -> v2.0.1048
2026-09-20T17:39:33.7141701Z  * [new tag]               v2.0.1049               -> v2.0.1049
2026-09-20T17:39:33.7141938Z  * [new tag]               v2.0.105                -> v2.0.105
2026-09-20T17:39:33.7142196Z  * [new tag]               v2.0.1050               -> v2.0.1050
2026-09-20T17:39:33.7142446Z  * [new tag]               v2.0.1051               -> v2.0.1051
2026-09-20T17:39:33.7142689Z  * [new tag]               v2.0.1052               -> v2.0.1052
2026-09-20T17:39:33.7142923Z  * [new tag]               v2.0.1053               -> v2.0.1053
2026-09-20T17:39:33.7143166Z  * [new tag]               v2.0.1054               -> v2.0.1054
2026-09-20T17:39:33.7143405Z  * [new tag]               v2.0.1055               -> v2.0.1055
2026-09-20T17:39:33.7143647Z  * [new tag]               v2.0.1056               -> v2.0.1056
2026-09-20T17:39:33.7143887Z  * [new tag]               v2.0.1057               -> v2.0.1057
2026-09-20T17:39:33.7144122Z  * [new tag]               v2.0.1058               -> v2.0.1058
2026-09-20T17:39:33.7144363Z  * [new tag]               v2.0.1059               -> v2.0.1059
2026-09-20T17:39:33.7144600Z  * [new tag]               v2.0.106                -> v2.0.106
2026-09-20T17:39:33.7144847Z  * [new tag]               v2.0.1060               -> v2.0.1060
2026-09-20T17:39:33.7145326Z  * [new tag]               v2.0.1061               -> v2.0.1061
2026-09-20T17:39:33.7145563Z  * [new tag]               v2.0.1062               -> v2.0.1062
2026-09-20T17:39:33.7145805Z  * [new tag]               v2.0.1063               -> v2.0.1063
2026-09-20T17:39:33.7146048Z  * [new tag]               v2.0.1064               -> v2.0.1064
2026-09-20T17:39:33.7146281Z  * [new tag]               v2.0.1065               -> v2.0.1065
2026-09-20T17:39:33.7146519Z  * [new tag]               v2.0.1066               -> v2.0.1066
2026-09-20T17:39:33.7146753Z  * [new tag]               v2.0.1067               -> v2.0.1067
2026-09-20T17:39:33.7146993Z  * [new tag]               v2.0.1068               -> v2.0.1068
2026-09-20T17:39:33.7147232Z  * [new tag]               v2.0.1069               -> v2.0.1069
2026-09-20T17:39:33.7147465Z  * [new tag]               v2.0.107                -> v2.0.107
2026-09-20T17:39:33.7147716Z  * [new tag]               v2.0.1070               -> v2.0.1070
2026-09-20T17:39:33.7147957Z  * [new tag]               v2.0.1071               -> v2.0.1071
2026-09-20T17:39:33.7148200Z  * [new tag]               v2.0.1072               -> v2.0.1072
2026-09-20T17:39:33.7148437Z  * [new tag]               v2.0.1073               -> v2.0.1073
2026-09-20T17:39:33.7148672Z  * [new tag]               v2.0.1074               -> v2.0.1074
2026-09-20T17:39:33.7148915Z  * [new tag]               v2.0.1075               -> v2.0.1075
2026-09-20T17:39:33.7149148Z  * [new tag]               v2.0.1076               -> v2.0.1076
2026-09-20T17:39:33.7149387Z  * [new tag]               v2.0.1077               -> v2.0.1077
2026-09-20T17:39:33.7149884Z  * [new tag]               v2.0.1078               -> v2.0.1078
2026-09-20T17:39:33.7150125Z  * [new tag]               v2.0.1079               -> v2.0.1079
2026-09-20T17:39:33.7150364Z  * [new tag]               v2.0.108                -> v2.0.108
2026-09-20T17:39:33.7150756Z  * [new tag]               v2.0.1080               -> v2.0.1080
2026-09-20T17:39:33.7151004Z  * [new tag]               v2.0.1081               -> v2.0.1081
2026-09-20T17:39:33.7151245Z  * [new tag]               v2.0.1082               -> v2.0.1082
2026-09-20T17:39:33.7151481Z  * [new tag]               v2.0.1083               -> v2.0.1083
2026-09-20T17:39:33.7151721Z  * [new tag]               v2.0.1084               -> v2.0.1084
2026-09-20T17:39:33.7151958Z  * [new tag]               v2.0.1085               -> v2.0.1085
2026-09-20T17:39:33.7152193Z  * [new tag]               v2.0.1086               -> v2.0.1086
2026-09-20T17:39:33.7152432Z  * [new tag]               v2.0.1087               -> v2.0.1087
2026-09-20T17:39:33.7152667Z  * [new tag]               v2.0.1088               -> v2.0.1088
2026-09-20T17:39:33.7152908Z  * [new tag]               v2.0.1089               -> v2.0.1089
2026-09-20T17:39:33.7153152Z  * [new tag]               v2.0.109                -> v2.0.109
2026-09-20T17:39:33.7153350Z  * [new tag]               v2.0.1090               -> v2.0.1090
2026-09-20T17:39:33.7153555Z  * [new tag]               v2.0.1091               -> v2.0.1091
2026-09-20T17:39:33.7153748Z  * [new tag]               v2.0.1092               -> v2.0.1092
2026-09-20T17:39:33.7153946Z  * [new tag]               v2.0.1093               -> v2.0.1093
2026-09-20T17:39:33.7154152Z  * [new tag]               v2.0.1094               -> v2.0.1094
2026-09-20T17:39:33.7154348Z  * [new tag]               v2.0.1095               -> v2.0.1095
2026-09-20T17:39:33.7154546Z  * [new tag]               v2.0.1096               -> v2.0.1096
2026-09-20T17:39:33.7154749Z  * [new tag]               v2.0.1097               -> v2.0.1097
2026-09-20T17:39:33.7154949Z  * [new tag]               v2.0.1098               -> v2.0.1098
2026-09-20T17:39:33.7155149Z  * [new tag]               v2.0.1099               -> v2.0.1099
2026-09-20T17:39:33.7155351Z  * [new tag]               v2.0.11                 -> v2.0.11
2026-09-20T17:39:33.7155565Z  * [new tag]               v2.0.110                -> v2.0.110
2026-09-20T17:39:33.7155903Z  * [new tag]               v2.0.1100               -> v2.0.1100
2026-09-20T17:39:33.7156097Z  * [new tag]               v2.0.1101               -> v2.0.1101
2026-09-20T17:39:33.7156294Z  * [new tag]               v2.0.1102               -> v2.0.1102
2026-09-20T17:39:33.7156485Z  * [new tag]               v2.0.1103               -> v2.0.1103
2026-09-20T17:39:33.7156685Z  * [new tag]               v2.0.1104               -> v2.0.1104
2026-09-20T17:39:33.7156885Z  * [new tag]               v2.0.1105               -> v2.0.1105
2026-09-20T17:39:33.7157078Z  * [new tag]               v2.0.1106               -> v2.0.1106
2026-09-20T17:39:33.7157278Z  * [new tag]               v2.0.1107               -> v2.0.1107
2026-09-20T17:39:33.7157469Z  * [new tag]               v2.0.1108               -> v2.0.1108
2026-09-20T17:39:33.7157670Z  * [new tag]               v2.0.1109               -> v2.0.1109
2026-09-20T17:39:33.7157886Z  * [new tag]               v2.0.111                -> v2.0.111
2026-09-20T17:39:33.7158091Z  * [new tag]               v2.0.1110               -> v2.0.1110
2026-09-20T17:39:33.7158291Z  * [new tag]               v2.0.1111               -> v2.0.1111
2026-09-20T17:39:33.7158494Z  * [new tag]               v2.0.1112               -> v2.0.1112
2026-09-20T17:39:33.7158694Z  * [new tag]               v2.0.1113               -> v2.0.1113
2026-09-20T17:39:33.7158896Z  * [new tag]               v2.0.1114               -> v2.0.1114
2026-09-20T17:39:33.7159089Z  * [new tag]               v2.0.1115               -> v2.0.1115
2026-09-20T17:39:33.7159295Z  * [new tag]               v2.0.1116               -> v2.0.1116
2026-09-20T17:39:33.7159910Z  * [new tag]               v2.0.112                -> v2.0.112
2026-09-20T17:39:33.7160189Z  * [new tag]               v2.0.1121               -> v2.0.1121
2026-09-20T17:39:33.7160401Z  * [new tag]               v2.0.1122               -> v2.0.1122
2026-09-20T17:39:33.7160733Z  * [new tag]               v2.0.1123               -> v2.0.1123
2026-09-20T17:39:33.7160946Z  * [new tag]               v2.0.1124               -> v2.0.1124
2026-09-20T17:39:33.7161149Z  * [new tag]               v2.0.1125               -> v2.0.1125
2026-09-20T17:39:33.7161339Z  * [new tag]               v2.0.1127               -> v2.0.1127
2026-09-20T17:39:33.7161540Z  * [new tag]               v2.0.113                -> v2.0.113
2026-09-20T17:39:33.7161733Z  * [new tag]               v2.0.114                -> v2.0.114
2026-09-20T17:39:33.7161929Z  * [new tag]               v2.0.115                -> v2.0.115
2026-09-20T17:39:33.7162124Z  * [new tag]               v2.0.116                -> v2.0.116
2026-09-20T17:39:33.7162314Z  * [new tag]               v2.0.117                -> v2.0.117
2026-09-20T17:39:33.7162534Z  * [new tag]               v2.0.118                -> v2.0.118
2026-09-20T17:39:33.7162742Z  * [new tag]               v2.0.119                -> v2.0.119
2026-09-20T17:39:33.7162945Z  * [new tag]               v2.0.12                 -> v2.0.12
2026-09-20T17:39:33.7163152Z  * [new tag]               v2.0.120                -> v2.0.120
2026-09-20T17:39:33.7163343Z  * [new tag]               v2.0.121                -> v2.0.121
2026-09-20T17:39:33.7163542Z  * [new tag]               v2.0.122                -> v2.0.122
2026-09-20T17:39:33.7163742Z  * [new tag]               v2.0.123                -> v2.0.123
2026-09-20T17:39:33.7163933Z  * [new tag]               v2.0.124                -> v2.0.124
2026-09-20T17:39:33.7164132Z  * [new tag]               v2.0.125                -> v2.0.125
2026-09-20T17:39:33.7164323Z  * [new tag]               v2.0.126                -> v2.0.126
2026-09-20T17:39:33.7164524Z  * [new tag]               v2.0.127                -> v2.0.127
2026-09-20T17:39:33.7164724Z  * [new tag]               v2.0.128                -> v2.0.128
2026-09-20T17:39:33.7164915Z  * [new tag]               v2.0.129                -> v2.0.129
2026-09-20T17:39:33.7165123Z  * [new tag]               v2.0.13                 -> v2.0.13
2026-09-20T17:39:33.7165448Z  * [new tag]               v2.0.130                -> v2.0.130
2026-09-20T17:39:33.7165652Z  * [new tag]               v2.0.131                -> v2.0.131
2026-09-20T17:39:33.7165850Z  * [new tag]               v2.0.132                -> v2.0.132
2026-09-20T17:39:33.7166045Z  * [new tag]               v2.0.133                -> v2.0.133
2026-09-20T17:39:33.7166245Z  * [new tag]               v2.0.134                -> v2.0.134
2026-09-20T17:39:33.7166442Z  * [new tag]               v2.0.135                -> v2.0.135
2026-09-20T17:39:33.7166634Z  * [new tag]               v2.0.136                -> v2.0.136
2026-09-20T17:39:33.7166829Z  * [new tag]               v2.0.137                -> v2.0.137
2026-09-20T17:39:33.7167020Z  * [new tag]               v2.0.138                -> v2.0.138
2026-09-20T17:39:33.7167220Z  * [new tag]               v2.0.139                -> v2.0.139
2026-09-20T17:39:33.7167427Z  * [new tag]               v2.0.14                 -> v2.0.14
2026-09-20T17:39:33.7167626Z  * [new tag]               v2.0.140                -> v2.0.140
2026-09-20T17:39:33.7167819Z  * [new tag]               v2.0.141                -> v2.0.141
2026-09-20T17:39:33.7168008Z  * [new tag]               v2.0.142                -> v2.0.142
2026-09-20T17:39:33.7168204Z  * [new tag]               v2.0.143                -> v2.0.143
2026-09-20T17:39:33.7168401Z  * [new tag]               v2.0.144                -> v2.0.144
2026-09-20T17:39:33.7168594Z  * [new tag]               v2.0.145                -> v2.0.145
2026-09-20T17:39:33.7168788Z  * [new tag]               v2.0.146                -> v2.0.146
2026-09-20T17:39:33.7168979Z  * [new tag]               v2.0.147                -> v2.0.147
2026-09-20T17:39:33.7169176Z  * [new tag]               v2.0.148                -> v2.0.148
2026-09-20T17:39:33.7169376Z  * [new tag]               v2.0.149                -> v2.0.149
2026-09-20T17:39:33.7169734Z  * [new tag]               v2.0.15                 -> v2.0.15
2026-09-20T17:39:33.7170078Z  * [new tag]               v2.0.150                -> v2.0.150
2026-09-20T17:39:33.7170284Z  * [new tag]               v2.0.151                -> v2.0.151
2026-09-20T17:39:33.7170478Z  * [new tag]               v2.0.152                -> v2.0.152
2026-09-20T17:39:33.7170672Z  * [new tag]               v2.0.153                -> v2.0.153
2026-09-20T17:39:33.7170863Z  * [new tag]               v2.0.154                -> v2.0.154
2026-09-20T17:39:33.7171061Z  * [new tag]               v2.0.155                -> v2.0.155
2026-09-20T17:39:33.7171259Z  * [new tag]               v2.0.156                -> v2.0.156
2026-09-20T17:39:33.7171446Z  * [new tag]               v2.0.157                -> v2.0.157
2026-09-20T17:39:33.7171641Z  * [new tag]               v2.0.158                -> v2.0.158
2026-09-20T17:39:33.7171830Z  * [new tag]               v2.0.159                -> v2.0.159
2026-09-20T17:39:33.7172027Z  * [new tag]               v2.0.16                 -> v2.0.16
2026-09-20T17:39:33.7172229Z  * [new tag]               v2.0.160                -> v2.0.160
2026-09-20T17:39:33.7172425Z  * [new tag]               v2.0.161                -> v2.0.161
2026-09-20T17:39:33.7172622Z  * [new tag]               v2.0.162                -> v2.0.162
2026-09-20T17:39:33.7172812Z  * [new tag]               v2.0.163                -> v2.0.163
2026-09-20T17:39:33.7173017Z  * [new tag]               v2.0.164                -> v2.0.164
2026-09-20T17:39:33.7173214Z  * [new tag]               v2.0.165                -> v2.0.165
2026-09-20T17:39:33.7173405Z  * [new tag]               v2.0.166                -> v2.0.166
2026-09-20T17:39:33.7173603Z  * [new tag]               v2.0.167                -> v2.0.167
2026-09-20T17:39:33.7173800Z  * [new tag]               v2.0.168                -> v2.0.168
2026-09-20T17:39:33.7173991Z  * [new tag]               v2.0.169                -> v2.0.169
2026-09-20T17:39:33.7174187Z  * [new tag]               v2.0.17                 -> v2.0.17
2026-09-20T17:39:33.7174383Z  * [new tag]               v2.0.170                -> v2.0.170
2026-09-20T17:39:33.7174705Z  * [new tag]               v2.0.171                -> v2.0.171
2026-09-20T17:39:33.7174899Z  * [new tag]               v2.0.172                -> v2.0.172
2026-09-20T17:39:33.7175095Z  * [new tag]               v2.0.173                -> v2.0.173
2026-09-20T17:39:33.7175292Z  * [new tag]               v2.0.174                -> v2.0.174
2026-09-20T17:39:33.7175484Z  * [new tag]               v2.0.175                -> v2.0.175
2026-09-20T17:39:33.7175680Z  * [new tag]               v2.0.176                -> v2.0.176
2026-09-20T17:39:33.7175879Z  * [new tag]               v2.0.177                -> v2.0.177
2026-09-20T17:39:33.7176069Z  * [new tag]               v2.0.178                -> v2.0.178
2026-09-20T17:39:33.7176270Z  * [new tag]               v2.0.179                -> v2.0.179
2026-09-20T17:39:33.7176462Z  * [new tag]               v2.0.18                 -> v2.0.18
2026-09-20T17:39:33.7176669Z  * [new tag]               v2.0.180                -> v2.0.180
2026-09-20T17:39:33.7176871Z  * [new tag]               v2.0.181                -> v2.0.181
2026-09-20T17:39:33.7177060Z  * [new tag]               v2.0.182                -> v2.0.182
2026-09-20T17:39:33.7177262Z  * [new tag]               v2.0.183                -> v2.0.183
2026-09-20T17:39:33.7177457Z  * [new tag]               v2.0.184                -> v2.0.184
2026-09-20T17:39:33.7177648Z  * [new tag]               v2.0.185                -> v2.0.185
2026-09-20T17:39:33.7177842Z  * [new tag]               v2.0.186                -> v2.0.186
2026-09-20T17:39:33.7178032Z  * [new tag]               v2.0.187                -> v2.0.187
2026-09-20T17:39:33.7178230Z  * [new tag]               v2.0.188                -> v2.0.188
2026-09-20T17:39:33.7178427Z  * [new tag]               v2.0.189                -> v2.0.189
2026-09-20T17:39:33.7178619Z  * [new tag]               v2.0.19                 -> v2.0.19
2026-09-20T17:39:33.7178958Z  * [new tag]               v2.0.190                -> v2.0.190
2026-09-20T17:39:33.7179166Z  * [new tag]               v2.0.191                -> v2.0.191
2026-09-20T17:39:33.7179366Z  * [new tag]               v2.0.192                -> v2.0.192
2026-09-20T17:39:33.7179740Z  * [new tag]               v2.0.193                -> v2.0.193
2026-09-20T17:39:33.7179934Z  * [new tag]               v2.0.194                -> v2.0.194
2026-09-20T17:39:33.7180131Z  * [new tag]               v2.0.195                -> v2.0.195
2026-09-20T17:39:33.7180321Z  * [new tag]               v2.0.196                -> v2.0.196
2026-09-20T17:39:33.7180518Z  * [new tag]               v2.0.197                -> v2.0.197
2026-09-20T17:39:33.7180714Z  * [new tag]               v2.0.198                -> v2.0.198
2026-09-20T17:39:33.7180907Z  * [new tag]               v2.0.199                -> v2.0.199
2026-09-20T17:39:33.7181111Z  * [new tag]               v2.0.2                  -> v2.0.2
2026-09-20T17:39:33.7181308Z  * [new tag]               v2.0.20                 -> v2.0.20
2026-09-20T17:39:33.7181512Z  * [new tag]               v2.0.200                -> v2.0.200
2026-09-20T17:39:33.7181709Z  * [new tag]               v2.0.201                -> v2.0.201
2026-09-20T17:39:33.7181897Z  * [new tag]               v2.0.202                -> v2.0.202
2026-09-20T17:39:33.7182094Z  * [new tag]               v2.0.203                -> v2.0.203
2026-09-20T17:39:33.7182289Z  * [new tag]               v2.0.204                -> v2.0.204
2026-09-20T17:39:33.7182481Z  * [new tag]               v2.0.205                -> v2.0.205
2026-09-20T17:39:33.7182679Z  * [new tag]               v2.0.206                -> v2.0.206
2026-09-20T17:39:33.7182873Z  * [new tag]               v2.0.207                -> v2.0.207
2026-09-20T17:39:33.7183071Z  * [new tag]               v2.0.208                -> v2.0.208
2026-09-20T17:39:33.7183265Z  * [new tag]               v2.0.209                -> v2.0.209
2026-09-20T17:39:33.7183461Z  * [new tag]               v2.0.21                 -> v2.0.21
2026-09-20T17:39:33.7183791Z  * [new tag]               v2.0.210                -> v2.0.210
2026-09-20T17:39:33.7183982Z  * [new tag]               v2.0.211                -> v2.0.211
2026-09-20T17:39:33.7184177Z  * [new tag]               v2.0.212                -> v2.0.212
2026-09-20T17:39:33.7184371Z  * [new tag]               v2.0.213                -> v2.0.213
2026-09-20T17:39:33.7184561Z  * [new tag]               v2.0.214                -> v2.0.214
2026-09-20T17:39:33.7184761Z  * [new tag]               v2.0.215                -> v2.0.215
2026-09-20T17:39:33.7184951Z  * [new tag]               v2.0.216                -> v2.0.216
2026-09-20T17:39:33.7185149Z  * [new tag]               v2.0.217                -> v2.0.217
2026-09-20T17:39:33.7185348Z  * [new tag]               v2.0.218                -> v2.0.218
2026-09-20T17:39:33.7185536Z  * [new tag]               v2.0.219                -> v2.0.219
2026-09-20T17:39:33.7185731Z  * [new tag]               v2.0.22                 -> v2.0.22
2026-09-20T17:39:33.7185941Z  * [new tag]               v2.0.220                -> v2.0.220
2026-09-20T17:39:33.7186134Z  * [new tag]               v2.0.221                -> v2.0.221
2026-09-20T17:39:33.7186328Z  * [new tag]               v2.0.222                -> v2.0.222
2026-09-20T17:39:33.7186519Z  * [new tag]               v2.0.223                -> v2.0.223
2026-09-20T17:39:33.7186713Z  * [new tag]               v2.0.224                -> v2.0.224
2026-09-20T17:39:33.7186912Z  * [new tag]               v2.0.225                -> v2.0.225
2026-09-20T17:39:33.7187101Z  * [new tag]               v2.0.226                -> v2.0.226
2026-09-20T17:39:33.7187297Z  * [new tag]               v2.0.227                -> v2.0.227
2026-09-20T17:39:33.7187533Z  * [new tag]               v2.0.228                -> v2.0.228
2026-09-20T17:39:33.7187728Z  * [new tag]               v2.0.229                -> v2.0.229
2026-09-20T17:39:33.7187921Z  * [new tag]               v2.0.23                 -> v2.0.23
2026-09-20T17:39:33.7188235Z  * [new tag]               v2.0.230                -> v2.0.230
2026-09-20T17:39:33.7188442Z  * [new tag]               v2.0.231                -> v2.0.231
2026-09-20T17:39:33.7188634Z  * [new tag]               v2.0.232                -> v2.0.232
2026-09-20T17:39:33.7188832Z  * [new tag]               v2.0.233                -> v2.0.233
2026-09-20T17:39:33.7189030Z  * [new tag]               v2.0.234                -> v2.0.234
2026-09-20T17:39:33.7189220Z  * [new tag]               v2.0.235                -> v2.0.235
2026-09-20T17:39:33.7189544Z  * [new tag]               v2.0.236                -> v2.0.236
2026-09-20T17:39:33.7189749Z  * [new tag]               v2.0.237                -> v2.0.237
2026-09-20T17:39:33.7189942Z  * [new tag]               v2.0.238                -> v2.0.238
2026-09-20T17:39:33.7190142Z  * [new tag]               v2.0.239                -> v2.0.239
2026-09-20T17:39:33.7190336Z  * [new tag]               v2.0.24                 -> v2.0.24
2026-09-20T17:39:33.7190540Z  * [new tag]               v2.0.240                -> v2.0.240
2026-09-20T17:39:33.7190744Z  * [new tag]               v2.0.241                -> v2.0.241
2026-09-20T17:39:33.7190937Z  * [new tag]               v2.0.242                -> v2.0.242
2026-09-20T17:39:33.7191135Z  * [new tag]               v2.0.243                -> v2.0.243
2026-09-20T17:39:33.7191327Z  * [new tag]               v2.0.244                -> v2.0.244
2026-09-20T17:39:33.7191525Z  * [new tag]               v2.0.245                -> v2.0.245
2026-09-20T17:39:33.7191727Z  * [new tag]               v2.0.246                -> v2.0.246
2026-09-20T17:39:33.7192035Z  * [new tag]               v2.0.247                -> v2.0.247
2026-09-20T17:39:33.7192334Z  * [new tag]               v2.0.248                -> v2.0.248
2026-09-20T17:39:33.7192589Z  * [new tag]               v2.0.249                -> v2.0.249
2026-09-20T17:39:33.7192799Z  * [new tag]               v2.0.25                 -> v2.0.25
2026-09-20T17:39:33.7193010Z  * [new tag]               v2.0.250                -> v2.0.250
2026-09-20T17:39:33.7193355Z  * [new tag]               v2.0.251                -> v2.0.251
2026-09-20T17:39:33.7193558Z  * [new tag]               v2.0.252                -> v2.0.252
2026-09-20T17:39:33.7193760Z  * [new tag]               v2.0.253                -> v2.0.253
2026-09-20T17:39:33.7193951Z  * [new tag]               v2.0.254                -> v2.0.254
2026-09-20T17:39:33.7194145Z  * [new tag]               v2.0.255                -> v2.0.255
2026-09-20T17:39:33.7194334Z  * [new tag]               v2.0.256                -> v2.0.256
2026-09-20T17:39:33.7194526Z  * [new tag]               v2.0.257                -> v2.0.257
2026-09-20T17:39:33.7194724Z  * [new tag]               v2.0.258                -> v2.0.258
2026-09-20T17:39:33.7194914Z  * [new tag]               v2.0.259                -> v2.0.259
2026-09-20T17:39:33.7195114Z  * [new tag]               v2.0.26                 -> v2.0.26
2026-09-20T17:39:33.7195310Z  * [new tag]               v2.0.260                -> v2.0.260
2026-09-20T17:39:33.7195517Z  * [new tag]               v2.0.261                -> v2.0.261
2026-09-20T17:39:33.7195870Z  * [new tag]               v2.0.262                -> v2.0.262
2026-09-20T17:39:33.7196135Z  * [new tag]               v2.0.263                -> v2.0.263
2026-09-20T17:39:33.7196342Z  * [new tag]               v2.0.264                -> v2.0.264
2026-09-20T17:39:33.7196534Z  * [new tag]               v2.0.265                -> v2.0.265
2026-09-20T17:39:33.7196735Z  * [new tag]               v2.0.266                -> v2.0.266
2026-09-20T17:39:33.7196940Z  * [new tag]               v2.0.267                -> v2.0.267
2026-09-20T17:39:33.7197286Z  * [new tag]               v2.0.268                -> v2.0.268
2026-09-20T17:39:33.7197503Z  * [new tag]               v2.0.269                -> v2.0.269
2026-09-20T17:39:33.7197706Z  * [new tag]               v2.0.27                 -> v2.0.27
2026-09-20T17:39:33.7198049Z  * [new tag]               v2.0.270                -> v2.0.270
2026-09-20T17:39:33.7198371Z  * [new tag]               v2.0.271                -> v2.0.271
2026-09-20T17:39:33.7198643Z  * [new tag]               v2.0.272                -> v2.0.272
2026-09-20T17:39:33.7198847Z  * [new tag]               v2.0.273                -> v2.0.273
2026-09-20T17:39:33.7199048Z  * [new tag]               v2.0.274                -> v2.0.274
2026-09-20T17:39:33.7199241Z  * [new tag]               v2.0.275                -> v2.0.275
2026-09-20T17:39:33.7199706Z  * [new tag]               v2.0.276                -> v2.0.276
2026-09-20T17:39:33.7199957Z  * [new tag]               v2.0.277                -> v2.0.277
2026-09-20T17:39:33.7200164Z  * [new tag]               v2.0.278                -> v2.0.278
2026-09-20T17:39:33.7200364Z  * [new tag]               v2.0.279                -> v2.0.279
2026-09-20T17:39:33.7200561Z  * [new tag]               v2.0.28                 -> v2.0.28
2026-09-20T17:39:33.7200863Z  * [new tag]               v2.0.280                -> v2.0.280
2026-09-20T17:39:33.7201118Z  * [new tag]               v2.0.281                -> v2.0.281
2026-09-20T17:39:33.7201323Z  * [new tag]               v2.0.282                -> v2.0.282
2026-09-20T17:39:33.7201522Z  * [new tag]               v2.0.283                -> v2.0.283
2026-09-20T17:39:33.7201713Z  * [new tag]               v2.0.284                -> v2.0.284
2026-09-20T17:39:33.7201955Z  * [new tag]               v2.0.285                -> v2.0.285
2026-09-20T17:39:33.7202243Z  * [new tag]               v2.0.286                -> v2.0.286
2026-09-20T17:39:33.7202443Z  * [new tag]               v2.0.287                -> v2.0.287
2026-09-20T17:39:33.7202640Z  * [new tag]               v2.0.288                -> v2.0.288
2026-09-20T17:39:33.7202829Z  * [new tag]               v2.0.289                -> v2.0.289
2026-09-20T17:39:33.7203028Z  * [new tag]               v2.0.29                 -> v2.0.29
2026-09-20T17:39:33.7203366Z  * [new tag]               v2.0.290                -> v2.0.290
2026-09-20T17:39:33.7203857Z  * [new tag]               v2.0.291                -> v2.0.291
2026-09-20T17:39:33.7204066Z  * [new tag]               v2.0.292                -> v2.0.292
2026-09-20T17:39:33.7204260Z  * [new tag]               v2.0.293                -> v2.0.293
2026-09-20T17:39:33.7204544Z  * [new tag]               v2.0.294                -> v2.0.294
2026-09-20T17:39:33.7204856Z  * [new tag]               v2.0.295                -> v2.0.295
2026-09-20T17:39:33.7205061Z  * [new tag]               v2.0.296                -> v2.0.296
2026-09-20T17:39:33.7205263Z  * [new tag]               v2.0.297                -> v2.0.297
2026-09-20T17:39:33.7205457Z  * [new tag]               v2.0.298                -> v2.0.298
2026-09-20T17:39:33.7205658Z  * [new tag]               v2.0.299                -> v2.0.299
2026-09-20T17:39:33.7206005Z  * [new tag]               v2.0.3                  -> v2.0.3
2026-09-20T17:39:33.7206280Z  * [new tag]               v2.0.30                 -> v2.0.30
2026-09-20T17:39:33.7206548Z  * [new tag]               v2.0.300                -> v2.0.300
2026-09-20T17:39:33.7206763Z  * [new tag]               v2.0.301                -> v2.0.301
2026-09-20T17:39:33.7206955Z  * [new tag]               v2.0.302                -> v2.0.302
2026-09-20T17:39:33.7207247Z  * [new tag]               v2.0.303                -> v2.0.303
2026-09-20T17:39:33.7207535Z  * [new tag]               v2.0.304                -> v2.0.304
2026-09-20T17:39:33.7207741Z  * [new tag]               v2.0.305                -> v2.0.305
2026-09-20T17:39:33.7207941Z  * [new tag]               v2.0.306                -> v2.0.306
2026-09-20T17:39:33.7208131Z  * [new tag]               v2.0.307                -> v2.0.307
2026-09-20T17:39:33.7208327Z  * [new tag]               v2.0.308                -> v2.0.308
2026-09-20T17:39:33.7208669Z  * [new tag]               v2.0.309                -> v2.0.309
2026-09-20T17:39:33.7208885Z  * [new tag]               v2.0.31                 -> v2.0.31
2026-09-20T17:39:33.7209247Z  * [new tag]               v2.0.310                -> v2.0.310
2026-09-20T17:39:33.7209730Z  * [new tag]               v2.0.311                -> v2.0.311
2026-09-20T17:39:33.7209950Z  * [new tag]               v2.0.312                -> v2.0.312
2026-09-20T17:39:33.7210144Z  * [new tag]               v2.0.313                -> v2.0.313
2026-09-20T17:39:33.7210342Z  * [new tag]               v2.0.314                -> v2.0.314
2026-09-20T17:39:33.7210538Z  * [new tag]               v2.0.315                -> v2.0.315
2026-09-20T17:39:33.7210727Z  * [new tag]               v2.0.316                -> v2.0.316
2026-09-20T17:39:33.7210925Z  * [new tag]               v2.0.317                -> v2.0.317
2026-09-20T17:39:33.7211116Z  * [new tag]               v2.0.318                -> v2.0.318
2026-09-20T17:39:33.7211319Z  * [new tag]               v2.0.319                -> v2.0.319
2026-09-20T17:39:33.7211522Z  * [new tag]               v2.0.32                 -> v2.0.32
2026-09-20T17:39:33.7211722Z  * [new tag]               v2.0.320                -> v2.0.320
2026-09-20T17:39:33.7211929Z  * [new tag]               v2.0.321                -> v2.0.321
2026-09-20T17:39:33.7212129Z  * [new tag]               v2.0.322                -> v2.0.322
2026-09-20T17:39:33.7212321Z  * [new tag]               v2.0.323                -> v2.0.323
2026-09-20T17:39:33.7212524Z  * [new tag]               v2.0.324                -> v2.0.324
2026-09-20T17:39:33.7212715Z  * [new tag]               v2.0.325                -> v2.0.325
2026-09-20T17:39:33.7212912Z  * [new tag]               v2.0.326                -> v2.0.326
2026-09-20T17:39:33.7213112Z  * [new tag]               v2.0.327                -> v2.0.327
2026-09-20T17:39:33.7213302Z  * [new tag]               v2.0.328                -> v2.0.328
2026-09-20T17:39:33.7213501Z  * [new tag]               v2.0.329                -> v2.0.329
2026-09-20T17:39:33.7213696Z  * [new tag]               v2.0.33                 -> v2.0.33
2026-09-20T17:39:33.7213899Z  * [new tag]               v2.0.330                -> v2.0.330
2026-09-20T17:39:33.7214243Z  * [new tag]               v2.0.331                -> v2.0.331
2026-09-20T17:39:33.7214442Z  * [new tag]               v2.0.332                -> v2.0.332
2026-09-20T17:39:33.7214643Z  * [new tag]               v2.0.333                -> v2.0.333
2026-09-20T17:39:33.7214835Z  * [new tag]               v2.0.334                -> v2.0.334
2026-09-20T17:39:33.7215033Z  * [new tag]               v2.0.335                -> v2.0.335
2026-09-20T17:39:33.7215231Z  * [new tag]               v2.0.336                -> v2.0.336
2026-09-20T17:39:33.7215426Z  * [new tag]               v2.0.337                -> v2.0.337
2026-09-20T17:39:33.7215623Z  * [new tag]               v2.0.338                -> v2.0.338
2026-09-20T17:39:33.7215824Z  * [new tag]               v2.0.339                -> v2.0.339
2026-09-20T17:39:33.7216017Z  * [new tag]               v2.0.34                 -> v2.0.34
2026-09-20T17:39:33.7216222Z  * [new tag]               v2.0.340                -> v2.0.340
2026-09-20T17:39:33.7216417Z  * [new tag]               v2.0.341                -> v2.0.341
2026-09-20T17:39:33.7216620Z  * [new tag]               v2.0.342                -> v2.0.342
2026-09-20T17:39:33.7216816Z  * [new tag]               v2.0.343                -> v2.0.343
2026-09-20T17:39:33.7217006Z  * [new tag]               v2.0.344                -> v2.0.344
2026-09-20T17:39:33.7217203Z  * [new tag]               v2.0.345                -> v2.0.345
2026-09-20T17:39:33.7217393Z  * [new tag]               v2.0.346                -> v2.0.346
2026-09-20T17:39:33.7217593Z  * [new tag]               v2.0.347                -> v2.0.347
2026-09-20T17:39:33.7217791Z  * [new tag]               v2.0.348                -> v2.0.348
2026-09-20T17:39:33.7217983Z  * [new tag]               v2.0.349                -> v2.0.349
2026-09-20T17:39:33.7218179Z  * [new tag]               v2.0.35                 -> v2.0.35
2026-09-20T17:39:33.7218487Z  * [new tag]               v2.0.350                -> v2.0.350
2026-09-20T17:39:33.7218694Z  * [new tag]               v2.0.351                -> v2.0.351
2026-09-20T17:39:33.7218886Z  * [new tag]               v2.0.352                -> v2.0.352
2026-09-20T17:39:33.7219075Z  * [new tag]               v2.0.353                -> v2.0.353
2026-09-20T17:39:33.7219272Z  * [new tag]               v2.0.354                -> v2.0.354
2026-09-20T17:39:33.7219598Z  * [new tag]               v2.0.355                -> v2.0.355
2026-09-20T17:39:33.7219792Z  * [new tag]               v2.0.356                -> v2.0.356
2026-09-20T17:39:33.7219988Z  * [new tag]               v2.0.357                -> v2.0.357
2026-09-20T17:39:33.7220178Z  * [new tag]               v2.0.358                -> v2.0.358
2026-09-20T17:39:33.7220372Z  * [new tag]               v2.0.359                -> v2.0.359
2026-09-20T17:39:33.7220572Z  * [new tag]               v2.0.36                 -> v2.0.36
2026-09-20T17:39:33.7220768Z  * [new tag]               v2.0.360                -> v2.0.360
2026-09-20T17:39:33.7220978Z  * [new tag]               v2.0.361                -> v2.0.361
2026-09-20T17:39:33.7221170Z  * [new tag]               v2.0.362                -> v2.0.362
2026-09-20T17:39:33.7221368Z  * [new tag]               v2.0.363                -> v2.0.363
2026-09-20T17:39:33.7221563Z  * [new tag]               v2.0.364                -> v2.0.364
2026-09-20T17:39:33.7221752Z  * [new tag]               v2.0.365                -> v2.0.365
2026-09-20T17:39:33.7221948Z  * [new tag]               v2.0.366                -> v2.0.366
2026-09-20T17:39:33.7222137Z  * [new tag]               v2.0.367                -> v2.0.367
2026-09-20T17:39:33.7222332Z  * [new tag]               v2.0.368                -> v2.0.368
2026-09-20T17:39:33.7222528Z  * [new tag]               v2.0.369                -> v2.0.369
2026-09-20T17:39:33.7222721Z  * [new tag]               v2.0.37                 -> v2.0.37
2026-09-20T17:39:33.7222922Z  * [new tag]               v2.0.370                -> v2.0.370
2026-09-20T17:39:33.7223125Z  * [new tag]               v2.0.371                -> v2.0.371
2026-09-20T17:39:33.7223448Z  * [new tag]               v2.0.372                -> v2.0.372
2026-09-20T17:39:33.7223646Z  * [new tag]               v2.0.373                -> v2.0.373
2026-09-20T17:39:33.7223839Z  * [new tag]               v2.0.374                -> v2.0.374
2026-09-20T17:39:33.7224038Z  * [new tag]               v2.0.375                -> v2.0.375
2026-09-20T17:39:33.7224235Z  * [new tag]               v2.0.376                -> v2.0.376
2026-09-20T17:39:33.7224430Z  * [new tag]               v2.0.377                -> v2.0.377
2026-09-20T17:39:33.7224624Z  * [new tag]               v2.0.378                -> v2.0.378
2026-09-20T17:39:33.7224812Z  * [new tag]               v2.0.379                -> v2.0.379
2026-09-20T17:39:33.7225009Z  * [new tag]               v2.0.38                 -> v2.0.38
2026-09-20T17:39:33.7225207Z  * [new tag]               v2.0.380                -> v2.0.380
2026-09-20T17:39:33.7225403Z  * [new tag]               v2.0.381                -> v2.0.381
2026-09-20T17:39:33.7225605Z  * [new tag]               v2.0.382                -> v2.0.382
2026-09-20T17:39:33.7225795Z  * [new tag]               v2.0.383                -> v2.0.383
2026-09-20T17:39:33.7225992Z  * [new tag]               v2.0.384                -> v2.0.384
2026-09-20T17:39:33.7226195Z  * [new tag]               v2.0.385                -> v2.0.385
2026-09-20T17:39:33.7226389Z  * [new tag]               v2.0.386                -> v2.0.386
2026-09-20T17:39:33.7226590Z  * [new tag]               v2.0.387                -> v2.0.387
2026-09-20T17:39:33.7226790Z  * [new tag]               v2.0.388                -> v2.0.388
2026-09-20T17:39:33.7226980Z  * [new tag]               v2.0.389                -> v2.0.389
2026-09-20T17:39:33.7227176Z  * [new tag]               v2.0.39                 -> v2.0.39
2026-09-20T17:39:33.7227369Z  * [new tag]               v2.0.390                -> v2.0.390
2026-09-20T17:39:33.7227694Z  * [new tag]               v2.0.391                -> v2.0.391
2026-09-20T17:39:33.7227904Z  * [new tag]               v2.0.392                -> v2.0.392
2026-09-20T17:39:33.7228097Z  * [new tag]               v2.0.393                -> v2.0.393
2026-09-20T17:39:33.7228295Z  * [new tag]               v2.0.394                -> v2.0.394
2026-09-20T17:39:33.7228487Z  * [new tag]               v2.0.395                -> v2.0.395
2026-09-20T17:39:33.7228684Z  * [new tag]               v2.0.396                -> v2.0.396
2026-09-20T17:39:33.7228880Z  * [new tag]               v2.0.397                -> v2.0.397
2026-09-20T17:39:33.7229069Z  * [new tag]               v2.0.398                -> v2.0.398
2026-09-20T17:39:33.7229265Z  * [new tag]               v2.0.399                -> v2.0.399
2026-09-20T17:39:33.7229572Z  * [new tag]               v2.0.4                  -> v2.0.4
2026-09-20T17:39:33.7229774Z  * [new tag]               v2.0.40                 -> v2.0.40
2026-09-20T17:39:33.7229976Z  * [new tag]               v2.0.400                -> v2.0.400
2026-09-20T17:39:33.7230174Z  * [new tag]               v2.0.401                -> v2.0.401
2026-09-20T17:39:33.7230368Z  * [new tag]               v2.0.402                -> v2.0.402
2026-09-20T17:39:33.7230582Z  * [new tag]               v2.0.403                -> v2.0.403
2026-09-20T17:39:33.7230773Z  * [new tag]               v2.0.404                -> v2.0.404
2026-09-20T17:39:33.7230969Z  * [new tag]               v2.0.405                -> v2.0.405
2026-09-20T17:39:33.7231158Z  * [new tag]               v2.0.406                -> v2.0.406
2026-09-20T17:39:33.7231354Z  * [new tag]               v2.0.407                -> v2.0.407
2026-09-20T17:39:33.7231552Z  * [new tag]               v2.0.408                -> v2.0.408
2026-09-20T17:39:33.7231742Z  * [new tag]               v2.0.409                -> v2.0.409
2026-09-20T17:39:33.7231941Z  * [new tag]               v2.0.41                 -> v2.0.41
2026-09-20T17:39:33.7232138Z  * [new tag]               v2.0.410                -> v2.0.410
2026-09-20T17:39:33.7232433Z  * [new tag]               v2.0.411                -> v2.0.411
2026-09-20T17:39:33.7232640Z  * [new tag]               v2.0.412                -> v2.0.412
2026-09-20T17:39:33.7232830Z  * [new tag]               v2.0.413                -> v2.0.413
2026-09-20T17:39:33.7233028Z  * [new tag]               v2.0.414                -> v2.0.414
2026-09-20T17:39:33.7233219Z  * [new tag]               v2.0.415                -> v2.0.415
2026-09-20T17:39:33.7233414Z  * [new tag]               v2.0.416                -> v2.0.416
2026-09-20T17:39:33.7233611Z  * [new tag]               v2.0.417                -> v2.0.417
2026-09-20T17:39:33.7233801Z  * [new tag]               v2.0.418                -> v2.0.418
2026-09-20T17:39:33.7233998Z  * [new tag]               v2.0.419                -> v2.0.419
2026-09-20T17:39:33.7234201Z  * [new tag]               v2.0.42                 -> v2.0.42
2026-09-20T17:39:33.7234397Z  * [new tag]               v2.0.420                -> v2.0.420
2026-09-20T17:39:33.7234596Z  * [new tag]               v2.0.421                -> v2.0.421
2026-09-20T17:39:33.7234788Z  * [new tag]               v2.0.422                -> v2.0.422
2026-09-20T17:39:33.7234985Z  * [new tag]               v2.0.423                -> v2.0.423
2026-09-20T17:39:33.7235178Z  * [new tag]               v2.0.424                -> v2.0.424
2026-09-20T17:39:33.7235368Z  * [new tag]               v2.0.425                -> v2.0.425
2026-09-20T17:39:33.7235563Z  * [new tag]               v2.0.426                -> v2.0.426
2026-09-20T17:39:33.7235751Z  * [new tag]               v2.0.427                -> v2.0.427
2026-09-20T17:39:33.7235948Z  * [new tag]               v2.0.428                -> v2.0.428
2026-09-20T17:39:33.7236141Z  * [new tag]               v2.0.429                -> v2.0.429
2026-09-20T17:39:33.7236332Z  * [new tag]               v2.0.43                 -> v2.0.43
2026-09-20T17:39:33.7236529Z  * [new tag]               v2.0.430                -> v2.0.430
2026-09-20T17:39:33.7236816Z  * [new tag]               v2.0.431                -> v2.0.431
2026-09-20T17:39:33.7237020Z  * [new tag]               v2.0.432                -> v2.0.432
2026-09-20T17:39:33.7237215Z  * [new tag]               v2.0.433                -> v2.0.433
2026-09-20T17:39:33.7237403Z  * [new tag]               v2.0.434                -> v2.0.434
2026-09-20T17:39:33.7237601Z  * [new tag]               v2.0.435                -> v2.0.435
2026-09-20T17:39:33.7237797Z  * [new tag]               v2.0.436                -> v2.0.436
2026-09-20T17:39:33.7237989Z  * [new tag]               v2.0.437                -> v2.0.437
2026-09-20T17:39:33.7238185Z  * [new tag]               v2.0.438                -> v2.0.438
2026-09-20T17:39:33.7238374Z  * [new tag]               v2.0.439                -> v2.0.439
2026-09-20T17:39:33.7238567Z  * [new tag]               v2.0.44                 -> v2.0.44
2026-09-20T17:39:33.7238772Z  * [new tag]               v2.0.440                -> v2.0.440
2026-09-20T17:39:33.7238967Z  * [new tag]               v2.0.441                -> v2.0.441
2026-09-20T17:39:33.7239172Z  * [new tag]               v2.0.442                -> v2.0.442
2026-09-20T17:39:33.7239365Z  * [new tag]               v2.0.443                -> v2.0.443
2026-09-20T17:39:33.7239825Z  * [new tag]               v2.0.444                -> v2.0.444
2026-09-20T17:39:33.7240029Z  * [new tag]               v2.0.445                -> v2.0.445
2026-09-20T17:39:33.7240221Z  * [new tag]               v2.0.446                -> v2.0.446
2026-09-20T17:39:33.7240416Z  * [new tag]               v2.0.447                -> v2.0.447
2026-09-20T17:39:33.7240610Z  * [new tag]               v2.0.448                -> v2.0.448
2026-09-20T17:39:33.7240806Z  * [new tag]               v2.0.449                -> v2.0.449
2026-09-20T17:39:33.7241001Z  * [new tag]               v2.0.45                 -> v2.0.45
2026-09-20T17:39:33.7241193Z  * [new tag]               v2.0.450                -> v2.0.450
2026-09-20T17:39:33.7241394Z  * [new tag]               v2.0.451                -> v2.0.451
2026-09-20T17:39:33.7241731Z  * [new tag]               v2.0.452                -> v2.0.452
2026-09-20T17:39:33.7241931Z  * [new tag]               v2.0.453                -> v2.0.453
2026-09-20T17:39:33.7242136Z  * [new tag]               v2.0.454                -> v2.0.454
2026-09-20T17:39:33.7242325Z  * [new tag]               v2.0.455                -> v2.0.455
2026-09-20T17:39:33.7242522Z  * [new tag]               v2.0.456                -> v2.0.456
2026-09-20T17:39:33.7242717Z  * [new tag]               v2.0.457                -> v2.0.457
2026-09-20T17:39:33.7242915Z  * [new tag]               v2.0.458                -> v2.0.458
2026-09-20T17:39:33.7243111Z  * [new tag]               v2.0.459                -> v2.0.459
2026-09-20T17:39:33.7243300Z  * [new tag]               v2.0.46                 -> v2.0.46
2026-09-20T17:39:33.7243495Z  * [new tag]               v2.0.460                -> v2.0.460
2026-09-20T17:39:33.7243702Z  * [new tag]               v2.0.461                -> v2.0.461
2026-09-20T17:39:33.7243897Z  * [new tag]               v2.0.462                -> v2.0.462
2026-09-20T17:39:33.7244095Z  * [new tag]               v2.0.463                -> v2.0.463
2026-09-20T17:39:33.7244285Z  * [new tag]               v2.0.464                -> v2.0.464
2026-09-20T17:39:33.7244479Z  * [new tag]               v2.0.465                -> v2.0.465
2026-09-20T17:39:33.7244673Z  * [new tag]               v2.0.466                -> v2.0.466
2026-09-20T17:39:33.7244866Z  * [new tag]               v2.0.467                -> v2.0.467
2026-09-20T17:39:33.7245061Z  * [new tag]               v2.0.468                -> v2.0.468
2026-09-20T17:39:33.7245251Z  * [new tag]               v2.0.469                -> v2.0.469
2026-09-20T17:39:33.7245446Z  * [new tag]               v2.0.47                 -> v2.0.47
2026-09-20T17:39:33.7245640Z  * [new tag]               v2.0.470                -> v2.0.470
2026-09-20T17:39:33.7245949Z  * [new tag]               v2.0.471                -> v2.0.471
2026-09-20T17:39:33.7246159Z  * [new tag]               v2.0.472                -> v2.0.472
2026-09-20T17:39:33.7246357Z  * [new tag]               v2.0.473                -> v2.0.473
2026-09-20T17:39:33.7246546Z  * [new tag]               v2.0.474                -> v2.0.474
2026-09-20T17:39:33.7246746Z  * [new tag]               v2.0.475                -> v2.0.475
2026-09-20T17:39:33.7246938Z  * [new tag]               v2.0.476                -> v2.0.476
2026-09-20T17:39:33.7247135Z  * [new tag]               v2.0.477                -> v2.0.477
2026-09-20T17:39:33.7247334Z  * [new tag]               v2.0.478                -> v2.0.478
2026-09-20T17:39:33.7247525Z  * [new tag]               v2.0.479                -> v2.0.479
2026-09-20T17:39:33.7247721Z  * [new tag]               v2.0.48                 -> v2.0.48
2026-09-20T17:39:33.7247910Z  * [new tag]               v2.0.480                -> v2.0.480
2026-09-20T17:39:33.7248120Z  * [new tag]               v2.0.481                -> v2.0.481
2026-09-20T17:39:33.7248324Z  * [new tag]               v2.0.482                -> v2.0.482
2026-09-20T17:39:33.7248516Z  * [new tag]               v2.0.483                -> v2.0.483
2026-09-20T17:39:33.7248718Z  * [new tag]               v2.0.484                -> v2.0.484
2026-09-20T17:39:33.7248909Z  * [new tag]               v2.0.485                -> v2.0.485
2026-09-20T17:39:33.7249116Z  * [new tag]               v2.0.486                -> v2.0.486
2026-09-20T17:39:33.7249313Z  * [new tag]               v2.0.487                -> v2.0.487
2026-09-20T17:39:33.7249759Z  * [new tag]               v2.0.488                -> v2.0.488
2026-09-20T17:39:33.7249974Z  * [new tag]               v2.0.489                -> v2.0.489
2026-09-20T17:39:33.7250180Z  * [new tag]               v2.0.49                 -> v2.0.49
2026-09-20T17:39:33.7250373Z  * [new tag]               v2.0.490                -> v2.0.490
2026-09-20T17:39:33.7250579Z  * [new tag]               v2.0.491                -> v2.0.491
2026-09-20T17:39:33.7250916Z  * [new tag]               v2.0.492                -> v2.0.492
2026-09-20T17:39:33.7251115Z  * [new tag]               v2.0.493                -> v2.0.493
2026-09-20T17:39:33.7251311Z  * [new tag]               v2.0.494                -> v2.0.494
2026-09-20T17:39:33.7251502Z  * [new tag]               v2.0.495                -> v2.0.495
2026-09-20T17:39:33.7251700Z  * [new tag]               v2.0.496                -> v2.0.496
2026-09-20T17:39:33.7251891Z  * [new tag]               v2.0.497                -> v2.0.497
2026-09-20T17:39:33.7252088Z  * [new tag]               v2.0.498                -> v2.0.498
2026-09-20T17:39:33.7252284Z  * [new tag]               v2.0.499                -> v2.0.499
2026-09-20T17:39:33.7252475Z  * [new tag]               v2.0.5                  -> v2.0.5
2026-09-20T17:39:33.7252671Z  * [new tag]               v2.0.50                 -> v2.0.50
2026-09-20T17:39:33.7252862Z  * [new tag]               v2.0.500                -> v2.0.500
2026-09-20T17:39:33.7253071Z  * [new tag]               v2.0.501                -> v2.0.501
2026-09-20T17:39:33.7253266Z  * [new tag]               v2.0.502                -> v2.0.502
2026-09-20T17:39:33.7253455Z  * [new tag]               v2.0.503                -> v2.0.503
2026-09-20T17:39:33.7253651Z  * [new tag]               v2.0.504                -> v2.0.504
2026-09-20T17:39:33.7253853Z  * [new tag]               v2.0.505                -> v2.0.505
2026-09-20T17:39:33.7254045Z  * [new tag]               v2.0.506                -> v2.0.506
2026-09-20T17:39:33.7254243Z  * [new tag]               v2.0.507                -> v2.0.507
2026-09-20T17:39:33.7254438Z  * [new tag]               v2.0.508                -> v2.0.508
2026-09-20T17:39:33.7254637Z  * [new tag]               v2.0.509                -> v2.0.509
2026-09-20T17:39:33.7254837Z  * [new tag]               v2.0.51                 -> v2.0.51
2026-09-20T17:39:33.7255029Z  * [new tag]               v2.0.510                -> v2.0.510
2026-09-20T17:39:33.7255392Z  * [new tag]               v2.0.511                -> v2.0.511
2026-09-20T17:39:33.7255595Z  * [new tag]               v2.0.512                -> v2.0.512
2026-09-20T17:39:33.7255793Z  * [new tag]               v2.0.513                -> v2.0.513
2026-09-20T17:39:33.7255988Z  * [new tag]               v2.0.514                -> v2.0.514
2026-09-20T17:39:33.7256178Z  * [new tag]               v2.0.515                -> v2.0.515
2026-09-20T17:39:33.7256374Z  * [new tag]               v2.0.516                -> v2.0.516
2026-09-20T17:39:33.7256565Z  * [new tag]               v2.0.517                -> v2.0.517
2026-09-20T17:39:33.7256763Z  * [new tag]               v2.0.518                -> v2.0.518
2026-09-20T17:39:33.7256960Z  * [new tag]               v2.0.519                -> v2.0.519
2026-09-20T17:39:33.7257153Z  * [new tag]               v2.0.52                 -> v2.0.52
2026-09-20T17:39:33.7257350Z  * [new tag]               v2.0.520                -> v2.0.520
2026-09-20T17:39:33.7257554Z  * [new tag]               v2.0.521                -> v2.0.521
2026-09-20T17:39:33.7257749Z  * [new tag]               v2.0.522                -> v2.0.522
2026-09-20T17:39:33.7257948Z  * [new tag]               v2.0.523                -> v2.0.523
2026-09-20T17:39:33.7258140Z  * [new tag]               v2.0.524                -> v2.0.524
2026-09-20T17:39:33.7258340Z  * [new tag]               v2.0.525                -> v2.0.525
2026-09-20T17:39:33.7258533Z  * [new tag]               v2.0.526                -> v2.0.526
2026-09-20T17:39:33.7258723Z  * [new tag]               v2.0.527                -> v2.0.527
2026-09-20T17:39:33.7258918Z  * [new tag]               v2.0.528                -> v2.0.528
2026-09-20T17:39:33.7259108Z  * [new tag]               v2.0.529                -> v2.0.529
2026-09-20T17:39:33.7259307Z  * [new tag]               v2.0.53                 -> v2.0.53
2026-09-20T17:39:33.7259643Z  * [new tag]               v2.0.530                -> v2.0.530
2026-09-20T17:39:33.7259843Z  * [new tag]               v2.0.531                -> v2.0.531
2026-09-20T17:39:33.7260175Z  * [new tag]               v2.0.532                -> v2.0.532
2026-09-20T17:39:33.7260371Z  * [new tag]               v2.0.533                -> v2.0.533
2026-09-20T17:39:33.7260570Z  * [new tag]               v2.0.534                -> v2.0.534
2026-09-20T17:39:33.7260767Z  * [new tag]               v2.0.535                -> v2.0.535
2026-09-20T17:39:33.7260957Z  * [new tag]               v2.0.536                -> v2.0.536
2026-09-20T17:39:33.7261157Z  * [new tag]               v2.0.537                -> v2.0.537
2026-09-20T17:39:33.7261356Z  * [new tag]               v2.0.538                -> v2.0.538
2026-09-20T17:39:33.7261548Z  * [new tag]               v2.0.539                -> v2.0.539
2026-09-20T17:39:33.7261748Z  * [new tag]               v2.0.54                 -> v2.0.54
2026-09-20T17:39:33.7261941Z  * [new tag]               v2.0.540                -> v2.0.540
2026-09-20T17:39:33.7262145Z  * [new tag]               v2.0.541                -> v2.0.541
2026-09-20T17:39:33.7262347Z  * [new tag]               v2.0.542                -> v2.0.542
2026-09-20T17:39:33.7262536Z  * [new tag]               v2.0.543                -> v2.0.543
2026-09-20T17:39:33.7262731Z  * [new tag]               v2.0.544                -> v2.0.544
2026-09-20T17:39:33.7262922Z  * [new tag]               v2.0.545                -> v2.0.545
2026-09-20T17:39:33.7263123Z  * [new tag]               v2.0.546                -> v2.0.546
2026-09-20T17:39:33.7263322Z  * [new tag]               v2.0.547                -> v2.0.547
2026-09-20T17:39:33.7263515Z  * [new tag]               v2.0.548                -> v2.0.548
2026-09-20T17:39:33.7263713Z  * [new tag]               v2.0.549                -> v2.0.549
2026-09-20T17:39:33.7263905Z  * [new tag]               v2.0.55                 -> v2.0.55
2026-09-20T17:39:33.7264103Z  * [new tag]               v2.0.550                -> v2.0.550
2026-09-20T17:39:33.7264423Z  * [new tag]               v2.0.551                -> v2.0.551
2026-09-20T17:39:33.7264627Z  * [new tag]               v2.0.552                -> v2.0.552
2026-09-20T17:39:33.7264821Z  * [new tag]               v2.0.553                -> v2.0.553
2026-09-20T17:39:33.7265022Z  * [new tag]               v2.0.554                -> v2.0.554
2026-09-20T17:39:33.7265213Z  * [new tag]               v2.0.555                -> v2.0.555
2026-09-20T17:39:33.7265410Z  * [new tag]               v2.0.556                -> v2.0.556
2026-09-20T17:39:33.7265602Z  * [new tag]               v2.0.557                -> v2.0.557
2026-09-20T17:39:33.7265797Z  * [new tag]               v2.0.558                -> v2.0.558
2026-09-20T17:39:33.7265996Z  * [new tag]               v2.0.559                -> v2.0.559
2026-09-20T17:39:33.7266186Z  * [new tag]               v2.0.56                 -> v2.0.56
2026-09-20T17:39:33.7266389Z  * [new tag]               v2.0.560                -> v2.0.560
2026-09-20T17:39:33.7266586Z  * [new tag]               v2.0.561                -> v2.0.561
2026-09-20T17:39:33.7266793Z  * [new tag]               v2.0.562                -> v2.0.562
2026-09-20T17:39:33.7266990Z  * [new tag]               v2.0.563                -> v2.0.563
2026-09-20T17:39:33.7267178Z  * [new tag]               v2.0.564                -> v2.0.564
2026-09-20T17:39:33.7267372Z  * [new tag]               v2.0.565                -> v2.0.565
2026-09-20T17:39:33.7267564Z  * [new tag]               v2.0.566                -> v2.0.566
2026-09-20T17:39:33.7267759Z  * [new tag]               v2.0.567                -> v2.0.567
2026-09-20T17:39:33.7267958Z  * [new tag]               v2.0.568                -> v2.0.568
2026-09-20T17:39:33.7268148Z  * [new tag]               v2.0.569                -> v2.0.569
2026-09-20T17:39:33.7268345Z  * [new tag]               v2.0.57                 -> v2.0.57
2026-09-20T17:39:33.7268545Z  * [new tag]               v2.0.570                -> v2.0.570
2026-09-20T17:39:33.7268736Z  * [new tag]               v2.0.571                -> v2.0.571
2026-09-20T17:39:33.7269031Z  * [new tag]               v2.0.572                -> v2.0.572
2026-09-20T17:39:33.7269223Z  * [new tag]               v2.0.573                -> v2.0.573
2026-09-20T17:39:33.7269551Z  * [new tag]               v2.0.574                -> v2.0.574
2026-09-20T17:39:33.7269753Z  * [new tag]               v2.0.575                -> v2.0.575
2026-09-20T17:39:33.7269945Z  * [new tag]               v2.0.576                -> v2.0.576
2026-09-20T17:39:33.7270142Z  * [new tag]               v2.0.577                -> v2.0.577
2026-09-20T17:39:33.7270331Z  * [new tag]               v2.0.578                -> v2.0.578
2026-09-20T17:39:33.7270530Z  * [new tag]               v2.0.579                -> v2.0.579
2026-09-20T17:39:33.7270728Z  * [new tag]               v2.0.58                 -> v2.0.58
2026-09-20T17:39:33.7270921Z  * [new tag]               v2.0.580                -> v2.0.580
2026-09-20T17:39:33.7271119Z  * [new tag]               v2.0.581                -> v2.0.581
2026-09-20T17:39:33.7271312Z  * [new tag]               v2.0.582                -> v2.0.582
2026-09-20T17:39:33.7271513Z  * [new tag]               v2.0.583                -> v2.0.583
2026-09-20T17:39:33.7271706Z  * [new tag]               v2.0.584                -> v2.0.584
2026-09-20T17:39:33.7271897Z  * [new tag]               v2.0.585                -> v2.0.585
2026-09-20T17:39:33.7272092Z  * [new tag]               v2.0.586                -> v2.0.586
2026-09-20T17:39:33.7272282Z  * [new tag]               v2.0.587                -> v2.0.587
2026-09-20T17:39:33.7272484Z  * [new tag]               v2.0.588                -> v2.0.588
2026-09-20T17:39:33.7272681Z  * [new tag]               v2.0.589                -> v2.0.589
2026-09-20T17:39:33.7272872Z  * [new tag]               v2.0.59                 -> v2.0.59
2026-09-20T17:39:33.7273068Z  * [new tag]               v2.0.590                -> v2.0.590
2026-09-20T17:39:33.7273262Z  * [new tag]               v2.0.591                -> v2.0.591
2026-09-20T17:39:33.7273589Z  * [new tag]               v2.0.592                -> v2.0.592
2026-09-20T17:39:33.7273798Z  * [new tag]               v2.0.593                -> v2.0.593
2026-09-20T17:39:33.7273988Z  * [new tag]               v2.0.594                -> v2.0.594
2026-09-20T17:39:33.7274183Z  * [new tag]               v2.0.595                -> v2.0.595
2026-09-20T17:39:33.7274384Z  * [new tag]               v2.0.596                -> v2.0.596
2026-09-20T17:39:33.7274574Z  * [new tag]               v2.0.597                -> v2.0.597
2026-09-20T17:39:33.7274772Z  * [new tag]               v2.0.598                -> v2.0.598
2026-09-20T17:39:33.7274962Z  * [new tag]               v2.0.599                -> v2.0.599
2026-09-20T17:39:33.7275160Z  * [new tag]               v2.0.6                  -> v2.0.6
2026-09-20T17:39:33.7275357Z  * [new tag]               v2.0.60                 -> v2.0.60
2026-09-20T17:39:33.7275547Z  * [new tag]               v2.0.600                -> v2.0.600
2026-09-20T17:39:33.7275748Z  * [new tag]               v2.0.601                -> v2.0.601
2026-09-20T17:39:33.7275945Z  * [new tag]               v2.0.602                -> v2.0.602
2026-09-20T17:39:33.7276140Z  * [new tag]               v2.0.603                -> v2.0.603
2026-09-20T17:39:33.7276337Z  * [new tag]               v2.0.604                -> v2.0.604
2026-09-20T17:39:33.7276527Z  * [new tag]               v2.0.605                -> v2.0.605
2026-09-20T17:39:33.7276724Z  * [new tag]               v2.0.606                -> v2.0.606
2026-09-20T17:39:33.7276923Z  * [new tag]               v2.0.607                -> v2.0.607
2026-09-20T17:39:33.7277114Z  * [new tag]               v2.0.608                -> v2.0.608
2026-09-20T17:39:33.7277310Z  * [new tag]               v2.0.609                -> v2.0.609
2026-09-20T17:39:33.7277501Z  * [new tag]               v2.0.61                 -> v2.0.61
2026-09-20T17:39:33.7277699Z  * [new tag]               v2.0.610                -> v2.0.610
2026-09-20T17:39:33.7277900Z  * [new tag]               v2.0.611                -> v2.0.611
2026-09-20T17:39:33.7278215Z  * [new tag]               v2.0.612                -> v2.0.612
2026-09-20T17:39:33.7278414Z  * [new tag]               v2.0.613                -> v2.0.613
2026-09-20T17:39:33.7278608Z  * [new tag]               v2.0.614                -> v2.0.614
2026-09-20T17:39:33.7278810Z  * [new tag]               v2.0.615                -> v2.0.615
2026-09-20T17:39:33.7279007Z  * [new tag]               v2.0.616                -> v2.0.616
2026-09-20T17:39:33.7279196Z  * [new tag]               v2.0.617                -> v2.0.617
2026-09-20T17:39:33.7279509Z  * [new tag]               v2.0.618                -> v2.0.618
2026-09-20T17:39:33.7279708Z  * [new tag]               v2.0.619                -> v2.0.619
2026-09-20T17:39:33.7279912Z  * [new tag]               v2.0.62                 -> v2.0.62
2026-09-20T17:39:33.7280115Z  * [new tag]               v2.0.620                -> v2.0.620
2026-09-20T17:39:33.7280314Z  * [new tag]               v2.0.621                -> v2.0.621
2026-09-20T17:39:33.7280520Z  * [new tag]               v2.0.622                -> v2.0.622
2026-09-20T17:39:33.7280718Z  * [new tag]               v2.0.623                -> v2.0.623
2026-09-20T17:39:33.7280909Z  * [new tag]               v2.0.624                -> v2.0.624
2026-09-20T17:39:33.7281106Z  * [new tag]               v2.0.625                -> v2.0.625
2026-09-20T17:39:33.7281295Z  * [new tag]               v2.0.626                -> v2.0.626
2026-09-20T17:39:33.7281491Z  * [new tag]               v2.0.627                -> v2.0.627
2026-09-20T17:39:33.7281686Z  * [new tag]               v2.0.628                -> v2.0.628
2026-09-20T17:39:33.7281878Z  * [new tag]               v2.0.629                -> v2.0.629
2026-09-20T17:39:33.7282079Z  * [new tag]               v2.0.63                 -> v2.0.63
2026-09-20T17:39:33.7282270Z  * [new tag]               v2.0.630                -> v2.0.630
2026-09-20T17:39:33.7282585Z  * [new tag]               v2.0.631                -> v2.0.631
2026-09-20T17:39:33.7282795Z  * [new tag]               v2.0.632                -> v2.0.632
2026-09-20T17:39:33.7282985Z  * [new tag]               v2.0.633                -> v2.0.633
2026-09-20T17:39:33.7283184Z  * [new tag]               v2.0.634                -> v2.0.634
2026-09-20T17:39:33.7283375Z  * [new tag]               v2.0.635                -> v2.0.635
2026-09-20T17:39:33.7283571Z  * [new tag]               v2.0.636                -> v2.0.636
2026-09-20T17:39:33.7283768Z  * [new tag]               v2.0.637                -> v2.0.637
2026-09-20T17:39:33.7283957Z  * [new tag]               v2.0.638                -> v2.0.638
2026-09-20T17:39:33.7284150Z  * [new tag]               v2.0.639                -> v2.0.639
2026-09-20T17:39:33.7284343Z  * [new tag]               v2.0.64                 -> v2.0.64
2026-09-20T17:39:33.7315695Z  * [new tag]               v2.0.640                -> v2.0.640
2026-09-20T17:39:33.7316227Z  * [new tag]               v2.0.641                -> v2.0.641
2026-09-20T17:39:33.7316537Z  * [new tag]               v2.0.642                -> v2.0.642
2026-09-20T17:39:33.7316760Z  * [new tag]               v2.0.643                -> v2.0.643
2026-09-20T17:39:33.7316970Z  * [new tag]               v2.0.644                -> v2.0.644
2026-09-20T17:39:33.7317171Z  * [new tag]               v2.0.645                -> v2.0.645
2026-09-20T17:39:33.7317374Z  * [new tag]               v2.0.646                -> v2.0.646
2026-09-20T17:39:33.7317571Z  * [new tag]               v2.0.647                -> v2.0.647
2026-09-20T17:39:33.7317762Z  * [new tag]               v2.0.648                -> v2.0.648
2026-09-20T17:39:33.7317960Z  * [new tag]               v2.0.649                -> v2.0.649
2026-09-20T17:39:33.7318164Z  * [new tag]               v2.0.65                 -> v2.0.65
2026-09-20T17:39:33.7318371Z  * [new tag]               v2.0.650                -> v2.0.650
2026-09-20T17:39:33.7318573Z  * [new tag]               v2.0.651                -> v2.0.651
2026-09-20T17:39:33.7318776Z  * [new tag]               v2.0.652                -> v2.0.652
2026-09-20T17:39:33.7319225Z  * [new tag]               v2.0.653                -> v2.0.653
2026-09-20T17:39:33.7319706Z  * [new tag]               v2.0.654                -> v2.0.654
2026-09-20T17:39:33.7319958Z  * [new tag]               v2.0.655                -> v2.0.655
2026-09-20T17:39:33.7320168Z  * [new tag]               v2.0.656                -> v2.0.656
2026-09-20T17:39:33.7320364Z  * [new tag]               v2.0.657                -> v2.0.657
2026-09-20T17:39:33.7320562Z  * [new tag]               v2.0.658                -> v2.0.658
2026-09-20T17:39:33.7320761Z  * [new tag]               v2.0.659                -> v2.0.659
2026-09-20T17:39:33.7320969Z  * [new tag]               v2.0.66                 -> v2.0.66
2026-09-20T17:39:33.7321172Z  * [new tag]               v2.0.660                -> v2.0.660
2026-09-20T17:39:33.7321364Z  * [new tag]               v2.0.661                -> v2.0.661
2026-09-20T17:39:33.7321574Z  * [new tag]               v2.0.662                -> v2.0.662
2026-09-20T17:39:33.7321782Z  * [new tag]               v2.0.663                -> v2.0.663
2026-09-20T17:39:33.7321974Z  * [new tag]               v2.0.664                -> v2.0.664
2026-09-20T17:39:33.7322170Z  * [new tag]               v2.0.665                -> v2.0.665
2026-09-20T17:39:33.7322360Z  * [new tag]               v2.0.666                -> v2.0.666
2026-09-20T17:39:33.7322560Z  * [new tag]               v2.0.667                -> v2.0.667
2026-09-20T17:39:33.7322755Z  * [new tag]               v2.0.668                -> v2.0.668
2026-09-20T17:39:33.7322944Z  * [new tag]               v2.0.669                -> v2.0.669
2026-09-20T17:39:33.7323139Z  * [new tag]               v2.0.67                 -> v2.0.67
2026-09-20T17:39:33.7323331Z  * [new tag]               v2.0.670                -> v2.0.670
2026-09-20T17:39:33.7323531Z  * [new tag]               v2.0.671                -> v2.0.671
2026-09-20T17:39:33.7323916Z  * [new tag]               v2.0.672                -> v2.0.672
2026-09-20T17:39:33.7324129Z  * [new tag]               v2.0.673                -> v2.0.673
2026-09-20T17:39:33.7324328Z  * [new tag]               v2.0.674                -> v2.0.674
2026-09-20T17:39:33.7324519Z  * [new tag]               v2.0.675                -> v2.0.675
2026-09-20T17:39:33.7324717Z  * [new tag]               v2.0.676                -> v2.0.676
2026-09-20T17:39:33.7324920Z  * [new tag]               v2.0.677                -> v2.0.677
2026-09-20T17:39:33.7325112Z  * [new tag]               v2.0.678                -> v2.0.678
2026-09-20T17:39:33.7325309Z  * [new tag]               v2.0.679                -> v2.0.679
2026-09-20T17:39:33.7325507Z  * [new tag]               v2.0.68                 -> v2.0.68
2026-09-20T17:39:33.7325701Z  * [new tag]               v2.0.680                -> v2.0.680
2026-09-20T17:39:33.7325895Z  * [new tag]               v2.0.681                -> v2.0.681
2026-09-20T17:39:33.7326089Z  * [new tag]               v2.0.682                -> v2.0.682
2026-09-20T17:39:33.7326294Z  * [new tag]               v2.0.683                -> v2.0.683
2026-09-20T17:39:33.7326492Z  * [new tag]               v2.0.684                -> v2.0.684
2026-09-20T17:39:33.7326682Z  * [new tag]               v2.0.685                -> v2.0.685
2026-09-20T17:39:33.7326878Z  * [new tag]               v2.0.686                -> v2.0.686
2026-09-20T17:39:33.7327071Z  * [new tag]               v2.0.687                -> v2.0.687
2026-09-20T17:39:33.7327269Z  * [new tag]               v2.0.688                -> v2.0.688
2026-09-20T17:39:33.7327467Z  * [new tag]               v2.0.689                -> v2.0.689
2026-09-20T17:39:33.7327661Z  * [new tag]               v2.0.69                 -> v2.0.69
2026-09-20T17:39:33.7327862Z  * [new tag]               v2.0.690                -> v2.0.690
2026-09-20T17:39:33.7328055Z  * [new tag]               v2.0.691                -> v2.0.691
2026-09-20T17:39:33.7328257Z  * [new tag]               v2.0.692                -> v2.0.692
2026-09-20T17:39:33.7328591Z  * [new tag]               v2.0.693                -> v2.0.693
2026-09-20T17:39:33.7328782Z  * [new tag]               v2.0.694                -> v2.0.694
2026-09-20T17:39:33.7328980Z  * [new tag]               v2.0.695                -> v2.0.695
2026-09-20T17:39:33.7329175Z  * [new tag]               v2.0.696                -> v2.0.696
2026-09-20T17:39:33.7329369Z  * [new tag]               v2.0.697                -> v2.0.697
2026-09-20T17:39:33.7329845Z  * [new tag]               v2.0.698                -> v2.0.698
2026-09-20T17:39:33.7330045Z  * [new tag]               v2.0.699                -> v2.0.699
2026-09-20T17:39:33.7330253Z  * [new tag]               v2.0.7                  -> v2.0.7
2026-09-20T17:39:33.7330456Z  * [new tag]               v2.0.70                 -> v2.0.70
2026-09-20T17:39:33.7330650Z  * [new tag]               v2.0.700                -> v2.0.700
2026-09-20T17:39:33.7330863Z  * [new tag]               v2.0.701                -> v2.0.701
2026-09-20T17:39:33.7331062Z  * [new tag]               v2.0.702                -> v2.0.702
2026-09-20T17:39:33.7331259Z  * [new tag]               v2.0.703                -> v2.0.703
2026-09-20T17:39:33.7331453Z  * [new tag]               v2.0.704                -> v2.0.704
2026-09-20T17:39:33.7331642Z  * [new tag]               v2.0.705                -> v2.0.705
2026-09-20T17:39:33.7331840Z  * [new tag]               v2.0.706                -> v2.0.706
2026-09-20T17:39:33.7332034Z  * [new tag]               v2.0.707                -> v2.0.707
2026-09-20T17:39:33.7332232Z  * [new tag]               v2.0.708                -> v2.0.708
2026-09-20T17:39:33.7332428Z  * [new tag]               v2.0.709                -> v2.0.709
2026-09-20T17:39:33.7332623Z  * [new tag]               v2.0.71                 -> v2.0.71
2026-09-20T17:39:33.7332822Z  * [new tag]               v2.0.710                -> v2.0.710
2026-09-20T17:39:33.7333019Z  * [new tag]               v2.0.711                -> v2.0.711
2026-09-20T17:39:33.7333358Z  * [new tag]               v2.0.712                -> v2.0.712
2026-09-20T17:39:33.7333573Z  * [new tag]               v2.0.713                -> v2.0.713
2026-09-20T17:39:33.7333765Z  * [new tag]               v2.0.714                -> v2.0.714
2026-09-20T17:39:33.7333962Z  * [new tag]               v2.0.715                -> v2.0.715
2026-09-20T17:39:33.7334162Z  * [new tag]               v2.0.716                -> v2.0.716
2026-09-20T17:39:33.7334351Z  * [new tag]               v2.0.717                -> v2.0.717
2026-09-20T17:39:33.7334550Z  * [new tag]               v2.0.718                -> v2.0.718
2026-09-20T17:39:33.7334743Z  * [new tag]               v2.0.719                -> v2.0.719
2026-09-20T17:39:33.7334940Z  * [new tag]               v2.0.72                 -> v2.0.72
2026-09-20T17:39:33.7335138Z  * [new tag]               v2.0.720                -> v2.0.720
2026-09-20T17:39:33.7335329Z  * [new tag]               v2.0.721                -> v2.0.721
2026-09-20T17:39:33.7335532Z  * [new tag]               v2.0.722                -> v2.0.722
2026-09-20T17:39:33.7335728Z  * [new tag]               v2.0.723                -> v2.0.723
2026-09-20T17:39:33.7335925Z  * [new tag]               v2.0.724                -> v2.0.724
2026-09-20T17:39:33.7336123Z  * [new tag]               v2.0.725                -> v2.0.725
2026-09-20T17:39:33.7336313Z  * [new tag]               v2.0.726                -> v2.0.726
2026-09-20T17:39:33.7336510Z  * [new tag]               v2.0.727                -> v2.0.727
2026-09-20T17:39:33.7336700Z  * [new tag]               v2.0.728                -> v2.0.728
2026-09-20T17:39:33.7336899Z  * [new tag]               v2.0.729                -> v2.0.729
2026-09-20T17:39:33.7337093Z  * [new tag]               v2.0.73                 -> v2.0.73
2026-09-20T17:39:33.7337283Z  * [new tag]               v2.0.730                -> v2.0.730
2026-09-20T17:39:33.7337480Z  * [new tag]               v2.0.731                -> v2.0.731
2026-09-20T17:39:33.7337682Z  * [new tag]               v2.0.732                -> v2.0.732
2026-09-20T17:39:33.7338002Z  * [new tag]               v2.0.733                -> v2.0.733
2026-09-20T17:39:33.7338198Z  * [new tag]               v2.0.734                -> v2.0.734
2026-09-20T17:39:33.7338387Z  * [new tag]               v2.0.735                -> v2.0.735
2026-09-20T17:39:33.7338583Z  * [new tag]               v2.0.736                -> v2.0.736
2026-09-20T17:39:33.7338775Z  * [new tag]               v2.0.737                -> v2.0.737
2026-09-20T17:39:33.7338965Z  * [new tag]               v2.0.738                -> v2.0.738
2026-09-20T17:39:33.7339157Z  * [new tag]               v2.0.739                -> v2.0.739
2026-09-20T17:39:33.7339348Z  * [new tag]               v2.0.74                 -> v2.0.74
2026-09-20T17:39:33.7339692Z  * [new tag]               v2.0.740                -> v2.0.740
2026-09-20T17:39:33.7339892Z  * [new tag]               v2.0.741                -> v2.0.741
2026-09-20T17:39:33.7340089Z  * [new tag]               v2.0.742                -> v2.0.742
2026-09-20T17:39:33.7340293Z  * [new tag]               v2.0.743                -> v2.0.743
2026-09-20T17:39:33.7340484Z  * [new tag]               v2.0.744                -> v2.0.744
2026-09-20T17:39:33.7340680Z  * [new tag]               v2.0.745                -> v2.0.745
2026-09-20T17:39:33.7340876Z  * [new tag]               v2.0.746                -> v2.0.746
2026-09-20T17:39:33.7341066Z  * [new tag]               v2.0.747                -> v2.0.747
2026-09-20T17:39:33.7341263Z  * [new tag]               v2.0.748                -> v2.0.748
2026-09-20T17:39:33.7341458Z  * [new tag]               v2.0.749                -> v2.0.749
2026-09-20T17:39:33.7341651Z  * [new tag]               v2.0.75                 -> v2.0.75
2026-09-20T17:39:33.7341852Z  * [new tag]               v2.0.750                -> v2.0.750
2026-09-20T17:39:33.7342043Z  * [new tag]               v2.0.751                -> v2.0.751
2026-09-20T17:39:33.7342532Z  * [new tag]               v2.0.752                -> v2.0.752
2026-09-20T17:39:33.7342848Z  * [new tag]               v2.0.753                -> v2.0.753
2026-09-20T17:39:33.7343052Z  * [new tag]               v2.0.754                -> v2.0.754
2026-09-20T17:39:33.7343251Z  * [new tag]               v2.0.755                -> v2.0.755
2026-09-20T17:39:33.7343442Z  * [new tag]               v2.0.756                -> v2.0.756
2026-09-20T17:39:33.7343642Z  * [new tag]               v2.0.757                -> v2.0.757
2026-09-20T17:39:33.7343839Z  * [new tag]               v2.0.758                -> v2.0.758
2026-09-20T17:39:33.7344030Z  * [new tag]               v2.0.759                -> v2.0.759
2026-09-20T17:39:33.7344230Z  * [new tag]               v2.0.76                 -> v2.0.76
2026-09-20T17:39:33.7344423Z  * [new tag]               v2.0.760                -> v2.0.760
2026-09-20T17:39:33.7344620Z  * [new tag]               v2.0.761                -> v2.0.761
2026-09-20T17:39:33.7344826Z  * [new tag]               v2.0.762                -> v2.0.762
2026-09-20T17:39:33.7345022Z  * [new tag]               v2.0.763                -> v2.0.763
2026-09-20T17:39:33.7345217Z  * [new tag]               v2.0.764                -> v2.0.764
2026-09-20T17:39:33.7345418Z  * [new tag]               v2.0.765                -> v2.0.765
2026-09-20T17:39:33.7345608Z  * [new tag]               v2.0.766                -> v2.0.766
2026-09-20T17:39:33.7345806Z  * [new tag]               v2.0.767                -> v2.0.767
2026-09-20T17:39:33.7345999Z  * [new tag]               v2.0.768                -> v2.0.768
2026-09-20T17:39:33.7346196Z  * [new tag]               v2.0.769                -> v2.0.769
2026-09-20T17:39:33.7346394Z  * [new tag]               v2.0.77                 -> v2.0.77
2026-09-20T17:39:33.7346585Z  * [new tag]               v2.0.770                -> v2.0.770
2026-09-20T17:39:33.7346780Z  * [new tag]               v2.0.771                -> v2.0.771
2026-09-20T17:39:33.7346978Z  * [new tag]               v2.0.772                -> v2.0.772
2026-09-20T17:39:33.7347352Z  * [new tag]               v2.0.773                -> v2.0.773
2026-09-20T17:39:33.7347550Z  * [new tag]               v2.0.774                -> v2.0.774
2026-09-20T17:39:33.7347741Z  * [new tag]               v2.0.775                -> v2.0.775
2026-09-20T17:39:33.7347937Z  * [new tag]               v2.0.776                -> v2.0.776
2026-09-20T17:39:33.7348127Z  * [new tag]               v2.0.777                -> v2.0.777
2026-09-20T17:39:33.7348324Z  * [new tag]               v2.0.778                -> v2.0.778
2026-09-20T17:39:33.7348522Z  * [new tag]               v2.0.779                -> v2.0.779
2026-09-20T17:39:33.7348713Z  * [new tag]               v2.0.78                 -> v2.0.78
2026-09-20T17:39:33.7348910Z  * [new tag]               v2.0.780                -> v2.0.780
2026-09-20T17:39:33.7349106Z  * [new tag]               v2.0.781                -> v2.0.781
2026-09-20T17:39:33.7349295Z  * [new tag]               v2.0.782                -> v2.0.782
2026-09-20T17:39:33.7349730Z  * [new tag]               v2.0.783                -> v2.0.783
2026-09-20T17:39:33.7349928Z  * [new tag]               v2.0.784                -> v2.0.784
2026-09-20T17:39:33.7350126Z  * [new tag]               v2.0.785                -> v2.0.785
2026-09-20T17:39:33.7350321Z  * [new tag]               v2.0.786                -> v2.0.786
2026-09-20T17:39:33.7350512Z  * [new tag]               v2.0.787                -> v2.0.787
2026-09-20T17:39:33.7350715Z  * [new tag]               v2.0.788                -> v2.0.788
2026-09-20T17:39:33.7350908Z  * [new tag]               v2.0.789                -> v2.0.789
2026-09-20T17:39:33.7351106Z  * [new tag]               v2.0.79                 -> v2.0.79
2026-09-20T17:39:33.7351304Z  * [new tag]               v2.0.790                -> v2.0.790
2026-09-20T17:39:33.7351493Z  * [new tag]               v2.0.791                -> v2.0.791
2026-09-20T17:39:33.7351689Z  * [new tag]               v2.0.792                -> v2.0.792
2026-09-20T17:39:33.7352007Z  * [new tag]               v2.0.793                -> v2.0.793
2026-09-20T17:39:33.7352222Z  * [new tag]               v2.0.794                -> v2.0.794
2026-09-20T17:39:33.7352419Z  * [new tag]               v2.0.795                -> v2.0.795
2026-09-20T17:39:33.7352618Z  * [new tag]               v2.0.796                -> v2.0.796
2026-09-20T17:39:33.7352821Z  * [new tag]               v2.0.797                -> v2.0.797
2026-09-20T17:39:33.7353018Z  * [new tag]               v2.0.798                -> v2.0.798
2026-09-20T17:39:33.7353211Z  * [new tag]               v2.0.799                -> v2.0.799
2026-09-20T17:39:33.7353419Z  * [new tag]               v2.0.8                  -> v2.0.8
2026-09-20T17:39:33.7353618Z  * [new tag]               v2.0.80                 -> v2.0.80
2026-09-20T17:39:33.7353826Z  * [new tag]               v2.0.800                -> v2.0.800
2026-09-20T17:39:33.7354025Z  * [new tag]               v2.0.801                -> v2.0.801
2026-09-20T17:39:33.7354223Z  * [new tag]               v2.0.802                -> v2.0.802
2026-09-20T17:39:33.7354425Z  * [new tag]               v2.0.803                -> v2.0.803
2026-09-20T17:39:33.7354616Z  * [new tag]               v2.0.804                -> v2.0.804
2026-09-20T17:39:33.7354815Z  * [new tag]               v2.0.805                -> v2.0.805
2026-09-20T17:39:33.7355010Z  * [new tag]               v2.0.806                -> v2.0.806
2026-09-20T17:39:33.7355203Z  * [new tag]               v2.0.807                -> v2.0.807
2026-09-20T17:39:33.7355399Z  * [new tag]               v2.0.808                -> v2.0.808
2026-09-20T17:39:33.7355589Z  * [new tag]               v2.0.809                -> v2.0.809
2026-09-20T17:39:33.7355789Z  * [new tag]               v2.0.81                 -> v2.0.81
2026-09-20T17:39:33.7355984Z  * [new tag]               v2.0.810                -> v2.0.810
2026-09-20T17:39:33.7356173Z  * [new tag]               v2.0.811                -> v2.0.811
2026-09-20T17:39:33.7356373Z  * [new tag]               v2.0.812                -> v2.0.812
2026-09-20T17:39:33.7356697Z  * [new tag]               v2.0.813                -> v2.0.813
2026-09-20T17:39:33.7356892Z  * [new tag]               v2.0.814                -> v2.0.814
2026-09-20T17:39:33.7357090Z  * [new tag]               v2.0.815                -> v2.0.815
2026-09-20T17:39:33.7357282Z  * [new tag]               v2.0.816                -> v2.0.816
2026-09-20T17:39:33.7357477Z  * [new tag]               v2.0.817                -> v2.0.817
2026-09-20T17:39:33.7357673Z  * [new tag]               v2.0.818                -> v2.0.818
2026-09-20T17:39:33.7357863Z  * [new tag]               v2.0.819                -> v2.0.819
2026-09-20T17:39:33.7358063Z  * [new tag]               v2.0.82                 -> v2.0.82
2026-09-20T17:39:33.7358253Z  * [new tag]               v2.0.820                -> v2.0.820
2026-09-20T17:39:33.7358452Z  * [new tag]               v2.0.821                -> v2.0.821
2026-09-20T17:39:33.7358653Z  * [new tag]               v2.0.822                -> v2.0.822
2026-09-20T17:39:33.7358853Z  * [new tag]               v2.0.823                -> v2.0.823
2026-09-20T17:39:33.7359060Z  * [new tag]               v2.0.824                -> v2.0.824
2026-09-20T17:39:33.7359254Z  * [new tag]               v2.0.825                -> v2.0.825
2026-09-20T17:39:33.7359595Z  * [new tag]               v2.0.826                -> v2.0.826
2026-09-20T17:39:33.7359803Z  * [new tag]               v2.0.827                -> v2.0.827
2026-09-20T17:39:33.7359998Z  * [new tag]               v2.0.828                -> v2.0.828
2026-09-20T17:39:33.7360196Z  * [new tag]               v2.0.829                -> v2.0.829
2026-09-20T17:39:33.7360395Z  * [new tag]               v2.0.83                 -> v2.0.83
2026-09-20T17:39:33.7360588Z  * [new tag]               v2.0.830                -> v2.0.830
2026-09-20T17:39:33.7360790Z  * [new tag]               v2.0.831                -> v2.0.831
2026-09-20T17:39:33.7361106Z  * [new tag]               v2.0.832                -> v2.0.832
2026-09-20T17:39:33.7361314Z  * [new tag]               v2.0.833                -> v2.0.833
2026-09-20T17:39:33.7361514Z  * [new tag]               v2.0.834                -> v2.0.834
2026-09-20T17:39:33.7361706Z  * [new tag]               v2.0.835                -> v2.0.835
2026-09-20T17:39:33.7361904Z  * [new tag]               v2.0.836                -> v2.0.836
2026-09-20T17:39:33.7362098Z  * [new tag]               v2.0.837                -> v2.0.837
2026-09-20T17:39:33.7362294Z  * [new tag]               v2.0.838                -> v2.0.838
2026-09-20T17:39:33.7362491Z  * [new tag]               v2.0.839                -> v2.0.839
2026-09-20T17:39:33.7362684Z  * [new tag]               v2.0.84                 -> v2.0.84
2026-09-20T17:39:33.7362881Z  * [new tag]               v2.0.840                -> v2.0.840
2026-09-20T17:39:33.7363076Z  * [new tag]               v2.0.841                -> v2.0.841
2026-09-20T17:39:33.7363278Z  * [new tag]               v2.0.842                -> v2.0.842
2026-09-20T17:39:33.7363480Z  * [new tag]               v2.0.843                -> v2.0.843
2026-09-20T17:39:33.7363673Z  * [new tag]               v2.0.844                -> v2.0.844
2026-09-20T17:39:33.7363872Z  * [new tag]               v2.0.845                -> v2.0.845
2026-09-20T17:39:33.7364072Z  * [new tag]               v2.0.846                -> v2.0.846
2026-09-20T17:39:33.7364266Z  * [new tag]               v2.0.847                -> v2.0.847
2026-09-20T17:39:33.7364463Z  * [new tag]               v2.0.848                -> v2.0.848
2026-09-20T17:39:33.7364652Z  * [new tag]               v2.0.849                -> v2.0.849
2026-09-20T17:39:33.7364852Z  * [new tag]               v2.0.85                 -> v2.0.85
2026-09-20T17:39:33.7365052Z  * [new tag]               v2.0.850                -> v2.0.850
2026-09-20T17:39:33.7365246Z  * [new tag]               v2.0.851                -> v2.0.851
2026-09-20T17:39:33.7365447Z  * [new tag]               v2.0.852                -> v2.0.852
2026-09-20T17:39:33.7365645Z  * [new tag]               v2.0.853                -> v2.0.853
2026-09-20T17:39:33.7365960Z  * [new tag]               v2.0.854                -> v2.0.854
2026-09-20T17:39:33.7366160Z  * [new tag]               v2.0.855                -> v2.0.855
2026-09-20T17:39:33.7366352Z  * [new tag]               v2.0.856                -> v2.0.856
2026-09-20T17:39:33.7366550Z  * [new tag]               v2.0.857                -> v2.0.857
2026-09-20T17:39:33.7366741Z  * [new tag]               v2.0.858                -> v2.0.858
2026-09-20T17:39:33.7366939Z  * [new tag]               v2.0.859                -> v2.0.859
2026-09-20T17:39:33.7367139Z  * [new tag]               v2.0.86                 -> v2.0.86
2026-09-20T17:39:33.7367333Z  * [new tag]               v2.0.860                -> v2.0.860
2026-09-20T17:39:33.7367531Z  * [new tag]               v2.0.861                -> v2.0.861
2026-09-20T17:39:33.7367722Z  * [new tag]               v2.0.862                -> v2.0.862
2026-09-20T17:39:33.7367924Z  * [new tag]               v2.0.863                -> v2.0.863
2026-09-20T17:39:33.7368128Z  * [new tag]               v2.0.864                -> v2.0.864
2026-09-20T17:39:33.7368322Z  * [new tag]               v2.0.865                -> v2.0.865
2026-09-20T17:39:33.7368521Z  * [new tag]               v2.0.866                -> v2.0.866
2026-09-20T17:39:33.7368720Z  * [new tag]               v2.0.867                -> v2.0.867
2026-09-20T17:39:33.7368911Z  * [new tag]               v2.0.868                -> v2.0.868
2026-09-20T17:39:33.7369108Z  * [new tag]               v2.0.869                -> v2.0.869
2026-09-20T17:39:33.7369302Z  * [new tag]               v2.0.87                 -> v2.0.87
2026-09-20T17:39:33.7369875Z  * [new tag]               v2.0.870                -> v2.0.870
2026-09-20T17:39:33.7370092Z  * [new tag]               v2.0.871                -> v2.0.871
2026-09-20T17:39:33.7370290Z  * [new tag]               v2.0.872                -> v2.0.872
2026-09-20T17:39:33.7370621Z  * [new tag]               v2.0.873                -> v2.0.873
2026-09-20T17:39:33.7370827Z  * [new tag]               v2.0.874                -> v2.0.874
2026-09-20T17:39:33.7371028Z  * [new tag]               v2.0.875                -> v2.0.875
2026-09-20T17:39:33.7371226Z  * [new tag]               v2.0.876                -> v2.0.876
2026-09-20T17:39:33.7371416Z  * [new tag]               v2.0.877                -> v2.0.877
2026-09-20T17:39:33.7371611Z  * [new tag]               v2.0.878                -> v2.0.878
2026-09-20T17:39:33.7371801Z  * [new tag]               v2.0.879                -> v2.0.879
2026-09-20T17:39:33.7371998Z  * [new tag]               v2.0.88                 -> v2.0.88
2026-09-20T17:39:33.7372193Z  * [new tag]               v2.0.880                -> v2.0.880
2026-09-20T17:39:33.7372384Z  * [new tag]               v2.0.881                -> v2.0.881
2026-09-20T17:39:33.7372581Z  * [new tag]               v2.0.882                -> v2.0.882
2026-09-20T17:39:33.7372781Z  * [new tag]               v2.0.883                -> v2.0.883
2026-09-20T17:39:33.7372985Z  * [new tag]               v2.0.884                -> v2.0.884
2026-09-20T17:39:33.7373180Z  * [new tag]               v2.0.885                -> v2.0.885
2026-09-20T17:39:33.7373370Z  * [new tag]               v2.0.886                -> v2.0.886
2026-09-20T17:39:33.7373566Z  * [new tag]               v2.0.887                -> v2.0.887
2026-09-20T17:39:33.7373760Z  * [new tag]               v2.0.888                -> v2.0.888
2026-09-20T17:39:33.7373948Z  * [new tag]               v2.0.889                -> v2.0.889
2026-09-20T17:39:33.7374143Z  * [new tag]               v2.0.89                 -> v2.0.89
2026-09-20T17:39:33.7374335Z  * [new tag]               v2.0.890                -> v2.0.890
2026-09-20T17:39:33.7374533Z  * [new tag]               v2.0.891                -> v2.0.891
2026-09-20T17:39:33.7374735Z  * [new tag]               v2.0.892                -> v2.0.892
2026-09-20T17:39:33.7374930Z  * [new tag]               v2.0.893                -> v2.0.893
2026-09-20T17:39:33.7375249Z  * [new tag]               v2.0.894                -> v2.0.894
2026-09-20T17:39:33.7375446Z  * [new tag]               v2.0.895                -> v2.0.895
2026-09-20T17:39:33.7375640Z  * [new tag]               v2.0.896                -> v2.0.896
2026-09-20T17:39:33.7375835Z  * [new tag]               v2.0.897                -> v2.0.897
2026-09-20T17:39:33.7376026Z  * [new tag]               v2.0.898                -> v2.0.898
2026-09-20T17:39:33.7376226Z  * [new tag]               v2.0.899                -> v2.0.899
2026-09-20T17:39:33.7376427Z  * [new tag]               v2.0.9                  -> v2.0.9
2026-09-20T17:39:33.7376622Z  * [new tag]               v2.0.90                 -> v2.0.90
2026-09-20T17:39:33.7376820Z  * [new tag]               v2.0.900                -> v2.0.900
2026-09-20T17:39:33.7377010Z  * [new tag]               v2.0.901                -> v2.0.901
2026-09-20T17:39:33.7377212Z  * [new tag]               v2.0.902                -> v2.0.902
2026-09-20T17:39:33.7377412Z  * [new tag]               v2.0.903                -> v2.0.903
2026-09-20T17:39:33.7377602Z  * [new tag]               v2.0.904                -> v2.0.904
2026-09-20T17:39:33.7377797Z  * [new tag]               v2.0.905                -> v2.0.905
2026-09-20T17:39:33.7377986Z  * [new tag]               v2.0.906                -> v2.0.906
2026-09-20T17:39:33.7378180Z  * [new tag]               v2.0.907                -> v2.0.907
2026-09-20T17:39:33.7378375Z  * [new tag]               v2.0.908                -> v2.0.908
2026-09-20T17:39:33.7378565Z  * [new tag]               v2.0.909                -> v2.0.909
2026-09-20T17:39:33.7378762Z  * [new tag]               v2.0.91                 -> v2.0.91
2026-09-20T17:39:33.7378955Z  * [new tag]               v2.0.910                -> v2.0.910
2026-09-20T17:39:33.7379151Z  * [new tag]               v2.0.911                -> v2.0.911
2026-09-20T17:39:33.7379461Z  * [new tag]               v2.0.912                -> v2.0.912
2026-09-20T17:39:33.7379825Z  * [new tag]               v2.0.913                -> v2.0.913
2026-09-20T17:39:33.7380027Z  * [new tag]               v2.0.914                -> v2.0.914
2026-09-20T17:39:33.7380223Z  * [new tag]               v2.0.915                -> v2.0.915
2026-09-20T17:39:33.7380414Z  * [new tag]               v2.0.916                -> v2.0.916
2026-09-20T17:39:33.7380611Z  * [new tag]               v2.0.917                -> v2.0.917
2026-09-20T17:39:33.7380803Z  * [new tag]               v2.0.918                -> v2.0.918
2026-09-20T17:39:33.7381001Z  * [new tag]               v2.0.919                -> v2.0.919
2026-09-20T17:39:33.7381197Z  * [new tag]               v2.0.92                 -> v2.0.92
2026-09-20T17:39:33.7381388Z  * [new tag]               v2.0.920                -> v2.0.920
2026-09-20T17:39:33.7381584Z  * [new tag]               v2.0.921                -> v2.0.921
2026-09-20T17:39:33.7381775Z  * [new tag]               v2.0.922                -> v2.0.922
2026-09-20T17:39:33.7381975Z  * [new tag]               v2.0.923                -> v2.0.923
2026-09-20T17:39:33.7382181Z  * [new tag]               v2.0.924                -> v2.0.924
2026-09-20T17:39:33.7382390Z  * [new tag]               v2.0.925                -> v2.0.925
2026-09-20T17:39:33.7382589Z  * [new tag]               v2.0.926                -> v2.0.926
2026-09-20T17:39:33.7382778Z  * [new tag]               v2.0.927                -> v2.0.927
2026-09-20T17:39:33.7382976Z  * [new tag]               v2.0.928                -> v2.0.928
2026-09-20T17:39:33.7383176Z  * [new tag]               v2.0.929                -> v2.0.929
2026-09-20T17:39:33.7383365Z  * [new tag]               v2.0.93                 -> v2.0.93
2026-09-20T17:39:33.7383563Z  * [new tag]               v2.0.930                -> v2.0.930
2026-09-20T17:39:33.7383762Z  * [new tag]               v2.0.931                -> v2.0.931
2026-09-20T17:39:33.7383954Z  * [new tag]               v2.0.932                -> v2.0.932
2026-09-20T17:39:33.7384157Z  * [new tag]               v2.0.933                -> v2.0.933
2026-09-20T17:39:33.7384446Z  * [new tag]               v2.0.934                -> v2.0.934
2026-09-20T17:39:33.7384643Z  * [new tag]               v2.0.935                -> v2.0.935
2026-09-20T17:39:33.7384842Z  * [new tag]               v2.0.936                -> v2.0.936
2026-09-20T17:39:33.7385034Z  * [new tag]               v2.0.937                -> v2.0.937
2026-09-20T17:39:33.7385234Z  * [new tag]               v2.0.938                -> v2.0.938
2026-09-20T17:39:33.7385427Z  * [new tag]               v2.0.939                -> v2.0.939
2026-09-20T17:39:33.7385625Z  * [new tag]               v2.0.94                 -> v2.0.94
2026-09-20T17:39:33.7385822Z  * [new tag]               v2.0.940                -> v2.0.940
2026-09-20T17:39:33.7386013Z  * [new tag]               v2.0.941                -> v2.0.941
2026-09-20T17:39:33.7386211Z  * [new tag]               v2.0.942                -> v2.0.942
2026-09-20T17:39:33.7386410Z  * [new tag]               v2.0.943                -> v2.0.943
2026-09-20T17:39:33.7386610Z  * [new tag]               v2.0.944                -> v2.0.944
2026-09-20T17:39:33.7386808Z  * [new tag]               v2.0.945                -> v2.0.945
2026-09-20T17:39:33.7386999Z  * [new tag]               v2.0.946                -> v2.0.946
2026-09-20T17:39:33.7387196Z  * [new tag]               v2.0.947                -> v2.0.947
2026-09-20T17:39:33.7387391Z  * [new tag]               v2.0.948                -> v2.0.948
2026-09-20T17:39:33.7387583Z  * [new tag]               v2.0.949                -> v2.0.949
2026-09-20T17:39:33.7387776Z  * [new tag]               v2.0.95                 -> v2.0.95
2026-09-20T17:39:33.7387967Z  * [new tag]               v2.0.950                -> v2.0.950
2026-09-20T17:39:33.7388162Z  * [new tag]               v2.0.951                -> v2.0.951
2026-09-20T17:39:33.7388358Z  * [new tag]               v2.0.952                -> v2.0.952
2026-09-20T17:39:33.7388666Z  * [new tag]               v2.0.953                -> v2.0.953
2026-09-20T17:39:33.7388875Z  * [new tag]               v2.0.954                -> v2.0.954
2026-09-20T17:39:33.7389067Z  * [new tag]               v2.0.955                -> v2.0.955
2026-09-20T17:39:33.7389263Z  * [new tag]               v2.0.956                -> v2.0.956
2026-09-20T17:39:33.7389617Z  * [new tag]               v2.0.957                -> v2.0.957
2026-09-20T17:39:33.7389814Z  * [new tag]               v2.0.958                -> v2.0.958
2026-09-20T17:39:33.7390009Z  * [new tag]               v2.0.959                -> v2.0.959
2026-09-20T17:39:33.7390200Z  * [new tag]               v2.0.96                 -> v2.0.96
2026-09-20T17:39:33.7390396Z  * [new tag]               v2.0.960                -> v2.0.960
2026-09-20T17:39:33.7390593Z  * [new tag]               v2.0.961                -> v2.0.961
2026-09-20T17:39:33.7390781Z  * [new tag]               v2.0.962                -> v2.0.962
2026-09-20T17:39:33.7390983Z  * [new tag]               v2.0.963                -> v2.0.963
2026-09-20T17:39:33.7391184Z  * [new tag]               v2.0.964                -> v2.0.964
2026-09-20T17:39:33.7391375Z  * [new tag]               v2.0.965                -> v2.0.965
2026-09-20T17:39:33.7391573Z  * [new tag]               v2.0.966                -> v2.0.966
2026-09-20T17:39:33.7391766Z  * [new tag]               v2.0.967                -> v2.0.967
2026-09-20T17:39:33.7391965Z  * [new tag]               v2.0.968                -> v2.0.968
2026-09-20T17:39:33.7392165Z  * [new tag]               v2.0.969                -> v2.0.969
2026-09-20T17:39:33.7392355Z  * [new tag]               v2.0.97                 -> v2.0.97
2026-09-20T17:39:33.7392550Z  * [new tag]               v2.0.970                -> v2.0.970
2026-09-20T17:39:33.7392741Z  * [new tag]               v2.0.971                -> v2.0.971
2026-09-20T17:39:33.7392945Z  * [new tag]               v2.0.972                -> v2.0.972
2026-09-20T17:39:33.7393147Z  * [new tag]               v2.0.973                -> v2.0.973
2026-09-20T17:39:33.7393498Z  * [new tag]               v2.0.974                -> v2.0.974
2026-09-20T17:39:33.7393701Z  * [new tag]               v2.0.975                -> v2.0.975
2026-09-20T17:39:33.7393894Z  * [new tag]               v2.0.976                -> v2.0.976
2026-09-20T17:39:33.7394093Z  * [new tag]               v2.0.977                -> v2.0.977
2026-09-20T17:39:33.7394294Z  * [new tag]               v2.0.978                -> v2.0.978
2026-09-20T17:39:33.7394488Z  * [new tag]               v2.0.979                -> v2.0.979
2026-09-20T17:39:33.7394685Z  * [new tag]               v2.0.98                 -> v2.0.98
2026-09-20T17:39:33.7394879Z  * [new tag]               v2.0.980                -> v2.0.980
2026-09-20T17:39:33.7395080Z  * [new tag]               v2.0.981                -> v2.0.981
2026-09-20T17:39:33.7395277Z  * [new tag]               v2.0.982                -> v2.0.982
2026-09-20T17:39:33.7395470Z  * [new tag]               v2.0.983                -> v2.0.983
2026-09-20T17:39:33.7395674Z  * [new tag]               v2.0.984                -> v2.0.984
2026-09-20T17:39:33.7395875Z  * [new tag]               v2.0.985                -> v2.0.985
2026-09-20T17:39:33.7396066Z  * [new tag]               v2.0.986                -> v2.0.986
2026-09-20T17:39:33.7396261Z  * [new tag]               v2.0.987                -> v2.0.987
2026-09-20T17:39:33.7396452Z  * [new tag]               v2.0.988                -> v2.0.988
2026-09-20T17:39:33.7396649Z  * [new tag]               v2.0.989                -> v2.0.989
2026-09-20T17:39:33.7396847Z  * [new tag]               v2.0.99                 -> v2.0.99
2026-09-20T17:39:33.7397037Z  * [new tag]               v2.0.990                -> v2.0.990
2026-09-20T17:39:33.7397237Z  * [new tag]               v2.0.991                -> v2.0.991
2026-09-20T17:39:33.7397428Z  * [new tag]               v2.0.992                -> v2.0.992
2026-09-20T17:39:33.7397627Z  * [new tag]               v2.0.993                -> v2.0.993
2026-09-20T17:39:33.7397947Z  * [new tag]               v2.0.994                -> v2.0.994
2026-09-20T17:39:33.7398148Z  * [new tag]               v2.0.995                -> v2.0.995
2026-09-20T17:39:33.7398349Z  * [new tag]               v2.0.996                -> v2.0.996
2026-09-20T17:39:33.7398540Z  * [new tag]               v2.0.997                -> v2.0.997
2026-09-20T17:39:33.7398739Z  * [new tag]               v2.0.998                -> v2.0.998
2026-09-20T17:39:33.7398938Z  * [new tag]               v2.0.999                -> v2.0.999
2026-09-20T17:39:33.7399134Z  * [new tag]               v2.1.0                  -> v2.1.0
2026-09-20T17:39:33.7399334Z  * [new tag]               v2.1.1                  -> v2.1.1
2026-09-20T17:39:33.7399879Z  * [new tag]               v2.1.10                 -> v2.1.10
2026-09-20T17:39:33.7400088Z  * [new tag]               v2.1.11                 -> v2.1.11
2026-09-20T17:39:33.7400288Z  * [new tag]               v2.1.12                 -> v2.1.12
2026-09-20T17:39:33.7400488Z  * [new tag]               v2.1.13                 -> v2.1.13
2026-09-20T17:39:33.7400693Z  * [new tag]               v2.1.14                 -> v2.1.14
2026-09-20T17:39:33.7400892Z  * [new tag]               v2.1.15                 -> v2.1.15
2026-09-20T17:39:33.7401081Z  * [new tag]               v2.1.16                 -> v2.1.16
2026-09-20T17:39:33.7401277Z  * [new tag]               v2.1.17                 -> v2.1.17
2026-09-20T17:39:33.7401470Z  * [new tag]               v2.1.18                 -> v2.1.18
2026-09-20T17:39:33.7401669Z  * [new tag]               v2.1.19                 -> v2.1.19
2026-09-20T17:39:33.7401867Z  * [new tag]               v2.1.2                  -> v2.1.2
2026-09-20T17:39:33.7402061Z  * [new tag]               v2.1.20                 -> v2.1.20
2026-09-20T17:39:33.7402260Z  * [new tag]               v2.1.21                 -> v2.1.21
2026-09-20T17:39:33.7402449Z  * [new tag]               v2.1.22                 -> v2.1.22
2026-09-20T17:39:33.7402650Z  * [new tag]               v2.1.23                 -> v2.1.23
2026-09-20T17:39:33.7402988Z  * [new tag]               v2.1.24                 -> v2.1.24
2026-09-20T17:39:33.7403187Z  * [new tag]               v2.1.25                 -> v2.1.25
2026-09-20T17:39:33.7403382Z  * [new tag]               v2.1.26                 -> v2.1.26
2026-09-20T17:39:33.7403577Z  * [new tag]               v2.1.27                 -> v2.1.27
2026-09-20T17:39:33.7403769Z  * [new tag]               v2.1.28                 -> v2.1.28
2026-09-20T17:39:33.7403962Z  * [new tag]               v2.1.29                 -> v2.1.29
2026-09-20T17:39:33.7404151Z  * [new tag]               v2.1.3                  -> v2.1.3
2026-09-20T17:39:33.7404345Z  * [new tag]               v2.1.4                  -> v2.1.4
2026-09-20T17:39:33.7404536Z  * [new tag]               v2.1.5                  -> v2.1.5
2026-09-20T17:39:33.7404723Z  * [new tag]               v2.1.6                  -> v2.1.6
2026-09-20T17:39:33.7404922Z  * [new tag]               v2.1.7                  -> v2.1.7
2026-09-20T17:39:33.7405121Z  * [new tag]               v2.1.8                  -> v2.1.8
2026-09-20T17:39:33.7405313Z  * [new tag]               v2.1.9                  -> v2.1.9
2026-09-20T17:39:33.7405508Z  * [new tag]               v2.2.0                  -> v2.2.0
2026-09-20T17:39:33.7405695Z  * [new tag]               v2.2.1                  -> v2.2.1
2026-09-20T17:39:33.7405894Z  * [new tag]               v2.2.100                -> v2.2.100
2026-09-20T17:39:33.7406085Z  * [new tag]               v2.2.101                -> v2.2.101
2026-09-20T17:39:33.7406283Z  * [new tag]               v2.2.102                -> v2.2.102
2026-09-20T17:39:33.7406478Z  * [new tag]               v2.2.103                -> v2.2.103
2026-09-20T17:39:33.7406726Z  * [new tag]               v2.2.104                -> v2.2.104
2026-09-20T17:39:33.7406926Z  * [new tag]               v2.2.105                -> v2.2.105
2026-09-20T17:39:33.7407124Z  * [new tag]               v2.2.106                -> v2.2.106
2026-09-20T17:39:33.7407433Z  * [new tag]               v2.2.107                -> v2.2.107
2026-09-20T17:39:33.7407640Z  * [new tag]               v2.2.108                -> v2.2.108
2026-09-20T17:39:33.7407830Z  * [new tag]               v2.2.109                -> v2.2.109
2026-09-20T17:39:33.7408026Z  * [new tag]               v2.2.110                -> v2.2.110
2026-09-20T17:39:33.7408222Z  * [new tag]               v2.2.111                -> v2.2.111
2026-09-20T17:39:33.7408414Z  * [new tag]               v2.2.112                -> v2.2.112
2026-09-20T17:39:33.7408610Z  * [new tag]               v2.2.113                -> v2.2.113
2026-09-20T17:39:33.7408800Z  * [new tag]               v2.2.114                -> v2.2.114
2026-09-20T17:39:33.7408996Z  * [new tag]               v2.2.115                -> v2.2.115
2026-09-20T17:39:33.7409191Z  * [new tag]               v2.2.116                -> v2.2.116
2026-09-20T17:39:33.7409380Z  * [new tag]               v2.2.117                -> v2.2.117
2026-09-20T17:39:33.7409966Z  * [new tag]               v2.2.118                -> v2.2.118
2026-09-20T17:39:33.7410169Z  * [new tag]               v2.2.119                -> v2.2.119
2026-09-20T17:39:33.7410368Z  * [new tag]               v2.2.120                -> v2.2.120
2026-09-20T17:39:33.7410568Z  * [new tag]               v2.2.121                -> v2.2.121
2026-09-20T17:39:33.7410759Z  * [new tag]               v2.2.122                -> v2.2.122
2026-09-20T17:39:33.7410961Z  * [new tag]               v2.2.123                -> v2.2.123
2026-09-20T17:39:33.7411159Z  * [new tag]               v2.2.124                -> v2.2.124
2026-09-20T17:39:33.7411350Z  * [new tag]               v2.2.125                -> v2.2.125
2026-09-20T17:39:33.7411548Z  * [new tag]               v2.2.126                -> v2.2.126
2026-09-20T17:39:33.7411739Z  * [new tag]               v2.2.127                -> v2.2.127
2026-09-20T17:39:33.7411935Z  * [new tag]               v2.2.128                -> v2.2.128
2026-09-20T17:39:33.7412137Z  * [new tag]               v2.2.15                 -> v2.2.15
2026-09-20T17:39:33.7412476Z  * [new tag]               v2.2.16                 -> v2.2.16
2026-09-20T17:39:33.7412674Z  * [new tag]               v2.2.17                 -> v2.2.17
2026-09-20T17:39:33.7412864Z  * [new tag]               v2.2.18                 -> v2.2.18
2026-09-20T17:39:33.7413068Z  * [new tag]               v2.2.19                 -> v2.2.19
2026-09-20T17:39:33.7413263Z  * [new tag]               v2.2.2                  -> v2.2.2
2026-09-20T17:39:33.7413456Z  * [new tag]               v2.2.20                 -> v2.2.20
2026-09-20T17:39:33.7413653Z  * [new tag]               v2.2.21                 -> v2.2.21
2026-09-20T17:39:33.7413844Z  * [new tag]               v2.2.22                 -> v2.2.22
2026-09-20T17:39:33.7414041Z  * [new tag]               v2.2.23                 -> v2.2.23
2026-09-20T17:39:33.7414234Z  * [new tag]               v2.2.24                 -> v2.2.24
2026-09-20T17:39:33.7414429Z  * [new tag]               v2.2.25                 -> v2.2.25
2026-09-20T17:39:33.7414629Z  * [new tag]               v2.2.26                 -> v2.2.26
2026-09-20T17:39:33.7414819Z  * [new tag]               v2.2.27                 -> v2.2.27
2026-09-20T17:39:33.7415016Z  * [new tag]               v2.2.28                 -> v2.2.28
2026-09-20T17:39:33.7415212Z  * [new tag]               v2.2.29                 -> v2.2.29
2026-09-20T17:39:33.7415400Z  * [new tag]               v2.2.3                  -> v2.2.3
2026-09-20T17:39:33.7415596Z  * [new tag]               v2.2.30                 -> v2.2.30
2026-09-20T17:39:33.7415790Z  * [new tag]               v2.2.31                 -> v2.2.31
2026-09-20T17:39:33.7415977Z  * [new tag]               v2.2.32                 -> v2.2.32
2026-09-20T17:39:33.7416174Z  * [new tag]               v2.2.33                 -> v2.2.33
2026-09-20T17:39:33.7416363Z  * [new tag]               v2.2.34                 -> v2.2.34
2026-09-20T17:39:33.7416697Z  * [new tag]               v2.2.35                 -> v2.2.35
2026-09-20T17:39:33.7416908Z  * [new tag]               v2.2.36                 -> v2.2.36
2026-09-20T17:39:33.7417102Z  * [new tag]               v2.2.37                 -> v2.2.37
2026-09-20T17:39:33.7417301Z  * [new tag]               v2.2.38                 -> v2.2.38
2026-09-20T17:39:33.7417490Z  * [new tag]               v2.2.39                 -> v2.2.39
2026-09-20T17:39:33.7417684Z  * [new tag]               v2.2.4                  -> v2.2.4
2026-09-20T17:39:33.7417878Z  * [new tag]               v2.2.40                 -> v2.2.40
2026-09-20T17:39:33.7418067Z  * [new tag]               v2.2.41                 -> v2.2.41
2026-09-20T17:39:33.7418264Z  * [new tag]               v2.2.42                 -> v2.2.42
2026-09-20T17:39:33.7418452Z  * [new tag]               v2.2.43                 -> v2.2.43
2026-09-20T17:39:33.7418648Z  * [new tag]               v2.2.44                 -> v2.2.44
2026-09-20T17:39:33.7418843Z  * [new tag]               v2.2.45                 -> v2.2.45
2026-09-20T17:39:33.7419040Z  * [new tag]               v2.2.46                 -> v2.2.46
2026-09-20T17:39:33.7419242Z  * [new tag]               v2.2.47                 -> v2.2.47
2026-09-20T17:39:33.7419568Z  * [new tag]               v2.2.48                 -> v2.2.48
2026-09-20T17:39:33.7419762Z  * [new tag]               v2.2.49                 -> v2.2.49
2026-09-20T17:39:33.7419953Z  * [new tag]               v2.2.5                  -> v2.2.5
2026-09-20T17:39:33.7420145Z  * [new tag]               v2.2.50                 -> v2.2.50
2026-09-20T17:39:33.7420339Z  * [new tag]               v2.2.51                 -> v2.2.51
2026-09-20T17:39:33.7420534Z  * [new tag]               v2.2.52                 -> v2.2.52
2026-09-20T17:39:33.7420724Z  * [new tag]               v2.2.53                 -> v2.2.53
2026-09-20T17:39:33.7420916Z  * [new tag]               v2.2.54                 -> v2.2.54
2026-09-20T17:39:33.7421106Z  * [new tag]               v2.2.55                 -> v2.2.55
2026-09-20T17:39:33.7421305Z  * [new tag]               v2.2.56                 -> v2.2.56
2026-09-20T17:39:33.7421670Z  * [new tag]               v2.2.57                 -> v2.2.57
2026-09-20T17:39:33.7421860Z  * [new tag]               v2.2.58                 -> v2.2.58
2026-09-20T17:39:33.7422052Z  * [new tag]               v2.2.59                 -> v2.2.59
2026-09-20T17:39:33.7422240Z  * [new tag]               v2.2.6                  -> v2.2.6
2026-09-20T17:39:33.7422439Z  * [new tag]               v2.2.60                 -> v2.2.60
2026-09-20T17:39:33.7422635Z  * [new tag]               v2.2.61                 -> v2.2.61
2026-09-20T17:39:33.7422828Z  * [new tag]               v2.2.62                 -> v2.2.62
2026-09-20T17:39:33.7423021Z  * [new tag]               v2.2.63                 -> v2.2.63
2026-09-20T17:39:33.7423223Z  * [new tag]               v2.2.64                 -> v2.2.64
2026-09-20T17:39:33.7423412Z  * [new tag]               v2.2.65                 -> v2.2.65
2026-09-20T17:39:33.7423617Z  * [new tag]               v2.2.66                 -> v2.2.66
2026-09-20T17:39:33.7423814Z  * [new tag]               v2.2.67                 -> v2.2.67
2026-09-20T17:39:33.7424009Z  * [new tag]               v2.2.68                 -> v2.2.68
2026-09-20T17:39:33.7424205Z  * [new tag]               v2.2.69                 -> v2.2.69
2026-09-20T17:39:33.7424396Z  * [new tag]               v2.2.7                  -> v2.2.7
2026-09-20T17:39:33.7424595Z  * [new tag]               v2.2.70                 -> v2.2.70
2026-09-20T17:39:33.7424784Z  * [new tag]               v2.2.71                 -> v2.2.71
2026-09-20T17:39:33.7424984Z  * [new tag]               v2.2.72                 -> v2.2.72
2026-09-20T17:39:33.7425182Z  * [new tag]               v2.2.73                 -> v2.2.73
2026-09-20T17:39:33.7425373Z  * [new tag]               v2.2.74                 -> v2.2.74
2026-09-20T17:39:33.7425568Z  * [new tag]               v2.2.75                 -> v2.2.75
2026-09-20T17:39:33.7425870Z  * [new tag]               v2.2.76                 -> v2.2.76
2026-09-20T17:39:33.7426075Z  * [new tag]               v2.2.77                 -> v2.2.77
2026-09-20T17:39:33.7426271Z  * [new tag]               v2.2.78                 -> v2.2.78
2026-09-20T17:39:33.7426463Z  * [new tag]               v2.2.79                 -> v2.2.79
2026-09-20T17:39:33.7426660Z  * [new tag]               v2.2.8                  -> v2.2.8
2026-09-20T17:39:33.7426859Z  * [new tag]               v2.2.80                 -> v2.2.80
2026-09-20T17:39:33.7427050Z  * [new tag]               v2.2.81                 -> v2.2.81
2026-09-20T17:39:33.7427246Z  * [new tag]               v2.2.82                 -> v2.2.82
2026-09-20T17:39:33.7427436Z  * [new tag]               v2.2.83                 -> v2.2.83
2026-09-20T17:39:33.7427631Z  * [new tag]               v2.2.84                 -> v2.2.84
2026-09-20T17:39:33.7427826Z  * [new tag]               v2.2.85                 -> v2.2.85
2026-09-20T17:39:33.7428014Z  * [new tag]               v2.2.86                 -> v2.2.86
2026-09-20T17:39:33.7428218Z  * [new tag]               v2.2.87                 -> v2.2.87
2026-09-20T17:39:33.7428413Z  * [new tag]               v2.2.88                 -> v2.2.88
2026-09-20T17:39:33.7428609Z  * [new tag]               v2.2.89                 -> v2.2.89
2026-09-20T17:39:33.7428805Z  * [new tag]               v2.2.90                 -> v2.2.90
2026-09-20T17:39:33.7429044Z  * [new tag]               v2.2.91                 -> v2.2.91
2026-09-20T17:39:33.7429240Z  * [new tag]               v2.2.92                 -> v2.2.92
2026-09-20T17:39:33.7429551Z  * [new tag]               v2.2.93                 -> v2.2.93
2026-09-20T17:39:33.7429755Z  * [new tag]               v2.2.94                 -> v2.2.94
2026-09-20T17:39:33.7429954Z  * [new tag]               v2.2.95                 -> v2.2.95
2026-09-20T17:39:33.7430145Z  * [new tag]               v2.2.96                 -> v2.2.96
2026-09-20T17:39:33.7430342Z  * [new tag]               v2.2.97                 -> v2.2.97
2026-09-20T17:39:33.7430545Z  * [new tag]               v2.2.98                 -> v2.2.98
2026-09-20T17:39:33.7430862Z  * [new tag]               v2.2.99                 -> v2.2.99
2026-09-20T17:39:33.7431060Z  * [new tag]               v3.0.0                  -> v3.0.0
2026-09-20T17:39:33.7431250Z  * [new tag]               v3.0.1                  -> v3.0.1
2026-09-20T17:39:33.7431447Z  * [new tag]               v3.0.10                 -> v3.0.10
2026-09-20T17:39:33.7431650Z  * [new tag]               v3.0.100                -> v3.0.100
2026-09-20T17:39:33.7431843Z  * [new tag]               v3.0.101                -> v3.0.101
2026-09-20T17:39:33.7432043Z  * [new tag]               v3.0.102                -> v3.0.102
2026-09-20T17:39:33.7432232Z  * [new tag]               v3.0.103                -> v3.0.103
2026-09-20T17:39:33.7432431Z  * [new tag]               v3.0.104                -> v3.0.104
2026-09-20T17:39:33.7432635Z  * [new tag]               v3.0.105                -> v3.0.105
2026-09-20T17:39:33.7432832Z  * [new tag]               v3.0.106                -> v3.0.106
2026-09-20T17:39:33.7433037Z  * [new tag]               v3.0.107                -> v3.0.107
2026-09-20T17:39:33.7433230Z  * [new tag]               v3.0.108                -> v3.0.108
2026-09-20T17:39:33.7433431Z  * [new tag]               v3.0.109                -> v3.0.109
2026-09-20T17:39:33.7433631Z  * [new tag]               v3.0.11                 -> v3.0.11
2026-09-20T17:39:33.7433824Z  * [new tag]               v3.0.110                -> v3.0.110
2026-09-20T17:39:33.7434026Z  * [new tag]               v3.0.111                -> v3.0.111
2026-09-20T17:39:33.7434219Z  * [new tag]               v3.0.112                -> v3.0.112
2026-09-20T17:39:33.7434417Z  * [new tag]               v3.0.113                -> v3.0.113
2026-09-20T17:39:33.7434613Z  * [new tag]               v3.0.114                -> v3.0.114
2026-09-20T17:39:33.7434803Z  * [new tag]               v3.0.115                -> v3.0.115
2026-09-20T17:39:33.7435115Z  * [new tag]               v3.0.116                -> v3.0.116
2026-09-20T17:39:33.7435327Z  * [new tag]               v3.0.117                -> v3.0.117
2026-09-20T17:39:33.7435518Z  * [new tag]               v3.0.118                -> v3.0.118
2026-09-20T17:39:33.7435715Z  * [new tag]               v3.0.119                -> v3.0.119
2026-09-20T17:39:33.7435906Z  * [new tag]               v3.0.12                 -> v3.0.12
2026-09-20T17:39:33.7436103Z  * [new tag]               v3.0.120                -> v3.0.120
2026-09-20T17:39:33.7436297Z  * [new tag]               v3.0.121                -> v3.0.121
2026-09-20T17:39:33.7436487Z  * [new tag]               v3.0.122                -> v3.0.122
2026-09-20T17:39:33.7436683Z  * [new tag]               v3.0.123                -> v3.0.123
2026-09-20T17:39:33.7436873Z  * [new tag]               v3.0.124                -> v3.0.124
2026-09-20T17:39:33.7437069Z  * [new tag]               v3.0.125                -> v3.0.125
2026-09-20T17:39:33.7437272Z  * [new tag]               v3.0.126                -> v3.0.126
2026-09-20T17:39:33.7437471Z  * [new tag]               v3.0.127                -> v3.0.127
2026-09-20T17:39:33.7437666Z  * [new tag]               v3.0.128                -> v3.0.128
2026-09-20T17:39:33.7437854Z  * [new tag]               v3.0.129                -> v3.0.129
2026-09-20T17:39:33.7438052Z  * [new tag]               v3.0.13                 -> v3.0.13
2026-09-20T17:39:33.7438247Z  * [new tag]               v3.0.130                -> v3.0.130
2026-09-20T17:39:33.7438436Z  * [new tag]               v3.0.131                -> v3.0.131
2026-09-20T17:39:33.7438633Z  * [new tag]               v3.0.132                -> v3.0.132
2026-09-20T17:39:33.7438832Z  * [new tag]               v3.0.133                -> v3.0.133
2026-09-20T17:39:33.7439022Z  * [new tag]               v3.0.134                -> v3.0.134
2026-09-20T17:39:33.7439219Z  * [new tag]               v3.0.135                -> v3.0.135
2026-09-20T17:39:33.7439541Z  * [new tag]               v3.0.136                -> v3.0.136
2026-09-20T17:39:33.7439904Z  * [new tag]               v3.0.137                -> v3.0.137
2026-09-20T17:39:33.7440112Z  * [new tag]               v3.0.138                -> v3.0.138
2026-09-20T17:39:33.7440307Z  * [new tag]               v3.0.139                -> v3.0.139
2026-09-20T17:39:33.7440509Z  * [new tag]               v3.0.14                 -> v3.0.14
2026-09-20T17:39:33.7440702Z  * [new tag]               v3.0.140                -> v3.0.140
2026-09-20T17:39:33.7440907Z  * [new tag]               v3.0.141                -> v3.0.141
2026-09-20T17:39:33.7441112Z  * [new tag]               v3.0.142                -> v3.0.142
2026-09-20T17:39:33.7441305Z  * [new tag]               v3.0.143                -> v3.0.143
2026-09-20T17:39:33.7441503Z  * [new tag]               v3.0.144                -> v3.0.144
2026-09-20T17:39:33.7441696Z  * [new tag]               v3.0.145                -> v3.0.145
2026-09-20T17:39:33.7441895Z  * [new tag]               v3.0.146                -> v3.0.146
2026-09-20T17:39:33.7442100Z  * [new tag]               v3.0.147                -> v3.0.147
2026-09-20T17:39:33.7442297Z  * [new tag]               v3.0.148                -> v3.0.148
2026-09-20T17:39:33.7442495Z  * [new tag]               v3.0.149                -> v3.0.149
2026-09-20T17:39:33.7442698Z  * [new tag]               v3.0.15                 -> v3.0.15
2026-09-20T17:39:33.7442898Z  * [new tag]               v3.0.150                -> v3.0.150
2026-09-20T17:39:33.7443093Z  * [new tag]               v3.0.151                -> v3.0.151
2026-09-20T17:39:33.7443288Z  * [new tag]               v3.0.152                -> v3.0.152
2026-09-20T17:39:33.7443496Z  * [new tag]               v3.0.153                -> v3.0.153
2026-09-20T17:39:33.7443703Z  * [new tag]               v3.0.154                -> v3.0.154
2026-09-20T17:39:33.7443897Z  * [new tag]               v3.0.155                -> v3.0.155
2026-09-20T17:39:33.7444095Z  * [new tag]               v3.0.156                -> v3.0.156
2026-09-20T17:39:33.7444407Z  * [new tag]               v3.0.157                -> v3.0.157
2026-09-20T17:39:33.7444617Z  * [new tag]               v3.0.158                -> v3.0.158
2026-09-20T17:39:33.7444817Z  * [new tag]               v3.0.159                -> v3.0.159
2026-09-20T17:39:33.7445010Z  * [new tag]               v3.0.16                 -> v3.0.16
2026-09-20T17:39:33.7445208Z  * [new tag]               v3.0.160                -> v3.0.160
2026-09-20T17:39:33.7445401Z  * [new tag]               v3.0.161                -> v3.0.161
2026-09-20T17:39:33.7445604Z  * [new tag]               v3.0.162                -> v3.0.162
2026-09-20T17:39:33.7445805Z  * [new tag]               v3.0.163                -> v3.0.163
2026-09-20T17:39:33.7445997Z  * [new tag]               v3.0.164                -> v3.0.164
2026-09-20T17:39:33.7446200Z  * [new tag]               v3.0.165                -> v3.0.165
2026-09-20T17:39:33.7446401Z  * [new tag]               v3.0.166                -> v3.0.166
2026-09-20T17:39:33.7446597Z  * [new tag]               v3.0.167                -> v3.0.167
2026-09-20T17:39:33.7446802Z  * [new tag]               v3.0.168                -> v3.0.168
2026-09-20T17:39:33.7446996Z  * [new tag]               v3.0.169                -> v3.0.169
2026-09-20T17:39:33.7447193Z  * [new tag]               v3.0.17                 -> v3.0.17
2026-09-20T17:39:33.7447393Z  * [new tag]               v3.0.170                -> v3.0.170
2026-09-20T17:39:33.7447583Z  * [new tag]               v3.0.171                -> v3.0.171
2026-09-20T17:39:33.7447794Z  * [new tag]               v3.0.172                -> v3.0.172
2026-09-20T17:39:33.7447987Z  * [new tag]               v3.0.173                -> v3.0.173
2026-09-20T17:39:33.7448185Z  * [new tag]               v3.0.174                -> v3.0.174
2026-09-20T17:39:33.7448384Z  * [new tag]               v3.0.175                -> v3.0.175
2026-09-20T17:39:33.7448576Z  * [new tag]               v3.0.176                -> v3.0.176
2026-09-20T17:39:33.7448782Z  * [new tag]               v3.0.177                -> v3.0.177
2026-09-20T17:39:33.7449071Z  * [new tag]               v3.0.178                -> v3.0.178
2026-09-20T17:39:33.7449274Z  * [new tag]               v3.0.179                -> v3.0.179
2026-09-20T17:39:33.7449656Z  * [new tag]               v3.0.18                 -> v3.0.18
2026-09-20T17:39:33.7449920Z  * [new tag]               v3.0.180                -> v3.0.180
2026-09-20T17:39:33.7450133Z  * [new tag]               v3.0.181                -> v3.0.181
2026-09-20T17:39:33.7450339Z  * [new tag]               v3.0.182                -> v3.0.182
2026-09-20T17:39:33.7450532Z  * [new tag]               v3.0.183                -> v3.0.183
2026-09-20T17:39:33.7450731Z  * [new tag]               v3.0.184                -> v3.0.184
2026-09-20T17:39:33.7450927Z  * [new tag]               v3.0.185                -> v3.0.185
2026-09-20T17:39:33.7451131Z  * [new tag]               v3.0.186                -> v3.0.186
2026-09-20T17:39:33.7451338Z  * [new tag]               v3.0.187                -> v3.0.187
2026-09-20T17:39:33.7451536Z  * [new tag]               v3.0.188                -> v3.0.188
2026-09-20T17:39:33.7451735Z  * [new tag]               v3.0.189                -> v3.0.189
2026-09-20T17:39:33.7451937Z  * [new tag]               v3.0.19                 -> v3.0.19
2026-09-20T17:39:33.7452139Z  * [new tag]               v3.0.190                -> v3.0.190
2026-09-20T17:39:33.7452338Z  * [new tag]               v3.0.191                -> v3.0.191
2026-09-20T17:39:33.7452532Z  * [new tag]               v3.0.192                -> v3.0.192
2026-09-20T17:39:33.7452727Z  * [new tag]               v3.0.193                -> v3.0.193
2026-09-20T17:39:33.7452921Z  * [new tag]               v3.0.2                  -> v3.0.2
2026-09-20T17:39:33.7453125Z  * [new tag]               v3.0.20                 -> v3.0.20
2026-09-20T17:39:33.7453321Z  * [new tag]               v3.0.21                 -> v3.0.21
2026-09-20T17:39:33.7453649Z  * [new tag]               v3.0.22                 -> v3.0.22
2026-09-20T17:39:33.7453862Z  * [new tag]               v3.0.23                 -> v3.0.23
2026-09-20T17:39:33.7454060Z  * [new tag]               v3.0.24                 -> v3.0.24
2026-09-20T17:39:33.7454251Z  * [new tag]               v3.0.25                 -> v3.0.25
2026-09-20T17:39:33.7454448Z  * [new tag]               v3.0.26                 -> v3.0.26
2026-09-20T17:39:33.7454636Z  * [new tag]               v3.0.27                 -> v3.0.27
2026-09-20T17:39:33.7454830Z  * [new tag]               v3.0.28                 -> v3.0.28
2026-09-20T17:39:33.7455025Z  * [new tag]               v3.0.29                 -> v3.0.29
2026-09-20T17:39:33.7455216Z  * [new tag]               v3.0.3                  -> v3.0.3
2026-09-20T17:39:33.7455411Z  * [new tag]               v3.0.30                 -> v3.0.30
2026-09-20T17:39:33.7455604Z  * [new tag]               v3.0.31                 -> v3.0.31
2026-09-20T17:39:33.7455801Z  * [new tag]               v3.0.32                 -> v3.0.32
2026-09-20T17:39:33.7456004Z  * [new tag]               v3.0.33                 -> v3.0.33
2026-09-20T17:39:33.7456198Z  * [new tag]               v3.0.34                 -> v3.0.34
2026-09-20T17:39:33.7456396Z  * [new tag]               v3.0.35                 -> v3.0.35
2026-09-20T17:39:33.7456584Z  * [new tag]               v3.0.36                 -> v3.0.36
2026-09-20T17:39:33.7456782Z  * [new tag]               v3.0.37                 -> v3.0.37
2026-09-20T17:39:33.7456979Z  * [new tag]               v3.0.38                 -> v3.0.38
2026-09-20T17:39:33.7457172Z  * [new tag]               v3.0.39                 -> v3.0.39
2026-09-20T17:39:33.7457369Z  * [new tag]               v3.0.4                  -> v3.0.4
2026-09-20T17:39:33.7457566Z  * [new tag]               v3.0.40                 -> v3.0.40
2026-09-20T17:39:33.7457760Z  * [new tag]               v3.0.41                 -> v3.0.41
2026-09-20T17:39:33.7457965Z  * [new tag]               v3.0.42                 -> v3.0.42
2026-09-20T17:39:33.7458162Z  * [new tag]               v3.0.43                 -> v3.0.43
2026-09-20T17:39:33.7458486Z  * [new tag]               v3.0.44                 -> v3.0.44
2026-09-20T17:39:33.7458683Z  * [new tag]               v3.0.45                 -> v3.0.45
2026-09-20T17:39:33.7458875Z  * [new tag]               v3.0.46                 -> v3.0.46
2026-09-20T17:39:33.7459071Z  * [new tag]               v3.0.47                 -> v3.0.47
2026-09-20T17:39:33.7459261Z  * [new tag]               v3.0.48                 -> v3.0.48
2026-09-20T17:39:33.7459589Z  * [new tag]               v3.0.49                 -> v3.0.49
2026-09-20T17:39:33.7459792Z  * [new tag]               v3.0.5                  -> v3.0.5
2026-09-20T17:39:33.7459982Z  * [new tag]               v3.0.50                 -> v3.0.50
2026-09-20T17:39:33.7460181Z  * [new tag]               v3.0.51                 -> v3.0.51
2026-09-20T17:39:33.7460370Z  * [new tag]               v3.0.52                 -> v3.0.52
2026-09-20T17:39:33.7460573Z  * [new tag]               v3.0.53                 -> v3.0.53
2026-09-20T17:39:33.7460774Z  * [new tag]               v3.0.54                 -> v3.0.54
2026-09-20T17:39:33.7460962Z  * [new tag]               v3.0.55                 -> v3.0.55
2026-09-20T17:39:33.7461159Z  * [new tag]               v3.0.56                 -> v3.0.56
2026-09-20T17:39:33.7461356Z  * [new tag]               v3.0.57                 -> v3.0.57
2026-09-20T17:39:33.7461555Z  * [new tag]               v3.0.58                 -> v3.0.58
2026-09-20T17:39:33.7461755Z  * [new tag]               v3.0.59                 -> v3.0.59
2026-09-20T17:39:33.7461947Z  * [new tag]               v3.0.6                  -> v3.0.6
2026-09-20T17:39:33.7462147Z  * [new tag]               v3.0.60                 -> v3.0.60
2026-09-20T17:39:33.7462343Z  * [new tag]               v3.0.61                 -> v3.0.61
2026-09-20T17:39:33.7462534Z  * [new tag]               v3.0.62                 -> v3.0.62
2026-09-20T17:39:33.7462728Z  * [new tag]               v3.0.63                 -> v3.0.63
2026-09-20T17:39:33.7463042Z  * [new tag]               v3.0.64                 -> v3.0.64
2026-09-20T17:39:33.7463246Z  * [new tag]               v3.0.65                 -> v3.0.65
2026-09-20T17:39:33.7463443Z  * [new tag]               v3.0.66                 -> v3.0.66
2026-09-20T17:39:33.7463637Z  * [new tag]               v3.0.67                 -> v3.0.67
2026-09-20T17:39:33.7463831Z  * [new tag]               v3.0.68                 -> v3.0.68
2026-09-20T17:39:33.7464020Z  * [new tag]               v3.0.69                 -> v3.0.69
2026-09-20T17:39:33.7464215Z  * [new tag]               v3.0.7                  -> v3.0.7
2026-09-20T17:39:33.7464411Z  * [new tag]               v3.0.70                 -> v3.0.70
2026-09-20T17:39:33.7464606Z  * [new tag]               v3.0.71                 -> v3.0.71
2026-09-20T17:39:33.7464804Z  * [new tag]               v3.0.72                 -> v3.0.72
2026-09-20T17:39:33.7464997Z  * [new tag]               v3.0.73                 -> v3.0.73
2026-09-20T17:39:33.7465208Z  * [new tag]               v3.0.74                 -> v3.0.74
2026-09-20T17:39:33.7465414Z  * [new tag]               v3.0.75                 -> v3.0.75
2026-09-20T17:39:33.7465607Z  * [new tag]               v3.0.76                 -> v3.0.76
2026-09-20T17:39:33.7465804Z  * [new tag]               v3.0.77                 -> v3.0.77
2026-09-20T17:39:33.7466001Z  * [new tag]               v3.0.78                 -> v3.0.78
2026-09-20T17:39:33.7466190Z  * [new tag]               v3.0.79                 -> v3.0.79
2026-09-20T17:39:33.7466386Z  * [new tag]               v3.0.8                  -> v3.0.8
2026-09-20T17:39:33.7466578Z  * [new tag]               v3.0.80                 -> v3.0.80
2026-09-20T17:39:33.7466776Z  * [new tag]               v3.0.81                 -> v3.0.81
2026-09-20T17:39:33.7466977Z  * [new tag]               v3.0.82                 -> v3.0.82
2026-09-20T17:39:33.7467167Z  * [new tag]               v3.0.83                 -> v3.0.83
2026-09-20T17:39:33.7467372Z  * [new tag]               v3.0.84                 -> v3.0.84
2026-09-20T17:39:33.7467690Z  * [new tag]               v3.0.85                 -> v3.0.85
2026-09-20T17:39:33.7467887Z  * [new tag]               v3.0.86                 -> v3.0.86
2026-09-20T17:39:33.7468080Z  * [new tag]               v3.0.87                 -> v3.0.87
2026-09-20T17:39:33.7468268Z  * [new tag]               v3.0.88                 -> v3.0.88
2026-09-20T17:39:33.7468462Z  * [new tag]               v3.0.89                 -> v3.0.89
2026-09-20T17:39:33.7468651Z  * [new tag]               v3.0.9                  -> v3.0.9
2026-09-20T17:39:33.7468848Z  * [new tag]               v3.0.90                 -> v3.0.90
2026-09-20T17:39:33.7469042Z  * [new tag]               v3.0.91                 -> v3.0.91
2026-09-20T17:39:33.7469231Z  * [new tag]               v3.0.92                 -> v3.0.92
2026-09-20T17:39:33.7469549Z  * [new tag]               v3.0.93                 -> v3.0.93
2026-09-20T17:39:33.7469755Z  * [new tag]               v3.0.94                 -> v3.0.94
2026-09-20T17:39:33.7469951Z  * [new tag]               v3.0.95                 -> v3.0.95
2026-09-20T17:39:33.7470146Z  * [new tag]               v3.0.96                 -> v3.0.96
2026-09-20T17:39:33.7470336Z  * [new tag]               v3.0.97                 -> v3.0.97
2026-09-20T17:39:33.7470532Z  * [new tag]               v3.0.98                 -> v3.0.98
2026-09-20T17:39:33.7470729Z  * [new tag]               v3.0.99                 -> v3.0.99
2026-09-20T17:39:33.7471034Z  * [new ref]               d7f30a0ad61d72d96d1a9e7970943404c4cc19dc -> pull/2974/merge
2026-09-20T17:39:33.7472480Z ##[endgroup]
2026-09-20T17:39:33.7472851Z ##[group]Determining the checkout info
2026-09-20T17:39:33.7473126Z ##[endgroup]
2026-09-20T17:39:33.7473321Z [command]/usr/bin/git sparse-checkout disable
2026-09-20T17:39:33.7473944Z [command]/usr/bin/git config --local --unset-all extensions.worktreeConfig
2026-09-20T17:39:33.7474624Z ##[group]Checking out the ref
2026-09-20T17:39:33.7475076Z [command]/usr/bin/git checkout --progress --force refs/remotes/pull/2974/merge
2026-09-20T17:39:33.9921338Z Note: switching to 'refs/remotes/pull/2974/merge'.
2026-09-20T17:39:33.9921709Z 
2026-09-20T17:39:33.9922000Z You are in 'detached HEAD' state. You can look around, make experimental
2026-09-20T17:39:33.9922655Z changes and commit them, and you can discard any commits you make in this
2026-09-20T17:39:33.9923258Z state without impacting any branches by switching back to a branch.
2026-09-20T17:39:33.9923610Z 
2026-09-20T17:39:33.9923854Z If you want to create a new branch to retain commits you create, you may
2026-09-20T17:39:33.9924411Z do so (now or later) by using -c with the switch command. Example:
2026-09-20T17:39:33.9924736Z 
2026-09-20T17:39:33.9924874Z   git switch -c <new-branch-name>
2026-09-20T17:39:33.9925115Z 
2026-09-20T17:39:33.9925263Z Or undo this operation with:
2026-09-20T17:39:33.9925463Z 
2026-09-20T17:39:33.9925580Z   git switch -
2026-09-20T17:39:33.9925730Z 
2026-09-20T17:39:33.9926026Z Turn off this advice by setting config variable advice.detachedHead to false
2026-09-20T17:39:33.9926441Z 
2026-09-20T17:39:33.9926889Z HEAD is now at d7f30a0ad Merge a5fdde302aba2a06265c2e6e934b6ac9b76750df into 4b89e0d2d496a85f04922b2e019a4aea15326bb9
2026-09-20T17:39:33.9968049Z ##[endgroup]
2026-09-20T17:39:34.0017542Z [command]/usr/bin/git log -1 --format=%H
2026-09-20T17:39:34.0047142Z d7f30a0ad61d72d96d1a9e7970943404c4cc19dc
2026-09-20T17:39:34.0058966Z ##[group]Removing auth
2026-09-20T17:39:34.0059737Z Removing SSH command configuration
2026-09-20T17:39:34.0064845Z [command]/usr/bin/git config --local --name-only --get-regexp core\.sshCommand
2026-09-20T17:39:34.0099399Z [command]/usr/bin/git submodule foreach --recursive sh -c "git config --local --name-only --get-regexp 'core\.sshCommand' && git config --local --unset-all 'core.sshCommand' || :"
2026-09-20T17:39:34.0345677Z Removing HTTP extra header
2026-09-20T17:39:34.0350383Z [command]/usr/bin/git config --local --name-only --get-regexp http\.https\:\/\/github\.com\/\.extraheader
2026-09-20T17:39:34.0385815Z [command]/usr/bin/git submodule foreach --recursive sh -c "git config --local --name-only --get-regexp 'http\.https\:\/\/github\.com\/\.extraheader' && git config --local --unset-all 'http.https://github.com/.extraheader' || :"
2026-09-20T17:39:34.0628793Z Removing includeIf entries pointing to credentials config files
2026-09-20T17:39:34.0633784Z [command]/usr/bin/git config --local --name-only --get-regexp ^includeIf\.gitdir:
2026-09-20T17:39:34.0662169Z includeif.gitdir:/home/runner/work/hol-guard/hol-guard/.git.path
2026-09-20T17:39:34.0663058Z includeif.gitdir:/home/runner/work/hol-guard/hol-guard/.git/worktrees/*.path
2026-09-20T17:39:34.0663533Z includeif.gitdir:/github/workspace/.git.path
2026-09-20T17:39:34.0663935Z includeif.gitdir:/github/workspace/.git/worktrees/*.path
2026-09-20T17:39:34.0672178Z [command]/usr/bin/git config --local --get-all includeif.gitdir:/home/runner/work/hol-guard/hol-guard/.git.path
2026-09-20T17:39:34.0703151Z /home/runner/work/_temp/git-credentials-b30bb624-5c5a-4fc0-b44e-6131b5a9e8c4.config
2026-09-20T17:39:34.0717636Z [command]/usr/bin/git config --local --unset includeif.gitdir:/home/runner/work/hol-guard/hol-guard/.git.path /home/runner/work/_temp/git-credentials-b30bb624-5c5a-4fc0-b44e-6131b5a9e8c4.config
2026-09-20T17:39:34.0752694Z [command]/usr/bin/git config --local --get-all includeif.gitdir:/home/runner/work/hol-guard/hol-guard/.git/worktrees/*.path
2026-09-20T17:39:34.0775930Z /home/runner/work/_temp/git-credentials-b30bb624-5c5a-4fc0-b44e-6131b5a9e8c4.config
2026-09-20T17:39:34.0784049Z [command]/usr/bin/git config --local --unset includeif.gitdir:/home/runner/work/hol-guard/hol-guard/.git/worktrees/*.path /home/runner/work/_temp/git-credentials-b30bb624-5c5a-4fc0-b44e-6131b5a9e8c4.config
2026-09-20T17:39:34.0821789Z [command]/usr/bin/git config --local --get-all includeif.gitdir:/github/workspace/.git.path
2026-09-20T17:39:34.0846721Z /github/runner_temp/git-credentials-b30bb624-5c5a-4fc0-b44e-6131b5a9e8c4.config
2026-09-20T17:39:34.0856122Z [command]/usr/bin/git config --local --unset includeif.gitdir:/github/workspace/.git.path /github/runner_temp/git-credentials-b30bb624-5c5a-4fc0-b44e-6131b5a9e8c4.config
2026-09-20T17:39:34.0892343Z [command]/usr/bin/git config --local --get-all includeif.gitdir:/github/workspace/.git/worktrees/*.path
2026-09-20T17:39:34.0916108Z /github/runner_temp/git-credentials-b30bb624-5c5a-4fc0-b44e-6131b5a9e8c4.config
2026-09-20T17:39:34.0923982Z [command]/usr/bin/git config --local --unset includeif.gitdir:/github/workspace/.git/worktrees/*.path /github/runner_temp/git-credentials-b30bb624-5c5a-4fc0-b44e-6131b5a9e8c4.config
2026-09-20T17:39:34.0956740Z [command]/usr/bin/git submodule foreach --recursive git config --local --show-origin --name-only --get-regexp remote.origin.url
2026-09-20T17:39:34.1191170Z Removing credentials config '/home/runner/work/_temp/git-credentials-b30bb624-5c5a-4fc0-b44e-6131b5a9e8c4.config'
2026-09-20T17:39:34.1208451Z ##[endgroup]
2026-09-20T17:39:34.1477361Z ##[group]Run actions/setup-go@4a3601121dd01d1626a1e23e37211e3254c1c06c
2026-09-20T17:39:34.1477910Z with:
2026-09-20T17:39:34.1478286Z   go-version: 1.23
2026-09-20T17:39:34.1478602Z   check-latest: false
2026-09-20T17:39:34.1482002Z   token: ***
2026-09-20T17:39:34.1482379Z   cache: true
2026-09-20T17:39:34.1482680Z ##[endgroup]
2026-09-20T17:39:34.3062895Z Setup go version spec 1.23
2026-09-20T17:39:34.3127600Z Attempting to download 1.23...
2026-09-20T17:39:34.8424452Z matching 1.23...
2026-09-20T17:39:34.8458568Z Acquiring 1.23.12 from https://github.com/actions/go-versions/releases/download/1.23.12-16792118003/go-1.23.12-linux-x64.tar.gz
2026-09-20T17:39:35.4926074Z Extracting Go...
2026-09-20T17:39:35.5065103Z [command]/usr/bin/tar xz --warning=no-unknown-keyword --overwrite -C /home/runner/work/_temp/4dca55ae-bc2d-479c-9903-0e99dc9f835d -f /home/runner/work/_temp/22b9b499-b186-449f-a12c-dd67c1a84d7c
2026-09-20T17:39:37.1876726Z Successfully extracted go to /home/runner/work/_temp/4dca55ae-bc2d-479c-9903-0e99dc9f835d
2026-09-20T17:39:37.1877780Z Adding to the cache ...
2026-09-20T17:39:42.2445101Z Successfully cached go to /opt/hostedtoolcache/go/1.23.12/x64
2026-09-20T17:39:42.2458178Z Added go to the path
2026-09-20T17:39:42.2459360Z Successfully set up Go version 1.23
2026-09-20T17:39:42.2680725Z [command]/opt/hostedtoolcache/go/1.23.12/x64/bin/go env GOMODCACHE
2026-09-20T17:39:42.2719318Z [command]/opt/hostedtoolcache/go/1.23.12/x64/bin/go env GOCACHE
2026-09-20T17:39:42.2759029Z /home/runner/go/pkg/mod
2026-09-20T17:39:42.2774758Z /home/runner/.cache/go-build
2026-09-20T17:39:42.2812132Z ##[warning]Restore cache failed: Dependencies file is not found in /home/runner/work/hol-guard/hol-guard. Supported file pattern: go.mod
2026-09-20T17:39:42.2849236Z go version go1.23.12 linux/amd64
2026-09-20T17:39:42.2850365Z 
2026-09-20T17:39:42.2851073Z ##[group]go env
2026-09-20T17:39:42.4226494Z GO111MODULE=''
2026-09-20T17:39:42.4227214Z GOARCH='amd64'
2026-09-20T17:39:42.4227824Z GOBIN=''
2026-09-20T17:39:42.4228442Z GOCACHE='/home/runner/.cache/go-build'
2026-09-20T17:39:42.4228980Z GOENV='/home/runner/.config/go/env'
2026-09-20T17:39:42.4229405Z GOEXE=''
2026-09-20T17:39:42.4229972Z GOEXPERIMENT=''
2026-09-20T17:39:42.4230300Z GOFLAGS=''
2026-09-20T17:39:42.4230613Z GOHOSTARCH='amd64'
2026-09-20T17:39:42.4230969Z GOHOSTOS='linux'
2026-09-20T17:39:42.4231367Z GOINSECURE=''
2026-09-20T17:39:42.4231784Z GOMODCACHE='/home/runner/go/pkg/mod'
2026-09-20T17:39:42.4232226Z GONOPROXY=''
2026-09-20T17:39:42.4232544Z GONOSUMDB=''
2026-09-20T17:39:42.4232862Z GOOS='linux'
2026-09-20T17:39:42.4233211Z GOPATH='/home/runner/go'
2026-09-20T17:39:42.4233595Z GOPRIVATE=''
2026-09-20T17:39:42.4234087Z GOPROXY='https://proxy.golang.org,direct'
2026-09-20T17:39:42.4234703Z GOROOT='/opt/hostedtoolcache/go/1.23.12/x64'
2026-09-20T17:39:42.4235205Z GOSUMDB='sum.golang.org'
2026-09-20T17:39:42.4235598Z GOTMPDIR=''
2026-09-20T17:39:42.4235931Z GOTOOLCHAIN='local'
2026-09-20T17:39:42.4236492Z GOTOOLDIR='/opt/hostedtoolcache/go/1.23.12/x64/pkg/tool/linux_amd64'
2026-09-20T17:39:42.4237099Z GOVCS=''
2026-09-20T17:39:42.4237418Z GOVERSION='go1.23.12'
2026-09-20T17:39:42.4237781Z GODEBUG=''
2026-09-20T17:39:42.4238109Z GOTELEMETRY='local'
2026-09-20T17:39:42.4238546Z GOTELEMETRYDIR='/home/runner/.config/go/telemetry'
2026-09-20T17:39:42.4239050Z GCCGO='gccgo'
2026-09-20T17:39:42.4239364Z GOAMD64='v1'
2026-09-20T17:39:42.4240195Z AR='ar'
2026-09-20T17:39:42.4240492Z CC='gcc'
2026-09-20T17:39:42.4240788Z CXX='g++'
2026-09-20T17:39:42.4241094Z CGO_ENABLED='1'
2026-09-20T17:39:42.4241429Z GOMOD='/dev/null'
2026-09-20T17:39:42.4241747Z GOWORK=''
2026-09-20T17:39:42.4242060Z CGO_CFLAGS='-O2 -g'
2026-09-20T17:39:42.4242402Z CGO_CPPFLAGS=''
2026-09-20T17:39:42.4242734Z CGO_CXXFLAGS='-O2 -g'
2026-09-20T17:39:42.4243076Z CGO_FFLAGS='-O2 -g'
2026-09-20T17:39:42.4243413Z CGO_LDFLAGS='-O2 -g'
2026-09-20T17:39:42.4243845Z PKG_CONFIG='pkg-config'
2026-09-20T17:39:42.4245271Z GOGCCFLAGS='-fPIC -m64 -pthread -Wl,--no-gc-sections -fmessage-length=0 -ffile-prefix-map=/tmp/go-build357968679=/tmp/go-build -gno-record-gcc-switches'
2026-09-20T17:39:42.4246255Z 
2026-09-20T17:39:42.4246762Z ##[endgroup]
2026-09-20T17:39:42.4471544Z ##[group]Run GOBIN="$RUNNER_TEMP/bin" go install github.com/zricethezav/gitleaks/v8@v8.24.2
2026-09-20T17:39:42.4472288Z [36;1mGOBIN="$RUNNER_TEMP/bin" go install github.com/zricethezav/gitleaks/v8@v8.24.2[0m
2026-09-20T17:39:42.4472785Z [36;1mecho "$RUNNER_TEMP/bin" >> "$GITHUB_PATH"[0m
2026-09-20T17:39:42.4517351Z shell: /usr/bin/bash -e {0}
2026-09-20T17:39:42.4517666Z env:
2026-09-20T17:39:42.4517878Z   GOTOOLCHAIN: local
2026-09-20T17:39:42.4518110Z ##[endgroup]
2026-09-20T17:39:42.4997475Z go: downloading github.com/zricethezav/gitleaks/v8 v8.24.2
2026-09-20T17:39:42.6889305Z go: downloading github.com/rs/zerolog v1.33.0
2026-09-20T17:39:42.6927975Z go: downloading github.com/spf13/cobra v1.9.1
2026-09-20T17:39:42.7007367Z go: downloading github.com/spf13/viper v1.19.0
2026-09-20T17:39:42.7851453Z go: downloading github.com/mattn/go-colorable v0.1.14
2026-09-20T17:39:42.7902850Z go: downloading golang.org/x/exp v0.0.0-20250218142911-aa4b98e5adaa
2026-09-20T17:39:42.8051420Z go: downloading github.com/BobuSumisu/aho-corasick v1.0.3
2026-09-20T17:39:42.8155928Z go: downloading github.com/charmbracelet/lipgloss v0.5.0
2026-09-20T17:39:42.8311951Z go: downloading github.com/fatih/semgroup v1.2.0
2026-09-20T17:39:42.8476100Z go: downloading github.com/gitleaks/go-gitdiff v0.9.1
2026-09-20T17:39:42.8607502Z go: downloading github.com/h2non/filetype v1.1.3
2026-09-20T17:39:42.8980853Z go: downloading github.com/Masterminds/sprig/v3 v3.3.0
2026-09-20T17:39:42.9891305Z go: downloading github.com/fsnotify/fsnotify v1.8.0
2026-09-20T17:39:43.0014873Z go: downloading github.com/mitchellh/mapstructure v1.5.0
2026-09-20T17:39:43.0410935Z go: downloading github.com/sagikazarmark/slog-shim v0.1.0
2026-09-20T17:39:43.0480735Z go: downloading github.com/spf13/afero v1.12.0
2026-09-20T17:39:43.0699675Z go: downloading github.com/spf13/cast v1.7.1
2026-09-20T17:39:43.1001870Z go: downloading github.com/spf13/pflag v1.0.6
2026-09-20T17:39:43.1279785Z go: downloading github.com/mattn/go-isatty v0.0.20
2026-09-20T17:39:43.1556545Z go: downloading github.com/lucasb-eyer/go-colorful v1.2.0
2026-09-20T17:39:43.1565243Z go: downloading github.com/mattn/go-runewidth v0.0.14
2026-09-20T17:39:43.1930952Z go: downloading github.com/muesli/reflow v0.2.1-0.20210115123740-9e1d0d53df68
2026-09-20T17:39:43.2260693Z go: downloading github.com/muesli/termenv v0.15.1
2026-09-20T17:39:43.2582309Z go: downloading golang.org/x/sync v0.11.0
2026-09-20T17:39:43.2980581Z go: downloading dario.cat/mergo v1.0.1
2026-09-20T17:39:43.2997244Z go: downloading github.com/Masterminds/goutils v1.1.1
2026-09-20T17:39:43.3010239Z go: downloading github.com/Masterminds/semver/v3 v3.3.0
2026-09-20T17:39:43.3310894Z go: downloading github.com/google/uuid v1.6.0
2026-09-20T17:39:43.3357290Z go: downloading github.com/huandu/xstrings v1.5.0
2026-09-20T17:39:43.3386947Z go: downloading github.com/mitchellh/copystructure v1.2.0
2026-09-20T17:39:43.3514182Z go: downloading github.com/shopspring/decimal v1.4.0
2026-09-20T17:39:43.3625506Z go: downloading golang.org/x/crypto v0.32.0
2026-09-20T17:39:43.3739210Z go: downloading golang.org/x/sys v0.30.0
2026-09-20T17:39:43.3762296Z go: downloading golang.org/x/text v0.22.0
2026-09-20T17:39:43.6430270Z go: downloading github.com/subosito/gotenv v1.6.0
2026-09-20T17:39:43.6608077Z go: downloading github.com/hashicorp/hcl v1.0.0
2026-09-20T17:39:43.7057253Z go: downloading gopkg.in/ini.v1 v1.67.0
2026-09-20T17:39:43.7340956Z go: downloading github.com/magiconair/properties v1.8.9
2026-09-20T17:39:43.7525370Z go: downloading github.com/pelletier/go-toml/v2 v2.2.3
2026-09-20T17:39:43.8044374Z go: downloading gopkg.in/yaml.v3 v3.0.1
2026-09-20T17:39:43.8309692Z go: downloading github.com/rivo/uniseg v0.2.0
2026-09-20T17:39:43.8511648Z go: downloading github.com/aymanbagabas/go-osc52/v2 v2.0.1
2026-09-20T17:39:43.8796254Z go: downloading github.com/mitchellh/reflectwalk v1.0.2
2026-09-20T17:39:58.3313084Z ##[group]Run set -euo pipefail
2026-09-20T17:39:58.3313456Z [36;1mset -euo pipefail[0m
2026-09-20T17:39:58.3313882Z [36;1mif [ "$EVENT_NAME" = "pull_request" ] && [ -n "$PR_BASE_SHA" ] && [ -n "$PR_HEAD_SHA" ]; then[0m
2026-09-20T17:39:58.3314352Z [36;1m  echo "mode=git" >> "$GITHUB_OUTPUT"[0m
2026-09-20T17:39:58.3314711Z [36;1m  echo "base_sha=$PR_BASE_SHA" >> "$GITHUB_OUTPUT"[0m
2026-09-20T17:39:58.3315078Z [36;1m  echo "head_sha=$PR_HEAD_SHA" >> "$GITHUB_OUTPUT"[0m
2026-09-20T17:39:58.3315516Z [36;1melif [ "$EVENT_NAME" = "merge_group" ] && [ -n "$MERGE_GROUP_BASE_SHA" ]; then[0m
2026-09-20T17:39:58.3315936Z [36;1m  echo "mode=git" >> "$GITHUB_OUTPUT"[0m
2026-09-20T17:39:58.3316292Z [36;1m  echo "base_sha=$MERGE_GROUP_BASE_SHA" >> "$GITHUB_OUTPUT"[0m
2026-09-20T17:39:58.3316697Z [36;1m  echo "head_sha=$EVENT_HEAD_SHA" >> "$GITHUB_OUTPUT"[0m
2026-09-20T17:39:58.3317305Z [36;1melif [ "$EVENT_NAME" = "push" ] && [ -n "$BEFORE_SHA" ] && [ "$BEFORE_SHA" != "0000000000000000000000000000000000000000" ]; then[0m
2026-09-20T17:39:58.3318027Z [36;1m  echo "mode=git" >> "$GITHUB_OUTPUT"[0m
2026-09-20T17:39:58.3318362Z [36;1m  echo "base_sha=$BEFORE_SHA" >> "$GITHUB_OUTPUT"[0m
2026-09-20T17:39:58.3318728Z [36;1m  echo "head_sha=$EVENT_HEAD_SHA" >> "$GITHUB_OUTPUT"[0m
2026-09-20T17:39:58.3319043Z [36;1melse[0m
2026-09-20T17:39:58.3319267Z [36;1m  echo "mode=dir" >> "$GITHUB_OUTPUT"[0m
2026-09-20T17:39:58.3319870Z [36;1mfi[0m
2026-09-20T17:39:58.3355772Z shell: /usr/bin/bash -e {0}
2026-09-20T17:39:58.3356038Z env:
2026-09-20T17:39:58.3356246Z   GOTOOLCHAIN: local
2026-09-20T17:39:58.3356481Z   EVENT_NAME: pull_request
2026-09-20T17:39:58.3356794Z   PR_BASE_SHA: 4b89e0d2d496a85f04922b2e019a4aea15326bb9
2026-09-20T17:39:58.3357170Z   PR_HEAD_SHA: a5fdde302aba2a06265c2e6e934b6ac9b76750df
2026-09-20T17:39:58.3357516Z   BEFORE_SHA: e44008445630aad28ccc291ec234f55a14892e6d
2026-09-20T17:39:58.3357820Z   MERGE_GROUP_BASE_SHA: 
2026-09-20T17:39:58.3358113Z   EVENT_HEAD_SHA: d7f30a0ad61d72d96d1a9e7970943404c4cc19dc
2026-09-20T17:39:58.3358440Z ##[endgroup]
2026-09-20T17:39:58.3474258Z ##[group]Run set -euo pipefail
2026-09-20T17:39:58.3474615Z [36;1mset -euo pipefail[0m
2026-09-20T17:39:58.3474900Z [36;1mgit cat-file -e "${BASE_SHA}^{commit}"[0m
2026-09-20T17:39:58.3475248Z [36;1mgit cat-file -e "${HEAD_SHA}^{commit}"[0m
2026-09-20T17:39:58.3475540Z [36;1m[0m
2026-09-20T17:39:58.3475817Z [36;1mscan_repo="${RUNNER_TEMP}/gitleaks-range-repository"[0m
2026-09-20T17:39:58.3476176Z [36;1mrm -rf "$scan_repo"[0m
2026-09-20T17:39:58.3476500Z [36;1mgit clone --no-hardlinks --no-checkout . "$scan_repo"[0m
2026-09-20T17:39:58.3476910Z [36;1mgit -C "$scan_repo" checkout --detach "$HEAD_SHA"[0m
2026-09-20T17:39:58.3477237Z [36;1m[0m
2026-09-20T17:39:58.3477451Z [36;1mwhile IFS= read -r ref; do[0m
2026-09-20T17:39:58.3477786Z [36;1m  [ -z "$ref" ] || git -C "$scan_repo" update-ref -d "$ref"[0m
2026-09-20T17:39:58.3478236Z [36;1mdone < <(git -C "$scan_repo" for-each-ref --format='%(refname)')[0m
2026-09-20T17:39:58.3478618Z [36;1m[0m
2026-09-20T17:39:58.3478945Z [36;1mgit -C "$scan_repo" update-ref refs/gitleaks/base "$BASE_SHA"[0m
2026-09-20T17:39:58.3479380Z [36;1mgit -C "$scan_repo" update-ref refs/gitleaks/head "$HEAD_SHA"[0m
2026-09-20T17:39:58.3480040Z [36;1m[0m
2026-09-20T17:39:58.3480381Z [36;1mmapfile -t refs < <(git -C "$scan_repo" for-each-ref --format='%(refname)' | sort)[0m
2026-09-20T17:39:58.3480865Z [36;1mexpected=(refs/gitleaks/base refs/gitleaks/head)[0m
2026-09-20T17:39:58.3481224Z [36;1mif [ "${refs[*]}" != "${expected[*]}" ]; then[0m
2026-09-20T17:39:58.3481683Z [36;1m  printf 'Unexpected refs in isolated Gitleaks repository: %s\n' "${refs[*]}" >&2[0m
2026-09-20T17:39:58.3482110Z [36;1m  exit 1[0m
2026-09-20T17:39:58.3482307Z [36;1mfi[0m
2026-09-20T17:39:58.3482491Z [36;1m[0m
2026-09-20T17:39:58.3482746Z [36;1mecho "repository=$scan_repo" >> "$GITHUB_OUTPUT"[0m
2026-09-20T17:39:58.3483154Z [36;1mecho "log_opts=${BASE_SHA}..${HEAD_SHA}" >> "$GITHUB_OUTPUT"[0m
2026-09-20T17:39:58.3519784Z shell: /usr/bin/bash -e {0}
2026-09-20T17:39:58.3520067Z env:
2026-09-20T17:39:58.3520279Z   GOTOOLCHAIN: local
2026-09-20T17:39:58.3520556Z   BASE_SHA: 4b89e0d2d496a85f04922b2e019a4aea15326bb9
2026-09-20T17:39:58.3520912Z   HEAD_SHA: a5fdde302aba2a06265c2e6e934b6ac9b76750df
2026-09-20T17:39:58.3521211Z ##[endgroup]
2026-09-20T17:39:58.3638776Z Cloning into '/home/runner/work/_temp/gitleaks-range-repository'...
2026-09-20T17:39:58.6786914Z done.
2026-09-20T17:39:59.1797682Z Warning: you are leaving 1 commit behind, not connected to
2026-09-20T17:39:59.1798503Z any of your branches:
2026-09-20T17:39:59.1798852Z 
2026-09-20T17:39:59.1799780Z   d7f30a0ad Merge a5fdde302aba2a06265c2e6e934b6ac9b76750df into 4b89e0d2d496a85f04922b2e019a4aea15326bb9
2026-09-20T17:39:59.1800480Z 
2026-09-20T17:39:59.1800772Z If you want to keep it by creating a new branch, this may be a good time
2026-09-20T17:39:59.1801256Z to do so with:
2026-09-20T17:39:59.1801407Z 
2026-09-20T17:39:59.1801897Z  git branch <new-branch-name> d7f30a0ad
2026-09-20T17:39:59.1802166Z 
2026-09-20T17:39:59.1805105Z HEAD is now at a5fdde302 Fix Codex resume input identity and capture current hook contracts
2026-09-20T17:40:03.4523756Z ##[group]Run gitleaks git --log-opts="4b89e0d2d496a85f04922b2e019a4aea15326bb9..a5fdde302aba2a06265c2e6e934b6ac9b76750df" --no-banner --redact --exit-code 1 "/home/runner/work/_temp/gitleaks-range-repository"
2026-09-20T17:40:03.4525276Z [36;1mgitleaks git --log-opts="4b89e0d2d496a85f04922b2e019a4aea15326bb9..a5fdde302aba2a06265c2e6e934b6ac9b76750df" --no-banner --redact --exit-code 1 "/home/runner/work/_temp/gitleaks-range-repository"[0m
2026-09-20T17:40:03.4561909Z shell: /usr/bin/bash -e {0}
2026-09-20T17:40:03.4562187Z env:
2026-09-20T17:40:03.4562388Z   GOTOOLCHAIN: local
2026-09-20T17:40:03.4562804Z   GITLEAKS_LICENSE: ***
2026-09-20T17:40:03.4563033Z ##[endgroup]
2026-09-20T17:40:03.5141001Z [90m5:40PM[0m [32mINF[0m [1mUnknown SCM platform. Use --platform to include links in findings.[0m [36mhost=[0m
2026-09-20T17:40:32.7979905Z [90m5:40PM[0m [32mINF[0m [1m1354 commits scanned.[0m
2026-09-20T17:40:32.7981258Z [90m5:40PM[0m [32mINF[0m [1mscanned ~69634125 bytes (69.63 MB) in 29.3s[0m
2026-09-20T17:40:32.7981930Z [90m5:40PM[0m [32mINF[0m [1mno leaks found[0m
2026-09-20T17:40:32.8108249Z Post job cleanup.
2026-09-20T17:40:32.9637622Z [command]/opt/hostedtoolcache/go/1.23.12/x64/bin/go env GOMODCACHE
2026-09-20T17:40:32.9685432Z [command]/opt/hostedtoolcache/go/1.23.12/x64/bin/go env GOCACHE
2026-09-20T17:40:32.9716956Z /home/runner/go/pkg/mod
2026-09-20T17:40:32.9738211Z /home/runner/.cache/go-build
2026-09-20T17:40:32.9745192Z Primary key was not generated. Please check the log messages above for more errors or information
2026-09-20T17:40:32.9906233Z Post job cleanup.
2026-09-20T17:40:33.0816217Z [command]/usr/bin/git version
2026-09-20T17:40:33.0861081Z git version 2.55.0
2026-09-20T17:40:33.0906538Z Temporarily overriding HOME='/home/runner/work/_temp/87a02e15-6f35-4835-9e5c-8b47a8c1f75b' before making global git config changes
2026-09-20T17:40:33.0908109Z Adding repository directory to the temporary git global config as a safe directory
2026-09-20T17:40:33.0914136Z [command]/usr/bin/git config --global --add safe.directory /home/runner/work/hol-guard/hol-guard
2026-09-20T17:40:33.0952948Z Removing SSH command configuration
2026-09-20T17:40:33.0960056Z [command]/usr/bin/git config --local --name-only --get-regexp core\.sshCommand
2026-09-20T17:40:33.1000241Z [command]/usr/bin/git submodule foreach --recursive sh -c "git config --local --name-only --get-regexp 'core\.sshCommand' && git config --local --unset-all 'core.sshCommand' || :"
2026-09-20T17:40:33.1277459Z Removing HTTP extra header
2026-09-20T17:40:33.1284937Z [command]/usr/bin/git config --local --name-only --get-regexp http\.https\:\/\/github\.com\/\.extraheader
2026-09-20T17:40:33.1331296Z [command]/usr/bin/git submodule foreach --recursive sh -c "git config --local --name-only --get-regexp 'http\.https\:\/\/github\.com\/\.extraheader' && git config --local --unset-all 'http.https://github.com/.extraheader' || :"
2026-09-20T17:40:33.1579708Z Removing includeIf entries pointing to credentials config files
2026-09-20T17:40:33.1587590Z [command]/usr/bin/git config --local --name-only --get-regexp ^includeIf\.gitdir:
2026-09-20T17:40:33.1656348Z [command]/usr/bin/git submodule foreach --recursive git config --local --show-origin --name-only --get-regexp remote.origin.url
2026-09-20T17:40:33.2046794Z Cleaning up orphan processes
