2026-09-20T01:19:33.5193084Z Current runner version: '2.337.0'
2026-09-20T01:19:33.5219257Z ##[group]Runner Image Provisioner
2026-09-20T01:19:33.5220223Z Hosted Compute Agent
2026-09-20T01:19:33.5220858Z Version: 20260828.587
2026-09-20T01:19:33.5221572Z Commit: abac92662cab4cc7352de4f9f9d2e2419aad9c29
2026-09-20T01:19:33.5222371Z Build Date: 2026-08-28T16:44:25Z
2026-09-20T01:19:33.5223079Z Worker ID: {b163abde-89fc-4bc6-bf41-fccf2469c81f}
2026-09-20T01:19:33.5223867Z Azure Region: eastus2
2026-09-20T01:19:33.5224466Z ##[endgroup]
2026-09-20T01:19:33.5226343Z ##[group]Operating System
2026-09-20T01:19:33.5227378Z Ubuntu
2026-09-20T01:19:33.5228048Z 24.04.5
2026-09-20T01:19:33.5228563Z LTS
2026-09-20T01:19:33.5229213Z ##[endgroup]
2026-09-20T01:19:33.5229812Z ##[group]Runner Image
2026-09-20T01:19:33.5230488Z Image: ubuntu-24.04
2026-09-20T01:19:33.5231074Z Version: 20260907.300.1
2026-09-20T01:19:33.5232395Z Included Software: https://github.com/actions/runner-images/blob/ubuntu24/20260907.300/images/ubuntu/Ubuntu2404-Readme.md
2026-09-20T01:19:33.5234019Z Image Release: https://github.com/actions/runner-images/releases/tag/ubuntu24%2F20260907.300
2026-09-20T01:19:33.5235058Z ##[endgroup]
2026-09-20T01:19:33.5236227Z ##[group]GITHUB_TOKEN Permissions
2026-09-20T01:19:33.5238704Z Contents: read
2026-09-20T01:19:33.5239413Z Metadata: read
2026-09-20T01:19:33.5240049Z ##[endgroup]
2026-09-20T01:19:33.5242157Z Secret source: Actions
2026-09-20T01:19:33.5243215Z Cache mode: write
2026-09-20T01:19:33.5244304Z Prepare workflow directory
2026-09-20T01:19:33.5578673Z Prepare all required actions
2026-09-20T01:19:33.5626664Z Getting action download info
2026-09-20T01:19:33.7950049Z Download action repository 'actions/checkout@df4cb1c069e1874edd31b4311f1884172cec0e10' (SHA:df4cb1c069e1874edd31b4311f1884172cec0e10)
2026-09-20T01:19:33.9098036Z Download action repository 'actions/setup-go@4a3601121dd01d1626a1e23e37211e3254c1c06c' (SHA:4a3601121dd01d1626a1e23e37211e3254c1c06c)
2026-09-20T01:19:34.2344587Z Complete job name: Gitleaks
2026-09-20T01:19:34.3125699Z ##[group]Run actions/checkout@df4cb1c069e1874edd31b4311f1884172cec0e10
2026-09-20T01:19:34.3126791Z with:
2026-09-20T01:19:34.3127460Z   fetch-depth: 0
2026-09-20T01:19:34.3127943Z   persist-credentials: false
2026-09-20T01:19:34.3128497Z   repository: hashgraph-online/hol-guard
2026-09-20T01:19:34.3132295Z   token: ***
2026-09-20T01:19:34.3132742Z   ssh-strict: true
2026-09-20T01:19:34.3133194Z   ssh-user: git
2026-09-20T01:19:34.3133621Z   clean: true
2026-09-20T01:19:34.3134068Z   sparse-checkout-cone-mode: true
2026-09-20T01:19:34.3134609Z   fetch-tags: false
2026-09-20T01:19:34.3135071Z   show-progress: true
2026-09-20T01:19:34.3135529Z   lfs: false
2026-09-20T01:19:34.3135942Z   submodules: false
2026-09-20T01:19:34.3136401Z   set-safe-directory: true
2026-09-20T01:19:34.3137314Z ##[endgroup]
2026-09-20T01:19:34.4153930Z Syncing repository: hashgraph-online/hol-guard
2026-09-20T01:19:34.4155934Z ##[group]Getting Git version info
2026-09-20T01:19:34.4156810Z Working directory is '/home/runner/work/hol-guard/hol-guard'
2026-09-20T01:19:34.4158473Z [command]/usr/bin/git version
2026-09-20T01:19:34.4235223Z git version 2.55.0
2026-09-20T01:19:34.4258789Z ##[endgroup]
2026-09-20T01:19:34.4273890Z Temporarily overriding HOME='/home/runner/work/_temp/88aae9e8-820c-41a7-88e8-97431cdd9f71' before making global git config changes
2026-09-20T01:19:34.4276456Z Adding repository directory to the temporary git global config as a safe directory
2026-09-20T01:19:34.4280051Z [command]/usr/bin/git config --global --add safe.directory /home/runner/work/hol-guard/hol-guard
2026-09-20T01:19:34.4341337Z Deleting the contents of '/home/runner/work/hol-guard/hol-guard'
2026-09-20T01:19:34.4345322Z ##[group]Determining repository object format
2026-09-20T01:19:34.4347950Z ##[endgroup]
2026-09-20T01:19:34.4349577Z ##[group]Initializing the repository
2026-09-20T01:19:34.4352537Z [command]/usr/bin/git init /home/runner/work/hol-guard/hol-guard
2026-09-20T01:19:34.4481856Z hint: Using 'master' as the name for the initial branch. This default branch name
2026-09-20T01:19:34.4483894Z hint: will change to "main" in Git 3.0. To configure the initial branch name
2026-09-20T01:19:34.4486052Z hint: to use in all of your new repositories, which will suppress this warning,
2026-09-20T01:19:34.4488392Z hint: call:
2026-09-20T01:19:34.4489446Z hint:
2026-09-20T01:19:34.4490871Z hint: 	git config --global init.defaultBranch <name>
2026-09-20T01:19:34.4492053Z hint:
2026-09-20T01:19:34.4492867Z hint: Names commonly chosen instead of 'master' are 'main', 'trunk' and
2026-09-20T01:19:34.4494259Z hint: 'development'. The just-created branch can be renamed via this command:
2026-09-20T01:19:34.4495567Z hint:
2026-09-20T01:19:34.4496385Z hint: 	git branch -m <name>
2026-09-20T01:19:34.4497004Z hint:
2026-09-20T01:19:34.4497949Z hint: Disable this message with "git config set advice.defaultBranchName false"
2026-09-20T01:19:34.4499190Z Initialized empty Git repository in /home/runner/work/hol-guard/hol-guard/.git/
2026-09-20T01:19:34.4501372Z [command]/usr/bin/git remote add origin https://github.com/hashgraph-online/hol-guard
2026-09-20T01:19:34.4575066Z ##[endgroup]
2026-09-20T01:19:34.4576068Z ##[group]Disabling automatic garbage collection
2026-09-20T01:19:34.4578868Z [command]/usr/bin/git config --local gc.auto 0
2026-09-20T01:19:34.4607697Z ##[endgroup]
2026-09-20T01:19:34.4609069Z ##[group]Setting up auth
2026-09-20T01:19:34.4609867Z Removing SSH command configuration
2026-09-20T01:19:34.4614170Z [command]/usr/bin/git config --local --name-only --get-regexp core\.sshCommand
2026-09-20T01:19:34.4645561Z [command]/usr/bin/git submodule foreach --recursive sh -c "git config --local --name-only --get-regexp 'core\.sshCommand' && git config --local --unset-all 'core.sshCommand' || :"
2026-09-20T01:19:34.5013424Z Removing HTTP extra header
2026-09-20T01:19:34.5019595Z [command]/usr/bin/git config --local --name-only --get-regexp http\.https\:\/\/github\.com\/\.extraheader
2026-09-20T01:19:34.5050588Z [command]/usr/bin/git submodule foreach --recursive sh -c "git config --local --name-only --get-regexp 'http\.https\:\/\/github\.com\/\.extraheader' && git config --local --unset-all 'http.https://github.com/.extraheader' || :"
2026-09-20T01:19:34.5282936Z Removing includeIf entries pointing to credentials config files
2026-09-20T01:19:34.5292018Z [command]/usr/bin/git config --local --name-only --get-regexp ^includeIf\.gitdir:
2026-09-20T01:19:34.5329319Z [command]/usr/bin/git submodule foreach --recursive git config --local --show-origin --name-only --get-regexp remote.origin.url
2026-09-20T01:19:34.5574364Z [command]/usr/bin/git config --file /home/runner/work/_temp/git-credentials-ce4c2d01-9816-4d87-947e-a70057a260a2.config http.https://github.com/.extraheader AUTHORIZATION: basic ***
2026-09-20T01:19:34.5615216Z [command]/usr/bin/git config --local includeIf.gitdir:/home/runner/work/hol-guard/hol-guard/.git.path /home/runner/work/_temp/git-credentials-ce4c2d01-9816-4d87-947e-a70057a260a2.config
2026-09-20T01:19:34.5675236Z [command]/usr/bin/git config --local includeIf.gitdir:/home/runner/work/hol-guard/hol-guard/.git/worktrees/*.path /home/runner/work/_temp/git-credentials-ce4c2d01-9816-4d87-947e-a70057a260a2.config
2026-09-20T01:19:34.5700953Z [command]/usr/bin/git config --local includeIf.gitdir:/github/workspace/.git.path /github/runner_temp/git-credentials-ce4c2d01-9816-4d87-947e-a70057a260a2.config
2026-09-20T01:19:34.5737831Z [command]/usr/bin/git config --local includeIf.gitdir:/github/workspace/.git/worktrees/*.path /github/runner_temp/git-credentials-ce4c2d01-9816-4d87-947e-a70057a260a2.config
2026-09-20T01:19:34.5765101Z ##[endgroup]
2026-09-20T01:19:34.5766074Z ##[group]Fetching the repository
2026-09-20T01:19:34.5773855Z [command]/usr/bin/git -c protocol.version=2 fetch --no-tags --prune --no-recurse-submodules origin +refs/heads/*:refs/remotes/origin/* +refs/tags/*:refs/tags/* +1e966652e7e7fc9a983d76680b3b1e889af3dc0f:refs/remotes/pull/2974/merge
2026-09-20T01:19:47.4391092Z From https://github.com/hashgraph-online/hol-guard
2026-09-20T01:19:47.4393103Z  * [new branch]            ads/v213h-reddit-media  -> origin/ads/v213h-reddit-media
2026-09-20T01:19:47.4394922Z  * [new branch]            automation/apply-2325-fixes -> origin/automation/apply-2325-fixes
2026-09-20T01:19:47.4396896Z  * [new branch]            automation/apply-everyday-core-2629 -> origin/automation/apply-everyday-core-2629
2026-09-20T01:19:47.4400485Z  * [new branch]            automation/apply-everyday-core-clean-v2 -> origin/automation/apply-everyday-core-clean-v2
2026-09-20T01:19:47.4402845Z  * [new branch]            automation/everyday-101-200-final-20260829 -> origin/automation/everyday-101-200-final-20260829
2026-09-20T01:19:47.4405196Z  * [new branch]            automation/everyday-core-delivery-20260828 -> origin/automation/everyday-core-delivery-20260828
2026-09-20T01:19:47.4407740Z  * [new branch]            automation/everyday-core-seed-20260828 -> origin/automation/everyday-core-seed-20260828
2026-09-20T01:19:47.4410055Z  * [new branch]            automation/everyday-mode-finalize-20260828 -> origin/automation/everyday-mode-finalize-20260828
2026-09-20T01:19:47.4412322Z  * [new branch]            automation/finalize-pr2313-if-needed -> origin/automation/finalize-pr2313-if-needed
2026-09-20T01:19:47.4414483Z  * [new branch]            automation/finalize-pr2325-empty-refs-v3 -> origin/automation/finalize-pr2325-empty-refs-v3
2026-09-20T01:19:47.4416734Z  * [new branch]            automation/finalize-pr2325-v5 -> origin/automation/finalize-pr2325-v5
2026-09-20T01:19:47.4418906Z  * [new branch]            automation/finalize-pr2325-v7 -> origin/automation/finalize-pr2325-v7
2026-09-20T01:19:47.4421329Z  * [new branch]            automation/finalize-rust-pretool-authority-20260815 -> origin/automation/finalize-rust-pretool-authority-20260815
2026-09-20T01:19:47.4423712Z  * [new branch]            automation/finish-pr2325-v10 -> origin/automation/finish-pr2325-v10
2026-09-20T01:19:47.4426134Z  * [new branch]            automation/fix-pr2325-empty-refs-final-0814 -> origin/automation/fix-pr2325-empty-refs-final-0814
2026-09-20T01:19:47.4428952Z  * [new branch]            automation/fix-pr2325-empty-source-final-0814 -> origin/automation/fix-pr2325-empty-source-final-0814
2026-09-20T01:19:47.4431162Z  * [new branch]            automation/fix-pr2325-enums-reasons-final-0814 -> origin/automation/fix-pr2325-enums-reasons-final-0814
2026-09-20T01:19:47.4433493Z  * [new branch]            automation/fix-pr2325-final-review -> origin/automation/fix-pr2325-final-review
2026-09-20T01:19:47.4435673Z  * [new branch]            automation/fix-pr2325-sequences-final-0814 -> origin/automation/fix-pr2325-sequences-final-0814
2026-09-20T01:19:47.4438383Z  * [new branch]            automation/fix-pr2325-sequences-final-v2-0814 -> origin/automation/fix-pr2325-sequences-final-v2-0814
2026-09-20T01:19:47.4440654Z  * [new branch]            automation/harden-pr2325-coverage-final-0814 -> origin/automation/harden-pr2325-coverage-final-0814
2026-09-20T01:19:47.4443168Z  * [new branch]            automation/materialize-secrets-permanent-source-final -> origin/automation/materialize-secrets-permanent-source-final
2026-09-20T01:19:47.4445622Z  * [new branch]            automation/merge-pr2325-final-v6 -> origin/automation/merge-pr2325-final-v6
2026-09-20T01:19:47.4447926Z  * [new branch]            automation/merge-pr2325-v11 -> origin/automation/merge-pr2325-v11
2026-09-20T01:19:47.4449914Z  * [new branch]            automation/merge-pr2325-v8 -> origin/automation/merge-pr2325-v8
2026-09-20T01:19:47.4451967Z  * [new branch]            automation/merge-pr2325-v9 -> origin/automation/merge-pr2325-v9
2026-09-20T01:19:47.4454129Z  * [new branch]            automation/notify-hol-guard-plugin-runtime -> origin/automation/notify-hol-guard-plugin-runtime
2026-09-20T01:19:47.4456098Z  * [new branch]            automation/points-managed-controls-export -> origin/automation/points-managed-controls-export
2026-09-20T01:19:47.4458159Z  * [new branch]            automation/rebase-pr2325-v12 -> origin/automation/rebase-pr2325-v12
2026-09-20T01:19:47.4459937Z  * [new branch]            automation/rebuild-everyday-core-2629 -> origin/automation/rebuild-everyday-core-2629
2026-09-20T01:19:47.4462851Z  * [new branch]            automation/reconcile-pr-2797-20260917 -> origin/automation/reconcile-pr-2797-20260917
2026-09-20T01:19:47.4464651Z  * [new branch]            automation/reconcile-pr-2797-result -> origin/automation/reconcile-pr-2797-result
2026-09-20T01:19:47.4466250Z  * [new branch]            automation/release-32-source-snapshot -> origin/automation/release-32-source-snapshot
2026-09-20T01:19:47.4468300Z  * [new branch]            automation/rust-daemon-edge-hardening-watchdog-20260816 -> origin/automation/rust-daemon-edge-hardening-watchdog-20260816
2026-09-20T01:19:47.4469987Z  * [new branch]            automation/rust-p1-p2-end-to-end -> origin/automation/rust-p1-p2-end-to-end
2026-09-20T01:19:47.4471519Z  * [new branch]            automation/secrets-source-clean-v14 -> origin/automation/secrets-source-clean-v14
2026-09-20T01:19:47.4473229Z  * [new branch]            automation/shepherd-rust-pretool-authority-20260815 -> origin/automation/shepherd-rust-pretool-authority-20260815
2026-09-20T01:19:47.4474890Z  * [new branch]            automation/source-snapshot-2325-v2 -> origin/automation/source-snapshot-2325-v2
2026-09-20T01:19:47.4566992Z  * [new branch]            automation/sync-hol-guard-plugin-version -> origin/automation/sync-hol-guard-plugin-version
2026-09-20T01:19:47.4568797Z  * [new branch]            automation/validate-pr2325-current-base -> origin/automation/validate-pr2325-current-base
2026-09-20T01:19:47.4569952Z  * [new branch]            automation/validate-pr2325-stdlib -> origin/automation/validate-pr2325-stdlib
2026-09-20T01:19:47.4570850Z  * [new branch]            automation/verify-and-finish-hol-secrets-v13 -> origin/automation/verify-and-finish-hol-secrets-v13
2026-09-20T01:19:47.4572052Z  * [new branch]            backport/native-desktop-hook-proxy-release-3.0 -> origin/backport/native-desktop-hook-proxy-release-3.0
2026-09-20T01:19:47.4573352Z  * [new branch]            backport/native-desktop-hook-proxy-release-3.0-v2 -> origin/backport/native-desktop-hook-proxy-release-3.0-v2
2026-09-20T01:19:47.4574688Z  * [new branch]            backup/main-before-unmerge-release-3.0-20260827 -> origin/backup/main-before-unmerge-release-3.0-20260827
2026-09-20T01:19:47.4576167Z  * [new branch]            capy/add-omp-alias      -> origin/capy/add-omp-alias
2026-09-20T01:19:47.4577504Z  * [new branch]            capy/audit-filter-modal -> origin/capy/audit-filter-modal
2026-09-20T01:19:47.4578777Z  * [new branch]            capy/codex-hook-latency-daemon -> origin/capy/codex-hook-latency-daemon
2026-09-20T01:19:47.4580021Z  * [new branch]            capy/command-list-quoting-fix -> origin/capy/command-list-quoting-fix
2026-09-20T01:19:47.4581316Z  * [new branch]            capy/dashboard-abbreviate-queue-date -> origin/capy/dashboard-abbreviate-queue-date
2026-09-20T01:19:47.4582774Z  * [new branch]            capy/doc-secret-filtering -> origin/capy/doc-secret-filtering
2026-09-20T01:19:47.4584097Z  * [new branch]            capy/docker-compose-policy -> origin/capy/docker-compose-policy
2026-09-20T01:19:47.4585309Z  * [new branch]            capy/fix-bun-approval-replay -> origin/capy/fix-bun-approval-replay
2026-09-20T01:19:47.4586572Z  * [new branch]            capy/fix-compose-env-and-hook-block -> origin/capy/fix-compose-env-and-hook-block
2026-09-20T01:19:47.4590963Z  * [new branch]            capy/fix-install-dry-run-alias -> origin/capy/fix-install-dry-run-alias
2026-09-20T01:19:47.4592215Z  * [new branch]            capy/fix-package-scope-import -> origin/capy/fix-package-scope-import
2026-09-20T01:19:47.4593363Z  * [new branch]            capy/fix-package-worktree-approval -> origin/capy/fix-package-worktree-approval
2026-09-20T01:19:47.4594587Z  * [new branch]            capy/fix-pi-approval-browser -> origin/capy/fix-pi-approval-browser
2026-09-20T01:19:47.4595653Z  * [new branch]            capy/fix-pi-grep-command -> origin/capy/fix-pi-grep-command
2026-09-20T01:19:47.4597003Z  * [new branch]            capy/fix-pi-hook-resume-routing -> origin/capy/fix-pi-hook-resume-routing
2026-09-20T01:19:47.4598494Z  * [new branch]            capy/fix-pi-oversized-payload -> origin/capy/fix-pi-oversized-payload
2026-09-20T01:19:47.4599953Z  * [new branch]            capy/fix-pi-oversized-read-review -> origin/capy/fix-pi-oversized-read-review
2026-09-20T01:19:47.4601192Z  * [new branch]            capy/fix-pi-self-block-loop -> origin/capy/fix-pi-self-block-loop
2026-09-20T01:19:47.4602405Z  * [new branch]            capy/fix-policy-evidence-links -> origin/capy/fix-policy-evidence-links
2026-09-20T01:19:47.4603523Z  * [new branch]            capy/fix-test-suite-cleanup -> origin/capy/fix-test-suite-cleanup
2026-09-20T01:19:47.4604610Z  * [new branch]            capy/github-issue-button -> origin/capy/github-issue-button
2026-09-20T01:19:47.4605927Z  * [new branch]            capy/hol-guard-dashboard-typecheck-main -> origin/capy/hol-guard-dashboard-typecheck-main
2026-09-20T01:19:47.4607619Z  * [new branch]            capy/homebrew-firewall-support -> origin/capy/homebrew-firewall-support
2026-09-20T01:19:47.4608801Z  * [new branch]            capy/hook-transport-followup -> origin/capy/hook-transport-followup
2026-09-20T01:19:47.4609943Z  * [new branch]            capy/hook-transport-format -> origin/capy/hook-transport-format
2026-09-20T01:19:47.4611138Z  * [new branch]            capy/inbox-command-search-fields -> origin/capy/inbox-command-search-fields
2026-09-20T01:19:47.4612433Z  * [new branch]            capy/kubectl-secret-exfil-block -> origin/capy/kubectl-secret-exfil-block
2026-09-20T01:19:47.4613733Z  * [new branch]            capy/logged-action-copy-expand -> origin/capy/logged-action-copy-expand
2026-09-20T01:19:47.4614859Z  * [new branch]            capy/oh-my-pi-approval  -> origin/capy/oh-my-pi-approval
2026-09-20T01:19:47.4616192Z  * [new branch]            capy/optimize-evidence-backend -> origin/capy/optimize-evidence-backend
2026-09-20T01:19:47.4617818Z  * [new branch]            capy/perf-request-detail-ttfb -> origin/capy/perf-request-detail-ttfb
2026-09-20T01:19:47.4618887Z  * [new branch]            capy/pi-approval-link   -> origin/capy/pi-approval-link
2026-09-20T01:19:47.4619732Z  * [new branch]            capy/pi-hook-timeout-investigation -> origin/capy/pi-hook-timeout-investigation
2026-09-20T01:19:47.4621031Z  * [new branch]            capy/pi-kubectl-secret-argv-detection -> origin/capy/pi-kubectl-secret-argv-detection
2026-09-20T01:19:47.4621836Z  * [new branch]            capy/planning-write-false-positive -> origin/capy/planning-write-false-positive
2026-09-20T01:19:47.4622494Z  * [new branch]            capy/ruff-format-server -> origin/capy/ruff-format-server
2026-09-20T01:19:47.4623108Z  * [new branch]            capy/totp-precedence-override -> origin/capy/totp-precedence-override
2026-09-20T01:19:47.4623794Z  * [new branch]            chore/canonical-apache-license -> origin/chore/canonical-apache-license
2026-09-20T01:19:47.4624550Z  * [new branch]            chore/consolidate-release-2-2-into-2-1 -> origin/chore/consolidate-release-2-2-into-2-1
2026-09-20T01:19:47.4625256Z  * [new branch]            chore/ecc-2172-resolve-2185 -> origin/chore/ecc-2172-resolve-2185
2026-09-20T01:19:47.4625845Z  * [new branch]            chore/ecc-batch2-builder -> origin/chore/ecc-batch2-builder
2026-09-20T01:19:47.4626485Z  * [new branch]            chore/fec-source-export-20260827 -> origin/chore/fec-source-export-20260827
2026-09-20T01:19:47.4627749Z  * [new branch]            chore/fix-release-3-semantic-merge-artifacts -> origin/chore/fix-release-3-semantic-merge-artifacts
2026-09-20T01:19:47.4629315Z  * [new branch]            chore/guard-block-hosted-legacy-paths -> origin/chore/guard-block-hosted-legacy-paths
2026-09-20T01:19:47.4630994Z  * [new branch]            chore/guard-drop-legacy-capability-routes -> origin/chore/guard-drop-legacy-capability-routes
2026-09-20T01:19:47.4632065Z  * [new branch]            chore/network-main-snapshot-20260825 -> origin/chore/network-main-snapshot-20260825
2026-09-20T01:19:47.4633138Z  * [new branch]            chore/network-remediation-main-sync-r0-20260824 -> origin/chore/network-remediation-main-sync-r0-20260824
2026-09-20T01:19:47.4633965Z  * [new branch]            chore/openssf-security-insights -> origin/chore/openssf-security-insights
2026-09-20T01:19:47.4634634Z  * [new branch]            chore/package-security-links -> origin/chore/package-security-links
2026-09-20T01:19:47.4635276Z  * [new branch]            chore/pr-2077-clean-product -> origin/chore/pr-2077-clean-product
2026-09-20T01:19:47.4635878Z  * [new branch]            chore/pr-2077-evidence-fix -> origin/chore/pr-2077-evidence-fix
2026-09-20T01:19:47.4636477Z  * [new branch]            chore/pr-2077-shim-lock-fix -> origin/chore/pr-2077-shim-lock-fix
2026-09-20T01:19:47.4637339Z  * [new branch]            chore/pr-2077-shim-order-test-fix-v2 -> origin/chore/pr-2077-shim-order-test-fix-v2
2026-09-20T01:19:47.4638056Z  * [new branch]            chore/pr-2077-warn-receipt-fix -> origin/chore/pr-2077-warn-receipt-fix
2026-09-20T01:19:47.4639272Z  * [new branch]            chore/pr-2083-authority-updater-patch -> origin/chore/pr-2083-authority-updater-patch
2026-09-20T01:19:47.4640622Z  * [new branch]            chore/pr-2083-conflict-probe -> origin/chore/pr-2083-conflict-probe
2026-09-20T01:19:47.4641431Z  * [new branch]            chore/pr-2083-conflict-resolver-executor -> origin/chore/pr-2083-conflict-resolver-executor
2026-09-20T01:19:47.4642269Z  * [new branch]            chore/pr-2083-current-final-validation -> origin/chore/pr-2083-current-final-validation
2026-09-20T01:19:47.4643029Z  * [new branch]            chore/pr-2083-current-updater-base -> origin/chore/pr-2083-current-updater-base
2026-09-20T01:19:47.4643721Z  * [new branch]            chore/pr-2083-final-validation -> origin/chore/pr-2083-final-validation
2026-09-20T01:19:47.4644530Z  * [new branch]            chore/pr-2083-integration -> origin/chore/pr-2083-integration
2026-09-20T01:19:47.4645155Z  * [new branch]            chore/pr-2083-pi-replay -> origin/chore/pr-2083-pi-replay
2026-09-20T01:19:47.4645762Z  * [new branch]            chore/pr-2083-replay-2131-base -> origin/chore/pr-2083-replay-2131-base
2026-09-20T01:19:47.4646427Z  * [new branch]            chore/pr-2083-replay-2131-patch -> origin/chore/pr-2083-replay-2131-patch
2026-09-20T01:19:47.4647315Z  * [new branch]            chore/pr-2083-replay-2131-releasebase -> origin/chore/pr-2083-replay-2131-releasebase
2026-09-20T01:19:47.4648048Z  * [new branch]            chore/pr-2083-updater-merge-base -> origin/chore/pr-2083-updater-merge-base
2026-09-20T01:19:47.4648714Z  * [new branch]            chore/pr2172-static-rebuild -> origin/chore/pr2172-static-rebuild
2026-09-20T01:19:47.4649331Z  * [new branch]            chore/rebuild-pr-2077-clean -> origin/chore/rebuild-pr-2077-clean
2026-09-20T01:19:47.4650057Z  * [new branch]            chore/reconcile-main-into-release-3.0-2 -> origin/chore/reconcile-main-into-release-3.0-2
2026-09-20T01:19:47.4650828Z  * [new branch]            chore/reconcile-pr2359-release-3 -> origin/chore/reconcile-pr2359-release-3
2026-09-20T01:19:47.4651519Z  * [new branch]            chore/reconcile-pr2372-release-3 -> origin/chore/reconcile-pr2372-release-3
2026-09-20T01:19:47.4652178Z  * [new branch]            chore/release-22-sync-main -> origin/chore/release-22-sync-main
2026-09-20T01:19:47.4652854Z  * [new branch]            chore/release-22-sync-main-refresh -> origin/chore/release-22-sync-main-refresh
2026-09-20T01:19:47.4653685Z  * [new branch]            chore/release-22-sync-main-v2 -> origin/chore/release-22-sync-main-v2
2026-09-20T01:19:47.4654463Z  * [new branch]            chore/release-3-post-audit-cleanup-20260819 -> origin/chore/release-3-post-audit-cleanup-20260819
2026-09-20T01:19:47.4655219Z  * [new branch]            chore/resolve-2797-conflicts -> origin/chore/resolve-2797-conflicts
2026-09-20T01:19:47.4655999Z  * [new branch]            chore/resolve-release-3-main-conflicts-runner -> origin/chore/resolve-release-3-main-conflicts-runner
2026-09-20T01:19:47.4657342Z  * [new branch]            chore/resolve-secrets-v2-release-conflicts-runner -> origin/chore/resolve-secrets-v2-release-conflicts-runner
2026-09-20T01:19:47.4658216Z  * [new branch]            chore/rust-migration-cleanup-final -> origin/chore/rust-migration-cleanup-final
2026-09-20T01:19:47.4658957Z  * [new branch]            chore/sync-main-into-release-3.0 -> origin/chore/sync-main-into-release-3.0
2026-09-20T01:19:47.4659730Z  * [new branch]            chore/sync-main-into-release-3.0-20260812 -> origin/chore/sync-main-into-release-3.0-20260812
2026-09-20T01:19:47.4660544Z  * [new branch]            chore/sync-main-into-release-3.2-20260907 -> origin/chore/sync-main-into-release-3.2-20260907
2026-09-20T01:19:47.4661346Z  * [new branch]            chore/sync-release-3.0-into-3.1-everyday -> origin/chore/sync-release-3.0-into-3.1-everyday
2026-09-20T01:19:47.4662078Z  * [new branch]            ci/desktop-core-feed-request -> origin/ci/desktop-core-feed-request
2026-09-20T01:19:47.4662680Z  * [new branch]            ci/release-3-1-alpha    -> origin/ci/release-3-1-alpha
2026-09-20T01:19:47.4663292Z  * [new branch]            ci/retrigger-desktop-core-feed -> origin/ci/retrigger-desktop-core-feed
2026-09-20T01:19:47.4663992Z  * [new branch]            ci/retrigger-desktop-core-feed-v2 -> origin/ci/retrigger-desktop-core-feed-v2
2026-09-20T01:19:47.4664601Z  * [new branch]            codex/ci-speed          -> origin/codex/ci-speed
2026-09-20T01:19:47.4665182Z  * [new branch]            codex/claim-readiness-sidecars -> origin/codex/claim-readiness-sidecars
2026-09-20T01:19:47.4665919Z  * [new branch]            codex/instapods-remote-mcp-extension -> origin/codex/instapods-remote-mcp-extension
2026-09-20T01:19:47.4666975Z  * [new branch]            codex/pr2974-affected-integration-validation-20260919 -> origin/codex/pr2974-affected-integration-validation-20260919
2026-09-20T01:19:47.4668382Z  * [new branch]            codex/pr2974-affected-retention-validation-20260919 -> origin/codex/pr2974-affected-retention-validation-20260919
2026-09-20T01:19:47.4669283Z  * [new branch]            codex/pr2974-artifact-audit-35431281846 -> origin/codex/pr2974-artifact-audit-35431281846
2026-09-20T01:19:47.4670074Z  * [new branch]            codex/pr2974-ci-repair-harvest-20260919 -> origin/codex/pr2974-ci-repair-harvest-20260919
2026-09-20T01:19:47.4670902Z  * [new branch]            codex/pr2974-codex-tmp-validation-20260919 -> origin/codex/pr2974-codex-tmp-validation-20260919
2026-09-20T01:19:47.4671763Z  * [new branch]            codex/pr2974-combined-corpus-harvest-20260919 -> origin/codex/pr2974-combined-corpus-harvest-20260919
2026-09-20T01:19:47.4672636Z  * [new branch]            codex/pr2974-combined-final-corpus-20260919 -> origin/codex/pr2974-combined-final-corpus-20260919
2026-09-20T01:19:47.4673539Z  * [new branch]            codex/pr2974-command-budget-diagnostic-20260919 -> origin/codex/pr2974-command-budget-diagnostic-20260919
2026-09-20T01:19:47.4674430Z  * [new branch]            codex/pr2974-completion-evidence-20260919 -> origin/codex/pr2974-completion-evidence-20260919
2026-09-20T01:19:47.4675349Z  * [new branch]            codex/pr2974-current-integration-validation-20260919 -> origin/codex/pr2974-current-integration-validation-20260919
2026-09-20T01:19:47.4676305Z  * [new branch]            codex/pr2974-incoming-corpus-harvest-0dd6f65c -> origin/codex/pr2974-incoming-corpus-harvest-0dd6f65c
2026-09-20T01:19:47.4677318Z  * [new branch]            codex/pr2974-incoming-final-corpus-2564d9a4 -> origin/codex/pr2974-incoming-final-corpus-2564d9a4
2026-09-20T01:19:47.4678268Z  * [new branch]            codex/pr2974-incoming-final-corpus-manifest-2564d9a4 -> origin/codex/pr2974-incoming-final-corpus-manifest-2564d9a4
2026-09-20T01:19:47.4679272Z  * [new branch]            codex/pr2974-installed-validation-20260920-3780ad89 -> origin/codex/pr2974-installed-validation-20260920-3780ad89
2026-09-20T01:19:47.4680362Z  * [new branch]            codex/pr2974-intel-c16-hash-phase-2564d9a4 -> origin/codex/pr2974-intel-c16-hash-phase-2564d9a4
2026-09-20T01:19:47.4681248Z  * [new branch]            codex/pr2974-intel-c16-name-admission-2564d9a4 -> origin/codex/pr2974-intel-c16-name-admission-2564d9a4
2026-09-20T01:19:47.4682092Z  * [new branch]            codex/pr2974-intel-c16-phases-2564d9a4 -> origin/codex/pr2974-intel-c16-phases-2564d9a4
2026-09-20T01:19:47.4682865Z  * [new branch]            codex/pr2974-intel-strip-comparison -> origin/codex/pr2974-intel-strip-comparison
2026-09-20T01:19:47.4683735Z  * [new branch]            codex/pr2974-intel-strip-comparison-startup-repair -> origin/codex/pr2974-intel-strip-comparison-startup-repair
2026-09-20T01:19:47.4684662Z  * [new branch]            codex/pr2974-lsc-artifact-audit-35436715830 -> origin/codex/pr2974-lsc-artifact-audit-35436715830
2026-09-20T01:19:47.4685567Z  * [new branch]            codex/pr2974-lsc-installed-validation-35441981146 -> origin/codex/pr2974-lsc-installed-validation-35441981146
2026-09-20T01:19:47.4686491Z  * [new branch]            codex/pr2974-lsc-source-materialize-20260919 -> origin/codex/pr2974-lsc-source-materialize-20260919
2026-09-20T01:19:47.4687439Z  * [new branch]            codex/pr2974-lsc-validation-82c78d0b -> origin/codex/pr2974-lsc-validation-82c78d0b
2026-09-20T01:19:47.4688486Z  * [new branch]            codex/pr2974-macos-endpoint-format-4b888052 -> origin/codex/pr2974-macos-endpoint-format-4b888052
2026-09-20T01:19:47.4689604Z  * [new branch]            codex/pr2974-macos-sigpipe-format-0c9f9cc0 -> origin/codex/pr2974-macos-sigpipe-format-0c9f9cc0
2026-09-20T01:19:47.4690506Z  * [new branch]            codex/pr2974-native-phase-validation-20260919 -> origin/codex/pr2974-native-phase-validation-20260919
2026-09-20T01:19:47.4691685Z  * [new branch]            codex/pr2974-native-phase-validation-backpressure-20260919 -> origin/codex/pr2974-native-phase-validation-backpressure-20260919
2026-09-20T01:19:47.4692774Z  * [new branch]            codex/pr2974-native-phase-validation-fixed-20260919 -> origin/codex/pr2974-native-phase-validation-fixed-20260919
2026-09-20T01:19:47.4693822Z  * [new branch]            codex/pr2974-native-phase-validation-typeignore-20260919 -> origin/codex/pr2974-native-phase-validation-typeignore-20260919
2026-09-20T01:19:47.4694762Z  * [new branch]            codex/pr2974-navigation-format-20260919 -> origin/codex/pr2974-navigation-format-20260919
2026-09-20T01:19:47.4695584Z  * [new branch]            codex/pr2974-package-eval-corpus-20260919 -> origin/codex/pr2974-package-eval-corpus-20260919
2026-09-20T01:19:47.4696463Z  * [new branch]            codex/pr2974-package-eval-corpus-fixed-20260919 -> origin/codex/pr2974-package-eval-corpus-fixed-20260919
2026-09-20T01:19:47.4697492Z  * [new branch]            codex/pr2974-package-eval-finite-20260919 -> origin/codex/pr2974-package-eval-finite-20260919
2026-09-20T01:19:47.4698382Z  * [new branch]            codex/pr2974-package-eval-finite-scope-20260919 -> origin/codex/pr2974-package-eval-finite-scope-20260919
2026-09-20T01:19:47.4699473Z  * [new branch]            codex/pr2974-package-eval-finite-types-20260919 -> origin/codex/pr2974-package-eval-finite-types-20260919
2026-09-20T01:19:47.4700354Z  * [new branch]            codex/pr2974-package-eval-format-20260919 -> origin/codex/pr2974-package-eval-format-20260919
2026-09-20T01:19:47.4701162Z  * [new branch]            codex/pr2974-package-eval-lint-20260919 -> origin/codex/pr2974-package-eval-lint-20260919
2026-09-20T01:19:47.4702068Z  * [new branch]            codex/pr2974-partition-corrected-validation-20260919 -> origin/codex/pr2974-partition-corrected-validation-20260919
2026-09-20T01:19:47.4702956Z  * [new branch]            codex/pr2974-partition-format-20260919 -> origin/codex/pr2974-partition-format-20260919
2026-09-20T01:19:47.4703778Z  * [new branch]            codex/pr2974-partition-validation-20260919 -> origin/codex/pr2974-partition-validation-20260919
2026-09-20T01:19:47.4704842Z  * [new branch]            codex/pr2974-rsp129-poststart-current-retry-20260920 -> origin/codex/pr2974-rsp129-poststart-current-retry-20260920
2026-09-20T01:19:47.4705810Z  * [new branch]            codex/pr2974-rsp129-poststart-validation-20260919 -> origin/codex/pr2974-rsp129-poststart-validation-20260919
2026-09-20T01:19:47.4706708Z  * [new branch]            codex/pr2974-rsp129-request-finite-20260919 -> origin/codex/pr2974-rsp129-request-finite-20260919
2026-09-20T01:19:47.4707767Z  * [new branch]            codex/pr2974-rsp129-request-followup-20260919 -> origin/codex/pr2974-rsp129-request-followup-20260919
2026-09-20T01:19:47.4708625Z  * [new branch]            codex/pr2974-rsp129-request-format-20260919 -> origin/codex/pr2974-rsp129-request-format-20260919
2026-09-20T01:19:47.4709439Z  * [new branch]            codex/pr2974-rsp130-join-format-20260919 -> origin/codex/pr2974-rsp130-join-format-20260919
2026-09-20T01:19:47.4710231Z  * [new branch]            codex/pr2974-rsp130-join-timing-20260919 -> origin/codex/pr2974-rsp130-join-timing-20260919
2026-09-20T01:19:47.4711064Z  * [new branch]            codex/pr2974-rsp130-join-validation-20260919 -> origin/codex/pr2974-rsp130-join-validation-20260919
2026-09-20T01:19:47.4711947Z  * [new branch]            codex/pr2974-rsp130-opcode-validation-20260919 -> origin/codex/pr2974-rsp130-opcode-validation-20260919
2026-09-20T01:19:47.4712832Z  * [new branch]            codex/pr2974-rsp131-artifact-audit-35436919027 -> origin/codex/pr2974-rsp131-artifact-audit-35436919027
2026-09-20T01:19:47.4713707Z  * [new branch]            codex/pr2974-rsp131-artifact-audit-35440047669 -> origin/codex/pr2974-rsp131-artifact-audit-35440047669
2026-09-20T01:19:47.4714584Z  * [new branch]            codex/pr2974-rsp131-operations-format-20260919 -> origin/codex/pr2974-rsp131-operations-format-20260919
2026-09-20T01:19:47.4715622Z  * [new branch]            codex/pr2974-rsp131-sqlite-queue-finite-20260919 -> origin/codex/pr2974-rsp131-sqlite-queue-finite-20260919
2026-09-20T01:19:47.4716577Z  * [new branch]            codex/pr2974-rsp131-sqlite-queue-followup-20260919 -> origin/codex/pr2974-rsp131-sqlite-queue-followup-20260919
2026-09-20T01:19:47.4717661Z  * [new branch]            codex/pr2974-rsp131-sqlite-queue-format-20260919 -> origin/codex/pr2974-rsp131-sqlite-queue-format-20260919
2026-09-20T01:19:47.4718591Z  * [new branch]            codex/pr2974-runtime63-artifact-audit-35433592816 -> origin/codex/pr2974-runtime63-artifact-audit-35433592816
2026-09-20T01:19:47.4719588Z  * [new branch]            codex/pr2974-runtime63-evidence-continuation-20260919 -> origin/codex/pr2974-runtime63-evidence-continuation-20260919
2026-09-20T01:19:47.4720606Z  * [new branch]            codex/pr2974-runtime63-failure-audit-35438843603 -> origin/codex/pr2974-runtime63-failure-audit-35438843603
2026-09-20T01:19:47.4721536Z  * [new branch]            codex/pr2974-runtime63-targeted-audit-35433592816 -> origin/codex/pr2974-runtime63-targeted-audit-35433592816
2026-09-20T01:19:47.4722403Z  * [new branch]            codex/pr2974-source-validation-20260919 -> origin/codex/pr2974-source-validation-20260919
2026-09-20T01:19:47.4723200Z  * [new branch]            codex/pr2974-store-base-format-20260919 -> origin/codex/pr2974-store-base-format-20260919
2026-09-20T01:19:47.4724026Z  * [new branch]            codex/pr2974-store-base-validation-20260919 -> origin/codex/pr2974-store-base-validation-20260919
2026-09-20T01:19:47.4724910Z  * [new branch]            codex/pr2974-store-base-validation-fix-20260919 -> origin/codex/pr2974-store-base-validation-fix-20260919
2026-09-20T01:19:47.4725651Z  * [new branch]            codex/pypi-quota-units  -> origin/codex/pypi-quota-units
2026-09-20T01:19:47.4726251Z  * [new branch]            codex/readme-extension-guide -> origin/codex/readme-extension-guide
2026-09-20T01:19:47.4726844Z  * [new branch]            codex/readme-refresh    -> origin/codex/readme-refresh
2026-09-20T01:19:47.4727610Z  * [new branch]            codex/release-3.2-rust-finalization -> origin/codex/release-3.2-rust-finalization
2026-09-20T01:19:47.4728466Z  * [new branch]            codex/release-3.2-rust-foundation -> origin/codex/release-3.2-rust-foundation
2026-09-20T01:19:47.4729180Z  * [new branch]            codex/release-3.2-rust-performance -> origin/codex/release-3.2-rust-performance
2026-09-20T01:19:47.4729897Z  * [new branch]            codex/rsp-20260918-review-evidence -> origin/codex/rsp-20260918-review-evidence
2026-09-20T01:19:47.4730673Z  * [new branch]            codex/rsp-codeql-materialization-20260918 -> origin/codex/rsp-codeql-materialization-20260918
2026-09-20T01:19:47.4731446Z  * [new branch]            codex/rsp-corpus-profile-a37a5df -> origin/codex/rsp-corpus-profile-a37a5df
2026-09-20T01:19:47.4732218Z  * [new branch]            codex/rsp-macos-cache-diagnostic-d104ac3 -> origin/codex/rsp-macos-cache-diagnostic-d104ac3
2026-09-20T01:19:47.4733037Z  * [new branch]            codex/rsp-macos-dnssd-endpoint-context -> origin/codex/rsp-macos-dnssd-endpoint-context
2026-09-20T01:19:47.4733854Z  * [new branch]            codex/rsp-macos-dnssd-sigpipe-condition -> origin/codex/rsp-macos-dnssd-sigpipe-condition
2026-09-20T01:19:47.4734766Z  * [new branch]            codex/rsp-macos-endpoint-artifact-audit-35453157385 -> origin/codex/rsp-macos-endpoint-artifact-audit-35453157385
2026-09-20T01:19:47.4735754Z  * [new branch]            codex/rsp-macos-endpoint-result-audit-35455096616 -> origin/codex/rsp-macos-endpoint-result-audit-35455096616
2026-09-20T01:19:47.4737519Z  * [new branch]            codex/rsp-macos-finite-artifact-audit-35435241584 -> origin/codex/rsp-macos-finite-artifact-audit-35435241584
2026-09-20T01:19:47.4739176Z  * [new branch]            codex/rsp-macos-intel-cache-only-d104ac3 -> origin/codex/rsp-macos-intel-cache-only-d104ac3
2026-09-20T01:19:47.4740732Z  * [new branch]            codex/rsp-macos-observed-cache-diagnostic -> origin/codex/rsp-macos-observed-cache-diagnostic
2026-09-20T01:19:47.4742681Z  * [new branch]            codex/rsp-macos-phase-artifact-audit-35438429333 -> origin/codex/rsp-macos-phase-artifact-audit-35438429333
2026-09-20T01:19:47.4744441Z  * [new branch]            codex/rsp-macos-phase-finite-20260919 -> origin/codex/rsp-macos-phase-finite-20260919
2026-09-20T01:19:47.4746087Z  * [new branch]            codex/rsp-macos-phase-source-validation-cf13 -> origin/codex/rsp-macos-phase-source-validation-cf13
2026-09-20T01:19:47.4748050Z  * [new branch]            codex/rsp-macos-resolver-path-diagnostic -> origin/codex/rsp-macos-resolver-path-diagnostic
2026-09-20T01:19:47.4749527Z  * [new branch]            codex/rsp-macos-service-identity-diagnostic -> origin/codex/rsp-macos-service-identity-diagnostic
2026-09-20T01:19:47.4750536Z  * [new branch]            codex/rsp-macos-sigpipe-result-audit-35462790028 -> origin/codex/rsp-macos-sigpipe-result-audit-35462790028
2026-09-20T01:19:47.4751487Z  * [new branch]            codex/rsp-qualification-preflight-d104ac3 -> origin/codex/rsp-qualification-preflight-d104ac3
2026-09-20T01:19:47.4752345Z  * [new branch]            codex/rsp-shell-candidate-a37a5df -> origin/codex/rsp-shell-candidate-a37a5df
2026-09-20T01:19:47.4753078Z  * [new branch]            codex/rsp-sqlite-host-profile-eb717 -> origin/codex/rsp-sqlite-host-profile-eb717
2026-09-20T01:19:47.4753845Z  * [new branch]            codex/rsp-sqlite-syscall-diagnostic -> origin/codex/rsp-sqlite-syscall-diagnostic
2026-09-20T01:19:47.4754616Z  * [new branch]            codex/rsp-takeover-evidence-20260917 -> origin/codex/rsp-takeover-evidence-20260917
2026-09-20T01:19:47.4755470Z  * [new branch]            codex/rsp-windows-config-diagnostic-d104ac3 -> origin/codex/rsp-windows-config-diagnostic-d104ac3
2026-09-20T01:19:47.4756309Z  * [new branch]            codex/rsp-windows-open-cause-d104ac3 -> origin/codex/rsp-windows-open-cause-d104ac3
2026-09-20T01:19:47.4757500Z  * [new branch]            codex/rsp100-risk-dependency-correctness-8afb03a2 -> origin/codex/rsp100-risk-dependency-correctness-8afb03a2
2026-09-20T01:19:47.4758433Z  * [new branch]            codex/rsp100-security-binding-20260918 -> origin/codex/rsp100-security-binding-20260918
2026-09-20T01:19:47.4759432Z  * [new branch]            codex/rsp131-owned-inode-feasibility -> origin/codex/rsp131-owned-inode-feasibility
2026-09-20T01:19:47.4760241Z  * [new branch]            codex/typed-request-identity-validation -> origin/codex/typed-request-identity-validation
2026-09-20T01:19:47.4760983Z  * [new branch]            codex/windows-open-cause-8156 -> origin/codex/windows-open-cause-8156
2026-09-20T01:19:47.4761631Z  * [new branch]            codex/windows-store-gate-60bd -> origin/codex/windows-store-gate-60bd
2026-09-20T01:19:47.4762338Z  * [new branch]            debug/package-shim-sqlite-lock-trace -> origin/debug/package-shim-sqlite-lock-trace
2026-09-20T01:19:47.4763117Z  * [new branch]            dependabot/docker/docker-all-6dafb4a59b -> origin/dependabot/docker/docker-all-6dafb4a59b
2026-09-20T01:19:47.4764116Z  * [new branch]            dependabot/github_actions/actions/attest-build-provenance-4.1.1 -> origin/dependabot/github_actions/actions/attest-build-provenance-4.1.1
2026-09-20T01:19:47.4765126Z  * [new branch]            dependabot/github_actions/actions/checkout-7 -> origin/dependabot/github_actions/actions/checkout-7
2026-09-20T01:19:47.4765995Z  * [new branch]            dependabot/github_actions/actions/setup-go-7.0.0 -> origin/dependabot/github_actions/actions/setup-go-7.0.0
2026-09-20T01:19:47.4766913Z  * [new branch]            dependabot/github_actions/actions/setup-python-7.0.0 -> origin/dependabot/github_actions/actions/setup-python-7.0.0
2026-09-20T01:19:47.4768179Z  * [new branch]            dependabot/github_actions/actions/upload-artifact-7 -> origin/dependabot/github_actions/actions/upload-artifact-7
2026-09-20T01:19:47.4769115Z  * [new branch]            dependabot/github_actions/astral-sh/setup-uv-7 -> origin/dependabot/github_actions/astral-sh/setup-uv-7
2026-09-20T01:19:47.4770223Z  * [new branch]            dependabot/github_actions/docker/setup-buildx-action-4.2.0 -> origin/dependabot/github_actions/docker/setup-buildx-action-4.2.0
2026-09-20T01:19:47.4771325Z  * [new branch]            dependabot/github_actions/github/codeql-action/analyze-4.37.3 -> origin/dependabot/github_actions/github/codeql-action/analyze-4.37.3
2026-09-20T01:19:47.4772488Z  * [new branch]            dependabot/github_actions/github/codeql-action/upload-sarif-4.37.3 -> origin/dependabot/github_actions/github/codeql-action/upload-sarif-4.37.3
2026-09-20T01:19:47.4773560Z  * [new branch]            dependabot/github_actions/ossf/scorecard-action-2.4.4 -> origin/dependabot/github_actions/ossf/scorecard-action-2.4.4
2026-09-20T01:19:47.4774422Z  * [new branch]            dependabot/pip/pip-major-1ab037995d -> origin/dependabot/pip/pip-major-1ab037995d
2026-09-20T01:19:47.4775127Z  * [new branch]            desktop/3.0-contracts-source -> origin/desktop/3.0-contracts-source
2026-09-20T01:19:47.4775742Z  * [new branch]            desktop/3.0-core-readiness -> origin/desktop/3.0-core-readiness
2026-09-20T01:19:47.4777515Z  * [new branch]            desktop/core-alpha-feed -> origin/desktop/core-alpha-feed
2026-09-20T01:19:47.4778134Z  * [new branch]            desktop/core-alpha-feed-main -> origin/desktop/core-alpha-feed-main
2026-09-20T01:19:47.4778866Z  * [new branch]            diagnostic/macos-intel-attribution-1cd -> origin/diagnostic/macos-intel-attribution-1cd
2026-09-20T01:19:47.4779663Z  * [new branch]            diagnostic/resident-registration-8156 -> origin/diagnostic/resident-registration-8156
2026-09-20T01:19:47.4780463Z  * [new branch]            diagnostic/workspace-active-stages-8156 -> origin/diagnostic/workspace-active-stages-8156
2026-09-20T01:19:47.4781267Z  * [new branch]            diagnostic/workspace-construction-8156 -> origin/diagnostic/workspace-construction-8156
2026-09-20T01:19:47.4782093Z  * [new branch]            diagnostic/workspace-early-attachment-8156 -> origin/diagnostic/workspace-early-attachment-8156
2026-09-20T01:19:47.4782916Z  * [new branch]            diagnostic/workspace-ownership-8156 -> origin/diagnostic/workspace-ownership-8156
2026-09-20T01:19:47.4783865Z  * [new branch]            diagnostic/workspace-phase-failures-8156 -> origin/diagnostic/workspace-phase-failures-8156
2026-09-20T01:19:47.4784734Z  * [new branch]            diagnostic/workspace-publication-spans-8156 -> origin/diagnostic/workspace-publication-spans-8156
2026-09-20T01:19:47.4785491Z  * [new branch]            diagnostics/pr2798-ci-898507 -> origin/diagnostics/pr2798-ci-898507
2026-09-20T01:19:47.4786162Z  * [new branch]            diagnostics/pr2798-format-5354f54 -> origin/diagnostics/pr2798-format-5354f54
2026-09-20T01:19:47.4786864Z  * [new branch]            docs/clarify-open-source-license -> origin/docs/clarify-open-source-license
2026-09-20T01:19:47.4787653Z  * [new branch]            docs/guard-evidence-links -> origin/docs/guard-evidence-links
2026-09-20T01:19:47.4788266Z  * [new branch]            docs/k0s-k0rdent-guard-demo -> origin/docs/k0s-k0rdent-guard-demo
2026-09-20T01:19:47.4788924Z  * [new branch]            docs/smithery-skill-frontmatter -> origin/docs/smithery-skill-frontmatter
2026-09-20T01:19:47.4789677Z  * [new branch]            docs/strands-agents-command-inspection -> origin/docs/strands-agents-command-inspection
2026-09-20T01:19:47.4790390Z  * [new branch]            docs/strands-alpha-install -> origin/docs/strands-alpha-install
2026-09-20T01:19:47.4790979Z  * [new branch]            docs/w5-runtime-selection -> origin/docs/w5-runtime-selection
2026-09-20T01:19:47.4791596Z  * [new branch]            factory/essh-2674-rebase-probe -> origin/factory/essh-2674-rebase-probe
2026-09-20T01:19:47.4792310Z  * [new branch]            factory/repo2nb-2541-merge-validation -> origin/factory/repo2nb-2541-merge-validation
2026-09-20T01:19:47.4793028Z  * [new branch]            feat/3.1-extension-control-api -> origin/feat/3.1-extension-control-api
2026-09-20T01:19:47.4793814Z  * [new branch]            feat/3.1-extension-control-audit -> origin/feat/3.1-extension-control-audit
2026-09-20T01:19:47.4794491Z  * [new branch]            feat/3.1-extension-control-cli -> origin/feat/3.1-extension-control-cli
2026-09-20T01:19:47.4795194Z  * [new branch]            feat/3.1-extension-control-dashboard -> origin/feat/3.1-extension-control-dashboard
2026-09-20T01:19:47.4795967Z  * [new branch]            feat/3.1-extension-control-enforcement -> origin/feat/3.1-extension-control-enforcement
2026-09-20T01:19:47.4796746Z  * [new branch]            feat/3.1-extension-control-migration -> origin/feat/3.1-extension-control-migration
2026-09-20T01:19:47.4797615Z  * [new branch]            feat/3.1-extension-control-proof -> origin/feat/3.1-extension-control-proof
2026-09-20T01:19:47.4798388Z  * [new branch]            feat/3.1-extension-control-proof-hardening -> origin/feat/3.1-extension-control-proof-hardening
2026-09-20T01:19:47.4799187Z  * [new branch]            feat/3.1-managed-extension-controls -> origin/feat/3.1-managed-extension-controls
2026-09-20T01:19:47.4799893Z  * [new branch]            feat/add-extension-fullscreen -> origin/feat/add-extension-fullscreen
2026-09-20T01:19:47.4800502Z  * [new branch]            feat/aibom-batch4-guard -> origin/feat/aibom-batch4-guard
2026-09-20T01:19:47.4801145Z  * [new branch]            feat/aibom-guard-security-phase13 -> origin/feat/aibom-guard-security-phase13
2026-09-20T01:19:47.4801797Z  * [new branch]            feat/aibom-live-trust-fix -> origin/feat/aibom-live-trust-fix
2026-09-20T01:19:47.4802473Z  * [new branch]            feat/aibom-receipt-sync-fix-guard -> origin/feat/aibom-receipt-sync-fix-guard
2026-09-20T01:19:47.4803170Z  * [new branch]            feat/aibom-skill-scan-root-fix -> origin/feat/aibom-skill-scan-root-fix
2026-09-20T01:19:47.4803868Z  * [new branch]            feat/aibom-skill-scanner-spawn-fix -> origin/feat/aibom-skill-scanner-spawn-fix
2026-09-20T01:19:47.4804577Z  * [new branch]            feat/aibom-skill-security-guard -> origin/feat/aibom-skill-security-guard
2026-09-20T01:19:47.4805287Z  * [new branch]            feat/aibom-trust-attestation-guard -> origin/feat/aibom-trust-attestation-guard
2026-09-20T01:19:47.4806217Z  * [new branch]            feat/aibom-verifiable-trust-headless-guard -> origin/feat/aibom-verifiable-trust-headless-guard
2026-09-20T01:19:47.4806969Z  * [new branch]            feat/all-harness-fast-hooks -> origin/feat/all-harness-fast-hooks
2026-09-20T01:19:47.4807915Z  * [new branch]            feat/audit-remediation-actions -> origin/feat/audit-remediation-actions
2026-09-20T01:19:47.4808521Z  * [new branch]            feat/canary-commons     -> origin/feat/canary-commons
2026-09-20T01:19:47.4809169Z  * [new branch]            feat/ci-platform-command-extensions -> origin/feat/ci-platform-command-extensions
2026-09-20T01:19:47.4809946Z  * [new branch]            feat/ci-platform-command-extensions-v2 -> origin/feat/ci-platform-command-extensions-v2
2026-09-20T01:19:47.4810691Z  * [new branch]            feat/cisco-mcp-multi-analyzer -> origin/feat/cisco-mcp-multi-analyzer
2026-09-20T01:19:47.4811399Z  * [new branch]            feat/cite-hf-dataset-pypi-url-cd97 -> origin/feat/cite-hf-dataset-pypi-url-cd97
2026-09-20T01:19:47.4812203Z  * [new branch]            feat/cite-hf-plugin-security-dataset-41a2 -> origin/feat/cite-hf-plugin-security-dataset-41a2
2026-09-20T01:19:47.4813055Z  * [new branch]            feat/cite-hf-plugin-security-dataset-dcbb -> origin/feat/cite-hf-plugin-security-dataset-dcbb
2026-09-20T01:19:47.4813867Z  * [new branch]            feat/claude-code-marketplace-plugin -> origin/feat/claude-code-marketplace-plugin
2026-09-20T01:19:47.4814514Z  * [new branch]            feat/cline-adapter      -> origin/feat/cline-adapter
2026-09-20T01:19:47.4815075Z  * [new branch]            feat/cline-mcp-marketplace -> origin/feat/cline-mcp-marketplace
2026-09-20T01:19:47.4815720Z  * [new branch]            feat/cloud-exception-request-ui -> origin/feat/cloud-exception-request-ui
2026-09-20T01:19:47.4816574Z  * [new branch]            feat/cloud-exception-sync-proof -> origin/feat/cloud-exception-sync-proof
2026-09-20T01:19:47.4817381Z  * [new branch]            feat/cloud-exceptions-tab -> origin/feat/cloud-exceptions-tab
2026-09-20T01:19:47.4818155Z  * [new branch]            feat/cloud-review-runtime-hardening-post-merge -> origin/feat/cloud-review-runtime-hardening-post-merge
2026-09-20T01:19:47.4818962Z  * [new branch]            feat/cloud-user-menu-plan-id -> origin/feat/cloud-user-menu-plan-id
2026-09-20T01:19:47.4819557Z  * [new branch]            feat/cloud-user-menu-v2 -> origin/feat/cloud-user-menu-v2
2026-09-20T01:19:47.4820187Z  * [new branch]            feat/command-cloud-exception -> origin/feat/command-cloud-exception
2026-09-20T01:19:47.4820947Z  * [new branch]            feat/command-variants-301-400-aws-long-tail -> origin/feat/command-variants-301-400-aws-long-tail
2026-09-20T01:19:47.4821721Z  * [new branch]            feat/community-ollama-extension -> origin/feat/community-ollama-extension
2026-09-20T01:19:47.4822427Z  * [new branch]            feat/composite-command-evaluation -> origin/feat/composite-command-evaluation
2026-09-20T01:19:47.4823140Z  * [new branch]            feat/database-command-extensions -> origin/feat/database-command-extensions
2026-09-20T01:19:47.4823784Z  * [new branch]            feat/deepseek-harness-dsh -> origin/feat/deepseek-harness-dsh
2026-09-20T01:19:47.4824390Z  * [new branch]            feat/default-attestation-v2 -> origin/feat/default-attestation-v2
2026-09-20T01:19:47.4824987Z  * [new branch]            feat/devcontainer-feature -> origin/feat/devcontainer-feature
2026-09-20T01:19:47.4825690Z  * [new branch]            feat/devcontainer-feature-review-fixes -> origin/feat/devcontainer-feature-review-fixes
2026-09-20T01:19:47.4826473Z  * [new branch]            feat/droid-compat-headless-fixtures -> origin/feat/droid-compat-headless-fixtures
2026-09-20T01:19:47.4827312Z  * [new branch]            feat/embedded-script-evidence -> origin/feat/embedded-script-evidence
2026-09-20T01:19:47.4827976Z  * [new branch]            feat/everyday-mode-001-100-v32 -> origin/feat/everyday-mode-001-100-v32
2026-09-20T01:19:47.4828731Z  * [new branch]            feat/everyday-mode-101-200 -> origin/feat/everyday-mode-101-200
2026-09-20T01:19:47.4829329Z  * [new branch]            feat/everyday-mode-201-300 -> origin/feat/everyday-mode-201-300
2026-09-20T01:19:47.4830095Z  * [new branch]            feat/everyday-mode-foundation-release-3.0-port -> origin/feat/everyday-mode-foundation-release-3.0-port
2026-09-20T01:19:47.4830935Z  * [new branch]            feat/everyday-mode-r32-complete-v2 -> origin/feat/everyday-mode-r32-complete-v2
2026-09-20T01:19:47.4831700Z  * [new branch]            feat/everyday-mode-release-3.2-complete -> origin/feat/everyday-mode-release-3.2-complete
2026-09-20T01:19:47.4832626Z  * [new branch]            feat/everyday-r32-surfaces-20260913 -> origin/feat/everyday-r32-surfaces-20260913
2026-09-20T01:19:47.4833357Z  * [new branch]            feat/everyday-runtime-r32-20260907 -> origin/feat/everyday-runtime-r32-20260907
2026-09-20T01:19:47.4834129Z  * [new branch]            feat/evidence-action-envelope-home-fix -> origin/feat/evidence-action-envelope-home-fix
2026-09-20T01:19:47.4834879Z  * [new branch]            feat/evidence-scanner-surfacing -> origin/feat/evidence-scanner-surfacing
2026-09-20T01:19:47.4835525Z  * [new branch]            feat/evidence-tabs-redesign -> origin/feat/evidence-tabs-redesign
2026-09-20T01:19:47.4836147Z  * [new branch]            feat/extension-claim-notice -> origin/feat/extension-claim-notice
2026-09-20T01:19:47.4836873Z  * [new branch]            feat/extension-control-center-01-details -> origin/feat/extension-control-center-01-details
2026-09-20T01:19:47.4837905Z  * [new branch]            feat/extension-control-center-03-rule-overrides -> origin/feat/extension-control-center-03-rule-overrides
2026-09-20T01:19:47.4838804Z  * [new branch]            feat/extension-directory-command-mapping -> origin/feat/extension-directory-command-mapping
2026-09-20T01:19:47.4839727Z  * [new branch]            feat/extension-publisher-profiles -> origin/feat/extension-publisher-profiles
2026-09-20T01:19:47.4840465Z  * [new branch]            feat/extensions-command-patterns -> origin/feat/extensions-command-patterns
2026-09-20T01:19:47.4841191Z  * [new branch]            feat/extensions-custom-add-command -> origin/feat/extensions-custom-add-command
2026-09-20T01:19:47.4841893Z  * [new branch]            feat/extensions-flat-surface -> origin/feat/extensions-flat-surface
2026-09-20T01:19:47.4842499Z  * [new branch]            feat/extensions-one-page -> origin/feat/extensions-one-page
2026-09-20T01:19:47.4843116Z  * [new branch]            feat/extensions-service-marks -> origin/feat/extensions-service-marks
2026-09-20T01:19:47.4843861Z  * [new branch]            feat/extensions-unlisted-cli-allowlist -> origin/feat/extensions-unlisted-cli-allowlist
2026-09-20T01:19:47.4844638Z  * [new branch]            feat/fast-hook-review-types-scanner -> origin/feat/fast-hook-review-types-scanner
2026-09-20T01:19:47.4845288Z  * [new branch]            feat/fec-001-100-core   -> origin/feat/fec-001-100-core
2026-09-20T01:19:47.4845820Z  * [new branch]            feat/fec-001-100-main   -> origin/feat/fec-001-100-main
2026-09-20T01:19:47.4846411Z  * [new branch]            feat/fec-001-100-r32-remediation -> origin/feat/fec-001-100-r32-remediation
2026-09-20T01:19:47.4847012Z  * [new branch]            feat/fec-101-200-r32    -> origin/feat/fec-101-200-r32
2026-09-20T01:19:47.4847821Z  * [new branch]            feat/fec-201-300-r32    -> origin/feat/fec-201-300-r32
2026-09-20T01:19:47.4848522Z  * [new branch]            feat/fix-portable-package-approvals-issue -> origin/feat/fix-portable-package-approvals-issue
2026-09-20T01:19:47.4849284Z  * [new branch]            feat/grok-adapter-release-3.0 -> origin/feat/grok-adapter-release-3.0
2026-09-20T01:19:47.4849896Z  * [new branch]            feat/grok-adapter-surface -> origin/feat/grok-adapter-surface
2026-09-20T01:19:47.4850555Z  * [new branch]            feat/guard-aeo-b01-truth-contract -> origin/feat/guard-aeo-b01-truth-contract
2026-09-20T01:19:47.4851457Z  * [new branch]            feat/guard-auth-cloud-handoff-disable -> origin/feat/guard-auth-cloud-handoff-disable
2026-09-20T01:19:47.4852239Z  * [new branch]            feat/guard-auth-headless-device-code -> origin/feat/guard-auth-headless-device-code
2026-09-20T01:19:47.4853011Z  * [new branch]            feat/guard-auth-phase-m-sync-refresh -> origin/feat/guard-auth-phase-m-sync-refresh
2026-09-20T01:19:47.4853771Z  * [new branch]            feat/guard-auth-phase-n-ci-safe-mode -> origin/feat/guard-auth-phase-n-ci-safe-mode
2026-09-20T01:19:47.4854558Z  * [new branch]            feat/guard-auth-phase-r-cli-reauth-only -> origin/feat/guard-auth-phase-r-cli-reauth-only
2026-09-20T01:19:47.4855313Z  * [new branch]            feat/guard-command-patterns-3-1 -> origin/feat/guard-command-patterns-3-1
2026-09-20T01:19:47.4856000Z  * [new branch]            feat/guard-daemon-oauth-cluster -> origin/feat/guard-daemon-oauth-cluster
2026-09-20T01:19:47.4856743Z  * [new branch]            feat/guard-dashboard-trust-center-nav -> origin/feat/guard-dashboard-trust-center-nav
2026-09-20T01:19:47.4857617Z  * [new branch]            feat/guard-doctor-auth-hygiene -> origin/feat/guard-doctor-auth-hygiene
2026-09-20T01:19:47.4858367Z  * [new branch]            feat/guard-insights-share-affiliate-cta -> origin/feat/guard-insights-share-affiliate-cta
2026-09-20T01:19:47.4859118Z  * [new branch]            feat/guard-insights-share-local -> origin/feat/guard-insights-share-local
2026-09-20T01:19:47.4859833Z  * [new branch]            feat/guard-kimi-cli-harness-adapter -> origin/feat/guard-kimi-cli-harness-adapter
2026-09-20T01:19:47.4860635Z  * [new branch]            feat/guard-policy-studio-multi-rule-tests -> origin/feat/guard-policy-studio-multi-rule-tests
2026-09-20T01:19:47.4861475Z  * [new branch]            feat/guard-policy-v1alpha1-public-spec -> origin/feat/guard-policy-v1alpha1-public-spec
2026-09-20T01:19:47.4862359Z  * [new branch]            feat/guard-policy-v2-capabilities -> origin/feat/guard-policy-v2-capabilities
2026-09-20T01:19:47.4863001Z  * [new branch]            feat/guard-policy-v3    -> origin/feat/guard-policy-v3
2026-09-20T01:19:47.4863587Z  * [new branch]            feat/guard-policy-v3-release -> origin/feat/guard-policy-v3-release
2026-09-20T01:19:47.4864364Z  * [new branch]            feat/guard-production-subscription-ws9-guard -> origin/feat/guard-production-subscription-ws9-guard
2026-09-20T01:19:47.4865161Z  * [new branch]            feat/guard-reviewer-role-claim -> origin/feat/guard-reviewer-role-claim
2026-09-20T01:19:47.4865834Z  * [new branch]            feat/guard-scsr071-085-lifecycle -> origin/feat/guard-scsr071-085-lifecycle
2026-09-20T01:19:47.4866492Z  * [new branch]            feat/guard-secrets-detection -> origin/feat/guard-secrets-detection
2026-09-20T01:19:47.4867310Z  * [new branch]            feat/guard-secrets-detection-clean -> origin/feat/guard-secrets-detection-clean
2026-09-20T01:19:47.4868020Z  * [new branch]            feat/guard-secrets-native-cli -> origin/feat/guard-secrets-native-cli
2026-09-20T01:19:47.4868726Z  * [new branch]            feat/guarded-repository-attestation -> origin/feat/guarded-repository-attestation
2026-09-20T01:19:47.4869513Z  * [new branch]            feat/guarded-repository-attestation-v2 -> origin/feat/guarded-repository-attestation-v2
2026-09-20T01:19:47.4870237Z  * [new branch]            feat/hgc-controls-reset-local -> origin/feat/hgc-controls-reset-local
2026-09-20T01:19:47.4870923Z  * [new branch]            feat/hgc-controls-reset-local-rest -> origin/feat/hgc-controls-reset-local-rest
2026-09-20T01:19:47.4871696Z  * [new branch]            feat/hol-guard-aibom-item-descriptions -> origin/feat/hol-guard-aibom-item-descriptions
2026-09-20T01:19:47.4872379Z  * [new branch]            feat/inbox-sync-repair  -> origin/feat/inbox-sync-repair
2026-09-20T01:19:47.4873034Z  * [new branch]            feat/laravel-artisan-command-safety -> origin/feat/laravel-artisan-command-safety
2026-09-20T01:19:47.4873926Z  * [new branch]            feat/linux-desktop-core-sidecar-feed -> origin/feat/linux-desktop-core-sidecar-feed
2026-09-20T01:19:47.4875102Z  * [new branch]            feat/managed-service-extensions-remaining -> origin/feat/managed-service-extensions-remaining
2026-09-20T01:19:47.4875916Z  * [new branch]            feat/mcp-distribution-consolidated -> origin/feat/mcp-distribution-consolidated
2026-09-20T01:19:47.4876603Z  * [new branch]            feat/mcp-enroll-steps-layout -> origin/feat/mcp-enroll-steps-layout
2026-09-20T01:19:47.4877370Z  * [new branch]            feat/mcp-extension-enroll-ux -> origin/feat/mcp-extension-enroll-ux
2026-09-20T01:19:47.4878003Z  * [new branch]            feat/mcp-harness-autodetect -> origin/feat/mcp-harness-autodetect
2026-09-20T01:19:47.4878654Z  * [new branch]            feat/mcp-registry-publishing -> origin/feat/mcp-registry-publishing
2026-09-20T01:19:47.4879305Z  * [new branch]            feat/mcp-registry-syndication -> origin/feat/mcp-registry-syndication
2026-09-20T01:19:47.4879888Z  * [new branch]            feat/mcp-server         -> origin/feat/mcp-server
2026-09-20T01:19:47.4880458Z  * [new branch]            feat/mcp-server-contributions -> origin/feat/mcp-server-contributions
2026-09-20T01:19:47.4881054Z  * [new branch]            feat/mcpb-distribution  -> origin/feat/mcpb-distribution
2026-09-20T01:19:47.4881674Z  * [new branch]            feat/mdm-cloud-multi-device-lab -> origin/feat/mdm-cloud-multi-device-lab
2026-09-20T01:19:47.4882298Z  * [new branch]            feat/mdm-ga-completion  -> origin/feat/mdm-ga-completion
2026-09-20T01:19:47.4882878Z  * [new branch]            feat/mdm-local-contract-lab -> origin/feat/mdm-local-contract-lab
2026-09-20T01:19:47.4883497Z  * [new branch]            feat/modules-2-best-in-class -> origin/feat/modules-2-best-in-class
2026-09-20T01:19:47.4884105Z  * [new branch]            feat/multi-source-connect -> origin/feat/multi-source-connect
2026-09-20T01:19:47.4884915Z  * [new branch]            feat/native-data-plane-ownership-v2 -> origin/feat/native-data-plane-ownership-v2
2026-09-20T01:19:47.4885715Z  * [new branch]            feat/native-hook-data-plane-completion -> origin/feat/native-hook-data-plane-completion
2026-09-20T01:19:47.4886503Z  * [new branch]            feat/network-isolation-r1-r3-20260824 -> origin/feat/network-isolation-r1-r3-20260824
2026-09-20T01:19:47.4887475Z  * [new branch]            feat/network-local-core-3.0 -> origin/feat/network-local-core-3.0
2026-09-20T01:19:47.4888576Z  * [new branch]            feat/openclaw-clawhub-skill -> origin/feat/openclaw-clawhub-skill
2026-09-20T01:19:47.4889521Z  * [new branch]            feat/owasp-agentic-skills-crosswalk -> origin/feat/owasp-agentic-skills-crosswalk
2026-09-20T01:19:47.4890276Z  * [new branch]            feat/package-script-extension-flow -> origin/feat/package-script-extension-flow
2026-09-20T01:19:47.4890975Z  * [new branch]            feat/package-support-matrix -> origin/feat/package-support-matrix
2026-09-20T01:19:47.4891686Z  * [new branch]            feat/paseo-native-provider-adapter -> origin/feat/paseo-native-provider-adapter
2026-09-20T01:19:47.4892407Z  * [new branch]            feat/policy-cloud-exception-dto -> origin/feat/policy-cloud-exception-dto
2026-09-20T01:19:47.4893198Z  * [new branch]            feat/policy-cloud-exceptions-final-polish -> origin/feat/policy-cloud-exceptions-final-polish
2026-09-20T01:19:47.4893957Z  * [new branch]            feat/policy-mockup-parity-m2 -> origin/feat/policy-mockup-parity-m2
2026-09-20T01:19:47.4894601Z  * [new branch]            feat/policy-mockup-parity-m3 -> origin/feat/policy-mockup-parity-m3
2026-09-20T01:19:47.4895273Z  * [new branch]            feat/policy-no-fixture-hardening -> origin/feat/policy-no-fixture-hardening
2026-09-20T01:19:47.4895951Z  * [new branch]            feat/policy-recipe-validation -> origin/feat/policy-recipe-validation
2026-09-20T01:19:47.4896643Z  * [new branch]            feat/policy-recipe-validation-v2 -> origin/feat/policy-recipe-validation-v2
2026-09-20T01:19:47.4897682Z  * [new branch]            feat/policy-workspace-parity -> origin/feat/policy-workspace-parity
2026-09-20T01:19:47.4898389Z  * [new branch]            feat/privacy-safe-local-risk-report -> origin/feat/privacy-safe-local-risk-report
2026-09-20T01:19:47.4899142Z  * [new branch]            feat/privacy-safe-outcome-receipts -> origin/feat/privacy-safe-outcome-receipts
2026-09-20T01:19:47.4899899Z  * [new branch]            feat/protection-center-01-foundation -> origin/feat/protection-center-01-foundation
2026-09-20T01:19:47.4900636Z  * [new branch]            feat/protection-center-02-landing -> origin/feat/protection-center-02-landing
2026-09-20T01:19:47.4901401Z  * [new branch]            feat/protection-center-03-module-detail -> origin/feat/protection-center-03-module-detail
2026-09-20T01:19:47.4902247Z  * [new branch]            feat/protection-center-04-friendly-settings -> origin/feat/protection-center-04-friendly-settings
2026-09-20T01:19:47.4903297Z  * [new branch]            feat/protection-center-04-friendly-settings-final -> origin/feat/protection-center-04-friendly-settings-final
2026-09-20T01:19:47.4904214Z  * [new branch]            feat/protection-center-04-policy-editor -> origin/feat/protection-center-04-policy-editor
2026-09-20T01:19:47.4905081Z  * [new branch]            feat/protection-center-04-policy-editor-final -> origin/feat/protection-center-04-policy-editor-final
2026-09-20T01:19:47.4905956Z  * [new branch]            feat/protection-center-05-test-activity -> origin/feat/protection-center-05-test-activity
2026-09-20T01:19:47.4906858Z  * [new branch]            feat/protection-center-06-cloud-boundary-hardening -> origin/feat/protection-center-06-cloud-boundary-hardening
2026-09-20T01:19:47.4907968Z  * [new branch]            feat/protection-modules-ux-release-3.0 -> origin/feat/protection-modules-ux-release-3.0
2026-09-20T01:19:47.4908788Z  * [new branch]            feat/read-state-sqlite  -> origin/feat/read-state-sqlite
2026-09-20T01:19:47.4909436Z  * [new branch]            feat/release-22-adaptive-workers -> origin/feat/release-22-adaptive-workers
2026-09-20T01:19:47.4910125Z  * [new branch]            feat/release-22-admission-final -> origin/feat/release-22-admission-final
2026-09-20T01:19:47.4910770Z  * [new branch]            feat/release-22-approval-ux -> origin/feat/release-22-approval-ux
2026-09-20T01:19:47.4911530Z  * [new branch]            feat/release-22-authorization-gates-followup -> origin/feat/release-22-authorization-gates-followup
2026-09-20T01:19:47.4912351Z  * [new branch]            feat/release-22-command-activity-api -> origin/feat/release-22-command-activity-api
2026-09-20T01:19:47.4913157Z  * [new branch]            feat/release-22-command-activity-contracts -> origin/feat/release-22-command-activity-contracts
2026-09-20T01:19:47.4914027Z  * [new branch]            feat/release-22-command-activity-persistence -> origin/feat/release-22-command-activity-persistence
2026-09-20T01:19:47.4914886Z  * [new branch]            feat/release-22-command-activity-privacy -> origin/feat/release-22-command-activity-privacy
2026-09-20T01:19:47.4915769Z  * [new branch]            feat/release-22-command-authorization-security -> origin/feat/release-22-command-authorization-security
2026-09-20T01:19:47.4916558Z  * [new branch]            feat/release-22-command-corpus -> origin/feat/release-22-command-corpus
2026-09-20T01:19:47.4917439Z  * [new branch]            feat/release-22-command-dashboard-client -> origin/feat/release-22-command-dashboard-client
2026-09-20T01:19:47.4918298Z  * [new branch]            feat/release-22-contained-local-writes -> origin/feat/release-22-contained-local-writes
2026-09-20T01:19:47.4919110Z  * [new branch]            feat/release-22-contained-routine-flows -> origin/feat/release-22-contained-routine-flows
2026-09-20T01:19:47.4919946Z  * [new branch]            feat/release-22-contained-routine-proof -> origin/feat/release-22-contained-routine-proof
2026-09-20T01:19:47.4920667Z  * [new branch]            feat/release-22-daemon-final -> origin/feat/release-22-daemon-final
2026-09-20T01:19:47.4921430Z  * [new branch]            feat/release-22-decision-diff -> origin/feat/release-22-decision-diff
2026-09-20T01:19:47.4922073Z  * [new branch]            feat/release-22-decision-plane -> origin/feat/release-22-decision-plane
2026-09-20T01:19:47.4922745Z  * [new branch]            feat/release-22-evidence-routing -> origin/feat/release-22-evidence-routing
2026-09-20T01:19:47.4923501Z  * [new branch]            feat/release-22-github-capability-floors -> origin/feat/release-22-github-capability-floors
2026-09-20T01:19:47.4924349Z  * [new branch]            feat/release-22-github-capability-floors-v2 -> origin/feat/release-22-github-capability-floors-v2
2026-09-20T01:19:47.4925104Z  * [new branch]            feat/release-22-hook-scheduler -> origin/feat/release-22-hook-scheduler
2026-09-20T01:19:47.4925802Z  * [new branch]            feat/release-22-installed-evidence -> origin/feat/release-22-installed-evidence
2026-09-20T01:19:47.4926550Z  * [new branch]            feat/release-22-launch-capability -> origin/feat/release-22-launch-capability
2026-09-20T01:19:47.4927547Z  * [new branch]            feat/release-22-launch-identity -> origin/feat/release-22-launch-identity
2026-09-20T01:19:47.4928245Z  * [new branch]            feat/release-22-safety-guidance -> origin/feat/release-22-safety-guidance
2026-09-20T01:19:47.4928932Z  * [new branch]            feat/release-22-shadow-evaluation -> origin/feat/release-22-shadow-evaluation
2026-09-20T01:19:47.4929667Z  * [new branch]            feat/release-22-supply-chain-fix-all -> origin/feat/release-22-supply-chain-fix-all
2026-09-20T01:19:47.4930407Z  * [new branch]            feat/release-22-trusted-local-tools -> origin/feat/release-22-trusted-local-tools
2026-09-20T01:19:47.4931203Z  * [new branch]            feat/release-3.2-cli-first-class-expansion -> origin/feat/release-3.2-cli-first-class-expansion
2026-09-20T01:19:47.4932180Z  * [new branch]            feat/release-30-cloud-review-v2-contract -> origin/feat/release-30-cloud-review-v2-contract
2026-09-20T01:19:47.4933064Z  * [new branch]            feat/release-30-review-batch-worker-integrated -> origin/feat/release-30-review-batch-worker-integrated
2026-09-20T01:19:47.4933903Z  * [new branch]            feat/release-30-review-event-outbox -> origin/feat/release-30-review-event-outbox
2026-09-20T01:19:47.4934614Z  * [new branch]            feat/release31-lease-operations -> origin/feat/release31-lease-operations
2026-09-20T01:19:47.4935322Z  * [new branch]            feat/release31-observer-conformance -> origin/feat/release31-observer-conformance
2026-09-20T01:19:47.4936063Z  * [new branch]            feat/release31-support-diagnostics -> origin/feat/release31-support-diagnostics
2026-09-20T01:19:47.4936797Z  * [new branch]            feat/release31-user-managed-leases -> origin/feat/release31-user-managed-leases
2026-09-20T01:19:47.4937634Z  * [new branch]            feat/review-unread-requests -> origin/feat/review-unread-requests
2026-09-20T01:19:47.4938352Z  * [new branch]            feat/rust-command-shadow-bridge-final -> origin/feat/rust-command-shadow-bridge-final
2026-09-20T01:19:47.4939195Z  * [new branch]            feat/rust-command-shadow-observation-final -> origin/feat/rust-command-shadow-observation-final
2026-09-20T01:19:47.4939963Z  * [new branch]            feat/rust-hardening-foundation -> origin/feat/rust-hardening-foundation
2026-09-20T01:19:47.4940675Z  * [new branch]            feat/rust-p0-native-core-final-v3 -> origin/feat/rust-p0-native-core-final-v3
2026-09-20T01:19:47.4941381Z  * [new branch]            feat/rust-p0-native-core-final-v4 -> origin/feat/rust-p0-native-core-final-v4
2026-09-20T01:19:47.4942073Z  * [new branch]            feat/rust-p0-native-core-final-v5 -> origin/feat/rust-p0-native-core-final-v5
2026-09-20T01:19:47.4942718Z  * [new branch]            feat/rust-p1-p2-autonomous -> origin/feat/rust-p1-p2-autonomous
2026-09-20T01:19:47.4943329Z  * [new branch]            feat/rust-p1-p2-native-core -> origin/feat/rust-p1-p2-native-core
2026-09-20T01:19:47.4944137Z  * [new branch]            feat/rust-runtime-bundle-identity -> origin/feat/rust-runtime-bundle-identity
2026-09-20T01:19:47.4944830Z  * [new branch]            feat/rust-runtime-command-model -> origin/feat/rust-runtime-command-model
2026-09-20T01:19:47.4945575Z  * [new branch]            feat/rust-runtime-command-shadow-bridge -> origin/feat/rust-runtime-command-shadow-bridge
2026-09-20T01:19:47.4946436Z  * [new branch]            feat/rust-runtime-command-shadow-observation -> origin/feat/rust-runtime-command-shadow-observation
2026-09-20T01:19:47.4947378Z  * [new branch]            feat/rust-runtime-foundation -> origin/feat/rust-runtime-foundation
2026-09-20T01:19:47.4947989Z  * [new branch]            feat/rust-runtime-gates -> origin/feat/rust-runtime-gates
2026-09-20T01:19:47.4948689Z  * [new branch]            feat/rust-runtime-mutation-differential -> origin/feat/rust-runtime-mutation-differential
2026-09-20T01:19:47.4949468Z  * [new branch]            feat/rust-runtime-native-publish -> origin/feat/rust-runtime-native-publish
2026-09-20T01:19:47.4950129Z  * [new branch]            feat/rust-runtime-packaging -> origin/feat/rust-runtime-packaging
2026-09-20T01:19:47.4950741Z  * [new branch]            feat/rust-runtime-publish -> origin/feat/rust-runtime-publish
2026-09-20T01:19:47.4951332Z  * [new branch]            feat/rust-runtime-resident -> origin/feat/rust-runtime-resident
2026-09-20T01:19:47.4951980Z  * [new branch]            feat/rust-runtime-resilience-v2 -> origin/feat/rust-runtime-resilience-v2
2026-09-20T01:19:47.4952661Z  * [new branch]            feat/rust-runtime-rule-contract -> origin/feat/rust-runtime-rule-contract
2026-09-20T01:19:47.4953396Z  * [new branch]            feat/rust-runtime-source-path-parity -> origin/feat/rust-runtime-source-path-parity
2026-09-20T01:19:47.4954398Z  * [new branch]            feat/rust-runtime-source-path-parity-clean -> origin/feat/rust-runtime-source-path-parity-clean
2026-09-20T01:19:47.4955233Z  * [new branch]            feat/rust-runtime-supervision-final -> origin/feat/rust-runtime-supervision-final
2026-09-20T01:19:47.4956054Z  * [new branch]            feat/rust-runtime-supervision-reconciled-v2 -> origin/feat/rust-runtime-supervision-reconciled-v2
2026-09-20T01:19:47.4956890Z  * [new branch]            feat/rust-runtime-supervision-release -> origin/feat/rust-runtime-supervision-release
2026-09-20T01:19:47.4957799Z  * [new branch]            feat/rust-runtime-windows-resident -> origin/feat/rust-runtime-windows-resident
2026-09-20T01:19:47.4958611Z  * [new branch]            feat/rust-safety-kernel-integration-final -> origin/feat/rust-safety-kernel-integration-final
2026-09-20T01:19:47.4959481Z  * [new branch]            feat/rust-safety-kernel-pretool-completion -> origin/feat/rust-safety-kernel-pretool-completion
2026-09-20T01:19:47.4960383Z  * [new branch]            feat/rust-safety-kernel-pretool-completion-v2 -> origin/feat/rust-safety-kernel-pretool-completion-v2
2026-09-20T01:19:47.4961211Z  * [new branch]            feat/rust-windows-resident-final -> origin/feat/rust-windows-resident-final
2026-09-20T01:19:47.4961971Z  * [new branch]            feat/scanner-assurance-rust-hardening -> origin/feat/scanner-assurance-rust-hardening
2026-09-20T01:19:47.4962834Z  * [new branch]            feat/scanner-assurance-rust-hardening-20260816 -> origin/feat/scanner-assurance-rust-hardening-20260816
2026-09-20T01:19:47.4963704Z  * [new branch]            feat/scanner-reliability-foundation-v1 -> origin/feat/scanner-reliability-foundation-v1
2026-09-20T01:19:47.4964483Z  * [new branch]            feat/scsr214-248-local-runtime-proof -> origin/feat/scsr214-248-local-runtime-proof
2026-09-20T01:19:47.4965304Z  * [new branch]            feat/search-messaging-command-extensions-v2 -> origin/feat/search-messaging-command-extensions-v2
2026-09-20T01:19:47.4966046Z  * [new branch]            feat/secrets-v2-contracts -> origin/feat/secrets-v2-contracts
2026-09-20T01:19:47.4966798Z  * [new branch]            feat/secrets-v2-contracts-v3 -> origin/feat/secrets-v2-contracts-v3
2026-09-20T01:19:47.4967843Z  * [new branch]            feat/secrets-v2-evidence-contracts-clean -> origin/feat/secrets-v2-evidence-contracts-clean
2026-09-20T01:19:47.4968749Z  * [new branch]            feat/secrets-v2-evidence-contracts-current-base -> origin/feat/secrets-v2-evidence-contracts-current-base
2026-09-20T01:19:47.4969639Z  * [new branch]            feat/secrets-v2-evidence-contracts-final -> origin/feat/secrets-v2-evidence-contracts-final
2026-09-20T01:19:47.4970493Z  * [new branch]            feat/secrets-v2-evidence-contracts-final-v4 -> origin/feat/secrets-v2-evidence-contracts-final-v4
2026-09-20T01:19:47.4971294Z  * [new branch]            feat/self-protection-contracts-v7 -> origin/feat/self-protection-contracts-v7
2026-09-20T01:19:47.4972032Z  * [new branch]            feat/self-protection-lease-delivery -> origin/feat/self-protection-lease-delivery
2026-09-20T01:19:47.4972770Z  * [new branch]            feat/server-side-source-ref-synth -> origin/feat/server-side-source-ref-synth
2026-09-20T01:19:47.4973417Z  * [new branch]            feat/sidebar-user-menu  -> origin/feat/sidebar-user-menu
2026-09-20T01:19:47.4974049Z  * [new branch]            feat/skill-evidence-capabilities -> origin/feat/skill-evidence-capabilities
2026-09-20T01:19:47.4974756Z  * [new branch]            feat/strands-vended-intervention -> origin/feat/strands-vended-intervention
2026-09-20T01:19:47.4975381Z  * [new branch]            feat/strict-config-tab  -> origin/feat/strict-config-tab
2026-09-20T01:19:47.4975959Z  * [new branch]            feat/subsecond-live-review -> origin/feat/subsecond-live-review
2026-09-20T01:19:47.4976539Z  * [new branch]            feat/test-eval-command  -> origin/feat/test-eval-command
2026-09-20T01:19:47.4977226Z  * [new branch]            feat/user-menu-sidebar-v3 -> origin/feat/user-menu-sidebar-v3
2026-09-20T01:19:47.4977951Z  * [new branch]            feat/w5-runsc-reference -> origin/feat/w5-runsc-reference
2026-09-20T01:19:47.4978542Z  * [new branch]            feat/zcode-harness-adapter -> origin/feat/zcode-harness-adapter
2026-09-20T01:19:47.4979203Z  * [new branch]            feat/zt-p08-device-claim-contract -> origin/feat/zt-p08-device-claim-contract
2026-09-20T01:19:47.4979932Z  * [new branch]            fix-policy-integrity-no-ui-signed -> origin/fix-policy-integrity-no-ui-signed
2026-09-20T01:19:47.4980672Z  * [new branch]            fix-remote-approval-envelope-scope -> origin/fix-remote-approval-envelope-scope
2026-09-20T01:19:47.4981388Z  * [new branch]            fix/3.2-command-review-followup -> origin/fix/3.2-command-review-followup
2026-09-20T01:19:47.4982088Z  * [new branch]            fix/3.2-command-review-followup-v2 -> origin/fix/3.2-command-review-followup-v2
2026-09-20T01:19:47.4982731Z  * [new branch]            fix/about-partners-link -> origin/fix/about-partners-link
2026-09-20T01:19:47.4983419Z  * [new branch]            fix/about-security-and-ui-post-update -> origin/fix/about-security-and-ui-post-update
2026-09-20T01:19:47.4984150Z  * [new branch]            fix/action-envelope-dict-type -> origin/fix/action-envelope-dict-type
2026-09-20T01:19:47.4984805Z  * [new branch]            fix/action-publish-pypi-wait -> origin/fix/action-publish-pypi-wait
2026-09-20T01:19:47.4985485Z  * [new branch]            fix/action-yaml-multiline-python -> origin/fix/action-yaml-multiline-python
2026-09-20T01:19:47.4986194Z  * [new branch]            fix/activate-oauth-cloud-app-url -> origin/fix/activate-oauth-cloud-app-url
2026-09-20T01:19:47.4986833Z  * [new branch]            fix/active-approval-url -> origin/fix/active-approval-url
2026-09-20T01:19:47.4987624Z  * [new branch]            fix/adaptive-shell-navigation -> origin/fix/adaptive-shell-navigation
2026-09-20T01:19:47.4988316Z  * [new branch]            fix/aeo-canonical-answers-20260828 -> origin/fix/aeo-canonical-answers-20260828
2026-09-20T01:19:47.4989019Z  * [new branch]            fix/aeo-license-scope-20260831 -> origin/fix/aeo-license-scope-20260831
2026-09-20T01:19:47.4989947Z  * [new branch]            fix/ai-plugin-scanner-step-summary-findings -> origin/fix/ai-plugin-scanner-step-summary-findings
2026-09-20T01:19:47.4990708Z  * [new branch]            fix/aibom-401-token-refresh -> origin/fix/aibom-401-token-refresh
2026-09-20T01:19:47.4991317Z  * [new branch]            fix/aibom-atomic-snapshots -> origin/fix/aibom-atomic-snapshots
2026-09-20T01:19:47.4991942Z  * [new branch]            fix/aibom-cisco-mcp-evidence -> origin/fix/aibom-cisco-mcp-evidence
2026-09-20T01:19:47.4992605Z  * [new branch]            fix/aibom-content-all-harnesses -> origin/fix/aibom-content-all-harnesses
2026-09-20T01:19:47.4993382Z  * [new branch]            fix/aibom-content-upload-snapshot-binding -> origin/fix/aibom-content-upload-snapshot-binding
2026-09-20T01:19:47.4994123Z  * [new branch]            fix/aibom-full-content-hash -> origin/fix/aibom-full-content-hash
2026-09-20T01:19:47.4994814Z  * [new branch]            fix/aibom-inventory-camelcase-sync -> origin/fix/aibom-inventory-camelcase-sync
2026-09-20T01:19:47.4995566Z  * [new branch]            fix/aibom-openclaw-skill-file-trust -> origin/fix/aibom-openclaw-skill-file-trust
2026-09-20T01:19:47.4996226Z  * [new branch]            fix/aibom-request-limit -> origin/fix/aibom-request-limit
2026-09-20T01:19:47.4996828Z  * [new branch]            fix/aibom-skill-contam-final -> origin/fix/aibom-skill-contam-final
2026-09-20T01:19:47.4997560Z  * [new branch]            fix/aibom-sync-batching -> origin/fix/aibom-sync-batching
2026-09-20T01:19:47.4998118Z  * [new branch]            fix/aibom-sync-hardening -> origin/fix/aibom-sync-hardening
2026-09-20T01:19:47.4998685Z  * [new branch]            fix/aibom-workspace-leak -> origin/fix/aibom-workspace-leak
2026-09-20T01:19:47.4999735Z  * [new branch]            fix/aibom-workspace-skill-cross-contamination -> origin/fix/aibom-workspace-skill-cross-contamination
2026-09-20T01:19:47.5001243Z  * [new branch]            fix/aibom-workspace-skill-v2 -> origin/fix/aibom-workspace-skill-v2
2026-09-20T01:19:47.5002240Z  * [new branch]            fix/alert-consolidation -> origin/fix/alert-consolidation
2026-09-20T01:19:47.5003164Z  * [new branch]            fix/alpha-update-pipx   -> origin/fix/alpha-update-pipx
2026-09-20T01:19:47.5004132Z  * [new branch]            fix/alpha-update-resolver -> origin/fix/alpha-update-resolver
2026-09-20T01:19:47.5005237Z  * [new branch]            fix/apache-2-license-detection -> origin/fix/apache-2-license-detection
2026-09-20T01:19:47.5006322Z  * [new branch]            fix/apache-2-license-release-3 -> origin/fix/apache-2-license-release-3
2026-09-20T01:19:47.5007645Z  * [new branch]            fix/appimage-omp-runtime-owner -> origin/fix/appimage-omp-runtime-owner
2026-09-20T01:19:47.5008723Z  * [new branch]            fix/approval-gate-mfa-ux -> origin/fix/approval-gate-mfa-ux
2026-09-20T01:19:47.5010046Z  * [new branch]            fix/approval-password-progressive -> origin/fix/approval-password-progressive
2026-09-20T01:19:47.5011363Z  * [new branch]            fix/attached-short-options -> origin/fix/attached-short-options
2026-09-20T01:19:47.5012591Z  * [new branch]            fix/audit-progressive-recovery -> origin/fix/audit-progressive-recovery
2026-09-20T01:19:47.5013740Z  * [new branch]            fix/audit-workbench-ux  -> origin/fix/audit-workbench-ux
2026-09-20T01:19:47.5014941Z  * [new branch]            fix/authenticated-approval-pause-url -> origin/fix/authenticated-approval-pause-url
2026-09-20T01:19:47.5016247Z  * [new branch]            fix/browser-scope-bypass -> origin/fix/browser-scope-bypass
2026-09-20T01:19:47.5017723Z  * [new branch]            fix/bun-lock-analysis-resilience -> origin/fix/bun-lock-analysis-resilience
2026-09-20T01:19:47.5018868Z  * [new branch]            fix/bunx-local-test-shim -> origin/fix/bunx-local-test-shim
2026-09-20T01:19:47.5020359Z  * [new branch]            fix/catalog-digest-enforcement-semantics-20260908 -> origin/fix/catalog-digest-enforcement-semantics-20260908
2026-09-20T01:19:47.5022364Z  * [new branch]            fix/catalog-manifest-same-digest-refresh -> origin/fix/catalog-manifest-same-digest-refresh
2026-09-20T01:19:47.5023650Z  * [new branch]            fix/ci-bundle-20260813  -> origin/fix/ci-bundle-20260813
2026-09-20T01:19:47.5024602Z  * [new branch]            fix/ci-cd-release-3-0   -> origin/fix/ci-cd-release-3-0
2026-09-20T01:19:47.5025686Z  * [new branch]            fix/ci-hook-peer-disconnect -> origin/fix/ci-hook-peer-disconnect
2026-09-20T01:19:47.5027025Z  * [new branch]            fix/claude-hook-bridge-loopback-proxy -> origin/fix/claude-hook-bridge-loopback-proxy
2026-09-20T01:19:47.5028757Z  * [new branch]            fix/claude-marketplace-strict-per-plugin -> origin/fix/claude-marketplace-strict-per-plugin
2026-09-20T01:19:47.5030278Z  * [new branch]            fix/claude-mcp-artifact-collision -> origin/fix/claude-mcp-artifact-collision
2026-09-20T01:19:47.5031738Z  * [new branch]            fix/claude-permission-request-visible -> origin/fix/claude-permission-request-visible
2026-09-20T01:19:47.5033097Z  * [new branch]            fix/cleanup-post-release-ci -> origin/fix/cleanup-post-release-ci
2026-09-20T01:19:47.5034220Z  * [new branch]            fix/cli-facade-late-import-isolation -> origin/fix/cli-facade-late-import-isolation
2026-09-20T01:19:47.5034964Z  * [new branch]            fix/cloud-connect-tls-recovery -> origin/fix/cloud-connect-tls-recovery
2026-09-20T01:19:47.5035592Z  * [new branch]            fix/cloud-optional-copy -> origin/fix/cloud-optional-copy
2026-09-20T01:19:47.5036214Z  * [new branch]            fix/cloud-request-snapshot-413 -> origin/fix/cloud-request-snapshot-413
2026-09-20T01:19:47.5036967Z  * [new branch]            fix/cloud-review-current-actionability -> origin/fix/cloud-review-current-actionability
2026-09-20T01:19:47.5037966Z  * [new branch]            fix/cloud-review-e2e-clean -> origin/fix/cloud-review-e2e-clean
2026-09-20T01:19:47.5038836Z  * [new branch]            fix/cloud-review-runtime-recovery -> origin/fix/cloud-review-runtime-recovery
2026-09-20T01:19:47.5039567Z  * [new branch]            fix/cloud-review-state-repair -> origin/fix/cloud-review-state-repair
2026-09-20T01:19:47.5040288Z  * [new branch]            fix/cloud-review-target-routing-id -> origin/fix/cloud-review-target-routing-id
2026-09-20T01:19:47.5040943Z  * [new branch]            fix/cloud-sync-auth     -> origin/fix/cloud-sync-auth
2026-09-20T01:19:47.5041508Z  * [new branch]            fix/codeql-required-check -> origin/fix/codeql-required-check
2026-09-20T01:19:47.5042151Z  * [new branch]            fix/codex-approval-browser-url -> origin/fix/codex-approval-browser-url
2026-09-20T01:19:47.5042794Z  * [new branch]            fix/codex-posttool-reason -> origin/fix/codex-posttool-reason
2026-09-20T01:19:47.5043508Z  * [new branch]            fix/codex-private-group-packaged-hooks -> origin/fix/codex-private-group-packaged-hooks
2026-09-20T01:19:47.5044296Z  * [new branch]            fix/codex-signed-approval-handoff -> origin/fix/codex-signed-approval-handoff
2026-09-20T01:19:47.5045014Z  * [new branch]            fix/command-coverage-followup -> origin/fix/command-coverage-followup
2026-09-20T01:19:47.5045751Z  * [new branch]            fix/command-display-and-skill-blocking -> origin/fix/command-display-and-skill-blocking
2026-09-20T01:19:47.5046551Z  * [new branch]            fix/command-visibility-secret-review -> origin/fix/command-visibility-secret-review
2026-09-20T01:19:47.5047529Z  * [new branch]            fix/complete-local-request-sync -> origin/fix/complete-local-request-sync
2026-09-20T01:19:47.5048214Z  * [new branch]            fix/connect-guard-cloud-oauth -> origin/fix/connect-guard-cloud-oauth
2026-09-20T01:19:47.5048808Z  * [new branch]            fix/connect-handoff     -> origin/fix/connect-handoff
2026-09-20T01:19:47.5049423Z  * [new branch]            fix/connect-progress-indicators -> origin/fix/connect-progress-indicators
2026-09-20T01:19:47.5050114Z  * [new branch]            fix/connect-rich-progress-bar -> origin/fix/connect-rich-progress-bar
2026-09-20T01:19:47.5050910Z  * [new branch]            fix/consolidate-pause-reason -> origin/fix/consolidate-pause-reason
2026-09-20T01:19:47.5051516Z  * [new branch]            fix/contracts-v2-rebase -> origin/fix/contracts-v2-rebase
2026-09-20T01:19:47.5052138Z  * [new branch]            fix/core-alpha-feed-apple-trust -> origin/fix/core-alpha-feed-apple-trust
2026-09-20T01:19:47.5052882Z  * [new branch]            fix/credential-platform-hardening-v3 -> origin/fix/credential-platform-hardening-v3
2026-09-20T01:19:47.5053685Z  * [new branch]            fix/cursor-aftershell-approval-forgery -> origin/fix/cursor-aftershell-approval-forgery
2026-09-20T01:19:47.5054434Z  * [new branch]            fix/cursor-hook-daemon-spoofing -> origin/fix/cursor-hook-daemon-spoofing
2026-09-20T01:19:47.5055136Z  * [new branch]            fix/cursor-hook-isolated-launcher -> origin/fix/cursor-hook-isolated-launcher
2026-09-20T01:19:47.5055829Z  * [new branch]            fix/cursor-native-inbox-accept -> origin/fix/cursor-native-inbox-accept
2026-09-20T01:19:47.5056530Z  * [new branch]            fix/cursor-shell-binding-fallback -> origin/fix/cursor-shell-binding-fallback
2026-09-20T01:19:47.5057452Z  * [new branch]            fix/cursor-shell-heuristics-overprompt -> origin/fix/cursor-shell-heuristics-overprompt
2026-09-20T01:19:47.5058230Z  * [new branch]            fix/daemon-aibom-home-refresh -> origin/fix/daemon-aibom-home-refresh
2026-09-20T01:19:47.5058896Z  * [new branch]            fix/daemon-auth-lifecycle-races -> origin/fix/daemon-auth-lifecycle-races
2026-09-20T01:19:47.5059583Z  * [new branch]            fix/daemon-auth-recovery-thrash -> origin/fix/daemon-auth-recovery-thrash
2026-09-20T01:19:47.5060269Z  * [new branch]            fix/daemon-background-scan-cpu -> origin/fix/daemon-background-scan-cpu
2026-09-20T01:19:47.5061005Z  * [new branch]            fix/daemon-cli-liveness -> origin/fix/daemon-cli-liveness
2026-09-20T01:19:47.5061839Z  * [new branch]            fix/daemon-csp-https-avatars -> origin/fix/daemon-csp-https-avatars
2026-09-20T01:19:47.5062462Z  * [new branch]            fix/daemon-edge-cases   -> origin/fix/daemon-edge-cases
2026-09-20T01:19:47.5063061Z  * [new branch]            fix/daemon-ipc-exposure-order -> origin/fix/daemon-ipc-exposure-order
2026-09-20T01:19:47.5063678Z  * [new branch]            fix/daemon-server-format -> origin/fix/daemon-server-format
2026-09-20T01:19:47.5064366Z  * [new branch]            fix/dashboard-approval-hook-responses -> origin/fix/dashboard-approval-hook-responses
2026-09-20T01:19:47.5065141Z  * [new branch]            fix/dashboard-compound-risk-dedupe -> origin/fix/dashboard-compound-risk-dedupe
2026-09-20T01:19:47.5065912Z  * [new branch]            fix/dashboard-connect-authorize-window -> origin/fix/dashboard-connect-authorize-window
2026-09-20T01:19:47.5066662Z  * [new branch]            fix/dashboard-responsive-layout -> origin/fix/dashboard-responsive-layout
2026-09-20T01:19:47.5067557Z  * [new branch]            fix/dashboard-settings-appview-build -> origin/fix/dashboard-settings-appview-build
2026-09-20T01:19:47.5068368Z  * [new branch]            fix/defer-extension-control-enforcement -> origin/fix/defer-extension-control-enforcement
2026-09-20T01:19:47.5069217Z  * [new branch]            fix/desktop-bootstrap-skip-cli-parser -> origin/fix/desktop-bootstrap-skip-cli-parser
2026-09-20T01:19:47.5070045Z  * [new branch]            fix/desktop-bootstrap-skip-harness-scan -> origin/fix/desktop-bootstrap-skip-harness-scan
2026-09-20T01:19:47.5070755Z  * [new branch]            fix/desktop-build-ci-cd -> origin/fix/desktop-build-ci-cd
2026-09-20T01:19:47.5071377Z  * [new branch]            fix/desktop-build-ci-cd-backup -> origin/fix/desktop-build-ci-cd-backup
2026-09-20T01:19:47.5072038Z  * [new branch]            fix/desktop-build-ci-cd-final -> origin/fix/desktop-build-ci-cd-final
2026-09-20T01:19:47.5072677Z  * [new branch]            fix/desktop-build-ci-cd-pr -> origin/fix/desktop-build-ci-cd-pr
2026-09-20T01:19:47.5073457Z  * [new branch]            fix/desktop-build-ci-cd-review -> origin/fix/desktop-build-ci-cd-review
2026-09-20T01:19:47.5074157Z  * [new branch]            fix/desktop-canonical-dashboard -> origin/fix/desktop-canonical-dashboard
2026-09-20T01:19:47.5074858Z  * [new branch]            fix/desktop-core-cert-extraction -> origin/fix/desktop-core-cert-extraction
2026-09-20T01:19:47.5075621Z  * [new branch]            fix/desktop-core-cli-notarization-check -> origin/fix/desktop-core-cli-notarization-check
2026-09-20T01:19:47.5076425Z  * [new branch]            fix/desktop-core-dashboard-cli-update -> origin/fix/desktop-core-dashboard-cli-update
2026-09-20T01:19:47.5077340Z  * [new branch]            fix/desktop-core-feed-apple-trust-3-0 -> origin/fix/desktop-core-feed-apple-trust-3-0
2026-09-20T01:19:47.5078207Z  * [new branch]            fix/desktop-core-feed-arm64-wheel -> origin/fix/desktop-core-feed-arm64-wheel
2026-09-20T01:19:47.5100435Z  * [new branch]            fix/desktop-core-feed-macos-bash3 -> origin/fix/desktop-core-feed-macos-bash3
2026-09-20T01:19:47.5101307Z  * [new branch]            fix/desktop-core-feed-signing-identity -> origin/fix/desktop-core-feed-signing-identity
2026-09-20T01:19:47.5102128Z  * [new branch]            fix/desktop-core-native-macho-headers -> origin/fix/desktop-core-native-macho-headers
2026-09-20T01:19:47.5102948Z  * [new branch]            fix/desktop-core-native-manifest-seal -> origin/fix/desktop-core-native-manifest-seal
2026-09-20T01:19:47.5103732Z  * [new branch]            fix/desktop-core-native-outer-sign -> origin/fix/desktop-core-native-outer-sign
2026-09-20T01:19:47.5104513Z  * [new branch]            fix/desktop-core-pyinstaller-signing -> origin/fix/desktop-core-pyinstaller-signing
2026-09-20T01:19:47.5105392Z  * [new branch]            fix/desktop-core-pyinstaller-signing-release-3 -> origin/fix/desktop-core-pyinstaller-signing-release-3
2026-09-20T01:19:47.5106408Z  * [new branch]            fix/desktop-daemon-lifecycle -> origin/fix/desktop-daemon-lifecycle
2026-09-20T01:19:47.5107310Z  * [new branch]            fix/desktop-managed-repair-limbo -> origin/fix/desktop-managed-repair-limbo
2026-09-20T01:19:47.5108066Z  * [new branch]            fix/desktop-managed-version-status -> origin/fix/desktop-managed-version-status
2026-09-20T01:19:47.5108860Z  * [new branch]            fix/desktop-repair-review-projection -> origin/fix/desktop-repair-review-projection
2026-09-20T01:19:47.5109618Z  * [new branch]            fix/desktop-shim-runtime-origin -> origin/fix/desktop-shim-runtime-origin
2026-09-20T01:19:47.5110314Z  * [new branch]            fix/detached-worktree-creation -> origin/fix/detached-worktree-creation
2026-09-20T01:19:47.5111046Z  * [new branch]            fix/deterministic-extension-authoring -> origin/fix/deterministic-extension-authoring
2026-09-20T01:19:47.5111833Z  * [new branch]            fix/devcontainer-ci-python-injection -> origin/fix/devcontainer-ci-python-injection
2026-09-20T01:19:47.5112579Z  * [new branch]            fix/device-code-install-output -> origin/fix/device-code-install-output
2026-09-20T01:19:47.5113317Z  * [new branch]            fix/docker-kubernetes-command-coverage -> origin/fix/docker-kubernetes-command-coverage
2026-09-20T01:19:47.5114040Z  * [new branch]            fix/docker-test-runtime-fixes -> origin/fix/docker-test-runtime-fixes
2026-09-20T01:19:47.5114637Z  * [new branch]            fix/doctor-codex-routing -> origin/fix/doctor-codex-routing
2026-09-20T01:19:47.5115272Z  * [new branch]            fix/dpop-replay-on-timeout-retry -> origin/fix/dpop-replay-on-timeout-retry
2026-09-20T01:19:47.5115948Z  * [new branch]            fix/dsh-native-ecosystem-2501 -> origin/fix/dsh-native-ecosystem-2501
2026-09-20T01:19:47.5116569Z  * [new branch]            fix/dsh-patch-only-bundles -> origin/fix/dsh-patch-only-bundles
2026-09-20T01:19:47.5117274Z  * [new branch]            fix/dsh-scanner-support -> origin/fix/dsh-scanner-support
2026-09-20T01:19:47.5117961Z  * [new branch]            fix/durable-approval-scope-visibility -> origin/fix/durable-approval-scope-visibility
2026-09-20T01:19:47.5118884Z  * [new branch]            fix/e2e-test-guard-preflight-fallback -> origin/fix/e2e-test-guard-preflight-fallback
2026-09-20T01:19:47.5119644Z  * [new branch]            fix/emergency-denylist-enforcement -> origin/fix/emergency-denylist-enforcement
2026-09-20T01:19:47.5120427Z  * [new branch]            fix/emit-foreign-shim-bypass-reason -> origin/fix/emit-foreign-shim-bypass-reason
2026-09-20T01:19:47.5121239Z  * [new branch]            fix/everyday-mode-live-release-3.2-20260908 -> origin/fix/everyday-mode-live-release-3.2-20260908
2026-09-20T01:19:47.5122074Z  * [new branch]            fix/everyday-mode-live-wiring-20260908 -> origin/fix/everyday-mode-live-wiring-20260908
2026-09-20T01:19:47.5122896Z  * [new branch]            fix/everyday-mode-release-3.2-completion -> origin/fix/everyday-mode-release-3.2-completion
2026-09-20T01:19:47.5123674Z  * [new branch]            fix/everyday-r32-runtime-20260907 -> origin/fix/everyday-r32-runtime-20260907
2026-09-20T01:19:47.5124367Z  * [new branch]            fix/evidence-decision-linking -> origin/fix/evidence-decision-linking
2026-09-20T01:19:47.5124977Z  * [new branch]            fix/evidence-screen-ux  -> origin/fix/evidence-screen-ux
2026-09-20T01:19:47.5125539Z  * [new branch]            fix/evidence-total-count -> origin/fix/evidence-total-count
2026-09-20T01:19:47.5126267Z  * [new branch]            fix/extension-control-authority-stability -> origin/fix/extension-control-authority-stability
2026-09-20T01:19:47.5127432Z  * [new branch]            fix/extension-publisher-claim-authority -> origin/fix/extension-publisher-claim-authority
2026-09-20T01:19:47.5128203Z  * [new branch]            fix/extensions-landing-copy -> origin/fix/extensions-landing-copy
2026-09-20T01:19:47.5128815Z  * [new branch]            fix/extensions-removechild -> origin/fix/extensions-removechild
2026-09-20T01:19:47.5129666Z  * [new branch]            fix/foreign-package-shim-path-bypass -> origin/fix/foreign-package-shim-path-bypass
2026-09-20T01:19:47.5130376Z  * [new branch]            fix/frozen-cli-hook-bridge -> origin/fix/frozen-cli-hook-bridge
2026-09-20T01:19:47.5131081Z  * [new branch]            fix/frozen-codex-health-acked-snapshot -> origin/fix/frozen-codex-health-acked-snapshot
2026-09-20T01:19:47.5131830Z  * [new branch]            fix/frozen-daemon-owner-parent -> origin/fix/frozen-daemon-owner-parent
2026-09-20T01:19:47.5132558Z  * [new branch]            fix/frozen-daemon-parent-path-spaces -> origin/fix/frozen-daemon-parent-path-spaces
2026-09-20T01:19:47.5133251Z  * [new branch]            fix/frozen-spawn-pid-match -> origin/fix/frozen-spawn-pid-match
2026-09-20T01:19:47.5133889Z  * [new branch]            fix/frozen-windows-daemon-gate -> origin/fix/frozen-windows-daemon-gate
2026-09-20T01:19:47.5134626Z  * [new branch]            fix/gh-pr-merge-delete-branch-false -> origin/fix/gh-pr-merge-delete-branch-false
2026-09-20T01:19:47.5135290Z  * [new branch]            fix/git-c-home-fetch    -> origin/fix/git-c-home-fetch
2026-09-20T01:19:47.5135936Z  * [new branch]            fix/global-package-install-context -> origin/fix/global-package-install-context
2026-09-20T01:19:47.5136705Z  * [new branch]            fix/global-package-install-context-v2 -> origin/fix/global-package-install-context-v2
2026-09-20T01:19:47.5137604Z  * [new branch]            fix/gpre-026-synced-graph-rules -> origin/fix/gpre-026-synced-graph-rules
2026-09-20T01:19:47.5138225Z  * [new branch]            fix/grep-operand-bypass -> origin/fix/grep-operand-bypass
2026-09-20T01:19:47.5138802Z  * [new branch]            fix/grok-compat-hook-crash -> origin/fix/grok-compat-hook-crash
2026-09-20T01:19:47.5139376Z  * [new branch]            fix/grok-hook-runtime   -> origin/fix/grok-hook-runtime
2026-09-20T01:19:47.5139958Z  * [new branch]            fix/grok-mcp-env-reapproval -> origin/fix/grok-mcp-env-reapproval
2026-09-20T01:19:47.5140627Z  * [new branch]            fix/grok-observe-empty-failsafe -> origin/fix/grok-observe-empty-failsafe
2026-09-20T01:19:47.5141442Z  * [new branch]            fix/grok-prompt-native-success -> origin/fix/grok-prompt-native-success
2026-09-20T01:19:47.5142077Z  * [new branch]            fix/grok-prompt-submission -> origin/fix/grok-prompt-submission
2026-09-20T01:19:47.5142699Z  * [new branch]            fix/guard-app-update-command -> origin/fix/guard-app-update-command
2026-09-20T01:19:47.5143392Z  * [new branch]            fix/guard-connect-state-normalize -> origin/fix/guard-connect-state-normalize
2026-09-20T01:19:47.5144057Z  * [new branch]            fix/guard-daemon-reuse-auth -> origin/fix/guard-daemon-reuse-auth
2026-09-20T01:19:47.5144722Z  * [new branch]            fix/guard-daemon-shim-test-audit -> origin/fix/guard-daemon-shim-test-audit
2026-09-20T01:19:47.5145443Z  * [new branch]            fix/guard-evidence-schema-migration -> origin/fix/guard-evidence-schema-migration
2026-09-20T01:19:47.5146153Z  * [new branch]            fix/guard-insights-share-auth -> origin/fix/guard-insights-share-auth
2026-09-20T01:19:47.5146808Z  * [new branch]            fix/guard-insights-share-p0 -> origin/fix/guard-insights-share-p0
2026-09-20T01:19:47.5147602Z  * [new branch]            fix/guard-keychain-popup-probes -> origin/fix/guard-keychain-popup-probes
2026-09-20T01:19:47.5148392Z  * [new branch]            fix/guard-live-cloud-state-and-supply-data -> origin/fix/guard-live-cloud-state-and-supply-data
2026-09-20T01:19:47.5149138Z  * [new branch]            fix/guard-live-supply-chain -> origin/fix/guard-live-supply-chain
2026-09-20T01:19:47.5149841Z  * [new branch]            fix/guard-local-protection-hotfixes -> origin/fix/guard-local-protection-hotfixes
2026-09-20T01:19:47.5150611Z  * [new branch]            fix/guard-managed-installs-validation -> origin/fix/guard-managed-installs-validation
2026-09-20T01:19:47.5151358Z  * [new branch]            fix/guard-mcp-policy-authoring -> origin/fix/guard-mcp-policy-authoring
2026-09-20T01:19:47.5152190Z  * [new branch]            fix/guard-missing-keyring-dep -> origin/fix/guard-missing-keyring-dep
2026-09-20T01:19:47.5152941Z  * [new branch]            fix/guard-oauth-disconnect-self-revoke -> origin/fix/guard-oauth-disconnect-self-revoke
2026-09-20T01:19:47.5153690Z  * [new branch]            fix/guard-oauth-fallback-store -> origin/fix/guard-oauth-fallback-store
2026-09-20T01:19:47.5154359Z  * [new branch]            fix/guard-oauth-keychain-quiet -> origin/fix/guard-oauth-keychain-quiet
2026-09-20T01:19:47.5155019Z  * [new branch]            fix/guard-oauth-keychain-spam -> origin/fix/guard-oauth-keychain-spam
2026-09-20T01:19:47.5155717Z  * [new branch]            fix/guard-oauth-storage-auto-repair -> origin/fix/guard-oauth-storage-auto-repair
2026-09-20T01:19:47.5156422Z  * [new branch]            fix/guard-oauth-storage-repair -> origin/fix/guard-oauth-storage-repair
2026-09-20T01:19:47.5157277Z  * [new branch]            fix/guard-pip-dependency-conflict -> origin/fix/guard-pip-dependency-conflict
2026-09-20T01:19:47.5158069Z  * [new branch]            fix/guard-raw-command-text-in-approval -> origin/fix/guard-raw-command-text-in-approval
2026-09-20T01:19:47.5158887Z  * [new branch]            fix/guard-review-command-queue-recovery -> origin/fix/guard-review-command-queue-recovery
2026-09-20T01:19:47.5159641Z  * [new branch]            fix/guard-settings-write-proof -> origin/fix/guard-settings-write-proof
2026-09-20T01:19:47.5160266Z  * [new branch]            fix/guard-sync-data-loss -> origin/fix/guard-sync-data-loss
2026-09-20T01:19:47.5160850Z  * [new branch]            fix/guard-sync-rate-limit -> origin/fix/guard-sync-rate-limit
2026-09-20T01:19:47.5161532Z  * [new branch]            fix/guard-sync-workspace-plan-client -> origin/fix/guard-sync-workspace-plan-client
2026-09-20T01:19:47.5162295Z  * [new branch]            fix/guard-transparent-wrapper-trust -> origin/fix/guard-transparent-wrapper-trust
2026-09-20T01:19:47.5163028Z  * [new branch]            fix/guard-update-button-persist -> origin/fix/guard-update-button-persist
2026-09-20T01:19:47.5163860Z  * [new branch]            fix/guard-wrapper-trust-default -> origin/fix/guard-wrapper-trust-default
2026-09-20T01:19:47.5164564Z  * [new branch]            fix/guard-wrapper-trust-followup -> origin/fix/guard-wrapper-trust-followup
2026-09-20T01:19:47.5165292Z  * [new branch]            fix/hardcoded-secret-interpolations -> origin/fix/hardcoded-secret-interpolations
2026-09-20T01:19:47.5166049Z  * [new branch]            fix/hermes-host-home-autodiscovery -> origin/fix/hermes-host-home-autodiscovery
2026-09-20T01:19:47.5166748Z  * [new branch]            fix/hermes-host-home-detection -> origin/fix/hermes-host-home-detection
2026-09-20T01:19:47.5167780Z  * [new branch]            fix/hermes-large-snapshot-chunking -> origin/fix/hermes-large-snapshot-chunking
2026-09-20T01:19:47.5168517Z  * [new branch]            fix/hermes-primary-cloud-content -> origin/fix/hermes-primary-cloud-content
2026-09-20T01:19:47.5169194Z  * [new branch]            fix/hermes-saved-policy-2675 -> origin/fix/hermes-saved-policy-2675
2026-09-20T01:19:47.5169893Z  * [new branch]            fix/home-guard-stats-card-polish -> origin/fix/home-guard-stats-card-polish
2026-09-20T01:19:47.5170544Z  * [new branch]            fix/home-stats-card-rollup -> origin/fix/home-stats-card-rollup
2026-09-20T01:19:47.5171160Z  * [new branch]            fix/home-stats-unified-card -> origin/fix/home-stats-unified-card
2026-09-20T01:19:47.5171799Z  * [new branch]            fix/hook-stability-and-repair -> origin/fix/hook-stability-and-repair
2026-09-20T01:19:47.5172492Z  * [new branch]            fix/hotfix-execution-context-hash -> origin/fix/hotfix-execution-context-hash
2026-09-20T01:19:47.5173202Z  * [new branch]            fix/incident-enrollment-guidance -> origin/fix/incident-enrollment-guidance
2026-09-20T01:19:47.5173907Z  * [new branch]            fix/init-no-root-token-bootstrap -> origin/fix/init-no-root-token-bootstrap
2026-09-20T01:19:47.5174735Z  * [new branch]            fix/insights-bento-trust -> origin/fix/insights-bento-trust
2026-09-20T01:19:47.5175327Z  * [new branch]            fix/install-lock-retry  -> origin/fix/install-lock-retry
2026-09-20T01:19:47.5175916Z  * [new branch]            fix/linux-enrollment-update -> origin/fix/linux-enrollment-update
2026-09-20T01:19:47.5176556Z  * [new branch]            fix/linux-pipx-update-pep668 -> origin/fix/linux-pipx-update-pep668
2026-09-20T01:19:47.5177415Z  * [new branch]            fix/live-request-command-details -> origin/fix/live-request-command-details
2026-09-20T01:19:47.5178058Z  * [new branch]            fix/live-request-sync   -> origin/fix/live-request-sync
2026-09-20T01:19:47.5178647Z  * [new branch]            fix/live-review-auth-context -> origin/fix/live-review-auth-context
2026-09-20T01:19:47.5179294Z  * [new branch]            fix/live-reviews-never-expire -> origin/fix/live-reviews-never-expire
2026-09-20T01:19:47.5179909Z  * [new branch]            fix/live-sync-endpoint  -> origin/fix/live-sync-endpoint
2026-09-20T01:19:47.5180509Z  * [new branch]            fix/live-sync-payload-limits -> origin/fix/live-sync-payload-limits
2026-09-20T01:19:47.5181135Z  * [new branch]            fix/live-sync-waf-envelope -> origin/fix/live-sync-waf-envelope
2026-09-20T01:19:47.5181822Z  * [new branch]            fix/local-approval-warning-copy-pr -> origin/fix/local-approval-warning-copy-pr
2026-09-20T01:19:47.5182478Z  * [new branch]            fix/local-trust-contract -> origin/fix/local-trust-contract
2026-09-20T01:19:47.5183069Z  * [new branch]            fix/local-wheel-update-flow -> origin/fix/local-wheel-update-flow
2026-09-20T01:19:47.5183687Z  * [new branch]            fix/low-risk-read-approvals -> origin/fix/low-risk-read-approvals
2026-09-20T01:19:47.5184281Z  * [new branch]            fix/macos-connect-open  -> origin/fix/macos-connect-open
2026-09-20T01:19:47.5184962Z  * [new branch]            fix/macos-frozen-daemon-reexec-current -> origin/fix/macos-frozen-daemon-reexec-current
2026-09-20T01:19:47.5185738Z  * [new branch]            fix/macos-frozen-daemon-reexec-v2 -> origin/fix/macos-frozen-daemon-reexec-v2
2026-09-20T01:19:47.5186589Z  * [new branch]            fix/macos-frozen-daemon-signing -> origin/fix/macos-frozen-daemon-signing
2026-09-20T01:19:47.5187488Z  * [new branch]            fix/main-background-keychain-isolation -> origin/fix/main-background-keychain-isolation
2026-09-20T01:19:47.5188228Z  * [new branch]            fix/main-cloud-sync-recovery -> origin/fix/main-cloud-sync-recovery
2026-09-20T01:19:47.5188958Z  * [new branch]            fix/main-cursor-control-plane-recovery -> origin/fix/main-cursor-control-plane-recovery
2026-09-20T01:19:47.5189716Z  * [new branch]            fix/main-daemon-hook-resilience -> origin/fix/main-daemon-hook-resilience
2026-09-20T01:19:47.5190438Z  * [new branch]            fix/main-daemon-resilience-finalize -> origin/fix/main-daemon-resilience-finalize
2026-09-20T01:19:47.5191199Z  * [new branch]            fix/main-daemon-resilience-followup -> origin/fix/main-daemon-resilience-followup
2026-09-20T01:19:47.5191884Z  * [new branch]            fix/main-daemon-trust-cache -> origin/fix/main-daemon-trust-cache
2026-09-20T01:19:47.5192586Z  * [new branch]            fix/main-frozen-hook-bridge-hardening -> origin/fix/main-frozen-hook-bridge-hardening
2026-09-20T01:19:47.5193338Z  * [new branch]            fix/main-keychain-daemon-liveness -> origin/fix/main-keychain-daemon-liveness
2026-09-20T01:19:47.5194089Z  * [new branch]            fix/main-native-extension-enforcement -> origin/fix/main-native-extension-enforcement
2026-09-20T01:19:47.5194764Z  * [new branch]            fix/main-native-release -> origin/fix/main-native-release
2026-09-20T01:19:47.5195378Z  * [new branch]            fix/main-omp-install-lifecycle -> origin/fix/main-omp-install-lifecycle
2026-09-20T01:19:47.5196074Z  * [new branch]            fix/main-pr-body-shell-validation -> origin/fix/main-pr-body-shell-validation
2026-09-20T01:19:47.5196851Z  * [new branch]            fix/main-pr-create-routine -> origin/fix/main-pr-create-routine
2026-09-20T01:19:47.5197759Z  * [new branch]            fix/main-protection-repair-connected-app -> origin/fix/main-protection-repair-connected-app
2026-09-20T01:19:47.5198529Z  * [new branch]            fix/main-restore-hook-fast-path -> origin/fix/main-restore-hook-fast-path
2026-09-20T01:19:47.5199146Z  * [new branch]            fix/main-stable-release -> origin/fix/main-stable-release
2026-09-20T01:19:47.5199770Z  * [new branch]            fix/main-stale-daemon-hardening -> origin/fix/main-stale-daemon-hardening
2026-09-20T01:19:47.5200523Z  * [new branch]            fix/managed-controls-catalog-projection -> origin/fix/managed-controls-catalog-projection
2026-09-20T01:19:47.5201324Z  * [new branch]            fix/managed-service-help-redirection -> origin/fix/managed-service-help-redirection
2026-09-20T01:19:47.5202070Z  * [new branch]            fix/manual-desktop-core-feed-wake -> origin/fix/manual-desktop-core-feed-wake
2026-09-20T01:19:47.5202820Z  * [new branch]            fix/manual-release-3-1-reconcile-wake -> origin/fix/manual-release-3-1-reconcile-wake
2026-09-20T01:19:47.5203488Z  * [new branch]            fix/mark-unread-squish  -> origin/fix/mark-unread-squish
2026-09-20T01:19:47.5204089Z  * [new branch]            fix/mcp-exact-action-approval -> origin/fix/mcp-exact-action-approval
2026-09-20T01:19:47.5204782Z  * [new branch]            fix/mcp-fastmcp-annotation-scope -> origin/fix/mcp-fastmcp-annotation-scope
2026-09-20T01:19:47.5205419Z  * [new branch]            fix/mcp-receipt-search  -> origin/fix/mcp-receipt-search
2026-09-20T01:19:47.5206064Z  * [new branch]            fix/mcp-standalone-launch-command -> origin/fix/mcp-standalone-launch-command
2026-09-20T01:19:47.5206815Z  * [new branch]            fix/mcp-standalone-launch-command-v2 -> origin/fix/mcp-standalone-launch-command-v2
2026-09-20T01:19:47.5207832Z  * [new branch]            fix/mcp-tool-call-command-text -> origin/fix/mcp-tool-call-command-text
2026-09-20T01:19:47.5208459Z  * [new branch]            fix/mcp-tool-listing    -> origin/fix/mcp-tool-listing
2026-09-20T01:19:47.5209185Z  * [new branch]            fix/mdm-cloud-lab-nonroot -> origin/fix/mdm-cloud-lab-nonroot
2026-09-20T01:19:47.5209787Z  * [new branch]            fix/mdm-pinned-powershell -> origin/fix/mdm-pinned-powershell
2026-09-20T01:19:47.5210467Z  * [new branch]            fix/mdm-r005-enterprise-networking -> origin/fix/mdm-r005-enterprise-networking
2026-09-20T01:19:47.5211199Z  * [new branch]            fix/memory-event-receipt-lineage -> origin/fix/memory-event-receipt-lineage
2026-09-20T01:19:47.5211936Z  * [new branch]            fix/memory-machine-installation-id -> origin/fix/memory-machine-installation-id
2026-09-20T01:19:47.5212633Z  * [new branch]            fix/merge-approval-replay-ux -> origin/fix/merge-approval-replay-ux
2026-09-20T01:19:47.5213360Z  * [new branch]            fix/native-approval-caller-validation -> origin/fix/native-approval-caller-validation
2026-09-20T01:19:47.5214148Z  * [new branch]            fix/native-approval-envelope-binding -> origin/fix/native-approval-envelope-binding
2026-09-20T01:19:47.5214899Z  * [new branch]            fix/native-client-invalid-input -> origin/fix/native-client-invalid-input
2026-09-20T01:19:47.5215651Z  * [new branch]            fix/native-command-expression-consumer -> origin/fix/native-command-expression-consumer
2026-09-20T01:19:47.5216559Z  * [new branch]            fix/native-command-expression-resident-validation -> origin/fix/native-command-expression-resident-validation
2026-09-20T01:19:47.5217606Z  * [new branch]            fix/native-command-expression-source -> origin/fix/native-command-expression-source
2026-09-20T01:19:47.5218392Z  * [new branch]            fix/native-expression-sync-admission -> origin/fix/native-expression-sync-admission
2026-09-20T01:19:47.5219261Z  * [new branch]            fix/native-expression-sync-resident-validation -> origin/fix/native-expression-sync-resident-validation
2026-09-20T01:19:47.5220284Z  * [new branch]            fix/native-managed-command-consumer -> origin/fix/native-managed-command-consumer
2026-09-20T01:19:47.5221108Z  * [new branch]            fix/native-managed-resident-validation -> origin/fix/native-managed-resident-validation
2026-09-20T01:19:47.5221912Z  * [new branch]            fix/native-managed-source-validation -> origin/fix/native-managed-source-validation
2026-09-20T01:19:47.5222707Z  * [new branch]            fix/native-policy-control-plane-union -> origin/fix/native-policy-control-plane-union
2026-09-20T01:19:47.5223513Z  * [new branch]            fix/native-policy-generation-monotonic -> origin/fix/native-policy-generation-monotonic
2026-09-20T01:19:47.5224256Z  * [new branch]            fix/native-policy-source-union -> origin/fix/native-policy-source-union
2026-09-20T01:19:47.5225012Z  * [new branch]            fix/native-review-approval-coordination -> origin/fix/native-review-approval-coordination
2026-09-20T01:19:47.5225822Z  * [new branch]            fix/native-runtime-process-lifecycle -> origin/fix/native-runtime-process-lifecycle
2026-09-20T01:19:47.5226621Z  * [new branch]            fix/native-sensitive-origin-validation -> origin/fix/native-sensitive-origin-validation
2026-09-20T01:19:47.5227545Z  * [new branch]            fix/native-sensitive-read-identity -> origin/fix/native-sensitive-read-identity
2026-09-20T01:19:47.5228271Z  * [new branch]            fix/native-slo-rss-load-baseline -> origin/fix/native-slo-rss-load-baseline
2026-09-20T01:19:47.5228916Z  * [new branch]            fix/native-wheel-ci-flakes -> origin/fix/native-wheel-ci-flakes
2026-09-20T01:19:47.5229688Z  * [new branch]            fix/network-isolation-dockerlabs-rem-121-139 -> origin/fix/network-isolation-dockerlabs-rem-121-139
2026-09-20T01:19:47.5230593Z  * [new branch]            fix/network-isolation-remediation-rem121-139 -> origin/fix/network-isolation-remediation-rem121-139
2026-09-20T01:19:47.5231414Z  * [new branch]            fix/npx-memory-impact-explanation -> origin/fix/npx-memory-impact-explanation
2026-09-20T01:19:47.5232279Z  * [new branch]            fix/npx-package-typescript-bypass -> origin/fix/npx-package-typescript-bypass
2026-09-20T01:19:47.5233003Z  * [new branch]            fix/oauth-connect-metadata-repair -> origin/fix/oauth-connect-metadata-repair
2026-09-20T01:19:47.5233791Z  * [new branch]            fix/observe-lifecycle-native-unavailable -> origin/fix/observe-lifecycle-native-unavailable
2026-09-20T01:19:47.5234707Z  * [new branch]            fix/observe-sourced-scripts-in-compound-commands -> origin/fix/observe-sourced-scripts-in-compound-commands
2026-09-20T01:19:47.5235581Z  * [new branch]            fix/omp-approval-dashboard-recovery -> origin/fix/omp-approval-dashboard-recovery
2026-09-20T01:19:47.5236304Z  * [new branch]            fix/omp-native-hook-decision -> origin/fix/omp-native-hook-decision
2026-09-20T01:19:47.5237012Z  * [new branch]            fix/omp-posttool-deadline-fallback -> origin/fix/omp-posttool-deadline-fallback
2026-09-20T01:19:47.5237896Z  * [new branch]            fix/opencode-stale-pretool-python -> origin/fix/opencode-stale-pretool-python
2026-09-20T01:19:47.5238608Z  * [new branch]            fix/overlay-synced-graph-rules -> origin/fix/overlay-synced-graph-rules
2026-09-20T01:19:47.5239277Z  * [new branch]            fix/p0-command-bypass-coverage -> origin/fix/p0-command-bypass-coverage
2026-09-20T01:19:47.5239955Z  * [new branch]            fix/p0-command-bypass-followup -> origin/fix/p0-command-bypass-followup
2026-09-20T01:19:47.5240615Z  * [new branch]            fix/p0-global-option-followup -> origin/fix/p0-global-option-followup
2026-09-20T01:19:47.5241269Z  * [new branch]            fix/p0-global-option-parsing -> origin/fix/p0-global-option-parsing
2026-09-20T01:19:47.5241904Z  * [new branch]            fix/p0-safe-variant-followup -> origin/fix/p0-safe-variant-followup
2026-09-20T01:19:47.5242543Z  * [new branch]            fix/p0-safe-variant-semantics -> origin/fix/p0-safe-variant-semantics
2026-09-20T01:19:47.5243411Z  * [new branch]            fix/package-artifact-approval-stability -> origin/fix/package-artifact-approval-stability
2026-09-20T01:19:47.5244210Z  * [new branch]            fix/package-exact-approval-reuse -> origin/fix/package-exact-approval-reuse
2026-09-20T01:19:47.5244966Z  * [new branch]            fix/package-firewall-connect-endpoint -> origin/fix/package-firewall-connect-endpoint
2026-09-20T01:19:47.5245668Z  * [new branch]            fix/package-harness-origin -> origin/fix/package-harness-origin
2026-09-20T01:19:47.5246355Z  * [new branch]            fix/package-policy-stale-row-allow -> origin/fix/package-policy-stale-row-allow
2026-09-20T01:19:47.5247343Z  * [new branch]            fix/package-shim-store-lock-main -> origin/fix/package-shim-store-lock-main
2026-09-20T01:19:47.5248057Z  * [new branch]            fix/paseo-adapter-main  -> origin/fix/paseo-adapter-main
2026-09-20T01:19:47.5248732Z  * [new branch]            fix/payload-hash-prefix-tolerance -> origin/fix/payload-hash-prefix-tolerance
2026-09-20T01:19:47.5249454Z  * [new branch]            fix/persist-approval-contract -> origin/fix/persist-approval-contract
2026-09-20T01:19:47.5250075Z  * [new branch]            fix/pi-hook-deadline    -> origin/fix/pi-hook-deadline
2026-09-20T01:19:47.5250628Z  * [new branch]            fix/pi-posttool-timeout -> origin/fix/pi-posttool-timeout
2026-09-20T01:19:47.5251244Z  * [new branch]            fix/pipx-alpha-update-hotfix -> origin/fix/pipx-alpha-update-hotfix
2026-09-20T01:19:47.5252022Z  * [new branch]            fix/plugin-scanner-inline-markdown-summary -> origin/fix/plugin-scanner-inline-markdown-summary
2026-09-20T01:19:47.5252902Z  * [new branch]            fix/policy-bundle-receipt-redaction-level -> origin/fix/policy-bundle-receipt-redaction-level
2026-09-20T01:19:47.5253719Z  * [new branch]            fix/policy-bundle-runtime-snapshot -> origin/fix/policy-bundle-runtime-snapshot
2026-09-20T01:19:47.5254498Z  * [new branch]            fix/policy-bundle-sync-key-persistence -> origin/fix/policy-bundle-sync-key-persistence
2026-09-20T01:19:47.5255469Z  * [new branch]            fix/policy-bundle-trusted-signing-keys -> origin/fix/policy-bundle-trusted-signing-keys
2026-09-20T01:19:47.5256271Z  * [new branch]            fix/policy-cloud-exception-request-cta -> origin/fix/policy-cloud-exception-request-cta
2026-09-20T01:19:47.5257001Z  * [new branch]            fix/policy-human-readable-ux -> origin/fix/policy-human-readable-ux
2026-09-20T01:19:47.5257864Z  * [new branch]            fix/policy-integrity-never-prompt -> origin/fix/policy-integrity-never-prompt
2026-09-20T01:19:47.5258533Z  * [new branch]            fix/policy-integrity-no-ui -> origin/fix/policy-integrity-no-ui
2026-09-20T01:19:47.5259217Z  * [new branch]            fix/policy-integrity-no-ui-signed -> origin/fix/policy-integrity-no-ui-signed
2026-09-20T01:19:47.5259884Z  * [new branch]            fix/policy-mockup-alignment -> origin/fix/policy-mockup-alignment
2026-09-20T01:19:47.5260580Z  * [new branch]            fix/policy-mockup-visual-alignment -> origin/fix/policy-mockup-visual-alignment
2026-09-20T01:19:47.5261324Z  * [new branch]            fix/policy-remembered-rules-polish -> origin/fix/policy-remembered-rules-polish
2026-09-20T01:19:47.5262035Z  * [new branch]            fix/policy-remembered-rules-ux -> origin/fix/policy-remembered-rules-ux
2026-09-20T01:19:47.5262688Z  * [new branch]            fix/policy-summary-cards-v2 -> origin/fix/policy-summary-cards-v2
2026-09-20T01:19:47.5263323Z  * [new branch]            fix/policy-v3-review-findings -> origin/fix/policy-v3-review-findings
2026-09-20T01:19:47.5263983Z  * [new branch]            fix/policy-yaml-cli-completion -> origin/fix/policy-yaml-cli-completion
2026-09-20T01:19:47.5264620Z  * [new branch]            fix/pop-os-connect-sync-dx -> origin/fix/pop-os-connect-sync-dx
2026-09-20T01:19:47.5265242Z  * [new branch]            fix/popos-oauth-activation -> origin/fix/popos-oauth-activation
2026-09-20T01:19:47.5266047Z  * [new branch]            fix/port-release-30-commits-to-main -> origin/fix/port-release-30-commits-to-main
2026-09-20T01:19:47.5266864Z  * [new branch]            fix/pr-2629-post-merge-review-remediation -> origin/fix/pr-2629-post-merge-review-remediation
2026-09-20T01:19:47.5267699Z  * [new branch]            fix/pr-body-file-safe-dx -> origin/fix/pr-body-file-safe-dx
2026-09-20T01:19:47.5268284Z  * [new branch]            fix/pr2110-review-followup -> origin/fix/pr2110-review-followup
2026-09-20T01:19:47.5268932Z  * [new branch]            fix/pr2798-native-probe-cleanup -> origin/fix/pr2798-native-probe-cleanup
2026-09-20T01:19:47.5269652Z  * [new branch]            fix/preserve-desktop-hook-ownership -> origin/fix/preserve-desktop-hook-ownership
2026-09-20T01:19:47.5270365Z  * [new branch]            fix/progress-bar-step-advance -> origin/fix/progress-bar-step-advance
2026-09-20T01:19:47.5271028Z  * [new branch]            fix/progress-bar-stuck-at-zero -> origin/fix/progress-bar-stuck-at-zero
2026-09-20T01:19:47.5271759Z  * [new branch]            fix/promotion-ci-cleartext-benchmark -> origin/fix/promotion-ci-cleartext-benchmark
2026-09-20T01:19:47.5272528Z  * [new branch]            fix/prompt-truncation-persistence -> origin/fix/prompt-truncation-persistence
2026-09-20T01:19:47.5273235Z  * [new branch]            fix/protect-cloud-connect-oauth -> origin/fix/protect-cloud-connect-oauth
2026-09-20T01:19:47.5273967Z  * [new branch]            fix/protect-cloud-connect-oauth-main -> origin/fix/protect-cloud-connect-oauth-main
2026-09-20T01:19:47.5274792Z  * [new branch]            fix/protect-cloud-connect-oauth-main-final -> origin/fix/protect-cloud-connect-oauth-main-final
2026-09-20T01:19:47.5275732Z  * [new branch]            fix/protect-cloud-connect-oauth-release-followup -> origin/fix/protect-cloud-connect-oauth-release-followup
2026-09-20T01:19:47.5276697Z  * [new branch]            fix/protect-cloud-connect-url-policy-release -> origin/fix/protect-cloud-connect-url-policy-release
2026-09-20T01:19:47.5277583Z  * [new branch]            fix/protect-inline-repair -> origin/fix/protect-inline-repair
2026-09-20T01:19:47.5278460Z  * [new branch]            fix/protection-repair-after-catalog-update -> origin/fix/protection-repair-after-catalog-update
2026-09-20T01:19:47.5279356Z  * [new branch]            fix/protection-repair-dashboard-regressions -> origin/fix/protection-repair-dashboard-regressions
2026-09-20T01:19:47.5280271Z  * [new branch]            fix/protection-repair-requires-connected-app -> origin/fix/protection-repair-requires-connected-app
2026-09-20T01:19:47.5281110Z  * [new branch]            fix/publish-release-push-isolation -> origin/fix/publish-release-push-isolation
2026-09-20T01:19:47.5281884Z  * [new branch]            fix/publish-workflow-dispatch-version -> origin/fix/publish-workflow-dispatch-version
2026-09-20T01:19:47.5282723Z  * [new branch]            fix/pyinstaller-framework-runtime-verifier -> origin/fix/pyinstaller-framework-runtime-verifier
2026-09-20T01:19:47.5283683Z  * [new branch]            fix/pyinstaller-framework-runtime-verifier-release -> origin/fix/pyinstaller-framework-runtime-verifier-release
2026-09-20T01:19:47.5284503Z  * [new branch]            fix/pypi-alpha-pure-upload -> origin/fix/pypi-alpha-pure-upload
2026-09-20T01:19:47.5285146Z  * [new branch]            fix/pypi-publish-verify-retry -> origin/fix/pypi-publish-verify-retry
2026-09-20T01:19:47.5285760Z  * [new branch]            fix/pypi-registry-retry -> origin/fix/pypi-registry-retry
2026-09-20T01:19:47.5286356Z  * [new branch]            fix/pypi-verification-retry -> origin/fix/pypi-verification-retry
2026-09-20T01:19:47.5286959Z  * [new branch]            fix/pypi-version-parity -> origin/fix/pypi-version-parity
2026-09-20T01:19:47.5287812Z  * [new branch]            fix/queue-row-ux        -> origin/fix/queue-row-ux
2026-09-20T01:19:47.5288352Z  * [new branch]            fix/queue-tooltips      -> origin/fix/queue-tooltips
2026-09-20T01:19:47.5289113Z  * [new branch]            fix/quote-aware-command-redirects -> origin/fix/quote-aware-command-redirects
2026-09-20T01:19:47.5289954Z  * [new branch]            fix/raw-command-text-action-envelope-fallback -> origin/fix/raw-command-text-action-envelope-fallback
2026-09-20T01:19:47.5290794Z  * [new branch]            fix/raw-command-text-artifact-null -> origin/fix/raw-command-text-artifact-null
2026-09-20T01:19:47.5291558Z  * [new branch]            fix/raw-command-text-metadata-fallback -> origin/fix/raw-command-text-metadata-fallback
2026-09-20T01:19:47.5292220Z  * [new branch]            fix/read-state-ux       -> origin/fix/read-state-ux
2026-09-20T01:19:47.5292876Z  * [new branch]            fix/rebuild-dashboard-cloud-user-menu -> origin/fix/rebuild-dashboard-cloud-user-menu
2026-09-20T01:19:47.5293676Z  * [new branch]            fix/reconcile-release-3-1-pypi-alphas -> origin/fix/reconcile-release-3-1-pypi-alphas
2026-09-20T01:19:47.5294415Z  * [new branch]            fix/refresh-cloud-user-profile -> origin/fix/refresh-cloud-user-profile
2026-09-20T01:19:47.5295094Z  * [new branch]            fix/refresh-decision-artifacts -> origin/fix/refresh-decision-artifacts
2026-09-20T01:19:47.5295824Z  * [new branch]            fix/release-21-cloud-sync-entitlement -> origin/fix/release-21-cloud-sync-entitlement
2026-09-20T01:19:47.5296597Z  * [new branch]            fix/release-21-command-category-icons -> origin/fix/release-21-command-category-icons
2026-09-20T01:19:47.5297522Z  * [new branch]            fix/release-21-compound-readonly-dx -> origin/fix/release-21-compound-readonly-dx
2026-09-20T01:19:47.5298280Z  * [new branch]            fix/release-21-guard-removal-floor -> origin/fix/release-21-guard-removal-floor
2026-09-20T01:19:47.5299007Z  * [new branch]            fix/release-21-oauth-refresh-race -> origin/fix/release-21-oauth-refresh-race
2026-09-20T01:19:47.5299751Z  * [new branch]            fix/release-21-policy-floor-integrity -> origin/fix/release-21-policy-floor-integrity
2026-09-20T01:19:47.5300519Z  * [new branch]            fix/release-21-queue-command-prefix -> origin/fix/release-21-queue-command-prefix
2026-09-20T01:19:47.5301406Z  * [new branch]            fix/release-21-unify-policy-settings -> origin/fix/release-21-unify-policy-settings
2026-09-20T01:19:47.5302139Z  * [new branch]            fix/release-22-alpha-update-pin -> origin/fix/release-22-alpha-update-pin
2026-09-20T01:19:47.5302937Z  * [new branch]            fix/release-22-auth-event-write-amplification -> origin/fix/release-22-auth-event-write-amplification
2026-09-20T01:19:47.5303792Z  * [new branch]            fix/release-22-authorization-hardening -> origin/fix/release-22-authorization-hardening
2026-09-20T01:19:47.5304538Z  * [new branch]            fix/release-22-bounded-sed-final -> origin/fix/release-22-bounded-sed-final
2026-09-20T01:19:47.5305254Z  * [new branch]            fix/release-22-browser-grant-reuse -> origin/fix/release-22-browser-grant-reuse
2026-09-20T01:19:47.5306098Z  * [new branch]            fix/release-22-browser-schema-sensitive-surface -> origin/fix/release-22-browser-schema-sensitive-surface
2026-09-20T01:19:47.5307035Z  * [new branch]            fix/release-22-chrome-devtools-review-context -> origin/fix/release-22-chrome-devtools-review-context
2026-09-20T01:19:47.5308065Z  * [new branch]            fix/release-22-cleared-launch-environments -> origin/fix/release-22-cleared-launch-environments
2026-09-20T01:19:47.5308796Z  * [new branch]            fix/release-22-cli-step-up -> origin/fix/release-22-cli-step-up
2026-09-20T01:19:47.5309413Z  * [new branch]            fix/release-22-cli-trust-ui -> origin/fix/release-22-cli-trust-ui
2026-09-20T01:19:47.5310075Z  * [new branch]            fix/release-22-cloud-recovery-cta -> origin/fix/release-22-cloud-recovery-cta
2026-09-20T01:19:47.5310817Z  * [new branch]            fix/release-22-cloud-session-privacy -> origin/fix/release-22-cloud-session-privacy
2026-09-20T01:19:47.5311597Z  * [new branch]            fix/release-22-cloud-signin-completion -> origin/fix/release-22-cloud-signin-completion
2026-09-20T01:19:47.5312520Z  * [new branch]            fix/release-22-codex-compound-readonly -> origin/fix/release-22-codex-compound-readonly
2026-09-20T01:19:47.5313409Z  * [new branch]            fix/release-22-codex-posttool-safe-fallthrough -> origin/fix/release-22-codex-posttool-safe-fallthrough
2026-09-20T01:19:47.5314291Z  * [new branch]            fix/release-22-codex-routine-read-blocks -> origin/fix/release-22-codex-routine-read-blocks
2026-09-20T01:19:47.5315078Z  * [new branch]            fix/release-22-codex-setup-commands -> origin/fix/release-22-codex-setup-commands
2026-09-20T01:19:47.5315828Z  * [new branch]            fix/release-22-compositional-effects -> origin/fix/release-22-compositional-effects
2026-09-20T01:19:47.5316599Z  * [new branch]            fix/release-22-compound-github-reads -> origin/fix/release-22-compound-github-reads
2026-09-20T01:19:47.5317580Z  * [new branch]            fix/release-22-compound-python-daemon-reconcile -> origin/fix/release-22-compound-python-daemon-reconcile
2026-09-20T01:19:47.5318381Z  * [new branch]            fix/release-22-contextual-mv -> origin/fix/release-22-contextual-mv
2026-09-20T01:19:47.5319069Z  * [new branch]            fix/release-22-daemon-auth-recovery -> origin/fix/release-22-daemon-auth-recovery
2026-09-20T01:19:47.5319776Z  * [new branch]            fix/release-22-daemon-fallback -> origin/fix/release-22-daemon-fallback
2026-09-20T01:19:47.5320509Z  * [new branch]            fix/release-22-daemon-resilience -> origin/fix/release-22-daemon-resilience
2026-09-20T01:19:47.5321205Z  * [new branch]            fix/release-22-fallback-deadline -> origin/fix/release-22-fallback-deadline
2026-09-20T01:19:47.5321877Z  * [new branch]            fix/release-22-github-userinfo -> origin/fix/release-22-github-userinfo
2026-09-20T01:19:47.5322594Z  * [new branch]            fix/release-22-inbox-false-positives -> origin/fix/release-22-inbox-false-positives
2026-09-20T01:19:47.5323362Z  * [new branch]            fix/release-22-inline-browser-access -> origin/fix/release-22-inline-browser-access
2026-09-20T01:19:47.5324308Z  * [new branch]            fix/release-22-installed-daemon-liveness -> origin/fix/release-22-installed-daemon-liveness
2026-09-20T01:19:47.5325115Z  * [new branch]            fix/release-22-installed-lab-evidence -> origin/fix/release-22-installed-lab-evidence
2026-09-20T01:19:47.5325870Z  * [new branch]            fix/release-22-main-ancestry-final -> origin/fix/release-22-main-ancestry-final
2026-09-20T01:19:47.5326529Z  * [new branch]            fix/release-22-npx-vitest -> origin/fix/release-22-npx-vitest
2026-09-20T01:19:47.5327561Z  * [new branch]            fix/release-22-observe-compound-commands -> origin/fix/release-22-observe-compound-commands
2026-09-20T01:19:47.5328379Z  * [new branch]            fix/release-22-omp-detached-recovery -> origin/fix/release-22-omp-detached-recovery
2026-09-20T01:19:47.5329191Z  * [new branch]            fix/release-22-package-reconnect-guidance -> origin/fix/release-22-package-reconnect-guidance
2026-09-20T01:19:47.5330001Z  * [new branch]            fix/release-22-pi-review-followup -> origin/fix/release-22-pi-review-followup
2026-09-20T01:19:47.5330719Z  * [new branch]            fix/release-22-pipx-alpha-update -> origin/fix/release-22-pipx-alpha-update
2026-09-20T01:19:47.5331466Z  * [new branch]            fix/release-22-policy-keyring-recovery -> origin/fix/release-22-policy-keyring-recovery
2026-09-20T01:19:47.5332235Z  * [new branch]            fix/release-22-policy-remove-nowrap -> origin/fix/release-22-policy-remove-nowrap
2026-09-20T01:19:47.5332917Z  * [new branch]            fix/release-22-pr-body-edit -> origin/fix/release-22-pr-body-edit
2026-09-20T01:19:47.5333594Z  * [new branch]            fix/release-22-read-only-git-show -> origin/fix/release-22-read-only-git-show
2026-09-20T01:19:47.5334362Z  * [new branch]            fix/release-22-readonly-compound-effects -> origin/fix/release-22-readonly-compound-effects
2026-09-20T01:19:47.5335292Z  * [new branch]            fix/release-22-relay-half-close -> origin/fix/release-22-relay-half-close
2026-09-20T01:19:47.5335999Z  * [new branch]            fix/release-22-routine-git-push -> origin/fix/release-22-routine-git-push
2026-09-20T01:19:47.5336733Z  * [new branch]            fix/release-22-routine-test-commands -> origin/fix/release-22-routine-test-commands
2026-09-20T01:19:47.5337634Z  * [new branch]            fix/release-22-safe-decode-ancestry -> origin/fix/release-22-safe-decode-ancestry
2026-09-20T01:19:47.5338362Z  * [new branch]            fix/release-22-sqlite-maintenance -> origin/fix/release-22-sqlite-maintenance
2026-09-20T01:19:47.5339053Z  * [new branch]            fix/release-22-storage-topology -> origin/fix/release-22-storage-topology
2026-09-20T01:19:47.5339871Z  * [new branch]            fix/release-22-update-channel-and-thread-resolve -> origin/fix/release-22-update-channel-and-thread-resolve
2026-09-20T01:19:47.5340679Z  * [new branch]            fix/release-22-update-handoff -> origin/fix/release-22-update-handoff
2026-09-20T01:19:47.5341353Z  * [new branch]            fix/release-22-uv-alpha-refresh -> origin/fix/release-22-uv-alpha-refresh
2026-09-20T01:19:47.5342002Z  * [new branch]            fix/release-3-0-pypi-direct -> origin/fix/release-3-0-pypi-direct
2026-09-20T01:19:47.5342617Z  * [new branch]            fix/release-3-0-pypi-final -> origin/fix/release-3-0-pypi-final
2026-09-20T01:19:47.5343291Z  * [new branch]            fix/release-3-1-alpha-every-commit -> origin/fix/release-3-1-alpha-every-commit
2026-09-20T01:19:47.5344003Z  * [new branch]            fix/release-3-1-decision-budget -> origin/fix/release-3-1-decision-budget
2026-09-20T01:19:47.5344753Z  * [new branch]            fix/release-3-1-heal-legacy-prereleases -> origin/fix/release-3-1-heal-legacy-prereleases
2026-09-20T01:19:47.5345574Z  * [new branch]            fix/release-3-1-publisher-packaging-env -> origin/fix/release-3-1-publisher-packaging-env
2026-09-20T01:19:47.5346295Z  * [new branch]            fix/release-3-1-publisher-v2 -> origin/fix/release-3-1-publisher-v2
2026-09-20T01:19:47.5346999Z  * [new branch]            fix/release-3-bounded-guidance-reads -> origin/fix/release-3-bounded-guidance-reads
2026-09-20T01:19:47.5348079Z  * [new branch]            fix/release-3-decision-diff-fixture -> origin/fix/release-3-decision-diff-fixture
2026-09-20T01:19:47.5348750Z  * [new branch]            fix/release-3-dx-recovery -> origin/fix/release-3-dx-recovery
2026-09-20T01:19:47.5349403Z  * [new branch]            fix/release-3-frozen-codex-hooks -> origin/fix/release-3-frozen-codex-hooks
2026-09-20T01:19:47.5350126Z  * [new branch]            fix/release-3-frozen-daemon-launch -> origin/fix/release-3-frozen-daemon-launch
2026-09-20T01:19:47.5350896Z  * [new branch]            fix/release-3-github-graphql-extension -> origin/fix/release-3-github-graphql-extension
2026-09-20T01:19:47.5351723Z  * [new branch]            fix/release-3-hook-runner-queue-listener -> origin/fix/release-3-hook-runner-queue-listener
2026-09-20T01:19:47.5352524Z  * [new branch]            fix/release-3-inbox-false-positives -> origin/fix/release-3-inbox-false-positives
2026-09-20T01:19:47.5353362Z  * [new branch]            fix/release-3-mcp-registry-description-limit -> origin/fix/release-3-mcp-registry-description-limit
2026-09-20T01:19:47.5354164Z  * [new branch]            fix/release-3-merge-approval-ux -> origin/fix/release-3-merge-approval-ux
2026-09-20T01:19:47.5354894Z  * [new branch]            fix/release-3-merged-alpha-publish -> origin/fix/release-3-merged-alpha-publish
2026-09-20T01:19:47.5355606Z  * [new branch]            fix/release-3-runtime-lifecycle -> origin/fix/release-3-runtime-lifecycle
2026-09-20T01:19:47.5356290Z  * [new branch]            fix/release-3-watch-exit-policy -> origin/fix/release-3-watch-exit-policy
2026-09-20T01:19:47.5357045Z  * [new branch]            fix/release-3.0-cline-dashboard-contract -> origin/fix/release-3.0-cline-dashboard-contract
2026-09-20T01:19:47.5357936Z  * [new branch]            fix/release-3.0-cline-live-policy -> origin/fix/release-3.0-cline-live-policy
2026-09-20T01:19:47.5358814Z  * [new branch]            fix/release-3.0-decision-diff-evidence -> origin/fix/release-3.0-decision-diff-evidence
2026-09-20T01:19:47.5359562Z  * [new branch]            fix/release-3.0-desktop-ratchet -> origin/fix/release-3.0-desktop-ratchet
2026-09-20T01:19:47.5360256Z  * [new branch]            fix/release-3.0-testpypi-optional -> origin/fix/release-3.0-testpypi-optional
2026-09-20T01:19:47.5360946Z  * [new branch]            fix/release-30-approval-scopes -> origin/fix/release-30-approval-scopes
2026-09-20T01:19:47.5361690Z  * [new branch]            fix/release-30-blocked-action-recovery -> origin/fix/release-30-blocked-action-recovery
2026-09-20T01:19:47.5362397Z  * [new branch]            fix/release-30-ci-contracts -> origin/fix/release-30-ci-contracts
2026-09-20T01:19:47.5363134Z  * [new branch]            fix/release-30-daemon-generation-identity -> origin/fix/release-30-daemon-generation-identity
2026-09-20T01:19:47.5363946Z  * [new branch]            fix/release-30-dashboard-load-status -> origin/fix/release-30-dashboard-load-status
2026-09-20T01:19:47.5364682Z  * [new branch]            fix/release-30-detached-worktree -> origin/fix/release-30-detached-worktree
2026-09-20T01:19:47.5365413Z  * [new branch]            fix/release-30-extension-persistence -> origin/fix/release-30-extension-persistence
2026-09-20T01:19:47.5366207Z  * [new branch]            fix/release-30-extension-pr-create-chain -> origin/fix/release-30-extension-pr-create-chain
2026-09-20T01:19:47.5366976Z  * [new branch]            fix/release-30-extension-recovery -> origin/fix/release-30-extension-recovery
2026-09-20T01:19:47.5368018Z  * [new branch]            fix/release-30-frozen-cli-hook-bridge -> origin/fix/release-30-frozen-cli-hook-bridge
2026-09-20T01:19:47.5368879Z  * [new branch]            fix/release-30-frozen-cli-hook-bridge-isolated -> origin/fix/release-30-frozen-cli-hook-bridge-isolated
2026-09-20T01:19:47.5369702Z  * [new branch]            fix/release-30-live-payload-dx -> origin/fix/release-30-live-payload-dx
2026-09-20T01:19:47.5370563Z  * [new branch]            fix/release-30-managed-version-status -> origin/fix/release-30-managed-version-status
2026-09-20T01:19:47.5371369Z  * [new branch]            fix/release-30-mcp-exact-action-approval -> origin/fix/release-30-mcp-exact-action-approval
2026-09-20T01:19:47.5372137Z  * [new branch]            fix/release-30-optional-testpypi -> origin/fix/release-30-optional-testpypi
2026-09-20T01:19:47.5372907Z  * [new branch]            fix/release-30-package-shim-integrity-v2 -> origin/fix/release-30-package-shim-integrity-v2
2026-09-20T01:19:47.5373693Z  * [new branch]            fix/release-30-pypi-version-parity -> origin/fix/release-30-pypi-version-parity
2026-09-20T01:19:47.5374509Z  * [new branch]            fix/release-30-routine-developer-inspection -> origin/fix/release-30-routine-developer-inspection
2026-09-20T01:19:47.5375364Z  * [new branch]            fix/release-30-routine-review-resolution -> origin/fix/release-30-routine-review-resolution
2026-09-20T01:19:47.5376159Z  * [new branch]            fix/release-30-stale-daemon-repair -> origin/fix/release-30-stale-daemon-repair
2026-09-20T01:19:47.5376888Z  * [new branch]            fix/release-30-test-ratchet-320650 -> origin/fix/release-30-test-ratchet-320650
2026-09-20T01:19:47.5377737Z  * [new branch]            fix/release-30-totp-recent-mfa -> origin/fix/release-30-totp-recent-mfa
2026-09-20T01:19:47.5378488Z  * [new branch]            fix/release-30-update-index-propagation -> origin/fix/release-30-update-index-propagation
2026-09-20T01:19:47.5379237Z  * [new branch]            fix/release-30-watch-only-inbox -> origin/fix/release-30-watch-only-inbox
2026-09-20T01:19:47.5379993Z  * [new branch]            fix/release-30-watch-only-inbox-current -> origin/fix/release-30-watch-only-inbox-current
2026-09-20T01:19:47.5380801Z  * [new branch]            fix/release-30-watch-only-inbox-linear -> origin/fix/release-30-watch-only-inbox-linear
2026-09-20T01:19:47.5381769Z  * [new branch]            fix/release-30-windows-provider-containment -> origin/fix/release-30-windows-provider-containment
2026-09-20T01:19:47.5382532Z  * [new branch]            fix/release-31-dev-history -> origin/fix/release-31-dev-history
2026-09-20T01:19:47.5383193Z  * [new branch]            fix/release-31-filter-dev-history -> origin/fix/release-31-filter-dev-history
2026-09-20T01:19:47.5383899Z  * [new branch]            fix/release-31-nested-tag-lookup -> origin/fix/release-31-nested-tag-lookup
2026-09-20T01:19:47.5384616Z  * [new branch]            fix/release-31-prerelease-checkout -> origin/fix/release-31-prerelease-checkout
2026-09-20T01:19:47.5385382Z  * [new branch]            fix/release-31-pypi-version-parity -> origin/fix/release-31-pypi-version-parity
2026-09-20T01:19:47.5386107Z  * [new branch]            fix/release-31-testpypi-capacity -> origin/fix/release-31-testpypi-capacity
2026-09-20T01:19:47.5386867Z  * [new branch]            fix/release-local-attestation-sidecars -> origin/fix/release-local-attestation-sidecars
2026-09-20T01:19:47.5387738Z  * [new branch]            fix/release-notes-changelog -> origin/fix/release-notes-changelog
2026-09-20T01:19:47.5388426Z  * [new branch]            fix/release-promotion-review-round2 -> origin/fix/release-promotion-review-round2
2026-09-20T01:19:47.5389180Z  * [new branch]            fix/release-publish-cache-poisoning -> origin/fix/release-publish-cache-poisoning
2026-09-20T01:19:47.5389970Z  * [new branch]            fix/release-registry-attestation-filter -> origin/fix/release-registry-attestation-filter
2026-09-20T01:19:47.5390824Z  * [new branch]            fix/release21-alpha-container-check -> origin/fix/release21-alpha-container-check
2026-09-20T01:19:47.5391885Z  * [new branch]            fix/release21-approval-request-dedup -> origin/fix/release21-approval-request-dedup
2026-09-20T01:19:47.5392565Z  * [new branch]            fix/release21-auto-alpha -> origin/fix/release21-auto-alpha
2026-09-20T01:19:47.5393304Z  * [new branch]            fix/release21-codex-doctor-proxy-health -> origin/fix/release21-codex-doctor-proxy-health
2026-09-20T01:19:47.5394386Z  * [new branch]            fix/release21-command-evidence-degraded -> origin/fix/release21-command-evidence-degraded
2026-09-20T01:19:47.5395190Z  * [new branch]            fix/release21-command-evidence-health -> origin/fix/release21-command-evidence-health
2026-09-20T01:19:47.5395990Z  * [new branch]            fix/release21-command-evidence-recovery -> origin/fix/release21-command-evidence-recovery
2026-09-20T01:19:47.5396754Z  * [new branch]            fix/release21-command-post-replay -> origin/fix/release21-command-post-replay
2026-09-20T01:19:47.5397763Z  * [new branch]            fix/release21-protect-repair-route -> origin/fix/release21-protect-repair-route
2026-09-20T01:19:47.5398505Z  * [new branch]            fix/release21-settings-forwardref -> origin/fix/release21-settings-forwardref
2026-09-20T01:19:47.5399229Z  * [new branch]            fix/release22-claude-fallback-fix -> origin/fix/release22-claude-fallback-fix
2026-09-20T01:19:47.5399965Z  * [new branch]            fix/release22-mcp-browser-approvals -> origin/fix/release22-mcp-browser-approvals
2026-09-20T01:19:47.5400748Z  * [new branch]            fix/release3-native-action-consequences -> origin/fix/release3-native-action-consequences
2026-09-20T01:19:47.5401450Z  * [new branch]            fix/release3-patch-alpha -> origin/fix/release3-patch-alpha
2026-09-20T01:19:47.5402185Z  * [new branch]            fix/release31-connect-test-synchronization -> origin/fix/release31-connect-test-synchronization
2026-09-20T01:19:47.5403011Z  * [new branch]            fix/release31-protection-lease-bounds -> origin/fix/release31-protection-lease-bounds
2026-09-20T01:19:47.5403827Z  * [new branch]            fix/release31-testpypi-attestation-links -> origin/fix/release31-testpypi-attestation-links
2026-09-20T01:19:47.5404583Z  * [new branch]            fix/remote-pairing-code-length -> origin/fix/remote-pairing-code-length
2026-09-20T01:19:47.5405386Z  * [new branch]            fix/remove-accidental-pr-body -> origin/fix/remove-accidental-pr-body
2026-09-20T01:19:47.5406100Z  * [new branch]            fix/remove-hardcoded-staging-url -> origin/fix/remove-hardcoded-staging-url
2026-09-20T01:19:47.5406773Z  * [new branch]            fix/remove-stray-review-body -> origin/fix/remove-stray-review-body
2026-09-20T01:19:47.5407843Z  * [new branch]            fix/reopened-release-train-validation-only -> origin/fix/reopened-release-train-validation-only
2026-09-20T01:19:47.5408644Z  * [new branch]            fix/repair-extensions-mfa-enter -> origin/fix/repair-extensions-mfa-enter
2026-09-20T01:19:47.5409286Z  * [new branch]            fix/request-scope-options -> origin/fix/request-scope-options
2026-09-20T01:19:47.5409981Z  * [new branch]            fix/required-nullable-policy-wire -> origin/fix/required-nullable-policy-wire
2026-09-20T01:19:47.5410731Z  * [new branch]            fix/restore-action-publish-pipeline -> origin/fix/restore-action-publish-pipeline
2026-09-20T01:19:47.5411456Z  * [new branch]            fix/retain-newer-desktop-core -> origin/fix/retain-newer-desktop-core
2026-09-20T01:19:47.5412127Z  * [new branch]            fix/review-alert-consolidation -> origin/fix/review-alert-consolidation
2026-09-20T01:19:47.5412798Z  * [new branch]            fix/review-backend-remediation -> origin/fix/review-backend-remediation
2026-09-20T01:19:47.5413448Z  * [new branch]            fix/review-command-fidelity -> origin/fix/review-command-fidelity
2026-09-20T01:19:47.5414079Z  * [new branch]            fix/review-identity-recovery -> origin/fix/review-identity-recovery
2026-09-20T01:19:47.5414674Z  * [new branch]            fix/review-sync-auth    -> origin/fix/review-sync-auth
2026-09-20T01:19:47.5415202Z  * [new branch]            fix/risk-dot-css        -> origin/fix/risk-dot-css
2026-09-20T01:19:47.5415826Z  * [new branch]            fix/routine-developer-inspection -> origin/fix/routine-developer-inspection
2026-09-20T01:19:47.5416558Z  * [new branch]            fix/routine-github-review-actions -> origin/fix/routine-github-review-actions
2026-09-20T01:19:47.5417575Z  * [new branch]            fix/routine-origin-fetch-chain -> origin/fix/routine-origin-fetch-chain
2026-09-20T01:19:47.5418190Z  * [new branch]            fix/ruff-syntax-error   -> origin/fix/ruff-syntax-error
2026-09-20T01:19:47.5418775Z  * [new branch]            fix/runtime-parser-security -> origin/fix/runtime-parser-security
2026-09-20T01:19:47.5419390Z  * [new branch]            fix/rust-authority-batch-1 -> origin/fix/rust-authority-batch-1
2026-09-20T01:19:47.5420040Z  * [new branch]            fix/rust-authority-batch-2 -> origin/fix/rust-authority-batch-2
2026-09-20T01:19:47.5420651Z  * [new branch]            fix/rust-authority-batch-3 -> origin/fix/rust-authority-batch-3
2026-09-20T01:19:47.5421244Z  * [new branch]            fix/rust-authority-master -> origin/fix/rust-authority-master
2026-09-20T01:19:47.5421884Z  * [new branch]            fix/rust-daemon-edge-hardening -> origin/fix/rust-daemon-edge-hardening
2026-09-20T01:19:47.5422645Z  * [new branch]            fix/rust-daemon-edge-hardening-20260816 -> origin/fix/rust-daemon-edge-hardening-20260816
2026-09-20T01:19:47.5423510Z  * [new branch]            fix/rust-daemon-edge-hardening-20260816-final -> origin/fix/rust-daemon-edge-hardening-20260816-final
2026-09-20T01:19:47.5424352Z  * [new branch]            fix/rust-daemon-edge-hardening-final -> origin/fix/rust-daemon-edge-hardening-final
2026-09-20T01:19:47.5425148Z  * [new branch]            fix/rust-daemon-edge-hardening-final-v2 -> origin/fix/rust-daemon-edge-hardening-final-v2
2026-09-20T01:19:47.5425965Z  * [new branch]            fix/rust-daemon-edge-hardening-final-v3 -> origin/fix/rust-daemon-edge-hardening-final-v3
2026-09-20T01:19:47.5426836Z  * [new branch]            fix/rust-daemon-edge-hardening-implementation -> origin/fix/rust-daemon-edge-hardening-implementation
2026-09-20T01:19:47.5427926Z  * [new branch]            fix/rust-daemon-edge-hardening-v2 -> origin/fix/rust-daemon-edge-hardening-v2
2026-09-20T01:19:47.5428666Z  * [new branch]            fix/rust-daemon-edge-hardening-v3 -> origin/fix/rust-daemon-edge-hardening-v3
2026-09-20T01:19:47.5429401Z  * [new branch]            fix/rust-daemon-edge-hardening-work -> origin/fix/rust-daemon-edge-hardening-work
2026-09-20T01:19:47.5430173Z  * [new branch]            fix/rust-daemon-edge-hardening-work-v2 -> origin/fix/rust-daemon-edge-hardening-work-v2
2026-09-20T01:19:47.5430981Z  * [new branch]            fix/rust-daemon-edge-hardening-work-v3 -> origin/fix/rust-daemon-edge-hardening-work-v3
2026-09-20T01:19:47.5431770Z  * [new branch]            fix/rust-daemon-edge-hardening-work-v4 -> origin/fix/rust-daemon-edge-hardening-work-v4
2026-09-20T01:19:47.5432488Z  * [new branch]            fix/rust-daemon-ux-hardening -> origin/fix/rust-daemon-ux-hardening
2026-09-20T01:19:47.5433197Z  * [new branch]            fix/rust-daemon-ux-hardening-20260816 -> origin/fix/rust-daemon-ux-hardening-20260816
2026-09-20T01:19:47.5434035Z  * [new branch]            fix/rust-daemon-ux-hardening-20260816-final -> origin/fix/rust-daemon-ux-hardening-20260816-final
2026-09-20T01:19:47.5434905Z  * [new branch]            fix/rust-daemon-ux-hardening-final-actual -> origin/fix/rust-daemon-ux-hardening-final-actual
2026-09-20T01:19:47.5435778Z  * [new branch]            fix/rust-daemon-ux-hardening-final-actual-v2 -> origin/fix/rust-daemon-ux-hardening-final-actual-v2
2026-09-20T01:19:47.5436572Z  * [new branch]            fix/rust-daemon-ux-hardening-v2 -> origin/fix/rust-daemon-ux-hardening-v2
2026-09-20T01:19:47.5437336Z  * [new branch]            fix/rust-default-auto-3x -> origin/fix/rust-default-auto-3x
2026-09-20T01:19:47.5437925Z  * [new branch]            fix/rust-native-main-line -> origin/fix/rust-native-main-line
2026-09-20T01:19:47.5438564Z  * [new branch]            fix/rust-native-wheel-hardening -> origin/fix/rust-native-wheel-hardening
2026-09-20T01:19:47.5439285Z  * [new branch]            fix/rust-p0-p2-regression-hardening -> origin/fix/rust-p0-p2-regression-hardening
2026-09-20T01:19:47.5440170Z  * [new branch]            fix/rust-pretool-authority-20260815 -> origin/fix/rust-pretool-authority-20260815
2026-09-20T01:19:47.5440904Z  * [new branch]            fix/rust-pretool-native-authority -> origin/fix/rust-pretool-native-authority
2026-09-20T01:19:47.5441724Z  * [new branch]            fix/rust-required-no-python-runtime-fallback -> origin/fix/rust-required-no-python-runtime-fallback
2026-09-20T01:19:47.5442523Z  * [new branch]            fix/scanner-false-positives-108 -> origin/fix/scanner-false-positives-108
2026-09-20T01:19:47.5443221Z  * [new branch]            fix/scoped-passkey-consumption -> origin/fix/scoped-passkey-consumption
2026-09-20T01:19:47.5443866Z  * [new branch]            fix/scoped-request-aliases -> origin/fix/scoped-request-aliases
2026-09-20T01:19:47.5444540Z  * [new branch]            fix/scorecard-dangerous-workflow -> origin/fix/scorecard-dangerous-workflow
2026-09-20T01:19:47.5445251Z  * [new branch]            fix/scorecard-token-permissions -> origin/fix/scorecard-token-permissions
2026-09-20T01:19:47.5446051Z  * [new branch]            fix/secret-read-floors-and-contained-vitest -> origin/fix/secret-read-floors-and-contained-vitest
2026-09-20T01:19:47.5446854Z  * [new branch]            fix/secret-read-floors-publisher -> origin/fix/secret-read-floors-publisher
2026-09-20T01:19:47.5447845Z  * [new branch]            fix/secret-stdout-print-block -> origin/fix/secret-stdout-print-block
2026-09-20T01:19:47.5448615Z  * [new branch]            fix/secrets-complete-hardening-final-v1 -> origin/fix/secrets-complete-hardening-final-v1
2026-09-20T01:19:47.5449444Z  * [new branch]            fix/secrets-complete-hardening-final-v2 -> origin/fix/secrets-complete-hardening-final-v2
2026-09-20T01:19:47.5450228Z  * [new branch]            fix/secrets-coverage-edge-cases-v2 -> origin/fix/secrets-coverage-edge-cases-v2
2026-09-20T01:19:47.5451096Z  * [new branch]            fix/secrets-coverage-evidence-v2 -> origin/fix/secrets-coverage-evidence-v2
2026-09-20T01:19:47.5451848Z  * [new branch]            fix/secrets-e2e-platform-hardening -> origin/fix/secrets-e2e-platform-hardening
2026-09-20T01:19:47.5452648Z  * [new branch]            fix/secrets-e2e-platform-hardening-final -> origin/fix/secrets-e2e-platform-hardening-final
2026-09-20T01:19:47.5453463Z  * [new branch]            fix/secrets-e2e-platform-hardening-v2 -> origin/fix/secrets-e2e-platform-hardening-v2
2026-09-20T01:19:47.5454255Z  * [new branch]            fix/secrets-fixture-context-precision -> origin/fix/secrets-fixture-context-precision
2026-09-20T01:19:47.5455066Z  * [new branch]            fix/secrets-fixture-context-precision-v2 -> origin/fix/secrets-fixture-context-precision-v2
2026-09-20T01:19:47.5455906Z  * [new branch]            fix/secrets-fixture-context-precision-v3 -> origin/fix/secrets-fixture-context-precision-v3
2026-09-20T01:19:47.5456718Z  * [new branch]            fix/secrets-git-object-edge-hardening -> origin/fix/secrets-git-object-edge-hardening
2026-09-20T01:19:47.5457660Z  * [new branch]            fix/secrets-git-process-hardening-v2 -> origin/fix/secrets-git-process-hardening-v2
2026-09-20T01:19:47.5458460Z  * [new branch]            fix/secrets-hardening-bootstrap-cleanup -> origin/fix/secrets-hardening-bootstrap-cleanup
2026-09-20T01:19:47.5459325Z  * [new branch]            fix/secrets-hardening-final-cleanup-20260813 -> origin/fix/secrets-hardening-final-cleanup-20260813
2026-09-20T01:19:47.5460148Z  * [new branch]            fix/secrets-hook-identity-final-v2 -> origin/fix/secrets-hook-identity-final-v2
2026-09-20T01:19:47.5460964Z  * [new branch]            fix/secrets-hook-identity-worktree-hardening -> origin/fix/secrets-hook-identity-worktree-hardening
2026-09-20T01:19:47.5461860Z  * [new branch]            fix/secrets-ignore-indirect-code-references -> origin/fix/secrets-ignore-indirect-code-references
2026-09-20T01:19:47.5462683Z  * [new branch]            fix/secrets-permanent-source-final -> origin/fix/secrets-permanent-source-final
2026-09-20T01:19:47.5463595Z  * [new branch]            fix/secrets-truncation-reasons-dogfood -> origin/fix/secrets-truncation-reasons-dogfood
2026-09-20T01:19:47.5464419Z  * [new branch]            fix/secrets-windows-shell-diagnostic-v2 -> origin/fix/secrets-windows-shell-diagnostic-v2
2026-09-20T01:19:47.5465224Z  * [new branch]            fix/security-gates-gitleaks-ref-scope -> origin/fix/security-gates-gitleaks-ref-scope
2026-09-20T01:19:47.5465939Z  * [new branch]            fix/security-hardening-dx-v3 -> origin/fix/security-hardening-dx-v3
2026-09-20T01:19:47.5466588Z  * [new branch]            fix/security-output-pr-create -> origin/fix/security-output-pr-create
2026-09-20T01:19:47.5467396Z  * [new branch]            fix/settings-save-proof-modal -> origin/fix/settings-save-proof-modal
2026-09-20T01:19:47.5467988Z  * [new branch]            fix/severity-dot        -> origin/fix/severity-dot
2026-09-20T01:19:47.5468582Z  * [new branch]            fix/shell-activation-recovery -> origin/fix/shell-activation-recovery
2026-09-20T01:19:47.5469221Z  * [new branch]            fix/shim-approval-guidance -> origin/fix/shim-approval-guidance
2026-09-20T01:19:47.5469806Z  * [new branch]            fix/skill-uri-blocking  -> origin/fix/skill-uri-blocking
2026-09-20T01:19:47.5470457Z  * [new branch]            fix/sonar-adapter-path-authority -> origin/fix/sonar-adapter-path-authority
2026-09-20T01:19:47.5471149Z  * [new branch]            fix/sonar-blocker-control-flow -> origin/fix/sonar-blocker-control-flow
2026-09-20T01:19:47.5471779Z  * [new branch]            fix/sonar-main-completion -> origin/fix/sonar-main-completion
2026-09-20T01:19:47.5472353Z  * [new branch]            fix/sonar-rust-analysis -> origin/fix/sonar-rust-analysis
2026-09-20T01:19:47.5473009Z  * [new branch]            fix/sqlite-select-startup-recovery -> origin/fix/sqlite-select-startup-recovery
2026-09-20T01:19:47.5473686Z  * [new branch]            fix/stable-tag-reservation -> origin/fix/stable-tag-reservation
2026-09-20T01:19:47.5474487Z  * [new branch]            fix/staging-oauth-registry-origin -> origin/fix/staging-oauth-registry-origin
2026-09-20T01:19:47.5475233Z  * [new branch]            fix/supply-chain-audit-incomplete -> origin/fix/supply-chain-audit-incomplete
2026-09-20T01:19:47.5475982Z  * [new branch]            fix/supply-chain-audit-workspace-dir -> origin/fix/supply-chain-audit-workspace-dir
2026-09-20T01:19:47.5476758Z  * [new branch]            fix/supply-chain-bundle-payload-hash -> origin/fix/supply-chain-bundle-payload-hash
2026-09-20T01:19:47.5477668Z  * [new branch]            fix/supply-chain-evaluate-contract -> origin/fix/supply-chain-evaluate-contract
2026-09-20T01:19:47.5478366Z  * [new branch]            fix/supply-chain-hero-import -> origin/fix/supply-chain-hero-import
2026-09-20T01:19:47.5479001Z  * [new branch]            fix/supply-chain-home-dedup -> origin/fix/supply-chain-home-dedup
2026-09-20T01:19:47.5479657Z  * [new branch]            fix/supply-chain-null-lockfile -> origin/fix/supply-chain-null-lockfile
2026-09-20T01:19:47.5480436Z  * [new branch]            fix/supply-chain-repair-staged-state-3.0 -> origin/fix/supply-chain-repair-staged-state-3.0
2026-09-20T01:19:47.5481287Z  * [new branch]            fix/supply-chain-repair-staged-state-main -> origin/fix/supply-chain-repair-staged-state-main
2026-09-20T01:19:47.5482116Z  * [new branch]            fix/supply-chain-sync-approval-detect -> origin/fix/supply-chain-sync-approval-detect
2026-09-20T01:19:47.5482877Z  * [new branch]            fix/supply-chain-sync-approval-v2 -> origin/fix/supply-chain-sync-approval-v2
2026-09-20T01:19:47.5483655Z  * [new branch]            fix/supply-chain-sync-cloud-unavailable -> origin/fix/supply-chain-sync-cloud-unavailable
2026-09-20T01:19:47.5484354Z  * [new branch]            fix/totp-session-grace  -> origin/fix/totp-session-grace
2026-09-20T01:19:47.5485029Z  * [new branch]            fix/typescript-positional-containment -> origin/fix/typescript-positional-containment
2026-09-20T01:19:47.5485762Z  * [new branch]            fix/typescript-validation-ux -> origin/fix/typescript-validation-ux
2026-09-20T01:19:47.5486661Z  * [new branch]            fix/unidentified-package-policy-condition -> origin/fix/unidentified-package-policy-condition
2026-09-20T01:19:47.5487854Z  * [new branch]            fix/update-codex-integrity-and-harness-noise -> origin/fix/update-codex-integrity-and-harness-noise
2026-09-20T01:19:47.5488650Z  * [new branch]            fix/update-index-propagation -> origin/fix/update-index-propagation
2026-09-20T01:19:47.5489269Z  * [new branch]            fix/update-latest-release -> origin/fix/update-latest-release
2026-09-20T01:19:47.5489965Z  * [new branch]            fix/update-pypi-propagation-recovery -> origin/fix/update-pypi-propagation-recovery
2026-09-20T01:19:47.5490656Z  * [new branch]            fix/v3-alpha-windows-tests -> origin/fix/v3-alpha-windows-tests
2026-09-20T01:19:47.5491302Z  * [new branch]            fix/v3-client-rollout-contract -> origin/fix/v3-client-rollout-contract
2026-09-20T01:19:47.5492007Z  * [new branch]            fix/wake-desktop-core-alpha-feed -> origin/fix/wake-desktop-core-alpha-feed
2026-09-20T01:19:47.5492744Z  * [new branch]            fix/wake-desktop-core-feed-all-3x-v3 -> origin/fix/wake-desktop-core-feed-all-3x-v3
2026-09-20T01:19:47.5493463Z  * [new branch]            fix/wake-release-3-1-reconciler -> origin/fix/wake-release-3-1-reconciler
2026-09-20T01:19:47.5494147Z  * [new branch]            fix/watch-only-approved-requests -> origin/fix/watch-only-approved-requests
2026-09-20T01:19:47.5494845Z  * [new branch]            fix/watch-only-package-firewall -> origin/fix/watch-only-package-firewall
2026-09-20T01:19:47.5495567Z  * [new branch]            fix/windows-authority-watcher-race -> origin/fix/windows-authority-watcher-race
2026-09-20T01:19:47.5496281Z  * [new branch]            fix/windows-core-protection-api -> origin/fix/windows-core-protection-api
2026-09-20T01:19:47.5497334Z  * [new branch]            fix/windows-core-protection-consolidated -> origin/fix/windows-core-protection-consolidated
2026-09-20T01:19:47.5498289Z  * [new branch]            fix/windows-core-protection-consolidated-final -> origin/fix/windows-core-protection-consolidated-final
2026-09-20T01:19:47.5499195Z  * [new branch]            fix/windows-keyring-session-unavailable -> origin/fix/windows-keyring-session-unavailable
2026-09-20T01:19:47.5499969Z  * [new branch]            fix/windows-mdm-signing-boundary -> origin/fix/windows-mdm-signing-boundary
2026-09-20T01:19:47.5500747Z  * [new branch]            fix/windows-native-state-handle-cleanup -> origin/fix/windows-native-state-handle-cleanup
2026-09-20T01:19:47.5501526Z  * [new branch]            fix/windows-os-containment-health -> origin/fix/windows-os-containment-health
2026-09-20T01:19:47.5502312Z  * [new branch]            fix/windows-provider-path-containment-v2 -> origin/fix/windows-provider-path-containment-v2
2026-09-20T01:19:47.5503047Z  * [new branch]            fix/zcode-mcp-hook-bypass -> origin/fix/zcode-mcp-hook-bypass
2026-09-20T01:19:47.5503647Z  * [new branch]            hgcff-local-sync-20260704 -> origin/hgcff-local-sync-20260704
2026-09-20T01:19:47.5504305Z  * [new branch]            hgp/batch-02-v2-runtime-admission -> origin/hgp/batch-02-v2-runtime-admission
2026-09-20T01:19:47.5505047Z  * [new branch]            hgp/batch-03-policy-source-ownership -> origin/hgp/batch-03-policy-source-ownership
2026-09-20T01:19:47.5505789Z  * [new branch]            hgp/batch-08-cloud-review-status -> origin/hgp/batch-08-cloud-review-status
2026-09-20T01:19:47.5506550Z  * [new branch]            hgp/batch-08-policy-capability-evidence -> origin/hgp/batch-08-policy-capability-evidence
2026-09-20T01:19:47.5507460Z  * [new branch]            hgp/batch-08-policy-error-guidance -> origin/hgp/batch-08-policy-error-guidance
2026-09-20T01:19:47.5508244Z  * [new branch]            hgp/batch-08-policy-proof-prerequisites -> origin/hgp/batch-08-policy-proof-prerequisites
2026-09-20T01:19:47.5509065Z  * [new branch]            hgp/batch-08-policy-telemetry-isolation -> origin/hgp/batch-08-policy-telemetry-isolation
2026-09-20T01:19:47.5510037Z  * [new branch]            hgp/batch-08-portable-policy-contract -> origin/hgp/batch-08-portable-policy-contract
2026-09-20T01:19:47.5510835Z  * [new branch]            hgp/batch-08-review-worker-reliability -> origin/hgp/batch-08-review-worker-reliability
2026-09-20T01:19:47.5511589Z  * [new branch]            hgp/batch-08-runtime-reliability -> origin/hgp/batch-08-runtime-reliability
2026-09-20T01:19:47.5512267Z  * [new branch]            hgp/batch-08b-policy-identity -> origin/hgp/batch-08b-policy-identity
2026-09-20T01:19:47.5512949Z  * [new branch]            hgp/batch-09-core-desktop-status -> origin/hgp/batch-09-core-desktop-status
2026-09-20T01:19:47.5513661Z  * [new branch]            hgp/batch-10b-runtime-acceptance -> origin/hgp/batch-10b-runtime-acceptance
2026-09-20T01:19:47.5514333Z  * [new branch]            hgp/batch-11b-release-gating -> origin/hgp/batch-11b-release-gating
2026-09-20T01:19:47.5515019Z  * [new branch]            hgp/ci-admission-rebased-20260918 -> origin/hgp/ci-admission-rebased-20260918
2026-09-20T01:19:47.5515779Z  * [new branch]            hgp/ci-core-policy-integration-20260917 -> origin/hgp/ci-core-policy-integration-20260917
2026-09-20T01:19:47.5516515Z  * [new branch]            hgp/ci-native-stop-diagnostic -> origin/hgp/ci-native-stop-diagnostic
2026-09-20T01:19:47.5517286Z  * [new branch]            hgp/ci-policy-clean-20260918 -> origin/hgp/ci-policy-clean-20260918
2026-09-20T01:19:47.5517920Z  * [new branch]            hgp/ci-policy-final-20260918 -> origin/hgp/ci-policy-final-20260918
2026-09-20T01:19:47.5518626Z  * [new branch]            hgp/ci-policy-integration-074-20260918 -> origin/hgp/ci-policy-integration-074-20260918
2026-09-20T01:19:47.5519426Z  * [new branch]            hgp/ci-workspace-config-repair-20260918 -> origin/hgp/ci-workspace-config-repair-20260918
2026-09-20T01:19:47.5520356Z  * [new branch]            hgp/command-authority-projection -> origin/hgp/command-authority-projection
2026-09-20T01:19:47.5521166Z  * [new branch]            hgp/diagnostic-af9-fixture-repair-20260918 -> origin/hgp/diagnostic-af9-fixture-repair-20260918
2026-09-20T01:19:47.5521978Z  * [new branch]            hgp/diagnostic-af9-fixtures-20260918 -> origin/hgp/diagnostic-af9-fixtures-20260918
2026-09-20T01:19:47.5522780Z  * [new branch]            hgp/diagnostic-af9-network-event-20260918 -> origin/hgp/diagnostic-af9-network-event-20260918
2026-09-20T01:19:47.5523689Z  * [new branch]            hgp/diagnostic-bounded-native-activation-20260919 -> origin/hgp/diagnostic-bounded-native-activation-20260919
2026-09-20T01:19:47.5524611Z  * [new branch]            hgp/diagnostic-capture-baseline-20260919 -> origin/hgp/diagnostic-capture-baseline-20260919
2026-09-20T01:19:47.5525420Z  * [new branch]            hgp/diagnostic-capture-fixed-20260919 -> origin/hgp/diagnostic-capture-fixed-20260919
2026-09-20T01:19:47.5526281Z  * [new branch]            hgp/diagnostic-claude-context-checked-20260918 -> origin/hgp/diagnostic-claude-context-checked-20260918
2026-09-20T01:19:47.5527441Z  * [new branch]            hgp/diagnostic-claude-fallback-20260918 -> origin/hgp/diagnostic-claude-fallback-20260918
2026-09-20T01:19:47.5528372Z  * [new branch]            hgp/diagnostic-claude-fallback-artifact-20260918 -> origin/hgp/diagnostic-claude-fallback-artifact-20260918
2026-09-20T01:19:47.5529335Z  * [new branch]            hgp/diagnostic-claude-fallback-imports-20260918 -> origin/hgp/diagnostic-claude-fallback-imports-20260918
2026-09-20T01:19:47.5530289Z  * [new branch]            hgp/diagnostic-claude-original-context-20260918 -> origin/hgp/diagnostic-claude-original-context-20260918
2026-09-20T01:19:47.5531143Z  * [new branch]            hgp/diagnostic-claude-phase-20260918 -> origin/hgp/diagnostic-claude-phase-20260918
2026-09-20T01:19:47.5531934Z  * [new branch]            hgp/diagnostic-claude-startup-20260918 -> origin/hgp/diagnostic-claude-startup-20260918
2026-09-20T01:19:47.5532792Z  * [new branch]            hgp/diagnostic-combined-acceptance-20260919 -> origin/hgp/diagnostic-combined-acceptance-20260919
2026-09-20T01:19:47.5533778Z  * [new branch]            hgp/diagnostic-command-ownership-074 -> origin/hgp/diagnostic-command-ownership-074
2026-09-20T01:19:47.5534560Z  * [new branch]            hgp/diagnostic-consent-expiry-155cc5e -> origin/hgp/diagnostic-consent-expiry-155cc5e
2026-09-20T01:19:47.5535379Z  * [new branch]            hgp/diagnostic-context-selection-20260919 -> origin/hgp/diagnostic-context-selection-20260919
2026-09-20T01:19:47.5536198Z  * [new branch]            hgp/diagnostic-corpus-compat-20260918 -> origin/hgp/diagnostic-corpus-compat-20260918
2026-09-20T01:19:47.5536967Z  * [new branch]            hgp/diagnostic-corpus-profile-75413 -> origin/hgp/diagnostic-corpus-profile-75413
2026-09-20T01:19:47.5537953Z  * [new branch]            hgp/diagnostic-corpus-shard-20260919 -> origin/hgp/diagnostic-corpus-shard-20260919
2026-09-20T01:19:47.5538791Z  * [new branch]            hgp/diagnostic-corpus-terminal-20260919 -> origin/hgp/diagnostic-corpus-terminal-20260919
2026-09-20T01:19:47.5539570Z  * [new branch]            hgp/diagnostic-current-prewarm-a3 -> origin/hgp/diagnostic-current-prewarm-a3
2026-09-20T01:19:47.5540349Z  * [new branch]            hgp/diagnostic-current-regressions-9a6 -> origin/hgp/diagnostic-current-regressions-9a6
2026-09-20T01:19:47.5541199Z  * [new branch]            hgp/diagnostic-decision-report-6c-20260919 -> origin/hgp/diagnostic-decision-report-6c-20260919
2026-09-20T01:19:47.5542109Z  * [new branch]            hgp/diagnostic-decision-report-ac0dad5c-20260919 -> origin/hgp/diagnostic-decision-report-ac0dad5c-20260919
2026-09-20T01:19:47.5543062Z  * [new branch]            hgp/diagnostic-desktop-report-binding-20260919 -> origin/hgp/diagnostic-desktop-report-binding-20260919
2026-09-20T01:19:47.5543997Z  * [new branch]            hgp/diagnostic-exact-policy-fixture-20260918 -> origin/hgp/diagnostic-exact-policy-fixture-20260918
2026-09-20T01:19:47.5545019Z  * [new branch]            hgp/diagnostic-final-python-format-20260919 -> origin/hgp/diagnostic-final-python-format-20260919
2026-09-20T01:19:47.5545923Z  * [new branch]            hgp/diagnostic-format-acceptance-20260919 -> origin/hgp/diagnostic-format-acceptance-20260919
2026-09-20T01:19:47.5546783Z  * [new branch]            hgp/diagnostic-gitleaks-cfd1aba9-20260917 -> origin/hgp/diagnostic-gitleaks-cfd1aba9-20260917
2026-09-20T01:19:47.5547712Z  * [new branch]            hgp/diagnostic-heredoc-guard-75413 -> origin/hgp/diagnostic-heredoc-guard-75413
2026-09-20T01:19:47.5548455Z  * [new branch]            hgp/diagnostic-http-compat-20260917 -> origin/hgp/diagnostic-http-compat-20260917
2026-09-20T01:19:47.5549335Z  * [new branch]            hgp/diagnostic-initial-retry-priority-f064-20260919 -> origin/hgp/diagnostic-initial-retry-priority-f064-20260919
2026-09-20T01:19:47.5550410Z  * [new branch]            hgp/diagnostic-installation-rotation-baseline-20260919 -> origin/hgp/diagnostic-installation-rotation-baseline-20260919
2026-09-20T01:19:47.5551477Z  * [new branch]            hgp/diagnostic-installation-rotation-repair-20260919 -> origin/hgp/diagnostic-installation-rotation-repair-20260919
2026-09-20T01:19:47.5552463Z  * [new branch]            hgp/diagnostic-materialization-state-20260919 -> origin/hgp/diagnostic-materialization-state-20260919
2026-09-20T01:19:47.5553410Z  * [new branch]            hgp/diagnostic-native-activation-bf259-20260919 -> origin/hgp/diagnostic-native-activation-bf259-20260919
2026-09-20T01:19:47.5554312Z  * [new branch]            hgp/diagnostic-native-compatibility-1b514 -> origin/hgp/diagnostic-native-compatibility-1b514
2026-09-20T01:19:47.5555204Z  * [new branch]            hgp/diagnostic-native-fresh-byte-hash-20260919 -> origin/hgp/diagnostic-native-fresh-byte-hash-20260919
2026-09-20T01:19:47.5556039Z  * [new branch]            hgp/diagnostic-native-green-067ef -> origin/hgp/diagnostic-native-green-067ef
2026-09-20T01:19:47.5556824Z  * [new branch]            hgp/diagnostic-native-readiness-20260919 -> origin/hgp/diagnostic-native-readiness-20260919
2026-09-20T01:19:47.5558027Z  * [new branch]            hgp/diagnostic-native-validation-phases-20260919 -> origin/hgp/diagnostic-native-validation-phases-20260919
2026-09-20T01:19:47.5558923Z  * [new branch]            hgp/diagnostic-normal-report-resource -> origin/hgp/diagnostic-normal-report-resource
2026-09-20T01:19:47.5559777Z  * [new branch]            hgp/diagnostic-normal-report-resource-20260918 -> origin/hgp/diagnostic-normal-report-resource-20260918
2026-09-20T01:19:47.5560713Z  * [new branch]            hgp/diagnostic-oauth-fixture-recovery-20260919 -> origin/hgp/diagnostic-oauth-fixture-recovery-20260919
2026-09-20T01:19:47.5561593Z  * [new branch]            hgp/diagnostic-oracle-ready-imports-3424 -> origin/hgp/diagnostic-oracle-ready-imports-3424
2026-09-20T01:19:47.5562475Z  * [new branch]            hgp/diagnostic-owned-python-fallback-20260919 -> origin/hgp/diagnostic-owned-python-fallback-20260919
2026-09-20T01:19:47.5563370Z  * [new branch]            hgp/diagnostic-performance-phases-20260919 -> origin/hgp/diagnostic-performance-phases-20260919
2026-09-20T01:19:47.5564246Z  * [new branch]            hgp/diagnostic-performance-semantics-bc047 -> origin/hgp/diagnostic-performance-semantics-bc047
2026-09-20T01:19:47.5565126Z  * [new branch]            hgp/diagnostic-permission-metadata-20260919 -> origin/hgp/diagnostic-permission-metadata-20260919
2026-09-20T01:19:47.5566005Z  * [new branch]            hgp/diagnostic-permission-repair-20260919 -> origin/hgp/diagnostic-permission-repair-20260919
2026-09-20T01:19:47.5566844Z  * [new branch]            hgp/diagnostic-policy-composed-20260918 -> origin/hgp/diagnostic-policy-composed-20260918
2026-09-20T01:19:47.5567937Z  * [new branch]            hgp/diagnostic-policy-final-120a1db -> origin/hgp/diagnostic-policy-final-120a1db
2026-09-20T01:19:47.5568940Z  * [new branch]            hgp/diagnostic-policy-fixture-imports-20260919 -> origin/hgp/diagnostic-policy-fixture-imports-20260919
2026-09-20T01:19:47.5569937Z  * [new branch]            hgp/diagnostic-policy-fixture-isolation-20260918 -> origin/hgp/diagnostic-policy-fixture-isolation-20260918
2026-09-20T01:19:47.5570842Z  * [new branch]            hgp/diagnostic-policy-format-77-20260919 -> origin/hgp/diagnostic-policy-format-77-20260919
2026-09-20T01:19:47.5571693Z  * [new branch]            hgp/diagnostic-policy-regressions-20260919 -> origin/hgp/diagnostic-policy-regressions-20260919
2026-09-20T01:19:47.5572685Z  * [new branch]            hgp/diagnostic-policy-reliability-preflight-686-20260919 -> origin/hgp/diagnostic-policy-reliability-preflight-686-20260919
2026-09-20T01:19:47.5573679Z  * [new branch]            hgp/diagnostic-post-ack-baseline-20260919 -> origin/hgp/diagnostic-post-ack-baseline-20260919
2026-09-20T01:19:47.5574505Z  * [new branch]            hgp/diagnostic-post-ack-fixed-20260919 -> origin/hgp/diagnostic-post-ack-fixed-20260919
2026-09-20T01:19:47.5575317Z  * [new branch]            hgp/diagnostic-post-ack-format-20260919 -> origin/hgp/diagnostic-post-ack-format-20260919
2026-09-20T01:19:47.5576142Z  * [new branch]            hgp/diagnostic-prewarm-boundary-155cc5e -> origin/hgp/diagnostic-prewarm-boundary-155cc5e
2026-09-20T01:19:47.5576949Z  * [new branch]            hgp/diagnostic-prewarm-causal-1b514 -> origin/hgp/diagnostic-prewarm-causal-1b514
2026-09-20T01:19:47.5578002Z  * [new branch]            hgp/diagnostic-prewarm-terminal-155cc5e -> origin/hgp/diagnostic-prewarm-terminal-155cc5e
2026-09-20T01:19:47.5579037Z  * [new branch]            hgp/diagnostic-publication-barrier-state-20260919 -> origin/hgp/diagnostic-publication-barrier-state-20260919
2026-09-20T01:19:47.5580168Z  * [new branch]            hgp/diagnostic-publication-barrier-state-v2-20260919 -> origin/hgp/diagnostic-publication-barrier-state-v2-20260919
2026-09-20T01:19:47.5581509Z  * [new branch]            hgp/diagnostic-publication-epoch-acceptance-20260919 -> origin/hgp/diagnostic-publication-epoch-acceptance-20260919
2026-09-20T01:19:47.5582758Z  * [new branch]            hgp/diagnostic-publication-late-errors-20260919 -> origin/hgp/diagnostic-publication-late-errors-20260919
2026-09-20T01:19:47.5583913Z  * [new branch]            hgp/diagnostic-publication-supersession-20260919 -> origin/hgp/diagnostic-publication-supersession-20260919
2026-09-20T01:19:47.5584819Z  * [new branch]            hgp/diagnostic-py310-compat -> origin/hgp/diagnostic-py310-compat
2026-09-20T01:19:47.5585639Z  * [new branch]            hgp/diagnostic-receipt-fixtures-20260919 -> origin/hgp/diagnostic-receipt-fixtures-20260919
2026-09-20T01:19:47.5586791Z  * [new branch]            hgp/diagnostic-refresh-shared-reader-baseline-20260919 -> origin/hgp/diagnostic-refresh-shared-reader-baseline-20260919
2026-09-20T01:19:47.5588135Z  * [new branch]            hgp/diagnostic-report-regeneration-cc42 -> origin/hgp/diagnostic-report-regeneration-cc42
2026-09-20T01:19:47.5589221Z  * [new branch]            hgp/diagnostic-required-command-fence-c73-20260919 -> origin/hgp/diagnostic-required-command-fence-c73-20260919
2026-09-20T01:19:47.5590415Z  * [new branch]            hgp/diagnostic-required-command-fence-fixed-c73-20260919 -> origin/hgp/diagnostic-required-command-fence-fixed-c73-20260919
2026-09-20T01:19:47.5591363Z  * [new branch]            hgp/diagnostic-review-green -> origin/hgp/diagnostic-review-green
2026-09-20T01:19:47.5592312Z  * [new branch]            hgp/diagnostic-review-regressions-9a6 -> origin/hgp/diagnostic-review-regressions-9a6
2026-09-20T01:19:47.5649388Z  * [new branch]            hgp/diagnostic-rust-fixtures-20260919 -> origin/hgp/diagnostic-rust-fixtures-20260919
2026-09-20T01:19:47.5650289Z  * [new branch]            hgp/diagnostic-scanner-findings-20260917 -> origin/hgp/diagnostic-scanner-findings-20260917
2026-09-20T01:19:47.5651161Z  * [new branch]            hgp/diagnostic-scanner-findings-3dc2d9cb -> origin/hgp/diagnostic-scanner-findings-3dc2d9cb
2026-09-20T01:19:47.5652272Z  * [new branch]            hgp/diagnostic-sensitive-read-baseline-20260919 -> origin/hgp/diagnostic-sensitive-read-baseline-20260919
2026-09-20T01:19:47.5653329Z  * [new branch]            hgp/diagnostic-sensitive-read-corrected-20260919 -> origin/hgp/diagnostic-sensitive-read-corrected-20260919
2026-09-20T01:19:47.5654331Z  * [new branch]            hgp/diagnostic-signed-redaction-baseline-20260919 -> origin/hgp/diagnostic-signed-redaction-baseline-20260919
2026-09-20T01:19:47.5655311Z  * [new branch]            hgp/diagnostic-signed-redaction-commit-20260919 -> origin/hgp/diagnostic-signed-redaction-commit-20260919
2026-09-20T01:19:47.5656280Z  * [new branch]            hgp/diagnostic-sonar-current-issue-review-20260919 -> origin/hgp/diagnostic-sonar-current-issue-review-20260919
2026-09-20T01:19:47.5657401Z  * [new branch]            hgp/diagnostic-sonar-issue-read-20260919 -> origin/hgp/diagnostic-sonar-issue-read-20260919
2026-09-20T01:19:47.5658280Z  * [new branch]            hgp/diagnostic-sonar-issue-review-20260919 -> origin/hgp/diagnostic-sonar-issue-review-20260919
2026-09-20T01:19:47.5659160Z  * [new branch]            hgp/diagnostic-source-free-capture-20260919 -> origin/hgp/diagnostic-source-free-capture-20260919
2026-09-20T01:19:47.5659992Z  * [new branch]            hgp/diagnostic-storage-boundary-35 -> origin/hgp/diagnostic-storage-boundary-35
2026-09-20T01:19:47.5660738Z  * [new branch]            hgp/diagnostic-storage-cleanup-35 -> origin/hgp/diagnostic-storage-cleanup-35
2026-09-20T01:19:47.5661552Z  * [new branch]            hgp/diagnostic-storage-required-job-20260919 -> origin/hgp/diagnostic-storage-required-job-20260919
2026-09-20T01:19:47.5662406Z  * [new branch]            hgp/diagnostic-storage-tracing-20260919 -> origin/hgp/diagnostic-storage-tracing-20260919
2026-09-20T01:19:47.5663331Z  * [new branch]            hgp/diagnostic-store-extraction-acceptance-20260919 -> origin/hgp/diagnostic-store-extraction-acceptance-20260919
2026-09-20T01:19:47.5664287Z  * [new branch]            hgp/diagnostic-test-type-baseline-20260919 -> origin/hgp/diagnostic-test-type-baseline-20260919
2026-09-20T01:19:47.5665346Z  * [new branch]            hgp/diagnostic-toml-type-compatibility-20260919 -> origin/hgp/diagnostic-toml-type-compatibility-20260919
2026-09-20T01:19:47.5666231Z  * [new branch]            hgp/diagnostic-transition-lock-20260919 -> origin/hgp/diagnostic-transition-lock-20260919
2026-09-20T01:19:47.5667275Z  * [new branch]            hgp/diagnostic-transition-lock-fixed-20260919 -> origin/hgp/diagnostic-transition-lock-fixed-20260919
2026-09-20T01:19:47.5668183Z  * [new branch]            hgp/diagnostic-transition-lock-v2-20260919 -> origin/hgp/diagnostic-transition-lock-v2-20260919
2026-09-20T01:19:47.5669024Z  * [new branch]            hgp/diagnostic-worker-lifecycle-20260919 -> origin/hgp/diagnostic-worker-lifecycle-20260919
2026-09-20T01:19:47.5669908Z  * [new branch]            hgp/diagnostic-worker-lifecycle-repair-20260919 -> origin/hgp/diagnostic-worker-lifecycle-repair-20260919
2026-09-20T01:19:47.5670826Z  * [new branch]            hgp/diagnostic-workspace-ancestor-20260918 -> origin/hgp/diagnostic-workspace-ancestor-20260918
2026-09-20T01:19:47.5671753Z  * [new branch]            hgp/diagnostic-workspace-ancestor-repair-20260918 -> origin/hgp/diagnostic-workspace-ancestor-repair-20260918
2026-09-20T01:19:47.5672668Z  * [new branch]            hgp/diagnostic-workspace-config-20260918 -> origin/hgp/diagnostic-workspace-config-20260918
2026-09-20T01:19:47.5673598Z  * [new branch]            hgp/diagnostic-workspace-config-formatted-20260918 -> origin/hgp/diagnostic-workspace-config-formatted-20260918
2026-09-20T01:19:47.5674590Z  * [new branch]            hgp/diagnostic-workspace-config-repair-20260918 -> origin/hgp/diagnostic-workspace-config-repair-20260918
2026-09-20T01:19:47.5675585Z  * [new branch]            hgp/diagnostic-workspace-containment-final-20260918 -> origin/hgp/diagnostic-workspace-containment-final-20260918
2026-09-20T01:19:47.5676727Z  * [new branch]            hgp/diagnostic-workspace-literal-paths-20260918 -> origin/hgp/diagnostic-workspace-literal-paths-20260918
2026-09-20T01:19:47.5677791Z  * [new branch]            hgp/native-command-row-association -> origin/hgp/native-command-row-association
2026-09-20T01:19:47.5678495Z  * [new branch]            hgp/native-literal-evaluator -> origin/hgp/native-literal-evaluator
2026-09-20T01:19:47.5679195Z  * [new branch]            hgp/native-literal-materialization -> origin/hgp/native-literal-materialization
2026-09-20T01:19:47.5679979Z  * [new branch]            hgp/policy-inventory-contract-followup -> origin/hgp/policy-inventory-contract-followup
2026-09-20T01:19:47.5680793Z  * [new branch]            hgp/repair-policy-acceptance-20260919 -> origin/hgp/repair-policy-acceptance-20260919
2026-09-20T01:19:47.5681639Z  * [new branch]            hgp/runtime-managed-revision-proof-20260917 -> origin/hgp/runtime-managed-revision-proof-20260917
2026-09-20T01:19:47.5682459Z  * [new branch]            hgp/workspace-preference-contract -> origin/hgp/workspace-preference-contract
2026-09-20T01:19:47.5683154Z  * [new branch]            inspect/paseo-main-ci-source -> origin/inspect/paseo-main-ci-source
2026-09-20T01:19:47.5683760Z  * [new branch]            kantorcodes-patch-1     -> origin/kantorcodes-patch-1
2026-09-20T01:19:47.5684298Z  * [new branch]            kantorcodes-patch-2     -> origin/kantorcodes-patch-2
2026-09-20T01:19:47.5684835Z  * [new branch]            kantorcodes-patch-3     -> origin/kantorcodes-patch-3
2026-09-20T01:19:47.5685366Z  * [new branch]            kantorcodes-patch-4     -> origin/kantorcodes-patch-4
2026-09-20T01:19:47.5685989Z  * [new branch]            kantorcodes/fix-cloud-connection -> origin/kantorcodes/fix-cloud-connection
2026-09-20T01:19:47.5686566Z  * [new branch]            main                    -> origin/main
2026-09-20T01:19:47.5687523Z  * [new branch]            managed-controls/batch-01-product-contract -> origin/managed-controls/batch-01-product-contract
2026-09-20T01:19:47.5688413Z  * [new branch]            managed-controls/batch-02-actions-limits -> origin/managed-controls/batch-02-actions-limits
2026-09-20T01:19:47.5689443Z  * [new branch]            managed-controls/batch-02-actions-limits-clean -> origin/managed-controls/batch-02-actions-limits-clean
2026-09-20T01:19:47.5690397Z  * [new branch]            managed-controls/batch-04-catalog-privacy-identity -> origin/managed-controls/batch-04-catalog-privacy-identity
2026-09-20T01:19:47.5691361Z  * [new branch]            managed-controls/batch-05-authority-composition -> origin/managed-controls/batch-05-authority-composition
2026-09-20T01:19:47.5692315Z  * [new branch]            managed-controls/batch-06-bundle-extension-targets -> origin/managed-controls/batch-06-bundle-extension-targets
2026-09-20T01:19:47.5693190Z  * [new branch]            managed-controls/batch-07-atomic-apply -> origin/managed-controls/batch-07-atomic-apply
2026-09-20T01:19:47.5694044Z  * [new branch]            managed-controls/batch-08-acknowledgement-drift -> origin/managed-controls/batch-08-acknowledgement-drift
2026-09-20T01:19:47.5695037Z  * [new branch]            managed-controls/batch-09-package-firewall-delegation -> origin/managed-controls/batch-09-package-firewall-delegation
2026-09-20T01:19:47.5696056Z  * [new branch]            managed-controls/batch-10-compatibility-migration -> origin/managed-controls/batch-10-compatibility-migration
2026-09-20T01:19:47.5696998Z  * [new branch]            managed-controls/batch-11-local-protection-model -> origin/managed-controls/batch-11-local-protection-model
2026-09-20T01:19:47.5698106Z  * [new branch]            managed-controls/batch-12-rules-exceptions-model -> origin/managed-controls/batch-12-rules-exceptions-model
2026-09-20T01:19:47.5699134Z  * [new branch]            managed-controls/batch-13-custom-extension-continuity -> origin/managed-controls/batch-13-custom-extension-continuity
2026-09-20T01:19:47.5700248Z  * [new branch]            managed-controls/batch-13-extension-policy-parser -> origin/managed-controls/batch-13-extension-policy-parser
2026-09-20T01:19:47.5701275Z  * [new branch]            managed-controls/batch-13-local-parser-shared-posture -> origin/managed-controls/batch-13-local-parser-shared-posture
2026-09-20T01:19:47.5702261Z  * [new branch]            managed-controls/batch-14-privacy-telemetry-flags -> origin/managed-controls/batch-14-privacy-telemetry-flags
2026-09-20T01:19:47.5703176Z  * [new branch]            managed-controls/batch-15-adversarial-runtime -> origin/managed-controls/batch-15-adversarial-runtime
2026-09-20T01:19:47.5704090Z  * [new branch]            managed-controls/batch-16-operations-performance -> origin/managed-controls/batch-16-operations-performance
2026-09-20T01:19:47.5704998Z  * [new branch]            managed-controls/batch-17-local-release-gate -> origin/managed-controls/batch-17-local-release-gate
2026-09-20T01:19:47.5705812Z  * [new branch]            managed-controls/full-implementation -> origin/managed-controls/full-implementation
2026-09-20T01:19:47.5706660Z  * [new branch]            managed-controls/points-portal-source-snapshot -> origin/managed-controls/points-portal-source-snapshot
2026-09-20T01:19:47.5707691Z  * [new branch]            managed-controls/program-bootstrap -> origin/managed-controls/program-bootstrap
2026-09-20T01:19:47.5708380Z  * [new branch]            ops/beta20-build-failure-log -> origin/ops/beta20-build-failure-log
2026-09-20T01:19:47.5709039Z  * [new branch]            ops/beta20-public-macos-build -> origin/ops/beta20-public-macos-build
2026-09-20T01:19:47.5709800Z  * [new branch]            ops/install-growth-route-test-20260813 -> origin/ops/install-growth-route-test-20260813
2026-09-20T01:19:47.5710522Z  * [new branch]            perf/ci-balance-headroom -> origin/perf/ci-balance-headroom
2026-09-20T01:19:47.5711158Z  * [new branch]            perf/ci-precomputed-32-shards -> origin/perf/ci-precomputed-32-shards
2026-09-20T01:19:47.5711834Z  * [new branch]            perf/ci-split-node-heavy-files -> origin/perf/ci-split-node-heavy-files
2026-09-20T01:19:47.5712471Z  * [new branch]            perf/ci-under-5-minutes -> origin/perf/ci-under-5-minutes
2026-09-20T01:19:47.5713206Z  * [new branch]            perf/ci-under-5-minutes-v2 -> origin/perf/ci-under-5-minutes-v2
2026-09-20T01:19:47.5713814Z  * [new branch]            perf/ci-under-5-minutes-v3 -> origin/perf/ci-under-5-minutes-v3
2026-09-20T01:19:47.5714467Z  * [new branch]            perf/guard-hook-startup-sqlite -> origin/perf/guard-hook-startup-sqlite
2026-09-20T01:19:47.5715101Z  * [new branch]            perf/hook-import-weight -> origin/perf/hook-import-weight
2026-09-20T01:19:47.5715732Z  * [new branch]            perf/native-desktop-hook-proxy -> origin/perf/native-desktop-hook-proxy
2026-09-20T01:19:47.5716471Z  * [new branch]            perf/native-desktop-hook-proxy-final -> origin/perf/native-desktop-hook-proxy-final
2026-09-20T01:19:47.5717359Z  * [new branch]            perf/upgrade-shims-store-growth -> origin/perf/upgrade-shims-store-growth
2026-09-20T01:19:47.5718121Z  * [new branch]            policy-matcher-observation-contract -> origin/policy-matcher-observation-contract
2026-09-20T01:19:47.5718992Z  * [new branch]            refactor/guard-package-firewall-connect-api -> origin/refactor/guard-package-firewall-connect-api
2026-09-20T01:19:47.5719854Z  * [new branch]            refactor/release-22-secret-file-services -> origin/refactor/release-22-secret-file-services
2026-09-20T01:19:47.5720748Z  * [new branch]            refactor/release-3-code-quality-hardening -> origin/refactor/release-3-code-quality-hardening
2026-09-20T01:19:47.5721567Z  * [new branch]            refactor/release-3-dead-code-deep-pass -> origin/refactor/release-3-dead-code-deep-pass
2026-09-20T01:19:47.5722210Z  * [new branch]            release/2.2             -> origin/release/2.2
2026-09-20T01:19:47.5722694Z  * [new branch]            release/3.0             -> origin/release/3.0
2026-09-20T01:19:47.5723166Z  * [new branch]            release/3.1             -> origin/release/3.1
2026-09-20T01:19:47.5723812Z  * [new branch]            release/3.1-policy-v3   -> origin/release/3.1-policy-v3
2026-09-20T01:19:47.5724338Z  * [new branch]            release/3.2             -> origin/release/3.2
2026-09-20T01:19:47.5725034Z  * [new branch]            release/backport-appimage-runtime-owner -> origin/release/backport-appimage-runtime-owner
2026-09-20T01:19:47.5725880Z  * [new branch]            release/sync-repository-version-v2.0.1014 -> origin/release/sync-repository-version-v2.0.1014
2026-09-20T01:19:47.5726718Z  * [new branch]            release/sync-repository-version-v2.0.1062 -> origin/release/sync-repository-version-v2.0.1062
2026-09-20T01:19:47.5727864Z  * [new branch]            release/sync-repository-version-v2.0.1067 -> origin/release/sync-repository-version-v2.0.1067
2026-09-20T01:19:47.5728706Z  * [new branch]            release/sync-repository-version-v2.0.1069 -> origin/release/sync-repository-version-v2.0.1069
2026-09-20T01:19:47.5729542Z  * [new branch]            release/sync-repository-version-v2.0.1071 -> origin/release/sync-repository-version-v2.0.1071
2026-09-20T01:19:47.5730364Z  * [new branch]            release/sync-repository-version-v2.0.1073 -> origin/release/sync-repository-version-v2.0.1073
2026-09-20T01:19:47.5731189Z  * [new branch]            release/sync-repository-version-v2.0.1074 -> origin/release/sync-repository-version-v2.0.1074
2026-09-20T01:19:47.5731997Z  * [new branch]            release/sync-repository-version-v2.0.1075 -> origin/release/sync-repository-version-v2.0.1075
2026-09-20T01:19:47.5732812Z  * [new branch]            release/sync-repository-version-v2.0.1076 -> origin/release/sync-repository-version-v2.0.1076
2026-09-20T01:19:47.5733632Z  * [new branch]            release/sync-repository-version-v2.0.1077 -> origin/release/sync-repository-version-v2.0.1077
2026-09-20T01:19:47.5734450Z  * [new branch]            release/sync-repository-version-v2.0.1078 -> origin/release/sync-repository-version-v2.0.1078
2026-09-20T01:19:47.5735275Z  * [new branch]            release/sync-repository-version-v2.0.1079 -> origin/release/sync-repository-version-v2.0.1079
2026-09-20T01:19:47.5736237Z  * [new branch]            release/sync-repository-version-v2.0.1080 -> origin/release/sync-repository-version-v2.0.1080
2026-09-20T01:19:47.5737062Z  * [new branch]            release/sync-repository-version-v2.0.1081 -> origin/release/sync-repository-version-v2.0.1081
2026-09-20T01:19:47.5738031Z  * [new branch]            release/sync-repository-version-v2.0.1082 -> origin/release/sync-repository-version-v2.0.1082
2026-09-20T01:19:47.5738846Z  * [new branch]            release/sync-repository-version-v2.0.1083 -> origin/release/sync-repository-version-v2.0.1083
2026-09-20T01:19:47.5739664Z  * [new branch]            release/sync-repository-version-v2.0.1084 -> origin/release/sync-repository-version-v2.0.1084
2026-09-20T01:19:47.5740476Z  * [new branch]            release/sync-repository-version-v2.0.1085 -> origin/release/sync-repository-version-v2.0.1085
2026-09-20T01:19:47.5741302Z  * [new branch]            release/sync-repository-version-v2.0.1086 -> origin/release/sync-repository-version-v2.0.1086
2026-09-20T01:19:47.5742125Z  * [new branch]            release/sync-repository-version-v2.0.1087 -> origin/release/sync-repository-version-v2.0.1087
2026-09-20T01:19:47.5742930Z  * [new branch]            release/sync-repository-version-v2.0.1088 -> origin/release/sync-repository-version-v2.0.1088
2026-09-20T01:19:47.5743747Z  * [new branch]            release/sync-repository-version-v2.0.1089 -> origin/release/sync-repository-version-v2.0.1089
2026-09-20T01:19:47.5744568Z  * [new branch]            release/sync-repository-version-v2.0.1090 -> origin/release/sync-repository-version-v2.0.1090
2026-09-20T01:19:47.5745384Z  * [new branch]            release/sync-repository-version-v2.0.1091 -> origin/release/sync-repository-version-v2.0.1091
2026-09-20T01:19:47.5746196Z  * [new branch]            release/sync-repository-version-v2.0.1092 -> origin/release/sync-repository-version-v2.0.1092
2026-09-20T01:19:47.5747280Z  * [new branch]            release/sync-repository-version-v2.0.1093 -> origin/release/sync-repository-version-v2.0.1093
2026-09-20T01:19:47.5748138Z  * [new branch]            release/sync-repository-version-v2.0.1094 -> origin/release/sync-repository-version-v2.0.1094
2026-09-20T01:19:47.5748964Z  * [new branch]            release/sync-repository-version-v2.0.1095 -> origin/release/sync-repository-version-v2.0.1095
2026-09-20T01:19:47.5749780Z  * [new branch]            release/sync-repository-version-v2.0.1096 -> origin/release/sync-repository-version-v2.0.1096
2026-09-20T01:19:47.5750596Z  * [new branch]            release/sync-repository-version-v2.0.1097 -> origin/release/sync-repository-version-v2.0.1097
2026-09-20T01:19:47.5751408Z  * [new branch]            release/sync-repository-version-v2.0.1098 -> origin/release/sync-repository-version-v2.0.1098
2026-09-20T01:19:47.5752243Z  * [new branch]            release/sync-repository-version-v2.0.1099 -> origin/release/sync-repository-version-v2.0.1099
2026-09-20T01:19:47.5753057Z  * [new branch]            release/sync-repository-version-v2.0.1100 -> origin/release/sync-repository-version-v2.0.1100
2026-09-20T01:19:47.5753867Z  * [new branch]            release/sync-repository-version-v2.0.1101 -> origin/release/sync-repository-version-v2.0.1101
2026-09-20T01:19:47.5754676Z  * [new branch]            release/sync-repository-version-v2.0.1102 -> origin/release/sync-repository-version-v2.0.1102
2026-09-20T01:19:47.5755485Z  * [new branch]            release/sync-repository-version-v2.0.1103 -> origin/release/sync-repository-version-v2.0.1103
2026-09-20T01:19:47.5756300Z  * [new branch]            release/sync-repository-version-v2.0.1104 -> origin/release/sync-repository-version-v2.0.1104
2026-09-20T01:19:47.5757399Z  * [new branch]            release/sync-repository-version-v2.0.1105 -> origin/release/sync-repository-version-v2.0.1105
2026-09-20T01:19:47.5758641Z  * [new branch]            release/sync-repository-version-v2.0.1106 -> origin/release/sync-repository-version-v2.0.1106
2026-09-20T01:19:47.5759658Z  * [new branch]            release/sync-repository-version-v2.0.1107 -> origin/release/sync-repository-version-v2.0.1107
2026-09-20T01:19:47.5760482Z  * [new branch]            release/sync-repository-version-v2.0.1108 -> origin/release/sync-repository-version-v2.0.1108
2026-09-20T01:19:47.5761292Z  * [new branch]            release/sync-repository-version-v2.0.1109 -> origin/release/sync-repository-version-v2.0.1109
2026-09-20T01:19:47.5762104Z  * [new branch]            release/sync-repository-version-v2.0.1110 -> origin/release/sync-repository-version-v2.0.1110
2026-09-20T01:19:47.5762918Z  * [new branch]            release/sync-repository-version-v2.0.1111 -> origin/release/sync-repository-version-v2.0.1111
2026-09-20T01:19:47.5763736Z  * [new branch]            release/sync-repository-version-v2.0.1112 -> origin/release/sync-repository-version-v2.0.1112
2026-09-20T01:19:47.5764551Z  * [new branch]            release/sync-repository-version-v2.0.1113 -> origin/release/sync-repository-version-v2.0.1113
2026-09-20T01:19:47.5765368Z  * [new branch]            release/sync-repository-version-v2.0.1114 -> origin/release/sync-repository-version-v2.0.1114
2026-09-20T01:19:47.5766179Z  * [new branch]            release/sync-repository-version-v2.0.1115 -> origin/release/sync-repository-version-v2.0.1115
2026-09-20T01:19:47.5766992Z  * [new branch]            release/sync-repository-version-v2.0.1116 -> origin/release/sync-repository-version-v2.0.1116
2026-09-20T01:19:47.5768182Z  * [new branch]            release/sync-repository-version-v2.0.1117 -> origin/release/sync-repository-version-v2.0.1117
2026-09-20T01:19:47.5769000Z  * [new branch]            release/sync-repository-version-v2.0.848 -> origin/release/sync-repository-version-v2.0.848
2026-09-20T01:19:47.5769806Z  * [new branch]            release/sync-repository-version-v2.0.849 -> origin/release/sync-repository-version-v2.0.849
2026-09-20T01:19:47.5770752Z  * [new branch]            release/sync-repository-version-v2.0.850 -> origin/release/sync-repository-version-v2.0.850
2026-09-20T01:19:47.5771574Z  * [new branch]            release/sync-repository-version-v2.0.851 -> origin/release/sync-repository-version-v2.0.851
2026-09-20T01:19:47.5772377Z  * [new branch]            release/sync-repository-version-v2.0.852 -> origin/release/sync-repository-version-v2.0.852
2026-09-20T01:19:47.5773171Z  * [new branch]            release/sync-repository-version-v2.0.853 -> origin/release/sync-repository-version-v2.0.853
2026-09-20T01:19:47.5773968Z  * [new branch]            release/sync-repository-version-v2.0.854 -> origin/release/sync-repository-version-v2.0.854
2026-09-20T01:19:47.5774761Z  * [new branch]            release/sync-repository-version-v2.0.857 -> origin/release/sync-repository-version-v2.0.857
2026-09-20T01:19:47.5775565Z  * [new branch]            release/sync-repository-version-v2.0.858 -> origin/release/sync-repository-version-v2.0.858
2026-09-20T01:19:47.5776371Z  * [new branch]            release/sync-repository-version-v2.0.859 -> origin/release/sync-repository-version-v2.0.859
2026-09-20T01:19:47.5777313Z  * [new branch]            release/sync-repository-version-v2.0.860 -> origin/release/sync-repository-version-v2.0.860
2026-09-20T01:19:47.5778121Z  * [new branch]            release/sync-repository-version-v2.0.861 -> origin/release/sync-repository-version-v2.0.861
2026-09-20T01:19:47.5778925Z  * [new branch]            release/sync-repository-version-v2.0.862 -> origin/release/sync-repository-version-v2.0.862
2026-09-20T01:19:47.5779722Z  * [new branch]            release/sync-repository-version-v2.0.893 -> origin/release/sync-repository-version-v2.0.893
2026-09-20T01:19:47.5780523Z  * [new branch]            release/sync-repository-version-v2.0.922 -> origin/release/sync-repository-version-v2.0.922
2026-09-20T01:19:47.5781325Z  * [new branch]            release/sync-repository-version-v2.0.963 -> origin/release/sync-repository-version-v2.0.963
2026-09-20T01:19:47.5782133Z  * [new branch]            release/sync-repository-version-v2.0.967 -> origin/release/sync-repository-version-v2.0.967
2026-09-20T01:19:47.5783217Z  * [new branch]            repro/extension-authority-repair-banner-20260907 -> origin/repro/extension-authority-repair-banner-20260907
2026-09-20T01:19:47.5784143Z  * [new branch]            revert-1194-fix/progress-bar-stuck-at-zero -> origin/revert-1194-fix/progress-bar-stuck-at-zero
2026-09-20T01:19:47.5784908Z  * [new branch]            rust/authority-t001-t100-final -> origin/rust/authority-t001-t100-final
2026-09-20T01:19:47.5785593Z  * [new branch]            rust/hotpath-authority-t001-t100 -> origin/rust/hotpath-authority-t001-t100
2026-09-20T01:19:47.5786260Z  * [new branch]            test/cline-live-e2e-20260808 -> origin/test/cline-live-e2e-20260808
2026-09-20T01:19:47.5786947Z  * [new branch]            test/cline-live-e2e-final-20260808 -> origin/test/cline-live-e2e-final-20260808
2026-09-20T01:19:47.5787856Z  * [new branch]            test/cline-live-e2e-fix-20260808 -> origin/test/cline-live-e2e-fix-20260808
2026-09-20T01:19:47.5788498Z  * [new branch]            test/cloud-local-identity -> origin/test/cloud-local-identity
2026-09-20T01:19:47.5789222Z  * [new branch]            test/durable-exact-shell-approval-expiry -> origin/test/durable-exact-shell-approval-expiry
2026-09-20T01:19:47.5789915Z  * [new branch]            test/fec-schema-18      -> origin/test/fec-schema-18
2026-09-20T01:19:47.5790545Z  * [new branch]            test/g6-decision-evidence-refresh -> origin/test/g6-decision-evidence-refresh
2026-09-20T01:19:47.5791169Z  * [new branch]            test/g6-quality-gate    -> origin/test/g6-quality-gate
2026-09-20T01:19:47.5791770Z  * [new branch]            test/guard-loopback-port-retry -> origin/test/guard-loopback-port-retry
2026-09-20T01:19:47.5792464Z  * [new branch]            test/guard-offline-local-blocking -> origin/test/guard-offline-local-blocking
2026-09-20T01:19:47.5793327Z  * [new branch]            test/installed-timing-observations -> origin/test/installed-timing-observations
2026-09-20T01:19:47.5794143Z  * [new branch]            test/native-client-invalid-input-baseline -> origin/test/native-client-invalid-input-baseline
2026-09-20T01:19:47.5794986Z  * [new branch]            test/network-remediation-proof-101-119 -> origin/test/network-remediation-proof-101-119
2026-09-20T01:19:47.5795758Z  * [new branch]            test/raw-command-text-propagation -> origin/test/raw-command-text-propagation
2026-09-20T01:19:47.5796558Z  * [new branch]            test/release-22-consolidate-redundant-cases -> origin/test/release-22-consolidate-redundant-cases
2026-09-20T01:19:47.5797522Z  * [new branch]            test/release-22-omp-burst-deadline -> origin/test/release-22-omp-burst-deadline
2026-09-20T01:19:47.5798250Z  * [new branch]            test/release-22-reconnect-test-sync -> origin/test/release-22-reconnect-test-sync
2026-09-20T01:19:47.5798991Z  * [new branch]            test/release-22-specialized-corpus -> origin/test/release-22-specialized-corpus
2026-09-20T01:19:47.5799747Z  * [new branch]            test/secrets-complete-release-gate-v2 -> origin/test/secrets-complete-release-gate-v2
2026-09-20T01:19:47.5800425Z  * [new branch]            test/w6-assurance-gates -> origin/test/w6-assurance-gates
2026-09-20T01:19:47.5801058Z  * [new branch]            tmp/everyday-101-export-20260828 -> origin/tmp/everyday-101-export-20260828
2026-09-20T01:19:47.5801743Z  * [new branch]            tmp/everyday-201-export-20260828 -> origin/tmp/everyday-201-export-20260828
2026-09-20T01:19:47.5802435Z  * [new branch]            tmp/everyday-base-export-20260828 -> origin/tmp/everyday-base-export-20260828
2026-09-20T01:19:47.5803202Z  * [new branch]            tmp/everyday-completion-source-20260903 -> origin/tmp/everyday-completion-source-20260903
2026-09-20T01:19:47.5804031Z  * [new branch]            tmp/everyday-mode-base-snapshot-20260825 -> origin/tmp/everyday-mode-base-snapshot-20260825
2026-09-20T01:19:47.5804922Z  * [new branch]            tmp/everyday-mode-batch1-rebase-runner-20260825 -> origin/tmp/everyday-mode-batch1-rebase-runner-20260825
2026-09-20T01:19:47.5805924Z  * [new branch]            tmp/everyday-orchestrator-20260826-v2 -> origin/tmp/everyday-orchestrator-20260826-v2
2026-09-20T01:19:47.5806705Z  * [new branch]            tmp/everyday-payload-export-20260903 -> origin/tmp/everyday-payload-export-20260903
2026-09-20T01:19:47.5807772Z  * [new branch]            tmp/everyday-pr2569-clean-v3-20260826 -> origin/tmp/everyday-pr2569-clean-v3-20260826
2026-09-20T01:19:47.5808574Z  * [new branch]            tmp/everyday-r32-fixture-export-20260903 -> origin/tmp/everyday-r32-fixture-export-20260903
2026-09-20T01:19:47.5809278Z  * [new branch]            tmp/everyday-v32-source -> origin/tmp/everyday-v32-source
2026-09-20T01:19:47.5810011Z  * [new branch]            tmp/export-pr2372-permanent-assets-20260815 -> origin/tmp/export-pr2372-permanent-assets-20260815
2026-09-20T01:19:47.5810788Z  * [new branch]            tmp/finish-pr2569-20260826-v1 -> origin/tmp/finish-pr2569-20260826-v1
2026-09-20T01:19:47.5811433Z  * [new branch]            tmp/finish-pr2588-20260826-v1 -> origin/tmp/finish-pr2588-20260826-v1
2026-09-20T01:19:47.5812118Z  * [new branch]            tmp/finish-prs-2569-2588-20260826-v2 -> origin/tmp/finish-prs-2569-2588-20260826-v2
2026-09-20T01:19:47.5812792Z  * [new branch]            tmp/mdm-ruff-format-diff -> origin/tmp/mdm-ruff-format-diff
2026-09-20T01:19:47.5813372Z  * [new branch]            tmp/pr2104-rebase-20260807 -> origin/tmp/pr2104-rebase-20260807
2026-09-20T01:19:47.5813973Z  * [new branch]            tmp/pr2110-finalize-20260807 -> origin/tmp/pr2110-finalize-20260807
2026-09-20T01:19:47.5814727Z  * [new branch]            tmp/pr2400-authoritative-finalizer-20260816 -> origin/tmp/pr2400-authoritative-finalizer-20260816
2026-09-20T01:19:47.5815516Z  * [new branch]            tmp/pr2400-deliver-clean-20260816 -> origin/tmp/pr2400-deliver-clean-20260816
2026-09-20T01:19:47.5816351Z  * [new branch]            tmp/pr2400-rebase-source-20260816 -> origin/tmp/pr2400-rebase-source-20260816
2026-09-20T01:19:47.5817015Z  * [new branch]            tmp/pr2569-base-20260825-2 -> origin/tmp/pr2569-base-20260825-2
2026-09-20T01:19:47.5817819Z  * [new branch]            tmp/pr2569-base-snapshot-20260825 -> origin/tmp/pr2569-base-snapshot-20260825
2026-09-20T01:19:47.5818542Z  * [new branch]            tmp/pr2569-conflict-audit-20260826 -> origin/tmp/pr2569-conflict-audit-20260826
2026-09-20T01:19:47.5819364Z  * [new branch]            tmp/pr2569-current-base-snapshot-20260825-95032c -> origin/tmp/pr2569-current-base-snapshot-20260825-95032c
2026-09-20T01:19:47.5820197Z  * [new branch]            tmp/pr2569-merge-base-20260825 -> origin/tmp/pr2569-merge-base-20260825
2026-09-20T01:19:47.5820864Z  * [new branch]            tmp/pr2569-orchestrate-20260826 -> origin/tmp/pr2569-orchestrate-20260826
2026-09-20T01:19:47.5821628Z  * [new branch]            tmp/pr2569-original-base-snapshot-20260825 -> origin/tmp/pr2569-original-base-snapshot-20260825
2026-09-20T01:19:47.5822447Z  * [new branch]            tmp/pr2569-rebase-runner-20260825-v2 -> origin/tmp/pr2569-rebase-runner-20260825-v2
2026-09-20T01:19:47.5823251Z  * [new branch]            tmp/pr2691-windows-durable-debug-20260902 -> origin/tmp/pr2691-windows-durable-debug-20260902
2026-09-20T01:19:47.5824115Z  * [new branch]            tmp/pretool-native-authority-source-20260815 -> origin/tmp/pretool-native-authority-source-20260815
2026-09-20T01:19:47.5825004Z  * [new branch]            tmp/reconcile-canonical-dashboard-20260811 -> origin/tmp/reconcile-canonical-dashboard-20260811
2026-09-20T01:19:47.5825925Z  * [new branch]            tmp/reconcile-canonical-dashboard-20260811-check -> origin/tmp/reconcile-canonical-dashboard-20260811-check
2026-09-20T01:19:47.5826885Z  * [new branch]            tmp/reconcile-canonical-dashboard-20260811-final -> origin/tmp/reconcile-canonical-dashboard-20260811-final
2026-09-20T01:19:47.5827911Z  * [new branch]            tmp/rust-authority-local-source-20260827 -> origin/tmp/rust-authority-local-source-20260827
2026-09-20T01:19:47.5828854Z  * [new branch]            tmp/rust-merge-base-source-20260813 -> origin/tmp/rust-merge-base-source-20260813
2026-09-20T01:19:47.5829571Z  * [new branch]            tmp/rust-p0-export-release-92d0 -> origin/tmp/rust-p0-export-release-92d0
2026-09-20T01:19:47.5830301Z  * [new branch]            tmp/rust-p0-export-release-92d0-copy -> origin/tmp/rust-p0-export-release-92d0-copy
2026-09-20T01:19:47.5831050Z  * [new branch]            tmp/rust-p0-latest-bundle-20260814 -> origin/tmp/rust-p0-latest-bundle-20260814
2026-09-20T01:19:47.5831778Z  * [new branch]            tmp/rust-p0-latest-bundle-20260814b -> origin/tmp/rust-p0-latest-bundle-20260814b
2026-09-20T01:19:47.5832506Z  * [new branch]            tmp/rust-p0-latest-bundle-20260814c -> origin/tmp/rust-p0-latest-bundle-20260814c
2026-09-20T01:19:47.5833245Z  * [new branch]            tmp/rust-p0-latest-bundle-20260814d -> origin/tmp/rust-p0-latest-bundle-20260814d
2026-09-20T01:19:47.5834055Z  * [new branch]            tmp/rust-p0-latest-release-source-20260814 -> origin/tmp/rust-p0-latest-release-source-20260814
2026-09-20T01:19:47.5834934Z  * [new branch]            tmp/rust-p0-p2-remediation-confirm-20260815 -> origin/tmp/rust-p0-p2-remediation-confirm-20260815
2026-09-20T01:19:47.5835804Z  * [new branch]            tmp/rust-p0-p2-remediation-verifier-20260815 -> origin/tmp/rust-p0-p2-remediation-verifier-20260815
2026-09-20T01:19:47.5836724Z  * [new branch]            tmp/rust-p0-p2-remediation-verifier-v2-20260815 -> origin/tmp/rust-p0-p2-remediation-verifier-v2-20260815
2026-09-20T01:19:47.5837958Z  * [new branch]            tmp/rust-p1-p2-bundle-20260814 -> origin/tmp/rust-p1-p2-bundle-20260814
2026-09-20T01:19:47.5838640Z  * [new branch]            tmp/rust-p1-p2-compile-20260815 -> origin/tmp/rust-p1-p2-compile-20260815
2026-09-20T01:19:47.5839410Z  * [new branch]            tmp/rust-p1p2-final-verification-20260814 -> origin/tmp/rust-p1p2-final-verification-20260814
2026-09-20T01:19:47.5840365Z  * [new branch]            tmp/rust-p1p2-patch-staging-20260814 -> origin/tmp/rust-p1p2-patch-staging-20260814
2026-09-20T01:19:47.5841483Z  * [new branch]            tmp/rust-p1p2-release-asset-staging -> origin/tmp/rust-p1p2-release-asset-staging
2026-09-20T01:19:47.5842664Z  * [new branch]            tmp/rust-p1p2-release-asset-staging-v2 -> origin/tmp/rust-p1p2-release-asset-staging-v2
2026-09-20T01:19:47.5843487Z  * [new branch]            tmp/rust-p1p2-release-asset-staging-v3 -> origin/tmp/rust-p1p2-release-asset-staging-v3
2026-09-20T01:19:47.5844246Z  * [new branch]            tmp/rust-p1p2-release-tag-target -> origin/tmp/rust-p1p2-release-tag-target
2026-09-20T01:19:47.5844941Z  * [new branch]            tmp/rust-p1p2-shepherd-20260814 -> origin/tmp/rust-p1p2-shepherd-20260814
2026-09-20T01:19:47.5845624Z  * [new branch]            tmp/rust-p1p2-transfer-20260814 -> origin/tmp/rust-p1p2-transfer-20260814
2026-09-20T01:19:47.5846342Z  * [new branch]            tmp/rust-pr2310-base-source-20260813 -> origin/tmp/rust-pr2310-base-source-20260813
2026-09-20T01:19:47.5847300Z  * [new branch]            tmp/rust-resume-source-20260813 -> origin/tmp/rust-resume-source-20260813
2026-09-20T01:19:47.5848120Z  * [new branch]            tmp/rust-safety-kernel-source-20260813 -> origin/tmp/rust-safety-kernel-source-20260813
2026-09-20T01:19:47.5848896Z  * [new branch]            tmp/rust-source-path-windows-root -> origin/tmp/rust-source-path-windows-root
2026-09-20T01:19:47.5849710Z  * [new branch]            tmp/rust-supervision-final-source-20260813 -> origin/tmp/rust-supervision-final-source-20260813
2026-09-20T01:19:47.5850529Z  * [new branch]            tmp/rust-supervision-source-20260813 -> origin/tmp/rust-supervision-source-20260813
2026-09-20T01:19:47.5851377Z  * [new branch]            tmp/secrets-pr-reconciliation-source-20260825 -> origin/tmp/secrets-pr-reconciliation-source-20260825
2026-09-20T01:19:47.5852076Z  * [new branch]            tmp/unused              -> origin/tmp/unused
2026-09-20T01:19:47.5852741Z  * [new branch]            tmp/unused2             -> origin/tmp/unused2
2026-09-20T01:19:47.5853276Z  * [new branch]            ux/catalog-filter-toolbar -> origin/ux/catalog-filter-toolbar
2026-09-20T01:19:47.5853977Z  * [new branch]            verify/rust-pretool-authority-20260815 -> origin/verify/rust-pretool-authority-20260815
2026-09-20T01:19:47.5854795Z  * [new branch]            verify/rust-pretool-publication-20260815 -> origin/verify/rust-pretool-publication-20260815
2026-09-20T01:19:47.5855431Z  * [new tag]               alpha/v2.1.0a1          -> alpha/v2.1.0a1
2026-09-20T01:19:47.5855874Z  * [new tag]               alpha/v2.1.0a10         -> alpha/v2.1.0a10
2026-09-20T01:19:47.5856312Z  * [new tag]               alpha/v2.1.0a11         -> alpha/v2.1.0a11
2026-09-20T01:19:47.5856749Z  * [new tag]               alpha/v2.1.0a12         -> alpha/v2.1.0a12
2026-09-20T01:19:47.5857325Z  * [new tag]               alpha/v2.1.0a13         -> alpha/v2.1.0a13
2026-09-20T01:19:47.5857779Z  * [new tag]               alpha/v2.1.0a14         -> alpha/v2.1.0a14
2026-09-20T01:19:47.5858220Z  * [new tag]               alpha/v2.1.0a15         -> alpha/v2.1.0a15
2026-09-20T01:19:47.5858398Z  * [new tag]               alpha/v2.1.0a16         -> alpha/v2.1.0a16
2026-09-20T01:19:47.5858573Z  * [new tag]               alpha/v2.1.0a17         -> alpha/v2.1.0a17
2026-09-20T01:19:47.5858742Z  * [new tag]               alpha/v2.1.0a18         -> alpha/v2.1.0a18
2026-09-20T01:19:47.5858915Z  * [new tag]               alpha/v2.1.0a19         -> alpha/v2.1.0a19
2026-09-20T01:19:47.5859090Z  * [new tag]               alpha/v2.1.0a2          -> alpha/v2.1.0a2
2026-09-20T01:19:47.5859260Z  * [new tag]               alpha/v2.1.0a20         -> alpha/v2.1.0a20
2026-09-20T01:19:47.5859435Z  * [new tag]               alpha/v2.1.0a21         -> alpha/v2.1.0a21
2026-09-20T01:19:47.5859604Z  * [new tag]               alpha/v2.1.0a22         -> alpha/v2.1.0a22
2026-09-20T01:19:47.5859906Z  * [new tag]               alpha/v2.1.0a23         -> alpha/v2.1.0a23
2026-09-20T01:19:47.5860094Z  * [new tag]               alpha/v2.1.0a24         -> alpha/v2.1.0a24
2026-09-20T01:19:47.5860262Z  * [new tag]               alpha/v2.1.0a25         -> alpha/v2.1.0a25
2026-09-20T01:19:47.5860435Z  * [new tag]               alpha/v2.1.0a26         -> alpha/v2.1.0a26
2026-09-20T01:19:47.5860602Z  * [new tag]               alpha/v2.1.0a27         -> alpha/v2.1.0a27
2026-09-20T01:19:47.5860774Z  * [new tag]               alpha/v2.1.0a28         -> alpha/v2.1.0a28
2026-09-20T01:19:47.5860947Z  * [new tag]               alpha/v2.1.0a29         -> alpha/v2.1.0a29
2026-09-20T01:19:47.5861115Z  * [new tag]               alpha/v2.1.0a3          -> alpha/v2.1.0a3
2026-09-20T01:19:47.5861289Z  * [new tag]               alpha/v2.1.0a30         -> alpha/v2.1.0a30
2026-09-20T01:19:47.5861467Z  * [new tag]               alpha/v2.1.0a31         -> alpha/v2.1.0a31
2026-09-20T01:19:47.5861644Z  * [new tag]               alpha/v2.1.0a32         -> alpha/v2.1.0a32
2026-09-20T01:19:47.5861823Z  * [new tag]               alpha/v2.1.0a33         -> alpha/v2.1.0a33
2026-09-20T01:19:47.5861990Z  * [new tag]               alpha/v2.1.0a34         -> alpha/v2.1.0a34
2026-09-20T01:19:47.5862164Z  * [new tag]               alpha/v2.1.0a35         -> alpha/v2.1.0a35
2026-09-20T01:19:47.5862337Z  * [new tag]               alpha/v2.1.0a36         -> alpha/v2.1.0a36
2026-09-20T01:19:47.5862505Z  * [new tag]               alpha/v2.1.0a37         -> alpha/v2.1.0a37
2026-09-20T01:19:47.5862677Z  * [new tag]               alpha/v2.1.0a38         -> alpha/v2.1.0a38
2026-09-20T01:19:47.5862849Z  * [new tag]               alpha/v2.1.0a39         -> alpha/v2.1.0a39
2026-09-20T01:19:47.5863022Z  * [new tag]               alpha/v2.1.0a4          -> alpha/v2.1.0a4
2026-09-20T01:19:47.5863194Z  * [new tag]               alpha/v2.1.0a40         -> alpha/v2.1.0a40
2026-09-20T01:19:47.5863362Z  * [new tag]               alpha/v2.1.0a41         -> alpha/v2.1.0a41
2026-09-20T01:19:47.5863542Z  * [new tag]               alpha/v2.1.0a42         -> alpha/v2.1.0a42
2026-09-20T01:19:47.5863837Z  * [new tag]               alpha/v2.1.0a43         -> alpha/v2.1.0a43
2026-09-20T01:19:47.5864008Z  * [new tag]               alpha/v2.1.0a44         -> alpha/v2.1.0a44
2026-09-20T01:19:47.5864180Z  * [new tag]               alpha/v2.1.0a45         -> alpha/v2.1.0a45
2026-09-20T01:19:47.5864348Z  * [new tag]               alpha/v2.1.0a46         -> alpha/v2.1.0a46
2026-09-20T01:19:47.5864523Z  * [new tag]               alpha/v2.1.0a47         -> alpha/v2.1.0a47
2026-09-20T01:19:47.5864698Z  * [new tag]               alpha/v2.1.0a48         -> alpha/v2.1.0a48
2026-09-20T01:19:47.5864867Z  * [new tag]               alpha/v2.1.0a49         -> alpha/v2.1.0a49
2026-09-20T01:19:47.5865040Z  * [new tag]               alpha/v2.1.0a5          -> alpha/v2.1.0a5
2026-09-20T01:19:47.5865207Z  * [new tag]               alpha/v2.1.0a50         -> alpha/v2.1.0a50
2026-09-20T01:19:47.5865385Z  * [new tag]               alpha/v2.1.0a51         -> alpha/v2.1.0a51
2026-09-20T01:19:47.5865567Z  * [new tag]               alpha/v2.1.0a52         -> alpha/v2.1.0a52
2026-09-20T01:19:47.5865737Z  * [new tag]               alpha/v2.1.0a53         -> alpha/v2.1.0a53
2026-09-20T01:19:47.5865913Z  * [new tag]               alpha/v2.1.0a54         -> alpha/v2.1.0a54
2026-09-20T01:19:47.5866080Z  * [new tag]               alpha/v2.1.0a55         -> alpha/v2.1.0a55
2026-09-20T01:19:47.5866253Z  * [new tag]               alpha/v2.1.0a56         -> alpha/v2.1.0a56
2026-09-20T01:19:47.5866425Z  * [new tag]               alpha/v2.1.0a57         -> alpha/v2.1.0a57
2026-09-20T01:19:47.5866596Z  * [new tag]               alpha/v2.1.0a58         -> alpha/v2.1.0a58
2026-09-20T01:19:47.5866768Z  * [new tag]               alpha/v2.1.0a59         -> alpha/v2.1.0a59
2026-09-20T01:19:47.5866945Z  * [new tag]               alpha/v2.1.0a6          -> alpha/v2.1.0a6
2026-09-20T01:19:47.5867367Z  * [new tag]               alpha/v2.1.0a7          -> alpha/v2.1.0a7
2026-09-20T01:19:47.5867566Z  * [new tag]               alpha/v2.1.0a8          -> alpha/v2.1.0a8
2026-09-20T01:19:47.5867734Z  * [new tag]               alpha/v2.1.0a9          -> alpha/v2.1.0a9
2026-09-20T01:19:47.5867910Z  * [new tag]               alpha/v2.2.0a1          -> alpha/v2.2.0a1
2026-09-20T01:19:47.5868088Z  * [new tag]               alpha/v2.2.0a10         -> alpha/v2.2.0a10
2026-09-20T01:19:47.5868263Z  * [new tag]               alpha/v2.2.0a100        -> alpha/v2.2.0a100
2026-09-20T01:19:47.5868446Z  * [new tag]               alpha/v2.2.0a101        -> alpha/v2.2.0a101
2026-09-20T01:19:47.5868626Z  * [new tag]               alpha/v2.2.0a102        -> alpha/v2.2.0a102
2026-09-20T01:19:47.5868798Z  * [new tag]               alpha/v2.2.0a103        -> alpha/v2.2.0a103
2026-09-20T01:19:47.5868976Z  * [new tag]               alpha/v2.2.0a104        -> alpha/v2.2.0a104
2026-09-20T01:19:47.5869146Z  * [new tag]               alpha/v2.2.0a105        -> alpha/v2.2.0a105
2026-09-20T01:19:47.5869330Z  * [new tag]               alpha/v2.2.0a106        -> alpha/v2.2.0a106
2026-09-20T01:19:47.5869518Z  * [new tag]               alpha/v2.2.0a107        -> alpha/v2.2.0a107
2026-09-20T01:19:47.5869690Z  * [new tag]               alpha/v2.2.0a108        -> alpha/v2.2.0a108
2026-09-20T01:19:47.5869868Z  * [new tag]               alpha/v2.2.0a109        -> alpha/v2.2.0a109
2026-09-20T01:19:47.5870039Z  * [new tag]               alpha/v2.2.0a11         -> alpha/v2.2.0a11
2026-09-20T01:19:47.5870216Z  * [new tag]               alpha/v2.2.0a110        -> alpha/v2.2.0a110
2026-09-20T01:19:47.5870394Z  * [new tag]               alpha/v2.2.0a111        -> alpha/v2.2.0a111
2026-09-20T01:19:47.5870566Z  * [new tag]               alpha/v2.2.0a112        -> alpha/v2.2.0a112
2026-09-20T01:19:47.5870740Z  * [new tag]               alpha/v2.2.0a113        -> alpha/v2.2.0a113
2026-09-20T01:19:47.5870924Z  * [new tag]               alpha/v2.2.0a114        -> alpha/v2.2.0a114
2026-09-20T01:19:47.5871098Z  * [new tag]               alpha/v2.2.0a115        -> alpha/v2.2.0a115
2026-09-20T01:19:47.5871405Z  * [new tag]               alpha/v2.2.0a116        -> alpha/v2.2.0a116
2026-09-20T01:19:47.5871576Z  * [new tag]               alpha/v2.2.0a117        -> alpha/v2.2.0a117
2026-09-20T01:19:47.5871751Z  * [new tag]               alpha/v2.2.0a118        -> alpha/v2.2.0a118
2026-09-20T01:19:47.5871926Z  * [new tag]               alpha/v2.2.0a119        -> alpha/v2.2.0a119
2026-09-20T01:19:47.5872093Z  * [new tag]               alpha/v2.2.0a12         -> alpha/v2.2.0a12
2026-09-20T01:19:47.5872270Z  * [new tag]               alpha/v2.2.0a120        -> alpha/v2.2.0a120
2026-09-20T01:19:47.5872444Z  * [new tag]               alpha/v2.2.0a121        -> alpha/v2.2.0a121
2026-09-20T01:19:47.5872620Z  * [new tag]               alpha/v2.2.0a122        -> alpha/v2.2.0a122
2026-09-20T01:19:47.5872797Z  * [new tag]               alpha/v2.2.0a123        -> alpha/v2.2.0a123
2026-09-20T01:19:47.5872971Z  * [new tag]               alpha/v2.2.0a124        -> alpha/v2.2.0a124
2026-09-20T01:19:47.5873152Z  * [new tag]               alpha/v2.2.0a125        -> alpha/v2.2.0a125
2026-09-20T01:19:47.5873326Z  * [new tag]               alpha/v2.2.0a126        -> alpha/v2.2.0a126
2026-09-20T01:19:47.5873493Z  * [new tag]               alpha/v2.2.0a127        -> alpha/v2.2.0a127
2026-09-20T01:19:47.5873668Z  * [new tag]               alpha/v2.2.0a128        -> alpha/v2.2.0a128
2026-09-20T01:19:47.5873840Z  * [new tag]               alpha/v2.2.0a129        -> alpha/v2.2.0a129
2026-09-20T01:19:47.5874039Z  * [new tag]               alpha/v2.2.0a13         -> alpha/v2.2.0a13
2026-09-20T01:19:47.5874217Z  * [new tag]               alpha/v2.2.0a130        -> alpha/v2.2.0a130
2026-09-20T01:19:47.5874392Z  * [new tag]               alpha/v2.2.0a131        -> alpha/v2.2.0a131
2026-09-20T01:19:47.5874575Z  * [new tag]               alpha/v2.2.0a132        -> alpha/v2.2.0a132
2026-09-20T01:19:47.5874749Z  * [new tag]               alpha/v2.2.0a133        -> alpha/v2.2.0a133
2026-09-20T01:19:47.5875143Z  * [new tag]               alpha/v2.2.0a134        -> alpha/v2.2.0a134
2026-09-20T01:19:47.5875324Z  * [new tag]               alpha/v2.2.0a135        -> alpha/v2.2.0a135
2026-09-20T01:19:47.5875497Z  * [new tag]               alpha/v2.2.0a136        -> alpha/v2.2.0a136
2026-09-20T01:19:47.5875673Z  * [new tag]               alpha/v2.2.0a137        -> alpha/v2.2.0a137
2026-09-20T01:19:47.5875848Z  * [new tag]               alpha/v2.2.0a138        -> alpha/v2.2.0a138
2026-09-20T01:19:47.5876017Z  * [new tag]               alpha/v2.2.0a139        -> alpha/v2.2.0a139
2026-09-20T01:19:47.5876193Z  * [new tag]               alpha/v2.2.0a14         -> alpha/v2.2.0a14
2026-09-20T01:19:47.5876364Z  * [new tag]               alpha/v2.2.0a140        -> alpha/v2.2.0a140
2026-09-20T01:19:47.5876538Z  * [new tag]               alpha/v2.2.0a141        -> alpha/v2.2.0a141
2026-09-20T01:19:47.5876713Z  * [new tag]               alpha/v2.2.0a142        -> alpha/v2.2.0a142
2026-09-20T01:19:47.5876890Z  * [new tag]               alpha/v2.2.0a143        -> alpha/v2.2.0a143
2026-09-20T01:19:47.5877198Z  * [new tag]               alpha/v2.2.0a144        -> alpha/v2.2.0a144
2026-09-20T01:19:47.5877374Z  * [new tag]               alpha/v2.2.0a145        -> alpha/v2.2.0a145
2026-09-20T01:19:47.5877548Z  * [new tag]               alpha/v2.2.0a146        -> alpha/v2.2.0a146
2026-09-20T01:19:47.5877722Z  * [new tag]               alpha/v2.2.0a147        -> alpha/v2.2.0a147
2026-09-20T01:19:47.5877891Z  * [new tag]               alpha/v2.2.0a148        -> alpha/v2.2.0a148
2026-09-20T01:19:47.5878082Z  * [new tag]               alpha/v2.2.0a149        -> alpha/v2.2.0a149
2026-09-20T01:19:47.5878256Z  * [new tag]               alpha/v2.2.0a15         -> alpha/v2.2.0a15
2026-09-20T01:19:47.5878425Z  * [new tag]               alpha/v2.2.0a150        -> alpha/v2.2.0a150
2026-09-20T01:19:47.5878599Z  * [new tag]               alpha/v2.2.0a151        -> alpha/v2.2.0a151
2026-09-20T01:19:47.5878775Z  * [new tag]               alpha/v2.2.0a152        -> alpha/v2.2.0a152
2026-09-20T01:19:47.5879082Z  * [new tag]               alpha/v2.2.0a153        -> alpha/v2.2.0a153
2026-09-20T01:19:47.5879257Z  * [new tag]               alpha/v2.2.0a154        -> alpha/v2.2.0a154
2026-09-20T01:19:47.5879426Z  * [new tag]               alpha/v2.2.0a155        -> alpha/v2.2.0a155
2026-09-20T01:19:47.5879603Z  * [new tag]               alpha/v2.2.0a156        -> alpha/v2.2.0a156
2026-09-20T01:19:47.5879771Z  * [new tag]               alpha/v2.2.0a157        -> alpha/v2.2.0a157
2026-09-20T01:19:47.5879949Z  * [new tag]               alpha/v2.2.0a158        -> alpha/v2.2.0a158
2026-09-20T01:19:47.5880122Z  * [new tag]               alpha/v2.2.0a159        -> alpha/v2.2.0a159
2026-09-20T01:19:47.5880306Z  * [new tag]               alpha/v2.2.0a16         -> alpha/v2.2.0a16
2026-09-20T01:19:47.5880477Z  * [new tag]               alpha/v2.2.0a160        -> alpha/v2.2.0a160
2026-09-20T01:19:47.5880666Z  * [new tag]               alpha/v2.2.0a161        -> alpha/v2.2.0a161
2026-09-20T01:19:47.5880850Z  * [new tag]               alpha/v2.2.0a162        -> alpha/v2.2.0a162
2026-09-20T01:19:47.5881021Z  * [new tag]               alpha/v2.2.0a163        -> alpha/v2.2.0a163
2026-09-20T01:19:47.5881195Z  * [new tag]               alpha/v2.2.0a164        -> alpha/v2.2.0a164
2026-09-20T01:19:47.5881364Z  * [new tag]               alpha/v2.2.0a165        -> alpha/v2.2.0a165
2026-09-20T01:19:47.5881540Z  * [new tag]               alpha/v2.2.0a166        -> alpha/v2.2.0a166
2026-09-20T01:19:47.5881714Z  * [new tag]               alpha/v2.2.0a167        -> alpha/v2.2.0a167
2026-09-20T01:19:47.5881885Z  * [new tag]               alpha/v2.2.0a168        -> alpha/v2.2.0a168
2026-09-20T01:19:47.5882061Z  * [new tag]               alpha/v2.2.0a169        -> alpha/v2.2.0a169
2026-09-20T01:19:47.5882236Z  * [new tag]               alpha/v2.2.0a17         -> alpha/v2.2.0a17
2026-09-20T01:19:47.5882415Z  * [new tag]               alpha/v2.2.0a170        -> alpha/v2.2.0a170
2026-09-20T01:19:47.5882711Z  * [new tag]               alpha/v2.2.0a18         -> alpha/v2.2.0a18
2026-09-20T01:19:47.5882887Z  * [new tag]               alpha/v2.2.0a19         -> alpha/v2.2.0a19
2026-09-20T01:19:47.5883065Z  * [new tag]               alpha/v2.2.0a2          -> alpha/v2.2.0a2
2026-09-20T01:19:47.5883241Z  * [new tag]               alpha/v2.2.0a20         -> alpha/v2.2.0a20
2026-09-20T01:19:47.5883408Z  * [new tag]               alpha/v2.2.0a21         -> alpha/v2.2.0a21
2026-09-20T01:19:47.5883582Z  * [new tag]               alpha/v2.2.0a22         -> alpha/v2.2.0a22
2026-09-20T01:19:47.5883747Z  * [new tag]               alpha/v2.2.0a23         -> alpha/v2.2.0a23
2026-09-20T01:19:47.5883923Z  * [new tag]               alpha/v2.2.0a24         -> alpha/v2.2.0a24
2026-09-20T01:19:47.5884095Z  * [new tag]               alpha/v2.2.0a25         -> alpha/v2.2.0a25
2026-09-20T01:19:47.5884265Z  * [new tag]               alpha/v2.2.0a26         -> alpha/v2.2.0a26
2026-09-20T01:19:47.5884441Z  * [new tag]               alpha/v2.2.0a27         -> alpha/v2.2.0a27
2026-09-20T01:19:47.5884612Z  * [new tag]               alpha/v2.2.0a28         -> alpha/v2.2.0a28
2026-09-20T01:19:47.5884787Z  * [new tag]               alpha/v2.2.0a29         -> alpha/v2.2.0a29
2026-09-20T01:19:47.5884962Z  * [new tag]               alpha/v2.2.0a3          -> alpha/v2.2.0a3
2026-09-20T01:19:47.5885129Z  * [new tag]               alpha/v2.2.0a30         -> alpha/v2.2.0a30
2026-09-20T01:19:47.5885297Z  * [new tag]               alpha/v2.2.0a31         -> alpha/v2.2.0a31
2026-09-20T01:19:47.5885469Z  * [new tag]               alpha/v2.2.0a32         -> alpha/v2.2.0a32
2026-09-20T01:19:47.5885635Z  * [new tag]               alpha/v2.2.0a33         -> alpha/v2.2.0a33
2026-09-20T01:19:47.5885805Z  * [new tag]               alpha/v2.2.0a34         -> alpha/v2.2.0a34
2026-09-20T01:19:47.5885974Z  * [new tag]               alpha/v2.2.0a35         -> alpha/v2.2.0a35
2026-09-20T01:19:47.5886152Z  * [new tag]               alpha/v2.2.0a36         -> alpha/v2.2.0a36
2026-09-20T01:19:47.5886414Z  * [new tag]               alpha/v2.2.0a37         -> alpha/v2.2.0a37
2026-09-20T01:19:47.5886586Z  * [new tag]               alpha/v2.2.0a38         -> alpha/v2.2.0a38
2026-09-20T01:19:47.5886758Z  * [new tag]               alpha/v2.2.0a39         -> alpha/v2.2.0a39
2026-09-20T01:19:47.5886924Z  * [new tag]               alpha/v2.2.0a4          -> alpha/v2.2.0a4
2026-09-20T01:19:47.5887349Z  * [new tag]               alpha/v2.2.0a40         -> alpha/v2.2.0a40
2026-09-20T01:19:47.5887564Z  * [new tag]               alpha/v2.2.0a41         -> alpha/v2.2.0a41
2026-09-20T01:19:47.5887735Z  * [new tag]               alpha/v2.2.0a42         -> alpha/v2.2.0a42
2026-09-20T01:19:47.5887906Z  * [new tag]               alpha/v2.2.0a43         -> alpha/v2.2.0a43
2026-09-20T01:19:47.5888081Z  * [new tag]               alpha/v2.2.0a44         -> alpha/v2.2.0a44
2026-09-20T01:19:47.5888248Z  * [new tag]               alpha/v2.2.0a45         -> alpha/v2.2.0a45
2026-09-20T01:19:47.5888429Z  * [new tag]               alpha/v2.2.0a46         -> alpha/v2.2.0a46
2026-09-20T01:19:47.5888601Z  * [new tag]               alpha/v2.2.0a47         -> alpha/v2.2.0a47
2026-09-20T01:19:47.5888772Z  * [new tag]               alpha/v2.2.0a48         -> alpha/v2.2.0a48
2026-09-20T01:19:47.5888946Z  * [new tag]               alpha/v2.2.0a49         -> alpha/v2.2.0a49
2026-09-20T01:19:47.5889115Z  * [new tag]               alpha/v2.2.0a5          -> alpha/v2.2.0a5
2026-09-20T01:19:47.5889290Z  * [new tag]               alpha/v2.2.0a50         -> alpha/v2.2.0a50
2026-09-20T01:19:47.5889455Z  * [new tag]               alpha/v2.2.0a51         -> alpha/v2.2.0a51
2026-09-20T01:19:47.5889627Z  * [new tag]               alpha/v2.2.0a52         -> alpha/v2.2.0a52
2026-09-20T01:19:47.5889798Z  * [new tag]               alpha/v2.2.0a53         -> alpha/v2.2.0a53
2026-09-20T01:19:47.5889963Z  * [new tag]               alpha/v2.2.0a54         -> alpha/v2.2.0a54
2026-09-20T01:19:47.5890304Z  * [new tag]               alpha/v2.2.0a55         -> alpha/v2.2.0a55
2026-09-20T01:19:47.5890486Z  * [new tag]               alpha/v2.2.0a56         -> alpha/v2.2.0a56
2026-09-20T01:19:47.5890658Z  * [new tag]               alpha/v2.2.0a57         -> alpha/v2.2.0a57
2026-09-20T01:19:47.5890828Z  * [new tag]               alpha/v2.2.0a58         -> alpha/v2.2.0a58
2026-09-20T01:19:47.5890993Z  * [new tag]               alpha/v2.2.0a59         -> alpha/v2.2.0a59
2026-09-20T01:19:47.5891168Z  * [new tag]               alpha/v2.2.0a6          -> alpha/v2.2.0a6
2026-09-20T01:19:47.5891337Z  * [new tag]               alpha/v2.2.0a60         -> alpha/v2.2.0a60
2026-09-20T01:19:47.5891503Z  * [new tag]               alpha/v2.2.0a61         -> alpha/v2.2.0a61
2026-09-20T01:19:47.5891674Z  * [new tag]               alpha/v2.2.0a62         -> alpha/v2.2.0a62
2026-09-20T01:19:47.5891840Z  * [new tag]               alpha/v2.2.0a63         -> alpha/v2.2.0a63
2026-09-20T01:19:47.5892022Z  * [new tag]               alpha/v2.2.0a64         -> alpha/v2.2.0a64
2026-09-20T01:19:47.5892196Z  * [new tag]               alpha/v2.2.0a65         -> alpha/v2.2.0a65
2026-09-20T01:19:47.5892361Z  * [new tag]               alpha/v2.2.0a66         -> alpha/v2.2.0a66
2026-09-20T01:19:47.5892533Z  * [new tag]               alpha/v2.2.0a67         -> alpha/v2.2.0a67
2026-09-20T01:19:47.5892697Z  * [new tag]               alpha/v2.2.0a68         -> alpha/v2.2.0a68
2026-09-20T01:19:47.5892871Z  * [new tag]               alpha/v2.2.0a69         -> alpha/v2.2.0a69
2026-09-20T01:19:47.5893044Z  * [new tag]               alpha/v2.2.0a7          -> alpha/v2.2.0a7
2026-09-20T01:19:47.5893212Z  * [new tag]               alpha/v2.2.0a70         -> alpha/v2.2.0a70
2026-09-20T01:19:47.5893385Z  * [new tag]               alpha/v2.2.0a71         -> alpha/v2.2.0a71
2026-09-20T01:19:47.5893556Z  * [new tag]               alpha/v2.2.0a72         -> alpha/v2.2.0a72
2026-09-20T01:19:47.5893722Z  * [new tag]               alpha/v2.2.0a73         -> alpha/v2.2.0a73
2026-09-20T01:19:47.5893898Z  * [new tag]               alpha/v2.2.0a74         -> alpha/v2.2.0a74
2026-09-20T01:19:47.5894191Z  * [new tag]               alpha/v2.2.0a75         -> alpha/v2.2.0a75
2026-09-20T01:19:47.5894363Z  * [new tag]               alpha/v2.2.0a76         -> alpha/v2.2.0a76
2026-09-20T01:19:47.5894535Z  * [new tag]               alpha/v2.2.0a77         -> alpha/v2.2.0a77
2026-09-20T01:19:47.5894702Z  * [new tag]               alpha/v2.2.0a78         -> alpha/v2.2.0a78
2026-09-20T01:19:47.5894877Z  * [new tag]               alpha/v2.2.0a79         -> alpha/v2.2.0a79
2026-09-20T01:19:47.5895046Z  * [new tag]               alpha/v2.2.0a8          -> alpha/v2.2.0a8
2026-09-20T01:19:47.5895220Z  * [new tag]               alpha/v2.2.0a80         -> alpha/v2.2.0a80
2026-09-20T01:19:47.5895396Z  * [new tag]               alpha/v2.2.0a81         -> alpha/v2.2.0a81
2026-09-20T01:19:47.5895565Z  * [new tag]               alpha/v2.2.0a82         -> alpha/v2.2.0a82
2026-09-20T01:19:47.5895743Z  * [new tag]               alpha/v2.2.0a83         -> alpha/v2.2.0a83
2026-09-20T01:19:47.5895928Z  * [new tag]               alpha/v2.2.0a84         -> alpha/v2.2.0a84
2026-09-20T01:19:47.5896095Z  * [new tag]               alpha/v2.2.0a85         -> alpha/v2.2.0a85
2026-09-20T01:19:47.5896267Z  * [new tag]               alpha/v2.2.0a86         -> alpha/v2.2.0a86
2026-09-20T01:19:47.5896432Z  * [new tag]               alpha/v2.2.0a87         -> alpha/v2.2.0a87
2026-09-20T01:19:47.5896608Z  * [new tag]               alpha/v2.2.0a88         -> alpha/v2.2.0a88
2026-09-20T01:19:47.5896781Z  * [new tag]               alpha/v2.2.0a89         -> alpha/v2.2.0a89
2026-09-20T01:19:47.5896948Z  * [new tag]               alpha/v2.2.0a9          -> alpha/v2.2.0a9
2026-09-20T01:19:47.5897262Z  * [new tag]               alpha/v2.2.0a90         -> alpha/v2.2.0a90
2026-09-20T01:19:47.5897435Z  * [new tag]               alpha/v2.2.0a91         -> alpha/v2.2.0a91
2026-09-20T01:19:47.5897735Z  * [new tag]               alpha/v2.2.0a92         -> alpha/v2.2.0a92
2026-09-20T01:19:47.5897919Z  * [new tag]               alpha/v2.2.0a93         -> alpha/v2.2.0a93
2026-09-20T01:19:47.5898088Z  * [new tag]               alpha/v2.2.0a94         -> alpha/v2.2.0a94
2026-09-20T01:19:47.5898262Z  * [new tag]               alpha/v2.2.0a95         -> alpha/v2.2.0a95
2026-09-20T01:19:47.5898436Z  * [new tag]               alpha/v2.2.0a96         -> alpha/v2.2.0a96
2026-09-20T01:19:47.5898601Z  * [new tag]               alpha/v2.2.0a97         -> alpha/v2.2.0a97
2026-09-20T01:19:47.5898770Z  * [new tag]               alpha/v2.2.0a98         -> alpha/v2.2.0a98
2026-09-20T01:19:47.5898935Z  * [new tag]               alpha/v2.2.0a99         -> alpha/v2.2.0a99
2026-09-20T01:19:47.5899107Z  * [new tag]               alpha/v3.0.0a1          -> alpha/v3.0.0a1
2026-09-20T01:19:47.5899279Z  * [new tag]               alpha/v3.0.0a10         -> alpha/v3.0.0a10
2026-09-20T01:19:47.5899448Z  * [new tag]               alpha/v3.0.0a100        -> alpha/v3.0.0a100
2026-09-20T01:19:47.5899631Z  * [new tag]               alpha/v3.0.0a101        -> alpha/v3.0.0a101
2026-09-20T01:19:47.5899806Z  * [new tag]               alpha/v3.0.0a102        -> alpha/v3.0.0a102
2026-09-20T01:19:47.5899977Z  * [new tag]               alpha/v3.0.0a103        -> alpha/v3.0.0a103
2026-09-20T01:19:47.5900150Z  * [new tag]               alpha/v3.0.0a104        -> alpha/v3.0.0a104
2026-09-20T01:19:47.5900321Z  * [new tag]               alpha/v3.0.0a105        -> alpha/v3.0.0a105
2026-09-20T01:19:47.5900497Z  * [new tag]               alpha/v3.0.0a106        -> alpha/v3.0.0a106
2026-09-20T01:19:47.5900671Z  * [new tag]               alpha/v3.0.0a107        -> alpha/v3.0.0a107
2026-09-20T01:19:47.5900838Z  * [new tag]               alpha/v3.0.0a108        -> alpha/v3.0.0a108
2026-09-20T01:19:47.5901010Z  * [new tag]               alpha/v3.0.0a109        -> alpha/v3.0.0a109
2026-09-20T01:19:47.5901175Z  * [new tag]               alpha/v3.0.0a11         -> alpha/v3.0.0a11
2026-09-20T01:19:47.5901355Z  * [new tag]               alpha/v3.0.0a110        -> alpha/v3.0.0a110
2026-09-20T01:19:47.5901651Z  * [new tag]               alpha/v3.0.0a111        -> alpha/v3.0.0a111
2026-09-20T01:19:47.5901819Z  * [new tag]               alpha/v3.0.0a112        -> alpha/v3.0.0a112
2026-09-20T01:19:47.5901993Z  * [new tag]               alpha/v3.0.0a113        -> alpha/v3.0.0a113
2026-09-20T01:19:47.5902160Z  * [new tag]               alpha/v3.0.0a114        -> alpha/v3.0.0a114
2026-09-20T01:19:47.5902333Z  * [new tag]               alpha/v3.0.0a115        -> alpha/v3.0.0a115
2026-09-20T01:19:47.5902506Z  * [new tag]               alpha/v3.0.0a116        -> alpha/v3.0.0a116
2026-09-20T01:19:47.5902674Z  * [new tag]               alpha/v3.0.0a117        -> alpha/v3.0.0a117
2026-09-20T01:19:47.5902847Z  * [new tag]               alpha/v3.0.0a118        -> alpha/v3.0.0a118
2026-09-20T01:19:47.5903020Z  * [new tag]               alpha/v3.0.0a119        -> alpha/v3.0.0a119
2026-09-20T01:19:47.5903190Z  * [new tag]               alpha/v3.0.0a12         -> alpha/v3.0.0a12
2026-09-20T01:19:47.5903367Z  * [new tag]               alpha/v3.0.0a120        -> alpha/v3.0.0a120
2026-09-20T01:19:47.5903536Z  * [new tag]               alpha/v3.0.0a121        -> alpha/v3.0.0a121
2026-09-20T01:19:47.5903709Z  * [new tag]               alpha/v3.0.0a122        -> alpha/v3.0.0a122
2026-09-20T01:19:47.5903881Z  * [new tag]               alpha/v3.0.0a123        -> alpha/v3.0.0a123
2026-09-20T01:19:47.5904048Z  * [new tag]               alpha/v3.0.0a124        -> alpha/v3.0.0a124
2026-09-20T01:19:47.5904221Z  * [new tag]               alpha/v3.0.0a125        -> alpha/v3.0.0a125
2026-09-20T01:19:47.5904388Z  * [new tag]               alpha/v3.0.0a126        -> alpha/v3.0.0a126
2026-09-20T01:19:47.5904561Z  * [new tag]               alpha/v3.0.0a127        -> alpha/v3.0.0a127
2026-09-20T01:19:47.5904737Z  * [new tag]               alpha/v3.0.0a128        -> alpha/v3.0.0a128
2026-09-20T01:19:47.5904990Z  * [new tag]               alpha/v3.0.0a129        -> alpha/v3.0.0a129
2026-09-20T01:19:47.5905174Z  * [new tag]               alpha/v3.0.0a13         -> alpha/v3.0.0a13
2026-09-20T01:19:47.5905341Z  * [new tag]               alpha/v3.0.0a130        -> alpha/v3.0.0a130
2026-09-20T01:19:47.5905514Z  * [new tag]               alpha/v3.0.0a131        -> alpha/v3.0.0a131
2026-09-20T01:19:47.5905688Z  * [new tag]               alpha/v3.0.0a132        -> alpha/v3.0.0a132
2026-09-20T01:19:47.5905861Z  * [new tag]               alpha/v3.0.0a133        -> alpha/v3.0.0a133
2026-09-20T01:19:47.5906040Z  * [new tag]               alpha/v3.0.0a134        -> alpha/v3.0.0a134
2026-09-20T01:19:47.5906215Z  * [new tag]               alpha/v3.0.0a135        -> alpha/v3.0.0a135
2026-09-20T01:19:47.5906387Z  * [new tag]               alpha/v3.0.0a136        -> alpha/v3.0.0a136
2026-09-20T01:19:47.5906563Z  * [new tag]               alpha/v3.0.0a137        -> alpha/v3.0.0a137
2026-09-20T01:19:47.5906735Z  * [new tag]               alpha/v3.0.0a138        -> alpha/v3.0.0a138
2026-09-20T01:19:47.5906919Z  * [new tag]               alpha/v3.0.0a139        -> alpha/v3.0.0a139
2026-09-20T01:19:47.5907241Z  * [new tag]               alpha/v3.0.0a14         -> alpha/v3.0.0a14
2026-09-20T01:19:47.5907415Z  * [new tag]               alpha/v3.0.0a140        -> alpha/v3.0.0a140
2026-09-20T01:19:47.5907591Z  * [new tag]               alpha/v3.0.0a141        -> alpha/v3.0.0a141
2026-09-20T01:19:47.5907760Z  * [new tag]               alpha/v3.0.0a142        -> alpha/v3.0.0a142
2026-09-20T01:19:47.5907934Z  * [new tag]               alpha/v3.0.0a143        -> alpha/v3.0.0a143
2026-09-20T01:19:47.5908106Z  * [new tag]               alpha/v3.0.0a144        -> alpha/v3.0.0a144
2026-09-20T01:19:47.5908272Z  * [new tag]               alpha/v3.0.0a145        -> alpha/v3.0.0a145
2026-09-20T01:19:47.5908445Z  * [new tag]               alpha/v3.0.0a146        -> alpha/v3.0.0a146
2026-09-20T01:19:47.5908620Z  * [new tag]               alpha/v3.0.0a147        -> alpha/v3.0.0a147
2026-09-20T01:19:47.5908797Z  * [new tag]               alpha/v3.0.0a148        -> alpha/v3.0.0a148
2026-09-20T01:19:47.5909101Z  * [new tag]               alpha/v3.0.0a149        -> alpha/v3.0.0a149
2026-09-20T01:19:47.5909269Z  * [new tag]               alpha/v3.0.0a15         -> alpha/v3.0.0a15
2026-09-20T01:19:47.5909447Z  * [new tag]               alpha/v3.0.0a150        -> alpha/v3.0.0a150
2026-09-20T01:19:47.5909620Z  * [new tag]               alpha/v3.0.0a151        -> alpha/v3.0.0a151
2026-09-20T01:19:47.5909793Z  * [new tag]               alpha/v3.0.0a152        -> alpha/v3.0.0a152
2026-09-20T01:19:47.5909967Z  * [new tag]               alpha/v3.0.0a153        -> alpha/v3.0.0a153
2026-09-20T01:19:47.5910136Z  * [new tag]               alpha/v3.0.0a154        -> alpha/v3.0.0a154
2026-09-20T01:19:47.5910313Z  * [new tag]               alpha/v3.0.0a155        -> alpha/v3.0.0a155
2026-09-20T01:19:47.5910486Z  * [new tag]               alpha/v3.0.0a156        -> alpha/v3.0.0a156
2026-09-20T01:19:47.5910664Z  * [new tag]               alpha/v3.0.0a157        -> alpha/v3.0.0a157
2026-09-20T01:19:47.5910844Z  * [new tag]               alpha/v3.0.0a158        -> alpha/v3.0.0a158
2026-09-20T01:19:47.5911022Z  * [new tag]               alpha/v3.0.0a159        -> alpha/v3.0.0a159
2026-09-20T01:19:47.5911194Z  * [new tag]               alpha/v3.0.0a16         -> alpha/v3.0.0a16
2026-09-20T01:19:47.5911371Z  * [new tag]               alpha/v3.0.0a160        -> alpha/v3.0.0a160
2026-09-20T01:19:47.5911544Z  * [new tag]               alpha/v3.0.0a161        -> alpha/v3.0.0a161
2026-09-20T01:19:47.5911719Z  * [new tag]               alpha/v3.0.0a162        -> alpha/v3.0.0a162
2026-09-20T01:19:47.5911897Z  * [new tag]               alpha/v3.0.0a163        -> alpha/v3.0.0a163
2026-09-20T01:19:47.5912065Z  * [new tag]               alpha/v3.0.0a164        -> alpha/v3.0.0a164
2026-09-20T01:19:47.5912241Z  * [new tag]               alpha/v3.0.0a165        -> alpha/v3.0.0a165
2026-09-20T01:19:47.5912523Z  * [new tag]               alpha/v3.0.0a166        -> alpha/v3.0.0a166
2026-09-20T01:19:47.5912710Z  * [new tag]               alpha/v3.0.0a167        -> alpha/v3.0.0a167
2026-09-20T01:19:47.5912882Z  * [new tag]               alpha/v3.0.0a168        -> alpha/v3.0.0a168
2026-09-20T01:19:47.5913051Z  * [new tag]               alpha/v3.0.0a169        -> alpha/v3.0.0a169
2026-09-20T01:19:47.5913226Z  * [new tag]               alpha/v3.0.0a17         -> alpha/v3.0.0a17
2026-09-20T01:19:47.5913402Z  * [new tag]               alpha/v3.0.0a170        -> alpha/v3.0.0a170
2026-09-20T01:19:47.5913569Z  * [new tag]               alpha/v3.0.0a171        -> alpha/v3.0.0a171
2026-09-20T01:19:47.5913744Z  * [new tag]               alpha/v3.0.0a172        -> alpha/v3.0.0a172
2026-09-20T01:19:47.5913911Z  * [new tag]               alpha/v3.0.0a173        -> alpha/v3.0.0a173
2026-09-20T01:19:47.5914084Z  * [new tag]               alpha/v3.0.0a174        -> alpha/v3.0.0a174
2026-09-20T01:19:47.5914258Z  * [new tag]               alpha/v3.0.0a175        -> alpha/v3.0.0a175
2026-09-20T01:19:47.5914432Z  * [new tag]               alpha/v3.0.0a176        -> alpha/v3.0.0a176
2026-09-20T01:19:47.5914610Z  * [new tag]               alpha/v3.0.0a177        -> alpha/v3.0.0a177
2026-09-20T01:19:47.5914776Z  * [new tag]               alpha/v3.0.0a178        -> alpha/v3.0.0a178
2026-09-20T01:19:47.5914947Z  * [new tag]               alpha/v3.0.0a179        -> alpha/v3.0.0a179
2026-09-20T01:19:47.5915122Z  * [new tag]               alpha/v3.0.0a18         -> alpha/v3.0.0a18
2026-09-20T01:19:47.5915290Z  * [new tag]               alpha/v3.0.0a180        -> alpha/v3.0.0a180
2026-09-20T01:19:47.5915464Z  * [new tag]               alpha/v3.0.0a181        -> alpha/v3.0.0a181
2026-09-20T01:19:47.5915637Z  * [new tag]               alpha/v3.0.0a182        -> alpha/v3.0.0a182
2026-09-20T01:19:47.5915806Z  * [new tag]               alpha/v3.0.0a183        -> alpha/v3.0.0a183
2026-09-20T01:19:47.5915981Z  * [new tag]               alpha/v3.0.0a184        -> alpha/v3.0.0a184
2026-09-20T01:19:47.5916152Z  * [new tag]               alpha/v3.0.0a185        -> alpha/v3.0.0a185
2026-09-20T01:19:47.5916414Z  * [new tag]               alpha/v3.0.0a186        -> alpha/v3.0.0a186
2026-09-20T01:19:47.5916588Z  * [new tag]               alpha/v3.0.0a187        -> alpha/v3.0.0a187
2026-09-20T01:19:47.5916753Z  * [new tag]               alpha/v3.0.0a188        -> alpha/v3.0.0a188
2026-09-20T01:19:47.5916927Z  * [new tag]               alpha/v3.0.0a189        -> alpha/v3.0.0a189
2026-09-20T01:19:47.5917250Z  * [new tag]               alpha/v3.0.0a19         -> alpha/v3.0.0a19
2026-09-20T01:19:47.5917430Z  * [new tag]               alpha/v3.0.0a190        -> alpha/v3.0.0a190
2026-09-20T01:19:47.5917602Z  * [new tag]               alpha/v3.0.0a191        -> alpha/v3.0.0a191
2026-09-20T01:19:47.5917768Z  * [new tag]               alpha/v3.0.0a192        -> alpha/v3.0.0a192
2026-09-20T01:19:47.5917940Z  * [new tag]               alpha/v3.0.0a193        -> alpha/v3.0.0a193
2026-09-20T01:19:47.5918127Z  * [new tag]               alpha/v3.0.0a194        -> alpha/v3.0.0a194
2026-09-20T01:19:47.5918306Z  * [new tag]               alpha/v3.0.0a195        -> alpha/v3.0.0a195
2026-09-20T01:19:47.5918478Z  * [new tag]               alpha/v3.0.0a196        -> alpha/v3.0.0a196
2026-09-20T01:19:47.5918646Z  * [new tag]               alpha/v3.0.0a197        -> alpha/v3.0.0a197
2026-09-20T01:19:47.5918821Z  * [new tag]               alpha/v3.0.0a198        -> alpha/v3.0.0a198
2026-09-20T01:19:47.5918997Z  * [new tag]               alpha/v3.0.0a199        -> alpha/v3.0.0a199
2026-09-20T01:19:47.5919167Z  * [new tag]               alpha/v3.0.0a2          -> alpha/v3.0.0a2
2026-09-20T01:19:47.5919344Z  * [new tag]               alpha/v3.0.0a20         -> alpha/v3.0.0a20
2026-09-20T01:19:47.5919516Z  * [new tag]               alpha/v3.0.0a200        -> alpha/v3.0.0a200
2026-09-20T01:19:47.5919723Z  * [new tag]               alpha/v3.0.0a201        -> alpha/v3.0.0a201
2026-09-20T01:19:47.5920026Z  * [new tag]               alpha/v3.0.0a202        -> alpha/v3.0.0a202
2026-09-20T01:19:47.5920204Z  * [new tag]               alpha/v3.0.0a203        -> alpha/v3.0.0a203
2026-09-20T01:19:47.5920378Z  * [new tag]               alpha/v3.0.0a204        -> alpha/v3.0.0a204
2026-09-20T01:19:47.5920551Z  * [new tag]               alpha/v3.0.0a205        -> alpha/v3.0.0a205
2026-09-20T01:19:47.5920722Z  * [new tag]               alpha/v3.0.0a206        -> alpha/v3.0.0a206
2026-09-20T01:19:47.5920899Z  * [new tag]               alpha/v3.0.0a207        -> alpha/v3.0.0a207
2026-09-20T01:19:47.5921066Z  * [new tag]               alpha/v3.0.0a208        -> alpha/v3.0.0a208
2026-09-20T01:19:47.5921241Z  * [new tag]               alpha/v3.0.0a209        -> alpha/v3.0.0a209
2026-09-20T01:19:47.5921416Z  * [new tag]               alpha/v3.0.0a21         -> alpha/v3.0.0a21
2026-09-20T01:19:47.5921588Z  * [new tag]               alpha/v3.0.0a210        -> alpha/v3.0.0a210
2026-09-20T01:19:47.5921760Z  * [new tag]               alpha/v3.0.0a211        -> alpha/v3.0.0a211
2026-09-20T01:19:47.5921932Z  * [new tag]               alpha/v3.0.0a212        -> alpha/v3.0.0a212
2026-09-20T01:19:47.5922110Z  * [new tag]               alpha/v3.0.0a213        -> alpha/v3.0.0a213
2026-09-20T01:19:47.5922282Z  * [new tag]               alpha/v3.0.0a214        -> alpha/v3.0.0a214
2026-09-20T01:19:47.5922453Z  * [new tag]               alpha/v3.0.0a215        -> alpha/v3.0.0a215
2026-09-20T01:19:47.5922628Z  * [new tag]               alpha/v3.0.0a216        -> alpha/v3.0.0a216
2026-09-20T01:19:47.5922797Z  * [new tag]               alpha/v3.0.0a217        -> alpha/v3.0.0a217
2026-09-20T01:19:47.5922969Z  * [new tag]               alpha/v3.0.0a218        -> alpha/v3.0.0a218
2026-09-20T01:19:47.5923142Z  * [new tag]               alpha/v3.0.0a219        -> alpha/v3.0.0a219
2026-09-20T01:19:47.5923310Z  * [new tag]               alpha/v3.0.0a22         -> alpha/v3.0.0a22
2026-09-20T01:19:47.5923484Z  * [new tag]               alpha/v3.0.0a220        -> alpha/v3.0.0a220
2026-09-20T01:19:47.5923668Z  * [new tag]               alpha/v3.0.0a221        -> alpha/v3.0.0a221
2026-09-20T01:19:47.5923960Z  * [new tag]               alpha/v3.0.0a222        -> alpha/v3.0.0a222
2026-09-20T01:19:47.5924135Z  * [new tag]               alpha/v3.0.0a223        -> alpha/v3.0.0a223
2026-09-20T01:19:47.5924305Z  * [new tag]               alpha/v3.0.0a224        -> alpha/v3.0.0a224
2026-09-20T01:19:47.5924478Z  * [new tag]               alpha/v3.0.0a225        -> alpha/v3.0.0a225
2026-09-20T01:19:47.5924653Z  * [new tag]               alpha/v3.0.0a226        -> alpha/v3.0.0a226
2026-09-20T01:19:47.5924822Z  * [new tag]               alpha/v3.0.0a227        -> alpha/v3.0.0a227
2026-09-20T01:19:47.5924996Z  * [new tag]               alpha/v3.0.0a228        -> alpha/v3.0.0a228
2026-09-20T01:19:47.5925163Z  * [new tag]               alpha/v3.0.0a229        -> alpha/v3.0.0a229
2026-09-20T01:19:47.5925336Z  * [new tag]               alpha/v3.0.0a23         -> alpha/v3.0.0a23
2026-09-20T01:19:47.5925513Z  * [new tag]               alpha/v3.0.0a230        -> alpha/v3.0.0a230
2026-09-20T01:19:47.5925686Z  * [new tag]               alpha/v3.0.0a231        -> alpha/v3.0.0a231
2026-09-20T01:19:47.5925862Z  * [new tag]               alpha/v3.0.0a232        -> alpha/v3.0.0a232
2026-09-20T01:19:47.5926036Z  * [new tag]               alpha/v3.0.0a233        -> alpha/v3.0.0a233
2026-09-20T01:19:47.5926205Z  * [new tag]               alpha/v3.0.0a234        -> alpha/v3.0.0a234
2026-09-20T01:19:47.5926377Z  * [new tag]               alpha/v3.0.0a235        -> alpha/v3.0.0a235
2026-09-20T01:19:47.5926550Z  * [new tag]               alpha/v3.0.0a236        -> alpha/v3.0.0a236
2026-09-20T01:19:47.5926726Z  * [new tag]               alpha/v3.0.0a237        -> alpha/v3.0.0a237
2026-09-20T01:19:47.5926898Z  * [new tag]               alpha/v3.0.0a238        -> alpha/v3.0.0a238
2026-09-20T01:19:47.5927296Z  * [new tag]               alpha/v3.0.0a239        -> alpha/v3.0.0a239
2026-09-20T01:19:47.5927670Z  * [new tag]               alpha/v3.0.0a24         -> alpha/v3.0.0a24
2026-09-20T01:19:47.5927860Z  * [new tag]               alpha/v3.0.0a240        -> alpha/v3.0.0a240
2026-09-20T01:19:47.5928034Z  * [new tag]               alpha/v3.0.0a241        -> alpha/v3.0.0a241
2026-09-20T01:19:47.5928207Z  * [new tag]               alpha/v3.0.0a242        -> alpha/v3.0.0a242
2026-09-20T01:19:47.5928371Z  * [new tag]               alpha/v3.0.0a243        -> alpha/v3.0.0a243
2026-09-20T01:19:47.5928545Z  * [new tag]               alpha/v3.0.0a244        -> alpha/v3.0.0a244
2026-09-20T01:19:47.5928717Z  * [new tag]               alpha/v3.0.0a245        -> alpha/v3.0.0a245
2026-09-20T01:19:47.5928885Z  * [new tag]               alpha/v3.0.0a246        -> alpha/v3.0.0a246
2026-09-20T01:19:47.5929058Z  * [new tag]               alpha/v3.0.0a247        -> alpha/v3.0.0a247
2026-09-20T01:19:47.5929225Z  * [new tag]               alpha/v3.0.0a248        -> alpha/v3.0.0a248
2026-09-20T01:19:47.5929399Z  * [new tag]               alpha/v3.0.0a249        -> alpha/v3.0.0a249
2026-09-20T01:19:47.5929575Z  * [new tag]               alpha/v3.0.0a25         -> alpha/v3.0.0a25
2026-09-20T01:19:47.5929747Z  * [new tag]               alpha/v3.0.0a250        -> alpha/v3.0.0a250
2026-09-20T01:19:47.5929921Z  * [new tag]               alpha/v3.0.0a251        -> alpha/v3.0.0a251
2026-09-20T01:19:47.5930089Z  * [new tag]               alpha/v3.0.0a252        -> alpha/v3.0.0a252
2026-09-20T01:19:47.5930263Z  * [new tag]               alpha/v3.0.0a253        -> alpha/v3.0.0a253
2026-09-20T01:19:47.5930435Z  * [new tag]               alpha/v3.0.0a254        -> alpha/v3.0.0a254
2026-09-20T01:19:47.5930603Z  * [new tag]               alpha/v3.0.0a255        -> alpha/v3.0.0a255
2026-09-20T01:19:47.5930785Z  * [new tag]               alpha/v3.0.0a256        -> alpha/v3.0.0a256
2026-09-20T01:19:47.5930958Z  * [new tag]               alpha/v3.0.0a257        -> alpha/v3.0.0a257
2026-09-20T01:19:47.5931127Z  * [new tag]               alpha/v3.0.0a258        -> alpha/v3.0.0a258
2026-09-20T01:19:47.5931306Z  * [new tag]               alpha/v3.0.0a259        -> alpha/v3.0.0a259
2026-09-20T01:19:47.5931595Z  * [new tag]               alpha/v3.0.0a26         -> alpha/v3.0.0a26
2026-09-20T01:19:47.5931773Z  * [new tag]               alpha/v3.0.0a260        -> alpha/v3.0.0a260
2026-09-20T01:19:47.5931950Z  * [new tag]               alpha/v3.0.0a261        -> alpha/v3.0.0a261
2026-09-20T01:19:47.5932119Z  * [new tag]               alpha/v3.0.0a262        -> alpha/v3.0.0a262
2026-09-20T01:19:47.5932288Z  * [new tag]               alpha/v3.0.0a263        -> alpha/v3.0.0a263
2026-09-20T01:19:47.5932457Z  * [new tag]               alpha/v3.0.0a264        -> alpha/v3.0.0a264
2026-09-20T01:19:47.5932630Z  * [new tag]               alpha/v3.0.0a265        -> alpha/v3.0.0a265
2026-09-20T01:19:47.5932803Z  * [new tag]               alpha/v3.0.0a266        -> alpha/v3.0.0a266
2026-09-20T01:19:47.5932972Z  * [new tag]               alpha/v3.0.0a267        -> alpha/v3.0.0a267
2026-09-20T01:19:47.5933150Z  * [new tag]               alpha/v3.0.0a268        -> alpha/v3.0.0a268
2026-09-20T01:19:47.5933329Z  * [new tag]               alpha/v3.0.0a269        -> alpha/v3.0.0a269
2026-09-20T01:19:47.5933496Z  * [new tag]               alpha/v3.0.0a27         -> alpha/v3.0.0a27
2026-09-20T01:19:47.5933673Z  * [new tag]               alpha/v3.0.0a270        -> alpha/v3.0.0a270
2026-09-20T01:19:47.5933862Z  * [new tag]               alpha/v3.0.0a271        -> alpha/v3.0.0a271
2026-09-20T01:19:47.5934038Z  * [new tag]               alpha/v3.0.0a272        -> alpha/v3.0.0a272
2026-09-20T01:19:47.5934215Z  * [new tag]               alpha/v3.0.0a273        -> alpha/v3.0.0a273
2026-09-20T01:19:47.5934381Z  * [new tag]               alpha/v3.0.0a274        -> alpha/v3.0.0a274
2026-09-20T01:19:47.5934559Z  * [new tag]               alpha/v3.0.0a275        -> alpha/v3.0.0a275
2026-09-20T01:19:47.5934727Z  * [new tag]               alpha/v3.0.0a276        -> alpha/v3.0.0a276
2026-09-20T01:19:47.5935019Z  * [new tag]               alpha/v3.0.0a277        -> alpha/v3.0.0a277
2026-09-20T01:19:47.5935204Z  * [new tag]               alpha/v3.0.0a278        -> alpha/v3.0.0a278
2026-09-20T01:19:47.5935373Z  * [new tag]               alpha/v3.0.0a279        -> alpha/v3.0.0a279
2026-09-20T01:19:47.5935544Z  * [new tag]               alpha/v3.0.0a28         -> alpha/v3.0.0a28
2026-09-20T01:19:47.5935718Z  * [new tag]               alpha/v3.0.0a280        -> alpha/v3.0.0a280
2026-09-20T01:19:47.5935887Z  * [new tag]               alpha/v3.0.0a281        -> alpha/v3.0.0a281
2026-09-20T01:19:47.5936062Z  * [new tag]               alpha/v3.0.0a282        -> alpha/v3.0.0a282
2026-09-20T01:19:47.5936234Z  * [new tag]               alpha/v3.0.0a283        -> alpha/v3.0.0a283
2026-09-20T01:19:47.5936410Z  * [new tag]               alpha/v3.0.0a284        -> alpha/v3.0.0a284
2026-09-20T01:19:47.5936585Z  * [new tag]               alpha/v3.0.0a285        -> alpha/v3.0.0a285
2026-09-20T01:19:47.5936754Z  * [new tag]               alpha/v3.0.0a286        -> alpha/v3.0.0a286
2026-09-20T01:19:47.5936932Z  * [new tag]               alpha/v3.0.0a287        -> alpha/v3.0.0a287
2026-09-20T01:19:47.5937251Z  * [new tag]               alpha/v3.0.0a288        -> alpha/v3.0.0a288
2026-09-20T01:19:47.5937435Z  * [new tag]               alpha/v3.0.0a289        -> alpha/v3.0.0a289
2026-09-20T01:19:47.5937609Z  * [new tag]               alpha/v3.0.0a29         -> alpha/v3.0.0a29
2026-09-20T01:19:47.5937778Z  * [new tag]               alpha/v3.0.0a290        -> alpha/v3.0.0a290
2026-09-20T01:19:47.5937985Z  * [new tag]               alpha/v3.0.0a3          -> alpha/v3.0.0a3
2026-09-20T01:19:47.5938179Z  * [new tag]               alpha/v3.0.0a30         -> alpha/v3.0.0a30
2026-09-20T01:19:47.5938350Z  * [new tag]               alpha/v3.0.0a31         -> alpha/v3.0.0a31
2026-09-20T01:19:47.5938539Z  * [new tag]               alpha/v3.0.0a32         -> alpha/v3.0.0a32
2026-09-20T01:19:47.5938717Z  * [new tag]               alpha/v3.0.0a33         -> alpha/v3.0.0a33
2026-09-20T01:19:47.5938912Z  * [new tag]               alpha/v3.0.0a34         -> alpha/v3.0.0a34
2026-09-20T01:19:47.5939360Z  * [new tag]               alpha/v3.0.0a35         -> alpha/v3.0.0a35
2026-09-20T01:19:47.5939527Z  * [new tag]               alpha/v3.0.0a36         -> alpha/v3.0.0a36
2026-09-20T01:19:47.5939702Z  * [new tag]               alpha/v3.0.0a37         -> alpha/v3.0.0a37
2026-09-20T01:19:47.5939871Z  * [new tag]               alpha/v3.0.0a38         -> alpha/v3.0.0a38
2026-09-20T01:19:47.5940043Z  * [new tag]               alpha/v3.0.0a39         -> alpha/v3.0.0a39
2026-09-20T01:19:47.5940216Z  * [new tag]               alpha/v3.0.0a4          -> alpha/v3.0.0a4
2026-09-20T01:19:47.5940383Z  * [new tag]               alpha/v3.0.0a40         -> alpha/v3.0.0a40
2026-09-20T01:19:47.5940559Z  * [new tag]               alpha/v3.0.0a41         -> alpha/v3.0.0a41
2026-09-20T01:19:47.5940735Z  * [new tag]               alpha/v3.0.0a42         -> alpha/v3.0.0a42
2026-09-20T01:19:47.5940916Z  * [new tag]               alpha/v3.0.0a43         -> alpha/v3.0.0a43
2026-09-20T01:19:47.5941097Z  * [new tag]               alpha/v3.0.0a44         -> alpha/v3.0.0a44
2026-09-20T01:19:47.5941264Z  * [new tag]               alpha/v3.0.0a45         -> alpha/v3.0.0a45
2026-09-20T01:19:47.5941441Z  * [new tag]               alpha/v3.0.0a46         -> alpha/v3.0.0a46
2026-09-20T01:19:47.5941614Z  * [new tag]               alpha/v3.0.0a47         -> alpha/v3.0.0a47
2026-09-20T01:19:47.5941781Z  * [new tag]               alpha/v3.0.0a48         -> alpha/v3.0.0a48
2026-09-20T01:19:47.5941952Z  * [new tag]               alpha/v3.0.0a49         -> alpha/v3.0.0a49
2026-09-20T01:19:47.5942119Z  * [new tag]               alpha/v3.0.0a5          -> alpha/v3.0.0a5
2026-09-20T01:19:47.5942290Z  * [new tag]               alpha/v3.0.0a50         -> alpha/v3.0.0a50
2026-09-20T01:19:47.5942460Z  * [new tag]               alpha/v3.0.0a51         -> alpha/v3.0.0a51
2026-09-20T01:19:47.5942627Z  * [new tag]               alpha/v3.0.0a52         -> alpha/v3.0.0a52
2026-09-20T01:19:47.5942915Z  * [new tag]               alpha/v3.0.0a53         -> alpha/v3.0.0a53
2026-09-20T01:19:47.5943091Z  * [new tag]               alpha/v3.0.0a54         -> alpha/v3.0.0a54
2026-09-20T01:19:47.5943265Z  * [new tag]               alpha/v3.0.0a55         -> alpha/v3.0.0a55
2026-09-20T01:19:47.5943437Z  * [new tag]               alpha/v3.0.0a56         -> alpha/v3.0.0a56
2026-09-20T01:19:47.5943603Z  * [new tag]               alpha/v3.0.0a57         -> alpha/v3.0.0a57
2026-09-20T01:19:47.5943776Z  * [new tag]               alpha/v3.0.0a58         -> alpha/v3.0.0a58
2026-09-20T01:19:47.5943946Z  * [new tag]               alpha/v3.0.0a59         -> alpha/v3.0.0a59
2026-09-20T01:19:47.5944116Z  * [new tag]               alpha/v3.0.0a6          -> alpha/v3.0.0a6
2026-09-20T01:19:47.5944286Z  * [new tag]               alpha/v3.0.0a60         -> alpha/v3.0.0a60
2026-09-20T01:19:47.5944449Z  * [new tag]               alpha/v3.0.0a61         -> alpha/v3.0.0a61
2026-09-20T01:19:47.5944625Z  * [new tag]               alpha/v3.0.0a62         -> alpha/v3.0.0a62
2026-09-20T01:19:47.5944798Z  * [new tag]               alpha/v3.0.0a63         -> alpha/v3.0.0a63
2026-09-20T01:19:47.5944962Z  * [new tag]               alpha/v3.0.0a64         -> alpha/v3.0.0a64
2026-09-20T01:19:47.5945133Z  * [new tag]               alpha/v3.0.0a65         -> alpha/v3.0.0a65
2026-09-20T01:19:47.5945299Z  * [new tag]               alpha/v3.0.0a66         -> alpha/v3.0.0a66
2026-09-20T01:19:47.5945472Z  * [new tag]               alpha/v3.0.0a67         -> alpha/v3.0.0a67
2026-09-20T01:19:47.5945642Z  * [new tag]               alpha/v3.0.0a68         -> alpha/v3.0.0a68
2026-09-20T01:19:47.5945808Z  * [new tag]               alpha/v3.0.0a69         -> alpha/v3.0.0a69
2026-09-20T01:19:47.5945980Z  * [new tag]               alpha/v3.0.0a7          -> alpha/v3.0.0a7
2026-09-20T01:19:47.5946151Z  * [new tag]               alpha/v3.0.0a70         -> alpha/v3.0.0a70
2026-09-20T01:19:47.5946323Z  * [new tag]               alpha/v3.0.0a71         -> alpha/v3.0.0a71
2026-09-20T01:19:47.5946625Z  * [new tag]               alpha/v3.0.0a72         -> alpha/v3.0.0a72
2026-09-20T01:19:47.5946789Z  * [new tag]               alpha/v3.0.0a73         -> alpha/v3.0.0a73
2026-09-20T01:19:47.5946964Z  * [new tag]               alpha/v3.0.0a74         -> alpha/v3.0.0a74
2026-09-20T01:19:47.5947269Z  * [new tag]               alpha/v3.0.0a75         -> alpha/v3.0.0a75
2026-09-20T01:19:47.5947440Z  * [new tag]               alpha/v3.0.0a76         -> alpha/v3.0.0a76
2026-09-20T01:19:47.5947612Z  * [new tag]               alpha/v3.0.0a77         -> alpha/v3.0.0a77
2026-09-20T01:19:47.5947777Z  * [new tag]               alpha/v3.0.0a78         -> alpha/v3.0.0a78
2026-09-20T01:19:47.5947950Z  * [new tag]               alpha/v3.0.0a79         -> alpha/v3.0.0a79
2026-09-20T01:19:47.5948125Z  * [new tag]               alpha/v3.0.0a8          -> alpha/v3.0.0a8
2026-09-20T01:19:47.5948293Z  * [new tag]               alpha/v3.0.0a80         -> alpha/v3.0.0a80
2026-09-20T01:19:47.5948471Z  * [new tag]               alpha/v3.0.0a81         -> alpha/v3.0.0a81
2026-09-20T01:19:47.5948647Z  * [new tag]               alpha/v3.0.0a82         -> alpha/v3.0.0a82
2026-09-20T01:19:47.5948813Z  * [new tag]               alpha/v3.0.0a83         -> alpha/v3.0.0a83
2026-09-20T01:19:47.5948984Z  * [new tag]               alpha/v3.0.0a84         -> alpha/v3.0.0a84
2026-09-20T01:19:47.5949151Z  * [new tag]               alpha/v3.0.0a85         -> alpha/v3.0.0a85
2026-09-20T01:19:47.5949323Z  * [new tag]               alpha/v3.0.0a86         -> alpha/v3.0.0a86
2026-09-20T01:19:47.5949495Z  * [new tag]               alpha/v3.0.0a87         -> alpha/v3.0.0a87
2026-09-20T01:19:47.5949663Z  * [new tag]               alpha/v3.0.0a88         -> alpha/v3.0.0a88
2026-09-20T01:19:47.5949834Z  * [new tag]               alpha/v3.0.0a89         -> alpha/v3.0.0a89
2026-09-20T01:19:47.5950002Z  * [new tag]               alpha/v3.0.0a9          -> alpha/v3.0.0a9
2026-09-20T01:19:47.5950352Z  * [new tag]               alpha/v3.0.0a90         -> alpha/v3.0.0a90
2026-09-20T01:19:47.5950553Z  * [new tag]               alpha/v3.0.0a91         -> alpha/v3.0.0a91
2026-09-20T01:19:47.5950726Z  * [new tag]               alpha/v3.0.0a92         -> alpha/v3.0.0a92
2026-09-20T01:19:47.5950901Z  * [new tag]               alpha/v3.0.0a93         -> alpha/v3.0.0a93
2026-09-20T01:19:47.5951078Z  * [new tag]               alpha/v3.0.0a94         -> alpha/v3.0.0a94
2026-09-20T01:19:47.5951244Z  * [new tag]               alpha/v3.0.0a95         -> alpha/v3.0.0a95
2026-09-20T01:19:47.5951419Z  * [new tag]               alpha/v3.0.0a96         -> alpha/v3.0.0a96
2026-09-20T01:19:47.5951583Z  * [new tag]               alpha/v3.0.0a97         -> alpha/v3.0.0a97
2026-09-20T01:19:47.5951760Z  * [new tag]               alpha/v3.0.0a98         -> alpha/v3.0.0a98
2026-09-20T01:19:47.5951931Z  * [new tag]               alpha/v3.0.0a99         -> alpha/v3.0.0a99
2026-09-20T01:19:47.5952102Z  * [new tag]               alpha/v3.0.1a1          -> alpha/v3.0.1a1
2026-09-20T01:19:47.5952289Z  * [new tag]               alpha/v3.0.1a2          -> alpha/v3.0.1a2
2026-09-20T01:19:47.5952457Z  * [new tag]               alpha/v3.1.0a1          -> alpha/v3.1.0a1
2026-09-20T01:19:47.5952632Z  * [new tag]               alpha/v3.1.0a10         -> alpha/v3.1.0a10
2026-09-20T01:19:47.5952807Z  * [new tag]               alpha/v3.1.0a11         -> alpha/v3.1.0a11
2026-09-20T01:19:47.5952974Z  * [new tag]               alpha/v3.1.0a12         -> alpha/v3.1.0a12
2026-09-20T01:19:47.5953145Z  * [new tag]               alpha/v3.1.0a13         -> alpha/v3.1.0a13
2026-09-20T01:19:47.5953317Z  * [new tag]               alpha/v3.1.0a2          -> alpha/v3.1.0a2
2026-09-20T01:19:47.5953485Z  * [new tag]               alpha/v3.1.0a3          -> alpha/v3.1.0a3
2026-09-20T01:19:47.5953657Z  * [new tag]               alpha/v3.1.0a4          -> alpha/v3.1.0a4
2026-09-20T01:19:47.5953823Z  * [new tag]               alpha/v3.1.0a5          -> alpha/v3.1.0a5
2026-09-20T01:19:47.5954046Z  * [new tag]               feature_hol-guard_1.0.0 -> feature_hol-guard_1.0.0
2026-09-20T01:19:47.5954335Z  * [new tag]               v1                      -> v1
2026-09-20T01:19:47.5954497Z  * [new tag]               v1.0.0                  -> v1.0.0
2026-09-20T01:19:47.5954663Z  * [new tag]               v1.1.0                  -> v1.1.0
2026-09-20T01:19:47.5954817Z  * [new tag]               v1.2.0                  -> v1.2.0
2026-09-20T01:19:47.5954982Z  * [new tag]               v1.2.25                 -> v1.2.25
2026-09-20T01:19:47.5955141Z  * [new tag]               v1.3.0                  -> v1.3.0
2026-09-20T01:19:47.5955307Z  * [new tag]               v1.3.0.dev43            -> v1.3.0.dev43
2026-09-20T01:19:47.5955486Z  * [new tag]               v1.3.0.post44           -> v1.3.0.post44
2026-09-20T01:19:47.5955639Z  * [new tag]               v1.4.0                  -> v1.4.0
2026-09-20T01:19:47.5955796Z  * [new tag]               v1.4.1                  -> v1.4.1
2026-09-20T01:19:47.5955963Z  * [new tag]               v1.4.10                 -> v1.4.10
2026-09-20T01:19:47.5956121Z  * [new tag]               v1.4.11                 -> v1.4.11
2026-09-20T01:19:47.5956282Z  * [new tag]               v1.4.12                 -> v1.4.12
2026-09-20T01:19:47.5956440Z  * [new tag]               v1.4.13                 -> v1.4.13
2026-09-20T01:19:47.5956593Z  * [new tag]               v1.4.14                 -> v1.4.14
2026-09-20T01:19:47.5956748Z  * [new tag]               v1.4.15                 -> v1.4.15
2026-09-20T01:19:47.5956902Z  * [new tag]               v1.4.16                 -> v1.4.16
2026-09-20T01:19:47.5957058Z  * [new tag]               v1.4.2                  -> v1.4.2
2026-09-20T01:19:47.5957351Z  * [new tag]               v1.4.3                  -> v1.4.3
2026-09-20T01:19:47.5957505Z  * [new tag]               v1.4.4                  -> v1.4.4
2026-09-20T01:19:47.5957660Z  * [new tag]               v1.4.5                  -> v1.4.5
2026-09-20T01:19:47.5957937Z  * [new tag]               v1.4.6                  -> v1.4.6
2026-09-20T01:19:47.5958105Z  * [new tag]               v1.4.7                  -> v1.4.7
2026-09-20T01:19:47.5958263Z  * [new tag]               v1.4.8                  -> v1.4.8
2026-09-20T01:19:47.5958410Z  * [new tag]               v1.4.9                  -> v1.4.9
2026-09-20T01:19:47.5958565Z  * [new tag]               v2.0.0                  -> v2.0.0
2026-09-20T01:19:47.5958714Z  * [new tag]               v2.0.1                  -> v2.0.1
2026-09-20T01:19:47.5958879Z  * [new tag]               v2.0.100                -> v2.0.100
2026-09-20T01:19:47.5959039Z  * [new tag]               v2.0.1000               -> v2.0.1000
2026-09-20T01:19:47.5959191Z  * [new tag]               v2.0.1001               -> v2.0.1001
2026-09-20T01:19:47.5959346Z  * [new tag]               v2.0.1002               -> v2.0.1002
2026-09-20T01:19:47.5959496Z  * [new tag]               v2.0.1003               -> v2.0.1003
2026-09-20T01:19:47.5959653Z  * [new tag]               v2.0.1004               -> v2.0.1004
2026-09-20T01:19:47.5959819Z  * [new tag]               v2.0.1005               -> v2.0.1005
2026-09-20T01:19:47.5959969Z  * [new tag]               v2.0.1006               -> v2.0.1006
2026-09-20T01:19:47.5960121Z  * [new tag]               v2.0.1007               -> v2.0.1007
2026-09-20T01:19:47.5960275Z  * [new tag]               v2.0.1008               -> v2.0.1008
2026-09-20T01:19:47.5960427Z  * [new tag]               v2.0.1009               -> v2.0.1009
2026-09-20T01:19:47.5960587Z  * [new tag]               v2.0.101                -> v2.0.101
2026-09-20T01:19:47.5960735Z  * [new tag]               v2.0.1010               -> v2.0.1010
2026-09-20T01:19:47.5960887Z  * [new tag]               v2.0.1011               -> v2.0.1011
2026-09-20T01:19:47.5961042Z  * [new tag]               v2.0.1012               -> v2.0.1012
2026-09-20T01:19:47.5961190Z  * [new tag]               v2.0.1013               -> v2.0.1013
2026-09-20T01:19:47.5961346Z  * [new tag]               v2.0.1014               -> v2.0.1014
2026-09-20T01:19:47.5961622Z  * [new tag]               v2.0.1015               -> v2.0.1015
2026-09-20T01:19:47.5961777Z  * [new tag]               v2.0.1016               -> v2.0.1016
2026-09-20T01:19:47.5961931Z  * [new tag]               v2.0.1017               -> v2.0.1017
2026-09-20T01:19:47.5962079Z  * [new tag]               v2.0.1018               -> v2.0.1018
2026-09-20T01:19:47.5962234Z  * [new tag]               v2.0.1019               -> v2.0.1019
2026-09-20T01:19:47.5962534Z  * [new tag]               v2.0.102                -> v2.0.102
2026-09-20T01:19:47.5962819Z  * [new tag]               v2.0.1020               -> v2.0.1020
2026-09-20T01:19:47.5963083Z  * [new tag]               v2.0.1021               -> v2.0.1021
2026-09-20T01:19:47.5963343Z  * [new tag]               v2.0.1022               -> v2.0.1022
2026-09-20T01:19:47.5963600Z  * [new tag]               v2.0.1023               -> v2.0.1023
2026-09-20T01:19:47.5963859Z  * [new tag]               v2.0.1024               -> v2.0.1024
2026-09-20T01:19:47.5964120Z  * [new tag]               v2.0.1025               -> v2.0.1025
2026-09-20T01:19:47.5964280Z  * [new tag]               v2.0.1026               -> v2.0.1026
2026-09-20T01:19:47.5964427Z  * [new tag]               v2.0.1027               -> v2.0.1027
2026-09-20T01:19:47.5964582Z  * [new tag]               v2.0.1028               -> v2.0.1028
2026-09-20T01:19:47.5964737Z  * [new tag]               v2.0.1029               -> v2.0.1029
2026-09-20T01:19:47.5964894Z  * [new tag]               v2.0.103                -> v2.0.103
2026-09-20T01:19:47.5965046Z  * [new tag]               v2.0.1030               -> v2.0.1030
2026-09-20T01:19:47.5965195Z  * [new tag]               v2.0.1031               -> v2.0.1031
2026-09-20T01:19:47.5965349Z  * [new tag]               v2.0.1032               -> v2.0.1032
2026-09-20T01:19:47.5965503Z  * [new tag]               v2.0.1033               -> v2.0.1033
2026-09-20T01:19:47.5965651Z  * [new tag]               v2.0.1034               -> v2.0.1034
2026-09-20T01:19:47.5966005Z  * [new tag]               v2.0.1035               -> v2.0.1035
2026-09-20T01:19:47.5966166Z  * [new tag]               v2.0.1036               -> v2.0.1036
2026-09-20T01:19:47.5966328Z  * [new tag]               v2.0.1037               -> v2.0.1037
2026-09-20T01:19:47.5966485Z  * [new tag]               v2.0.1038               -> v2.0.1038
2026-09-20T01:19:47.5966633Z  * [new tag]               v2.0.1039               -> v2.0.1039
2026-09-20T01:19:47.5966793Z  * [new tag]               v2.0.104                -> v2.0.104
2026-09-20T01:19:47.5966945Z  * [new tag]               v2.0.1040               -> v2.0.1040
2026-09-20T01:19:47.5967376Z  * [new tag]               v2.0.1041               -> v2.0.1041
2026-09-20T01:19:47.5967559Z  * [new tag]               v2.0.1042               -> v2.0.1042
2026-09-20T01:19:47.5967711Z  * [new tag]               v2.0.1043               -> v2.0.1043
2026-09-20T01:19:47.5967869Z  * [new tag]               v2.0.1044               -> v2.0.1044
2026-09-20T01:19:47.5968033Z  * [new tag]               v2.0.1045               -> v2.0.1045
2026-09-20T01:19:47.5968189Z  * [new tag]               v2.0.1046               -> v2.0.1046
2026-09-20T01:19:47.5968343Z  * [new tag]               v2.0.1047               -> v2.0.1047
2026-09-20T01:19:47.5968493Z  * [new tag]               v2.0.1048               -> v2.0.1048
2026-09-20T01:19:47.5968648Z  * [new tag]               v2.0.1049               -> v2.0.1049
2026-09-20T01:19:47.5968806Z  * [new tag]               v2.0.105                -> v2.0.105
2026-09-20T01:19:47.5968952Z  * [new tag]               v2.0.1050               -> v2.0.1050
2026-09-20T01:19:47.5969105Z  * [new tag]               v2.0.1051               -> v2.0.1051
2026-09-20T01:19:47.5969254Z  * [new tag]               v2.0.1052               -> v2.0.1052
2026-09-20T01:19:47.5969405Z  * [new tag]               v2.0.1053               -> v2.0.1053
2026-09-20T01:19:47.5969557Z  * [new tag]               v2.0.1054               -> v2.0.1054
2026-09-20T01:19:47.5969712Z  * [new tag]               v2.0.1055               -> v2.0.1055
2026-09-20T01:19:47.5970006Z  * [new tag]               v2.0.1056               -> v2.0.1056
2026-09-20T01:19:47.5970164Z  * [new tag]               v2.0.1057               -> v2.0.1057
2026-09-20T01:19:47.5970313Z  * [new tag]               v2.0.1058               -> v2.0.1058
2026-09-20T01:19:47.5970465Z  * [new tag]               v2.0.1059               -> v2.0.1059
2026-09-20T01:19:47.5970622Z  * [new tag]               v2.0.106                -> v2.0.106
2026-09-20T01:19:47.5970775Z  * [new tag]               v2.0.1060               -> v2.0.1060
2026-09-20T01:19:47.5970929Z  * [new tag]               v2.0.1061               -> v2.0.1061
2026-09-20T01:19:47.5971079Z  * [new tag]               v2.0.1062               -> v2.0.1062
2026-09-20T01:19:47.5971229Z  * [new tag]               v2.0.1063               -> v2.0.1063
2026-09-20T01:19:47.5971375Z  * [new tag]               v2.0.1064               -> v2.0.1064
2026-09-20T01:19:47.5971532Z  * [new tag]               v2.0.1065               -> v2.0.1065
2026-09-20T01:19:47.5971691Z  * [new tag]               v2.0.1066               -> v2.0.1066
2026-09-20T01:19:47.5971838Z  * [new tag]               v2.0.1067               -> v2.0.1067
2026-09-20T01:19:47.5971995Z  * [new tag]               v2.0.1068               -> v2.0.1068
2026-09-20T01:19:47.5972140Z  * [new tag]               v2.0.1069               -> v2.0.1069
2026-09-20T01:19:47.5972298Z  * [new tag]               v2.0.107                -> v2.0.107
2026-09-20T01:19:47.5972451Z  * [new tag]               v2.0.1070               -> v2.0.1070
2026-09-20T01:19:47.5972598Z  * [new tag]               v2.0.1071               -> v2.0.1071
2026-09-20T01:19:47.5972753Z  * [new tag]               v2.0.1072               -> v2.0.1072
2026-09-20T01:19:47.5972910Z  * [new tag]               v2.0.1073               -> v2.0.1073
2026-09-20T01:19:47.5973059Z  * [new tag]               v2.0.1074               -> v2.0.1074
2026-09-20T01:19:47.5973506Z  * [new tag]               v2.0.1075               -> v2.0.1075
2026-09-20T01:19:47.5973811Z  * [new tag]               v2.0.1076               -> v2.0.1076
2026-09-20T01:19:47.5974085Z  * [new tag]               v2.0.1077               -> v2.0.1077
2026-09-20T01:19:47.5974355Z  * [new tag]               v2.0.1078               -> v2.0.1078
2026-09-20T01:19:47.5974617Z  * [new tag]               v2.0.1079               -> v2.0.1079
2026-09-20T01:19:47.5974905Z  * [new tag]               v2.0.108                -> v2.0.108
2026-09-20T01:19:47.5975175Z  * [new tag]               v2.0.1080               -> v2.0.1080
2026-09-20T01:19:47.5975465Z  * [new tag]               v2.0.1081               -> v2.0.1081
2026-09-20T01:19:47.5975749Z  * [new tag]               v2.0.1082               -> v2.0.1082
2026-09-20T01:19:47.5976039Z  * [new tag]               v2.0.1083               -> v2.0.1083
2026-09-20T01:19:47.5976323Z  * [new tag]               v2.0.1084               -> v2.0.1084
2026-09-20T01:19:47.5976622Z  * [new tag]               v2.0.1085               -> v2.0.1085
2026-09-20T01:19:47.5976930Z  * [new tag]               v2.0.1086               -> v2.0.1086
2026-09-20T01:19:47.5977574Z  * [new tag]               v2.0.1087               -> v2.0.1087
2026-09-20T01:19:47.5977874Z  * [new tag]               v2.0.1088               -> v2.0.1088
2026-09-20T01:19:47.5978154Z  * [new tag]               v2.0.1089               -> v2.0.1089
2026-09-20T01:19:47.5978449Z  * [new tag]               v2.0.109                -> v2.0.109
2026-09-20T01:19:47.5978617Z  * [new tag]               v2.0.1090               -> v2.0.1090
2026-09-20T01:19:47.5978785Z  * [new tag]               v2.0.1091               -> v2.0.1091
2026-09-20T01:19:47.5978941Z  * [new tag]               v2.0.1092               -> v2.0.1092
2026-09-20T01:19:47.5979099Z  * [new tag]               v2.0.1093               -> v2.0.1093
2026-09-20T01:19:47.5979257Z  * [new tag]               v2.0.1094               -> v2.0.1094
2026-09-20T01:19:47.5979427Z  * [new tag]               v2.0.1095               -> v2.0.1095
2026-09-20T01:19:47.5979780Z  * [new tag]               v2.0.1096               -> v2.0.1096
2026-09-20T01:19:47.5979934Z  * [new tag]               v2.0.1097               -> v2.0.1097
2026-09-20T01:19:47.5980090Z  * [new tag]               v2.0.1098               -> v2.0.1098
2026-09-20T01:19:47.5980247Z  * [new tag]               v2.0.1099               -> v2.0.1099
2026-09-20T01:19:47.5980404Z  * [new tag]               v2.0.11                 -> v2.0.11
2026-09-20T01:19:47.5980574Z  * [new tag]               v2.0.110                -> v2.0.110
2026-09-20T01:19:47.5980732Z  * [new tag]               v2.0.1100               -> v2.0.1100
2026-09-20T01:19:47.5980892Z  * [new tag]               v2.0.1101               -> v2.0.1101
2026-09-20T01:19:47.5981048Z  * [new tag]               v2.0.1102               -> v2.0.1102
2026-09-20T01:19:47.5981200Z  * [new tag]               v2.0.1103               -> v2.0.1103
2026-09-20T01:19:47.5981360Z  * [new tag]               v2.0.1104               -> v2.0.1104
2026-09-20T01:19:47.5981516Z  * [new tag]               v2.0.1105               -> v2.0.1105
2026-09-20T01:19:47.5981670Z  * [new tag]               v2.0.1106               -> v2.0.1106
2026-09-20T01:19:47.5981826Z  * [new tag]               v2.0.1107               -> v2.0.1107
2026-09-20T01:19:47.5981975Z  * [new tag]               v2.0.1108               -> v2.0.1108
2026-09-20T01:19:47.5982136Z  * [new tag]               v2.0.1109               -> v2.0.1109
2026-09-20T01:19:47.5982299Z  * [new tag]               v2.0.111                -> v2.0.111
2026-09-20T01:19:47.5982450Z  * [new tag]               v2.0.1110               -> v2.0.1110
2026-09-20T01:19:47.5982604Z  * [new tag]               v2.0.1111               -> v2.0.1111
2026-09-20T01:19:47.5982753Z  * [new tag]               v2.0.1112               -> v2.0.1112
2026-09-20T01:19:47.5982907Z  * [new tag]               v2.0.1113               -> v2.0.1113
2026-09-20T01:19:47.5983177Z  * [new tag]               v2.0.1114               -> v2.0.1114
2026-09-20T01:19:47.5983339Z  * [new tag]               v2.0.1115               -> v2.0.1115
2026-09-20T01:19:47.5983494Z  * [new tag]               v2.0.1116               -> v2.0.1116
2026-09-20T01:19:47.5983649Z  * [new tag]               v2.0.112                -> v2.0.112
2026-09-20T01:19:47.5983806Z  * [new tag]               v2.0.1121               -> v2.0.1121
2026-09-20T01:19:47.5983960Z  * [new tag]               v2.0.1122               -> v2.0.1122
2026-09-20T01:19:47.5984109Z  * [new tag]               v2.0.1123               -> v2.0.1123
2026-09-20T01:19:47.5984264Z  * [new tag]               v2.0.1124               -> v2.0.1124
2026-09-20T01:19:47.5984414Z  * [new tag]               v2.0.1125               -> v2.0.1125
2026-09-20T01:19:47.5984568Z  * [new tag]               v2.0.1127               -> v2.0.1127
2026-09-20T01:19:47.5984728Z  * [new tag]               v2.0.113                -> v2.0.113
2026-09-20T01:19:47.5984889Z  * [new tag]               v2.0.114                -> v2.0.114
2026-09-20T01:19:47.5985054Z  * [new tag]               v2.0.115                -> v2.0.115
2026-09-20T01:19:47.5985213Z  * [new tag]               v2.0.116                -> v2.0.116
2026-09-20T01:19:47.5985368Z  * [new tag]               v2.0.117                -> v2.0.117
2026-09-20T01:19:47.5985527Z  * [new tag]               v2.0.118                -> v2.0.118
2026-09-20T01:19:47.5985678Z  * [new tag]               v2.0.119                -> v2.0.119
2026-09-20T01:19:47.5985838Z  * [new tag]               v2.0.12                 -> v2.0.12
2026-09-20T01:19:47.5985998Z  * [new tag]               v2.0.120                -> v2.0.120
2026-09-20T01:19:47.5986152Z  * [new tag]               v2.0.121                -> v2.0.121
2026-09-20T01:19:47.5986310Z  * [new tag]               v2.0.122                -> v2.0.122
2026-09-20T01:19:47.5986462Z  * [new tag]               v2.0.123                -> v2.0.123
2026-09-20T01:19:47.5986626Z  * [new tag]               v2.0.124                -> v2.0.124
2026-09-20T01:19:47.5986882Z  * [new tag]               v2.0.125                -> v2.0.125
2026-09-20T01:19:47.5987035Z  * [new tag]               v2.0.126                -> v2.0.126
2026-09-20T01:19:47.5987482Z  * [new tag]               v2.0.127                -> v2.0.127
2026-09-20T01:19:47.5987657Z  * [new tag]               v2.0.128                -> v2.0.128
2026-09-20T01:19:47.5987814Z  * [new tag]               v2.0.129                -> v2.0.129
2026-09-20T01:19:47.5987970Z  * [new tag]               v2.0.13                 -> v2.0.13
2026-09-20T01:19:47.5988122Z  * [new tag]               v2.0.130                -> v2.0.130
2026-09-20T01:19:47.5988279Z  * [new tag]               v2.0.131                -> v2.0.131
2026-09-20T01:19:47.5988441Z  * [new tag]               v2.0.132                -> v2.0.132
2026-09-20T01:19:47.5988595Z  * [new tag]               v2.0.133                -> v2.0.133
2026-09-20T01:19:47.5988760Z  * [new tag]               v2.0.134                -> v2.0.134
2026-09-20T01:19:47.5988917Z  * [new tag]               v2.0.135                -> v2.0.135
2026-09-20T01:19:47.5989076Z  * [new tag]               v2.0.136                -> v2.0.136
2026-09-20T01:19:47.5989231Z  * [new tag]               v2.0.137                -> v2.0.137
2026-09-20T01:19:47.5989383Z  * [new tag]               v2.0.138                -> v2.0.138
2026-09-20T01:19:47.5989544Z  * [new tag]               v2.0.139                -> v2.0.139
2026-09-20T01:19:47.5989695Z  * [new tag]               v2.0.14                 -> v2.0.14
2026-09-20T01:19:47.5989857Z  * [new tag]               v2.0.140                -> v2.0.140
2026-09-20T01:19:47.5990016Z  * [new tag]               v2.0.141                -> v2.0.141
2026-09-20T01:19:47.5990178Z  * [new tag]               v2.0.142                -> v2.0.142
2026-09-20T01:19:47.5990336Z  * [new tag]               v2.0.143                -> v2.0.143
2026-09-20T01:19:47.5990626Z  * [new tag]               v2.0.144                -> v2.0.144
2026-09-20T01:19:47.5990799Z  * [new tag]               v2.0.145                -> v2.0.145
2026-09-20T01:19:47.5990959Z  * [new tag]               v2.0.146                -> v2.0.146
2026-09-20T01:19:47.5991109Z  * [new tag]               v2.0.147                -> v2.0.147
2026-09-20T01:19:47.5991267Z  * [new tag]               v2.0.148                -> v2.0.148
2026-09-20T01:19:47.5991426Z  * [new tag]               v2.0.149                -> v2.0.149
2026-09-20T01:19:47.5991581Z  * [new tag]               v2.0.15                 -> v2.0.15
2026-09-20T01:19:47.5991740Z  * [new tag]               v2.0.150                -> v2.0.150
2026-09-20T01:19:47.5991892Z  * [new tag]               v2.0.151                -> v2.0.151
2026-09-20T01:19:47.5992051Z  * [new tag]               v2.0.152                -> v2.0.152
2026-09-20T01:19:47.5992208Z  * [new tag]               v2.0.153                -> v2.0.153
2026-09-20T01:19:47.5992363Z  * [new tag]               v2.0.154                -> v2.0.154
2026-09-20T01:19:47.5992525Z  * [new tag]               v2.0.155                -> v2.0.155
2026-09-20T01:19:47.5992676Z  * [new tag]               v2.0.156                -> v2.0.156
2026-09-20T01:19:47.5992843Z  * [new tag]               v2.0.157                -> v2.0.157
2026-09-20T01:19:47.5993003Z  * [new tag]               v2.0.158                -> v2.0.158
2026-09-20T01:19:47.5993156Z  * [new tag]               v2.0.159                -> v2.0.159
2026-09-20T01:19:47.5993318Z  * [new tag]               v2.0.16                 -> v2.0.16
2026-09-20T01:19:47.5993469Z  * [new tag]               v2.0.160                -> v2.0.160
2026-09-20T01:19:47.5993628Z  * [new tag]               v2.0.161                -> v2.0.161
2026-09-20T01:19:47.5993788Z  * [new tag]               v2.0.162                -> v2.0.162
2026-09-20T01:19:47.5993945Z  * [new tag]               v2.0.163                -> v2.0.163
2026-09-20T01:19:47.5994106Z  * [new tag]               v2.0.164                -> v2.0.164
2026-09-20T01:19:47.5994454Z  * [new tag]               v2.0.165                -> v2.0.165
2026-09-20T01:19:47.5994608Z  * [new tag]               v2.0.166                -> v2.0.166
2026-09-20T01:19:47.5994770Z  * [new tag]               v2.0.167                -> v2.0.167
2026-09-20T01:19:47.5994920Z  * [new tag]               v2.0.168                -> v2.0.168
2026-09-20T01:19:47.5995080Z  * [new tag]               v2.0.169                -> v2.0.169
2026-09-20T01:19:47.5995249Z  * [new tag]               v2.0.17                 -> v2.0.17
2026-09-20T01:19:47.6005095Z  * [new tag]               v2.0.170                -> v2.0.170
2026-09-20T01:19:47.6005368Z  * [new tag]               v2.0.171                -> v2.0.171
2026-09-20T01:19:47.6005554Z  * [new tag]               v2.0.172                -> v2.0.172
2026-09-20T01:19:47.6005724Z  * [new tag]               v2.0.173                -> v2.0.173
2026-09-20T01:19:47.6005887Z  * [new tag]               v2.0.174                -> v2.0.174
2026-09-20T01:19:47.6006071Z  * [new tag]               v2.0.175                -> v2.0.175
2026-09-20T01:19:47.6006234Z  * [new tag]               v2.0.176                -> v2.0.176
2026-09-20T01:19:47.6006396Z  * [new tag]               v2.0.177                -> v2.0.177
2026-09-20T01:19:47.6006553Z  * [new tag]               v2.0.178                -> v2.0.178
2026-09-20T01:19:47.6006719Z  * [new tag]               v2.0.179                -> v2.0.179
2026-09-20T01:19:47.6006885Z  * [new tag]               v2.0.18                 -> v2.0.18
2026-09-20T01:19:47.6007046Z  * [new tag]               v2.0.180                -> v2.0.180
2026-09-20T01:19:47.6007536Z  * [new tag]               v2.0.181                -> v2.0.181
2026-09-20T01:19:47.6007722Z  * [new tag]               v2.0.182                -> v2.0.182
2026-09-20T01:19:47.6007879Z  * [new tag]               v2.0.183                -> v2.0.183
2026-09-20T01:19:47.6008038Z  * [new tag]               v2.0.184                -> v2.0.184
2026-09-20T01:19:47.6008382Z  * [new tag]               v2.0.185                -> v2.0.185
2026-09-20T01:19:47.6008565Z  * [new tag]               v2.0.186                -> v2.0.186
2026-09-20T01:19:47.6008725Z  * [new tag]               v2.0.187                -> v2.0.187
2026-09-20T01:19:47.6008879Z  * [new tag]               v2.0.188                -> v2.0.188
2026-09-20T01:19:47.6009042Z  * [new tag]               v2.0.189                -> v2.0.189
2026-09-20T01:19:47.6009196Z  * [new tag]               v2.0.19                 -> v2.0.19
2026-09-20T01:19:47.6009357Z  * [new tag]               v2.0.190                -> v2.0.190
2026-09-20T01:19:47.6009517Z  * [new tag]               v2.0.191                -> v2.0.191
2026-09-20T01:19:47.6009672Z  * [new tag]               v2.0.192                -> v2.0.192
2026-09-20T01:19:47.6009830Z  * [new tag]               v2.0.193                -> v2.0.193
2026-09-20T01:19:47.6009981Z  * [new tag]               v2.0.194                -> v2.0.194
2026-09-20T01:19:47.6010143Z  * [new tag]               v2.0.195                -> v2.0.195
2026-09-20T01:19:47.6010305Z  * [new tag]               v2.0.196                -> v2.0.196
2026-09-20T01:19:47.6010457Z  * [new tag]               v2.0.197                -> v2.0.197
2026-09-20T01:19:47.6010616Z  * [new tag]               v2.0.198                -> v2.0.198
2026-09-20T01:19:47.6010772Z  * [new tag]               v2.0.199                -> v2.0.199
2026-09-20T01:19:47.6010925Z  * [new tag]               v2.0.2                  -> v2.0.2
2026-09-20T01:19:47.6011081Z  * [new tag]               v2.0.20                 -> v2.0.20
2026-09-20T01:19:47.6011232Z  * [new tag]               v2.0.200                -> v2.0.200
2026-09-20T01:19:47.6011394Z  * [new tag]               v2.0.201                -> v2.0.201
2026-09-20T01:19:47.6011548Z  * [new tag]               v2.0.202                -> v2.0.202
2026-09-20T01:19:47.6011698Z  * [new tag]               v2.0.203                -> v2.0.203
2026-09-20T01:19:47.6011863Z  * [new tag]               v2.0.204                -> v2.0.204
2026-09-20T01:19:47.6012140Z  * [new tag]               v2.0.205                -> v2.0.205
2026-09-20T01:19:47.6012300Z  * [new tag]               v2.0.206                -> v2.0.206
2026-09-20T01:19:47.6012455Z  * [new tag]               v2.0.207                -> v2.0.207
2026-09-20T01:19:47.6012606Z  * [new tag]               v2.0.208                -> v2.0.208
2026-09-20T01:19:47.6012764Z  * [new tag]               v2.0.209                -> v2.0.209
2026-09-20T01:19:47.6012917Z  * [new tag]               v2.0.21                 -> v2.0.21
2026-09-20T01:19:47.6013073Z  * [new tag]               v2.0.210                -> v2.0.210
2026-09-20T01:19:47.6013229Z  * [new tag]               v2.0.211                -> v2.0.211
2026-09-20T01:19:47.6013380Z  * [new tag]               v2.0.212                -> v2.0.212
2026-09-20T01:19:47.6013538Z  * [new tag]               v2.0.213                -> v2.0.213
2026-09-20T01:19:47.6013703Z  * [new tag]               v2.0.214                -> v2.0.214
2026-09-20T01:19:47.6013860Z  * [new tag]               v2.0.215                -> v2.0.215
2026-09-20T01:19:47.6014015Z  * [new tag]               v2.0.216                -> v2.0.216
2026-09-20T01:19:47.6014166Z  * [new tag]               v2.0.217                -> v2.0.217
2026-09-20T01:19:47.6014322Z  * [new tag]               v2.0.218                -> v2.0.218
2026-09-20T01:19:47.6014480Z  * [new tag]               v2.0.219                -> v2.0.219
2026-09-20T01:19:47.6014633Z  * [new tag]               v2.0.22                 -> v2.0.22
2026-09-20T01:19:47.6014791Z  * [new tag]               v2.0.220                -> v2.0.220
2026-09-20T01:19:47.6014943Z  * [new tag]               v2.0.221                -> v2.0.221
2026-09-20T01:19:47.6015099Z  * [new tag]               v2.0.222                -> v2.0.222
2026-09-20T01:19:47.6015257Z  * [new tag]               v2.0.223                -> v2.0.223
2026-09-20T01:19:47.6015503Z  * [new tag]               v2.0.224                -> v2.0.224
2026-09-20T01:19:47.6015672Z  * [new tag]               v2.0.225                -> v2.0.225
2026-09-20T01:19:47.6015822Z  * [new tag]               v2.0.226                -> v2.0.226
2026-09-20T01:19:47.6015979Z  * [new tag]               v2.0.227                -> v2.0.227
2026-09-20T01:19:47.6016136Z  * [new tag]               v2.0.228                -> v2.0.228
2026-09-20T01:19:47.6016287Z  * [new tag]               v2.0.229                -> v2.0.229
2026-09-20T01:19:47.6016453Z  * [new tag]               v2.0.23                 -> v2.0.23
2026-09-20T01:19:47.6016613Z  * [new tag]               v2.0.230                -> v2.0.230
2026-09-20T01:19:47.6016764Z  * [new tag]               v2.0.231                -> v2.0.231
2026-09-20T01:19:47.6016923Z  * [new tag]               v2.0.232                -> v2.0.232
2026-09-20T01:19:47.6017301Z  * [new tag]               v2.0.233                -> v2.0.233
2026-09-20T01:19:47.6017495Z  * [new tag]               v2.0.234                -> v2.0.234
2026-09-20T01:19:47.6017667Z  * [new tag]               v2.0.235                -> v2.0.235
2026-09-20T01:19:47.6017816Z  * [new tag]               v2.0.236                -> v2.0.236
2026-09-20T01:19:47.6017972Z  * [new tag]               v2.0.237                -> v2.0.237
2026-09-20T01:19:47.6018127Z  * [new tag]               v2.0.238                -> v2.0.238
2026-09-20T01:19:47.6018285Z  * [new tag]               v2.0.239                -> v2.0.239
2026-09-20T01:19:47.6018442Z  * [new tag]               v2.0.24                 -> v2.0.24
2026-09-20T01:19:47.6018595Z  * [new tag]               v2.0.240                -> v2.0.240
2026-09-20T01:19:47.6018751Z  * [new tag]               v2.0.241                -> v2.0.241
2026-09-20T01:19:47.6018902Z  * [new tag]               v2.0.242                -> v2.0.242
2026-09-20T01:19:47.6019058Z  * [new tag]               v2.0.243                -> v2.0.243
2026-09-20T01:19:47.6019215Z  * [new tag]               v2.0.244                -> v2.0.244
2026-09-20T01:19:47.6019406Z  * [new tag]               v2.0.245                -> v2.0.245
2026-09-20T01:19:47.6019748Z  * [new tag]               v2.0.246                -> v2.0.246
2026-09-20T01:19:47.6019900Z  * [new tag]               v2.0.247                -> v2.0.247
2026-09-20T01:19:47.6020057Z  * [new tag]               v2.0.248                -> v2.0.248
2026-09-20T01:19:47.6020214Z  * [new tag]               v2.0.249                -> v2.0.249
2026-09-20T01:19:47.6020367Z  * [new tag]               v2.0.25                 -> v2.0.25
2026-09-20T01:19:47.6020524Z  * [new tag]               v2.0.250                -> v2.0.250
2026-09-20T01:19:47.6020678Z  * [new tag]               v2.0.251                -> v2.0.251
2026-09-20T01:19:47.6020832Z  * [new tag]               v2.0.252                -> v2.0.252
2026-09-20T01:19:47.6020999Z  * [new tag]               v2.0.253                -> v2.0.253
2026-09-20T01:19:47.6021152Z  * [new tag]               v2.0.254                -> v2.0.254
2026-09-20T01:19:47.6021314Z  * [new tag]               v2.0.255                -> v2.0.255
2026-09-20T01:19:47.6021477Z  * [new tag]               v2.0.256                -> v2.0.256
2026-09-20T01:19:47.6021629Z  * [new tag]               v2.0.257                -> v2.0.257
2026-09-20T01:19:47.6021785Z  * [new tag]               v2.0.258                -> v2.0.258
2026-09-20T01:19:47.6021936Z  * [new tag]               v2.0.259                -> v2.0.259
2026-09-20T01:19:47.6022100Z  * [new tag]               v2.0.26                 -> v2.0.26
2026-09-20T01:19:47.6022257Z  * [new tag]               v2.0.260                -> v2.0.260
2026-09-20T01:19:47.6022409Z  * [new tag]               v2.0.261                -> v2.0.261
2026-09-20T01:19:47.6022569Z  * [new tag]               v2.0.262                -> v2.0.262
2026-09-20T01:19:47.6022719Z  * [new tag]               v2.0.263                -> v2.0.263
2026-09-20T01:19:47.6022877Z  * [new tag]               v2.0.264                -> v2.0.264
2026-09-20T01:19:47.6023156Z  * [new tag]               v2.0.265                -> v2.0.265
2026-09-20T01:19:47.6023319Z  * [new tag]               v2.0.266                -> v2.0.266
2026-09-20T01:19:47.6023478Z  * [new tag]               v2.0.267                -> v2.0.267
2026-09-20T01:19:47.6023634Z  * [new tag]               v2.0.268                -> v2.0.268
2026-09-20T01:19:47.6023786Z  * [new tag]               v2.0.269                -> v2.0.269
2026-09-20T01:19:47.6023942Z  * [new tag]               v2.0.27                 -> v2.0.27
2026-09-20T01:19:47.6024094Z  * [new tag]               v2.0.270                -> v2.0.270
2026-09-20T01:19:47.6024255Z  * [new tag]               v2.0.271                -> v2.0.271
2026-09-20T01:19:47.6024416Z  * [new tag]               v2.0.272                -> v2.0.272
2026-09-20T01:19:47.6024564Z  * [new tag]               v2.0.273                -> v2.0.273
2026-09-20T01:19:47.6024718Z  * [new tag]               v2.0.274                -> v2.0.274
2026-09-20T01:19:47.6024875Z  * [new tag]               v2.0.275                -> v2.0.275
2026-09-20T01:19:47.6025039Z  * [new tag]               v2.0.276                -> v2.0.276
2026-09-20T01:19:47.6025202Z  * [new tag]               v2.0.277                -> v2.0.277
2026-09-20T01:19:47.6025355Z  * [new tag]               v2.0.278                -> v2.0.278
2026-09-20T01:19:47.6025512Z  * [new tag]               v2.0.279                -> v2.0.279
2026-09-20T01:19:47.6025663Z  * [new tag]               v2.0.28                 -> v2.0.28
2026-09-20T01:19:47.6025823Z  * [new tag]               v2.0.280                -> v2.0.280
2026-09-20T01:19:47.6025978Z  * [new tag]               v2.0.281                -> v2.0.281
2026-09-20T01:19:47.6026128Z  * [new tag]               v2.0.282                -> v2.0.282
2026-09-20T01:19:47.6026286Z  * [new tag]               v2.0.283                -> v2.0.283
2026-09-20T01:19:47.6026444Z  * [new tag]               v2.0.284                -> v2.0.284
2026-09-20T01:19:47.6026598Z  * [new tag]               v2.0.285                -> v2.0.285
2026-09-20T01:19:47.6026844Z  * [new tag]               v2.0.286                -> v2.0.286
2026-09-20T01:19:47.6026995Z  * [new tag]               v2.0.287                -> v2.0.287
2026-09-20T01:19:47.6027426Z  * [new tag]               v2.0.288                -> v2.0.288
2026-09-20T01:19:47.6027607Z  * [new tag]               v2.0.289                -> v2.0.289
2026-09-20T01:19:47.6027759Z  * [new tag]               v2.0.29                 -> v2.0.29
2026-09-20T01:19:47.6027916Z  * [new tag]               v2.0.290                -> v2.0.290
2026-09-20T01:19:47.6028065Z  * [new tag]               v2.0.291                -> v2.0.291
2026-09-20T01:19:47.6028224Z  * [new tag]               v2.0.292                -> v2.0.292
2026-09-20T01:19:47.6028386Z  * [new tag]               v2.0.293                -> v2.0.293
2026-09-20T01:19:47.6028546Z  * [new tag]               v2.0.294                -> v2.0.294
2026-09-20T01:19:47.6028755Z  * [new tag]               v2.0.295                -> v2.0.295
2026-09-20T01:19:47.6028943Z  * [new tag]               v2.0.296                -> v2.0.296
2026-09-20T01:19:47.6029131Z  * [new tag]               v2.0.297                -> v2.0.297
2026-09-20T01:19:47.6029298Z  * [new tag]               v2.0.298                -> v2.0.298
2026-09-20T01:19:47.6029459Z  * [new tag]               v2.0.299                -> v2.0.299
2026-09-20T01:19:47.6029625Z  * [new tag]               v2.0.3                  -> v2.0.3
2026-09-20T01:19:47.6029795Z  * [new tag]               v2.0.30                 -> v2.0.30
2026-09-20T01:19:47.6029947Z  * [new tag]               v2.0.300                -> v2.0.300
2026-09-20T01:19:47.6030106Z  * [new tag]               v2.0.301                -> v2.0.301
2026-09-20T01:19:47.6030258Z  * [new tag]               v2.0.302                -> v2.0.302
2026-09-20T01:19:47.6030416Z  * [new tag]               v2.0.303                -> v2.0.303
2026-09-20T01:19:47.6030573Z  * [new tag]               v2.0.304                -> v2.0.304
2026-09-20T01:19:47.6030957Z  * [new tag]               v2.0.305                -> v2.0.305
2026-09-20T01:19:47.6031124Z  * [new tag]               v2.0.306                -> v2.0.306
2026-09-20T01:19:47.6031335Z  * [new tag]               v2.0.307                -> v2.0.307
2026-09-20T01:19:47.6031494Z  * [new tag]               v2.0.308                -> v2.0.308
2026-09-20T01:19:47.6031651Z  * [new tag]               v2.0.309                -> v2.0.309
2026-09-20T01:19:47.6031805Z  * [new tag]               v2.0.31                 -> v2.0.31
2026-09-20T01:19:47.6031963Z  * [new tag]               v2.0.310                -> v2.0.310
2026-09-20T01:19:47.6032112Z  * [new tag]               v2.0.311                -> v2.0.311
2026-09-20T01:19:47.6032270Z  * [new tag]               v2.0.312                -> v2.0.312
2026-09-20T01:19:47.6032429Z  * [new tag]               v2.0.313                -> v2.0.313
2026-09-20T01:19:47.6032582Z  * [new tag]               v2.0.314                -> v2.0.314
2026-09-20T01:19:47.6032748Z  * [new tag]               v2.0.315                -> v2.0.315
2026-09-20T01:19:47.6032913Z  * [new tag]               v2.0.316                -> v2.0.316
2026-09-20T01:19:47.6033065Z  * [new tag]               v2.0.317                -> v2.0.317
2026-09-20T01:19:47.6033224Z  * [new tag]               v2.0.318                -> v2.0.318
2026-09-20T01:19:47.6033374Z  * [new tag]               v2.0.319                -> v2.0.319
2026-09-20T01:19:47.6033533Z  * [new tag]               v2.0.32                 -> v2.0.32
2026-09-20T01:19:47.6033695Z  * [new tag]               v2.0.320                -> v2.0.320
2026-09-20T01:19:47.6033845Z  * [new tag]               v2.0.321                -> v2.0.321
2026-09-20T01:19:47.6034001Z  * [new tag]               v2.0.322                -> v2.0.322
2026-09-20T01:19:47.6034155Z  * [new tag]               v2.0.323                -> v2.0.323
2026-09-20T01:19:47.6034313Z  * [new tag]               v2.0.324                -> v2.0.324
2026-09-20T01:19:47.6034477Z  * [new tag]               v2.0.325                -> v2.0.325
2026-09-20T01:19:47.6034771Z  * [new tag]               v2.0.326                -> v2.0.326
2026-09-20T01:19:47.6034932Z  * [new tag]               v2.0.327                -> v2.0.327
2026-09-20T01:19:47.6035085Z  * [new tag]               v2.0.328                -> v2.0.328
2026-09-20T01:19:47.6035243Z  * [new tag]               v2.0.329                -> v2.0.329
2026-09-20T01:19:47.6035402Z  * [new tag]               v2.0.33                 -> v2.0.33
2026-09-20T01:19:47.6035555Z  * [new tag]               v2.0.330                -> v2.0.330
2026-09-20T01:19:47.6035714Z  * [new tag]               v2.0.331                -> v2.0.331
2026-09-20T01:19:47.6035873Z  * [new tag]               v2.0.332                -> v2.0.332
2026-09-20T01:19:47.6036022Z  * [new tag]               v2.0.333                -> v2.0.333
2026-09-20T01:19:47.6036181Z  * [new tag]               v2.0.334                -> v2.0.334
2026-09-20T01:19:47.6036340Z  * [new tag]               v2.0.335                -> v2.0.335
2026-09-20T01:19:47.6036503Z  * [new tag]               v2.0.336                -> v2.0.336
2026-09-20T01:19:47.6036666Z  * [new tag]               v2.0.337                -> v2.0.337
2026-09-20T01:19:47.6036815Z  * [new tag]               v2.0.338                -> v2.0.338
2026-09-20T01:19:47.6036973Z  * [new tag]               v2.0.339                -> v2.0.339
2026-09-20T01:19:47.6037350Z  * [new tag]               v2.0.34                 -> v2.0.34
2026-09-20T01:19:47.6037524Z  * [new tag]               v2.0.340                -> v2.0.340
2026-09-20T01:19:47.6037682Z  * [new tag]               v2.0.341                -> v2.0.341
2026-09-20T01:19:47.6037831Z  * [new tag]               v2.0.342                -> v2.0.342
2026-09-20T01:19:47.6037986Z  * [new tag]               v2.0.343                -> v2.0.343
2026-09-20T01:19:47.6038140Z  * [new tag]               v2.0.344                -> v2.0.344
2026-09-20T01:19:47.6038431Z  * [new tag]               v2.0.345                -> v2.0.345
2026-09-20T01:19:47.6038603Z  * [new tag]               v2.0.346                -> v2.0.346
2026-09-20T01:19:47.6038755Z  * [new tag]               v2.0.347                -> v2.0.347
2026-09-20T01:19:47.6038910Z  * [new tag]               v2.0.348                -> v2.0.348
2026-09-20T01:19:47.6039065Z  * [new tag]               v2.0.349                -> v2.0.349
2026-09-20T01:19:47.6039218Z  * [new tag]               v2.0.35                 -> v2.0.35
2026-09-20T01:19:47.6039373Z  * [new tag]               v2.0.350                -> v2.0.350
2026-09-20T01:19:47.6039522Z  * [new tag]               v2.0.351                -> v2.0.351
2026-09-20T01:19:47.6039679Z  * [new tag]               v2.0.352                -> v2.0.352
2026-09-20T01:19:47.6039838Z  * [new tag]               v2.0.353                -> v2.0.353
2026-09-20T01:19:47.6039989Z  * [new tag]               v2.0.354                -> v2.0.354
2026-09-20T01:19:47.6040151Z  * [new tag]               v2.0.355                -> v2.0.355
2026-09-20T01:19:47.6040304Z  * [new tag]               v2.0.356                -> v2.0.356
2026-09-20T01:19:47.6040463Z  * [new tag]               v2.0.357                -> v2.0.357
2026-09-20T01:19:47.6040621Z  * [new tag]               v2.0.358                -> v2.0.358
2026-09-20T01:19:47.6040781Z  * [new tag]               v2.0.359                -> v2.0.359
2026-09-20T01:19:47.6040945Z  * [new tag]               v2.0.36                 -> v2.0.36
2026-09-20T01:19:47.6041100Z  * [new tag]               v2.0.360                -> v2.0.360
2026-09-20T01:19:47.6041260Z  * [new tag]               v2.0.361                -> v2.0.361
2026-09-20T01:19:47.6041420Z  * [new tag]               v2.0.362                -> v2.0.362
2026-09-20T01:19:47.6041571Z  * [new tag]               v2.0.363                -> v2.0.363
2026-09-20T01:19:47.6041729Z  * [new tag]               v2.0.364                -> v2.0.364
2026-09-20T01:19:47.6041890Z  * [new tag]               v2.0.365                -> v2.0.365
2026-09-20T01:19:47.6042168Z  * [new tag]               v2.0.366                -> v2.0.366
2026-09-20T01:19:47.6042328Z  * [new tag]               v2.0.367                -> v2.0.367
2026-09-20T01:19:47.6042481Z  * [new tag]               v2.0.368                -> v2.0.368
2026-09-20T01:19:47.6042644Z  * [new tag]               v2.0.369                -> v2.0.369
2026-09-20T01:19:47.6042804Z  * [new tag]               v2.0.37                 -> v2.0.37
2026-09-20T01:19:47.6042957Z  * [new tag]               v2.0.370                -> v2.0.370
2026-09-20T01:19:47.6043114Z  * [new tag]               v2.0.371                -> v2.0.371
2026-09-20T01:19:47.6043267Z  * [new tag]               v2.0.372                -> v2.0.372
2026-09-20T01:19:47.6043425Z  * [new tag]               v2.0.373                -> v2.0.373
2026-09-20T01:19:47.6043584Z  * [new tag]               v2.0.374                -> v2.0.374
2026-09-20T01:19:47.6043736Z  * [new tag]               v2.0.375                -> v2.0.375
2026-09-20T01:19:47.6043903Z  * [new tag]               v2.0.376                -> v2.0.376
2026-09-20T01:19:47.6044054Z  * [new tag]               v2.0.377                -> v2.0.377
2026-09-20T01:19:47.6044212Z  * [new tag]               v2.0.378                -> v2.0.378
2026-09-20T01:19:47.6044368Z  * [new tag]               v2.0.379                -> v2.0.379
2026-09-20T01:19:47.6044522Z  * [new tag]               v2.0.38                 -> v2.0.38
2026-09-20T01:19:47.6044679Z  * [new tag]               v2.0.380                -> v2.0.380
2026-09-20T01:19:47.6044830Z  * [new tag]               v2.0.381                -> v2.0.381
2026-09-20T01:19:47.6044987Z  * [new tag]               v2.0.382                -> v2.0.382
2026-09-20T01:19:47.6045147Z  * [new tag]               v2.0.383                -> v2.0.383
2026-09-20T01:19:47.6045297Z  * [new tag]               v2.0.384                -> v2.0.384
2026-09-20T01:19:47.6045454Z  * [new tag]               v2.0.385                -> v2.0.385
2026-09-20T01:19:47.6045698Z  * [new tag]               v2.0.386                -> v2.0.386
2026-09-20T01:19:47.6045862Z  * [new tag]               v2.0.387                -> v2.0.387
2026-09-20T01:19:47.6046023Z  * [new tag]               v2.0.388                -> v2.0.388
2026-09-20T01:19:47.6046176Z  * [new tag]               v2.0.389                -> v2.0.389
2026-09-20T01:19:47.6046337Z  * [new tag]               v2.0.39                 -> v2.0.39
2026-09-20T01:19:47.6046493Z  * [new tag]               v2.0.390                -> v2.0.390
2026-09-20T01:19:47.6046649Z  * [new tag]               v2.0.391                -> v2.0.391
2026-09-20T01:19:47.6046802Z  * [new tag]               v2.0.392                -> v2.0.392
2026-09-20T01:19:47.6046956Z  * [new tag]               v2.0.393                -> v2.0.393
2026-09-20T01:19:47.6047341Z  * [new tag]               v2.0.394                -> v2.0.394
2026-09-20T01:19:47.6047516Z  * [new tag]               v2.0.395                -> v2.0.395
2026-09-20T01:19:47.6047676Z  * [new tag]               v2.0.396                -> v2.0.396
2026-09-20T01:19:47.6047835Z  * [new tag]               v2.0.397                -> v2.0.397
2026-09-20T01:19:47.6047989Z  * [new tag]               v2.0.398                -> v2.0.398
2026-09-20T01:19:47.6048139Z  * [new tag]               v2.0.399                -> v2.0.399
2026-09-20T01:19:47.6048296Z  * [new tag]               v2.0.4                  -> v2.0.4
2026-09-20T01:19:47.6048450Z  * [new tag]               v2.0.40                 -> v2.0.40
2026-09-20T01:19:47.6048605Z  * [new tag]               v2.0.400                -> v2.0.400
2026-09-20T01:19:47.6048759Z  * [new tag]               v2.0.401                -> v2.0.401
2026-09-20T01:19:47.6048911Z  * [new tag]               v2.0.402                -> v2.0.402
2026-09-20T01:19:47.6049062Z  * [new tag]               v2.0.403                -> v2.0.403
2026-09-20T01:19:47.6049210Z  * [new tag]               v2.0.404                -> v2.0.404
2026-09-20T01:19:47.6049374Z  * [new tag]               v2.0.405                -> v2.0.405
2026-09-20T01:19:47.6049672Z  * [new tag]               v2.0.406                -> v2.0.406
2026-09-20T01:19:47.6049823Z  * [new tag]               v2.0.407                -> v2.0.407
2026-09-20T01:19:47.6049977Z  * [new tag]               v2.0.408                -> v2.0.408
2026-09-20T01:19:47.6050131Z  * [new tag]               v2.0.409                -> v2.0.409
2026-09-20T01:19:47.6050286Z  * [new tag]               v2.0.41                 -> v2.0.41
2026-09-20T01:19:47.6050443Z  * [new tag]               v2.0.410                -> v2.0.410
2026-09-20T01:19:47.6050593Z  * [new tag]               v2.0.411                -> v2.0.411
2026-09-20T01:19:47.6050745Z  * [new tag]               v2.0.412                -> v2.0.412
2026-09-20T01:19:47.6050898Z  * [new tag]               v2.0.413                -> v2.0.413
2026-09-20T01:19:47.6051045Z  * [new tag]               v2.0.414                -> v2.0.414
2026-09-20T01:19:47.6051203Z  * [new tag]               v2.0.415                -> v2.0.415
2026-09-20T01:19:47.6051360Z  * [new tag]               v2.0.416                -> v2.0.416
2026-09-20T01:19:47.6051519Z  * [new tag]               v2.0.417                -> v2.0.417
2026-09-20T01:19:47.6051674Z  * [new tag]               v2.0.418                -> v2.0.418
2026-09-20T01:19:47.6051823Z  * [new tag]               v2.0.419                -> v2.0.419
2026-09-20T01:19:47.6051980Z  * [new tag]               v2.0.42                 -> v2.0.42
2026-09-20T01:19:47.6052133Z  * [new tag]               v2.0.420                -> v2.0.420
2026-09-20T01:19:47.6052290Z  * [new tag]               v2.0.421                -> v2.0.421
2026-09-20T01:19:47.6052444Z  * [new tag]               v2.0.422                -> v2.0.422
2026-09-20T01:19:47.6052592Z  * [new tag]               v2.0.423                -> v2.0.423
2026-09-20T01:19:47.6052747Z  * [new tag]               v2.0.424                -> v2.0.424
2026-09-20T01:19:47.6053019Z  * [new tag]               v2.0.425                -> v2.0.425
2026-09-20T01:19:47.6053181Z  * [new tag]               v2.0.426                -> v2.0.426
2026-09-20T01:19:47.6053336Z  * [new tag]               v2.0.427                -> v2.0.427
2026-09-20T01:19:47.6053486Z  * [new tag]               v2.0.428                -> v2.0.428
2026-09-20T01:19:47.6053641Z  * [new tag]               v2.0.429                -> v2.0.429
2026-09-20T01:19:47.6053805Z  * [new tag]               v2.0.43                 -> v2.0.43
2026-09-20T01:19:47.6053959Z  * [new tag]               v2.0.430                -> v2.0.430
2026-09-20T01:19:47.6054117Z  * [new tag]               v2.0.431                -> v2.0.431
2026-09-20T01:19:47.6054268Z  * [new tag]               v2.0.432                -> v2.0.432
2026-09-20T01:19:47.6054426Z  * [new tag]               v2.0.433                -> v2.0.433
2026-09-20T01:19:47.6054587Z  * [new tag]               v2.0.434                -> v2.0.434
2026-09-20T01:19:47.6054746Z  * [new tag]               v2.0.435                -> v2.0.435
2026-09-20T01:19:47.6054915Z  * [new tag]               v2.0.436                -> v2.0.436
2026-09-20T01:19:47.6055071Z  * [new tag]               v2.0.437                -> v2.0.437
2026-09-20T01:19:47.6055233Z  * [new tag]               v2.0.438                -> v2.0.438
2026-09-20T01:19:47.6055390Z  * [new tag]               v2.0.439                -> v2.0.439
2026-09-20T01:19:47.6055542Z  * [new tag]               v2.0.44                 -> v2.0.44
2026-09-20T01:19:47.6055699Z  * [new tag]               v2.0.440                -> v2.0.440
2026-09-20T01:19:47.6055850Z  * [new tag]               v2.0.441                -> v2.0.441
2026-09-20T01:19:47.6056006Z  * [new tag]               v2.0.442                -> v2.0.442
2026-09-20T01:19:47.6056162Z  * [new tag]               v2.0.443                -> v2.0.443
2026-09-20T01:19:47.6056313Z  * [new tag]               v2.0.444                -> v2.0.444
2026-09-20T01:19:47.6056472Z  * [new tag]               v2.0.445                -> v2.0.445
2026-09-20T01:19:47.6056726Z  * [new tag]               v2.0.446                -> v2.0.446
2026-09-20T01:19:47.6056880Z  * [new tag]               v2.0.447                -> v2.0.447
2026-09-20T01:19:47.6057037Z  * [new tag]               v2.0.448                -> v2.0.448
2026-09-20T01:19:47.6057409Z  * [new tag]               v2.0.449                -> v2.0.449
2026-09-20T01:19:47.6057581Z  * [new tag]               v2.0.45                 -> v2.0.45
2026-09-20T01:19:47.6057736Z  * [new tag]               v2.0.450                -> v2.0.450
2026-09-20T01:19:47.6057889Z  * [new tag]               v2.0.451                -> v2.0.451
2026-09-20T01:19:47.6058046Z  * [new tag]               v2.0.452                -> v2.0.452
2026-09-20T01:19:47.6058198Z  * [new tag]               v2.0.453                -> v2.0.453
2026-09-20T01:19:47.6058359Z  * [new tag]               v2.0.454                -> v2.0.454
2026-09-20T01:19:47.6058516Z  * [new tag]               v2.0.455                -> v2.0.455
2026-09-20T01:19:47.6058675Z  * [new tag]               v2.0.456                -> v2.0.456
2026-09-20T01:19:47.6058837Z  * [new tag]               v2.0.457                -> v2.0.457
2026-09-20T01:19:47.6058986Z  * [new tag]               v2.0.458                -> v2.0.458
2026-09-20T01:19:47.6059146Z  * [new tag]               v2.0.459                -> v2.0.459
2026-09-20T01:19:47.6059306Z  * [new tag]               v2.0.46                 -> v2.0.46
2026-09-20T01:19:47.6059457Z  * [new tag]               v2.0.460                -> v2.0.460
2026-09-20T01:19:47.6059610Z  * [new tag]               v2.0.461                -> v2.0.461
2026-09-20T01:19:47.6059768Z  * [new tag]               v2.0.462                -> v2.0.462
2026-09-20T01:19:47.6059919Z  * [new tag]               v2.0.463                -> v2.0.463
2026-09-20T01:19:47.6060073Z  * [new tag]               v2.0.464                -> v2.0.464
2026-09-20T01:19:47.6060223Z  * [new tag]               v2.0.465                -> v2.0.465
2026-09-20T01:19:47.6060514Z  * [new tag]               v2.0.466                -> v2.0.466
2026-09-20T01:19:47.6060688Z  * [new tag]               v2.0.467                -> v2.0.467
2026-09-20T01:19:47.6060840Z  * [new tag]               v2.0.468                -> v2.0.468
2026-09-20T01:19:47.6060998Z  * [new tag]               v2.0.469                -> v2.0.469
2026-09-20T01:19:47.6061158Z  * [new tag]               v2.0.47                 -> v2.0.47
2026-09-20T01:19:47.6061315Z  * [new tag]               v2.0.470                -> v2.0.470
2026-09-20T01:19:47.6061471Z  * [new tag]               v2.0.471                -> v2.0.471
2026-09-20T01:19:47.6061616Z  * [new tag]               v2.0.472                -> v2.0.472
2026-09-20T01:19:47.6061772Z  * [new tag]               v2.0.473                -> v2.0.473
2026-09-20T01:19:47.6061926Z  * [new tag]               v2.0.474                -> v2.0.474
2026-09-20T01:19:47.6062080Z  * [new tag]               v2.0.475                -> v2.0.475
2026-09-20T01:19:47.6062240Z  * [new tag]               v2.0.476                -> v2.0.476
2026-09-20T01:19:47.6062394Z  * [new tag]               v2.0.477                -> v2.0.477
2026-09-20T01:19:47.6062549Z  * [new tag]               v2.0.478                -> v2.0.478
2026-09-20T01:19:47.6062706Z  * [new tag]               v2.0.479                -> v2.0.479
2026-09-20T01:19:47.6062856Z  * [new tag]               v2.0.48                 -> v2.0.48
2026-09-20T01:19:47.6063014Z  * [new tag]               v2.0.480                -> v2.0.480
2026-09-20T01:19:47.6063161Z  * [new tag]               v2.0.481                -> v2.0.481
2026-09-20T01:19:47.6063314Z  * [new tag]               v2.0.482                -> v2.0.482
2026-09-20T01:19:47.6063471Z  * [new tag]               v2.0.483                -> v2.0.483
2026-09-20T01:19:47.6063624Z  * [new tag]               v2.0.484                -> v2.0.484
2026-09-20T01:19:47.6063779Z  * [new tag]               v2.0.485                -> v2.0.485
2026-09-20T01:19:47.6063936Z  * [new tag]               v2.0.486                -> v2.0.486
2026-09-20T01:19:47.6064218Z  * [new tag]               v2.0.487                -> v2.0.487
2026-09-20T01:19:47.6064375Z  * [new tag]               v2.0.488                -> v2.0.488
2026-09-20T01:19:47.6064526Z  * [new tag]               v2.0.489                -> v2.0.489
2026-09-20T01:19:47.6064682Z  * [new tag]               v2.0.49                 -> v2.0.49
2026-09-20T01:19:47.6064833Z  * [new tag]               v2.0.490                -> v2.0.490
2026-09-20T01:19:47.6064989Z  * [new tag]               v2.0.491                -> v2.0.491
2026-09-20T01:19:47.6065145Z  * [new tag]               v2.0.492                -> v2.0.492
2026-09-20T01:19:47.6065292Z  * [new tag]               v2.0.493                -> v2.0.493
2026-09-20T01:19:47.6065446Z  * [new tag]               v2.0.494                -> v2.0.494
2026-09-20T01:19:47.6065600Z  * [new tag]               v2.0.495                -> v2.0.495
2026-09-20T01:19:47.6065755Z  * [new tag]               v2.0.496                -> v2.0.496
2026-09-20T01:19:47.6065918Z  * [new tag]               v2.0.497                -> v2.0.497
2026-09-20T01:19:47.6066068Z  * [new tag]               v2.0.498                -> v2.0.498
2026-09-20T01:19:47.6066225Z  * [new tag]               v2.0.499                -> v2.0.499
2026-09-20T01:19:47.6066383Z  * [new tag]               v2.0.5                  -> v2.0.5
2026-09-20T01:19:47.6066536Z  * [new tag]               v2.0.50                 -> v2.0.50
2026-09-20T01:19:47.6066690Z  * [new tag]               v2.0.500                -> v2.0.500
2026-09-20T01:19:47.6066840Z  * [new tag]               v2.0.501                -> v2.0.501
2026-09-20T01:19:47.6066997Z  * [new tag]               v2.0.502                -> v2.0.502
2026-09-20T01:19:47.6067412Z  * [new tag]               v2.0.503                -> v2.0.503
2026-09-20T01:19:47.6067581Z  * [new tag]               v2.0.504                -> v2.0.504
2026-09-20T01:19:47.6067887Z  * [new tag]               v2.0.505                -> v2.0.505
2026-09-20T01:19:47.6068051Z  * [new tag]               v2.0.506                -> v2.0.506
2026-09-20T01:19:47.6068208Z  * [new tag]               v2.0.507                -> v2.0.507
2026-09-20T01:19:47.6068366Z  * [new tag]               v2.0.508                -> v2.0.508
2026-09-20T01:19:47.6068514Z  * [new tag]               v2.0.509                -> v2.0.509
2026-09-20T01:19:47.6068673Z  * [new tag]               v2.0.51                 -> v2.0.51
2026-09-20T01:19:47.6068830Z  * [new tag]               v2.0.510                -> v2.0.510
2026-09-20T01:19:47.6068981Z  * [new tag]               v2.0.511                -> v2.0.511
2026-09-20T01:19:47.6069136Z  * [new tag]               v2.0.512                -> v2.0.512
2026-09-20T01:19:47.6069284Z  * [new tag]               v2.0.513                -> v2.0.513
2026-09-20T01:19:47.6069441Z  * [new tag]               v2.0.514                -> v2.0.514
2026-09-20T01:19:47.6069596Z  * [new tag]               v2.0.515                -> v2.0.515
2026-09-20T01:19:47.6069755Z  * [new tag]               v2.0.516                -> v2.0.516
2026-09-20T01:19:47.6069911Z  * [new tag]               v2.0.517                -> v2.0.517
2026-09-20T01:19:47.6070062Z  * [new tag]               v2.0.518                -> v2.0.518
2026-09-20T01:19:47.6070215Z  * [new tag]               v2.0.519                -> v2.0.519
2026-09-20T01:19:47.6070372Z  * [new tag]               v2.0.52                 -> v2.0.52
2026-09-20T01:19:47.6070523Z  * [new tag]               v2.0.520                -> v2.0.520
2026-09-20T01:19:47.6070681Z  * [new tag]               v2.0.521                -> v2.0.521
2026-09-20T01:19:47.6070831Z  * [new tag]               v2.0.522                -> v2.0.522
2026-09-20T01:19:47.6070987Z  * [new tag]               v2.0.523                -> v2.0.523
2026-09-20T01:19:47.6071142Z  * [new tag]               v2.0.524                -> v2.0.524
2026-09-20T01:19:47.6071298Z  * [new tag]               v2.0.525                -> v2.0.525
2026-09-20T01:19:47.6071458Z  * [new tag]               v2.0.526                -> v2.0.526
2026-09-20T01:19:47.6071734Z  * [new tag]               v2.0.527                -> v2.0.527
2026-09-20T01:19:47.6071887Z  * [new tag]               v2.0.528                -> v2.0.528
2026-09-20T01:19:47.6072042Z  * [new tag]               v2.0.529                -> v2.0.529
2026-09-20T01:19:47.6072193Z  * [new tag]               v2.0.53                 -> v2.0.53
2026-09-20T01:19:47.6072350Z  * [new tag]               v2.0.530                -> v2.0.530
2026-09-20T01:19:47.6072508Z  * [new tag]               v2.0.531                -> v2.0.531
2026-09-20T01:19:47.6072658Z  * [new tag]               v2.0.532                -> v2.0.532
2026-09-20T01:19:47.6072816Z  * [new tag]               v2.0.533                -> v2.0.533
2026-09-20T01:19:47.6072966Z  * [new tag]               v2.0.534                -> v2.0.534
2026-09-20T01:19:47.6073126Z  * [new tag]               v2.0.535                -> v2.0.535
2026-09-20T01:19:47.6073297Z  * [new tag]               v2.0.536                -> v2.0.536
2026-09-20T01:19:47.6073452Z  * [new tag]               v2.0.537                -> v2.0.537
2026-09-20T01:19:47.6073609Z  * [new tag]               v2.0.538                -> v2.0.538
2026-09-20T01:19:47.6073758Z  * [new tag]               v2.0.539                -> v2.0.539
2026-09-20T01:19:47.6073919Z  * [new tag]               v2.0.54                 -> v2.0.54
2026-09-20T01:19:47.6074079Z  * [new tag]               v2.0.540                -> v2.0.540
2026-09-20T01:19:47.6074234Z  * [new tag]               v2.0.541                -> v2.0.541
2026-09-20T01:19:47.6074387Z  * [new tag]               v2.0.542                -> v2.0.542
2026-09-20T01:19:47.6074542Z  * [new tag]               v2.0.543                -> v2.0.543
2026-09-20T01:19:47.6074694Z  * [new tag]               v2.0.544                -> v2.0.544
2026-09-20T01:19:47.6074850Z  * [new tag]               v2.0.545                -> v2.0.545
2026-09-20T01:19:47.6075084Z  * [new tag]               v2.0.546                -> v2.0.546
2026-09-20T01:19:47.6075248Z  * [new tag]               v2.0.547                -> v2.0.547
2026-09-20T01:19:47.6075404Z  * [new tag]               v2.0.548                -> v2.0.548
2026-09-20T01:19:47.6075552Z  * [new tag]               v2.0.549                -> v2.0.549
2026-09-20T01:19:47.6075709Z  * [new tag]               v2.0.55                 -> v2.0.55
2026-09-20T01:19:47.6075858Z  * [new tag]               v2.0.550                -> v2.0.550
2026-09-20T01:19:47.6076015Z  * [new tag]               v2.0.551                -> v2.0.551
2026-09-20T01:19:47.6076171Z  * [new tag]               v2.0.552                -> v2.0.552
2026-09-20T01:19:47.6076320Z  * [new tag]               v2.0.553                -> v2.0.553
2026-09-20T01:19:47.6076475Z  * [new tag]               v2.0.554                -> v2.0.554
2026-09-20T01:19:47.6076623Z  * [new tag]               v2.0.555                -> v2.0.555
2026-09-20T01:19:47.6076781Z  * [new tag]               v2.0.556                -> v2.0.556
2026-09-20T01:19:47.6076943Z  * [new tag]               v2.0.557                -> v2.0.557
2026-09-20T01:19:47.6077332Z  * [new tag]               v2.0.558                -> v2.0.558
2026-09-20T01:19:47.6077506Z  * [new tag]               v2.0.559                -> v2.0.559
2026-09-20T01:19:47.6077663Z  * [new tag]               v2.0.56                 -> v2.0.56
2026-09-20T01:19:47.6077813Z  * [new tag]               v2.0.560                -> v2.0.560
2026-09-20T01:19:47.6077968Z  * [new tag]               v2.0.561                -> v2.0.561
2026-09-20T01:19:47.6078118Z  * [new tag]               v2.0.562                -> v2.0.562
2026-09-20T01:19:47.6078272Z  * [new tag]               v2.0.563                -> v2.0.563
2026-09-20T01:19:47.6078428Z  * [new tag]               v2.0.564                -> v2.0.564
2026-09-20T01:19:47.6078578Z  * [new tag]               v2.0.565                -> v2.0.565
2026-09-20T01:19:47.6078740Z  * [new tag]               v2.0.566                -> v2.0.566
2026-09-20T01:19:47.6079067Z  * [new tag]               v2.0.567                -> v2.0.567
2026-09-20T01:19:47.6079227Z  * [new tag]               v2.0.568                -> v2.0.568
2026-09-20T01:19:47.6079386Z  * [new tag]               v2.0.569                -> v2.0.569
2026-09-20T01:19:47.6079539Z  * [new tag]               v2.0.57                 -> v2.0.57
2026-09-20T01:19:47.6079693Z  * [new tag]               v2.0.570                -> v2.0.570
2026-09-20T01:19:47.6079843Z  * [new tag]               v2.0.571                -> v2.0.571
2026-09-20T01:19:47.6080001Z  * [new tag]               v2.0.572                -> v2.0.572
2026-09-20T01:19:47.6080159Z  * [new tag]               v2.0.573                -> v2.0.573
2026-09-20T01:19:47.6080311Z  * [new tag]               v2.0.574                -> v2.0.574
2026-09-20T01:19:47.6080468Z  * [new tag]               v2.0.575                -> v2.0.575
2026-09-20T01:19:47.6080623Z  * [new tag]               v2.0.576                -> v2.0.576
2026-09-20T01:19:47.6080784Z  * [new tag]               v2.0.577                -> v2.0.577
2026-09-20T01:19:47.6080942Z  * [new tag]               v2.0.578                -> v2.0.578
2026-09-20T01:19:47.6081093Z  * [new tag]               v2.0.579                -> v2.0.579
2026-09-20T01:19:47.6081253Z  * [new tag]               v2.0.58                 -> v2.0.58
2026-09-20T01:19:47.6081408Z  * [new tag]               v2.0.580                -> v2.0.580
2026-09-20T01:19:47.6081557Z  * [new tag]               v2.0.581                -> v2.0.581
2026-09-20T01:19:47.6081715Z  * [new tag]               v2.0.582                -> v2.0.582
2026-09-20T01:19:47.6081863Z  * [new tag]               v2.0.583                -> v2.0.583
2026-09-20T01:19:47.6082019Z  * [new tag]               v2.0.584                -> v2.0.584
2026-09-20T01:19:47.6082178Z  * [new tag]               v2.0.585                -> v2.0.585
2026-09-20T01:19:47.6082331Z  * [new tag]               v2.0.586                -> v2.0.586
2026-09-20T01:19:47.6082609Z  * [new tag]               v2.0.587                -> v2.0.587
2026-09-20T01:19:47.6082766Z  * [new tag]               v2.0.588                -> v2.0.588
2026-09-20T01:19:47.6082924Z  * [new tag]               v2.0.589                -> v2.0.589
2026-09-20T01:19:47.6083083Z  * [new tag]               v2.0.59                 -> v2.0.59
2026-09-20T01:19:47.6083232Z  * [new tag]               v2.0.590                -> v2.0.590
2026-09-20T01:19:47.6083386Z  * [new tag]               v2.0.591                -> v2.0.591
2026-09-20T01:19:47.6083537Z  * [new tag]               v2.0.592                -> v2.0.592
2026-09-20T01:19:47.6083694Z  * [new tag]               v2.0.593                -> v2.0.593
2026-09-20T01:19:47.6083848Z  * [new tag]               v2.0.594                -> v2.0.594
2026-09-20T01:19:47.6083996Z  * [new tag]               v2.0.595                -> v2.0.595
2026-09-20T01:19:47.6084158Z  * [new tag]               v2.0.596                -> v2.0.596
2026-09-20T01:19:47.6084318Z  * [new tag]               v2.0.597                -> v2.0.597
2026-09-20T01:19:47.6084475Z  * [new tag]               v2.0.598                -> v2.0.598
2026-09-20T01:19:47.6084632Z  * [new tag]               v2.0.599                -> v2.0.599
2026-09-20T01:19:47.6084781Z  * [new tag]               v2.0.6                  -> v2.0.6
2026-09-20T01:19:47.6084940Z  * [new tag]               v2.0.60                 -> v2.0.60
2026-09-20T01:19:47.6085095Z  * [new tag]               v2.0.600                -> v2.0.600
2026-09-20T01:19:47.6085243Z  * [new tag]               v2.0.601                -> v2.0.601
2026-09-20T01:19:47.6085399Z  * [new tag]               v2.0.602                -> v2.0.602
2026-09-20T01:19:47.6085549Z  * [new tag]               v2.0.603                -> v2.0.603
2026-09-20T01:19:47.6085710Z  * [new tag]               v2.0.604                -> v2.0.604
2026-09-20T01:19:47.6085868Z  * [new tag]               v2.0.605                -> v2.0.605
2026-09-20T01:19:47.6086023Z  * [new tag]               v2.0.606                -> v2.0.606
2026-09-20T01:19:47.6086271Z  * [new tag]               v2.0.607                -> v2.0.607
2026-09-20T01:19:47.6086422Z  * [new tag]               v2.0.608                -> v2.0.608
2026-09-20T01:19:47.6086579Z  * [new tag]               v2.0.609                -> v2.0.609
2026-09-20T01:19:47.6086737Z  * [new tag]               v2.0.61                 -> v2.0.61
2026-09-20T01:19:47.6086888Z  * [new tag]               v2.0.610                -> v2.0.610
2026-09-20T01:19:47.6087046Z  * [new tag]               v2.0.611                -> v2.0.611
2026-09-20T01:19:47.6087482Z  * [new tag]               v2.0.612                -> v2.0.612
2026-09-20T01:19:47.6087650Z  * [new tag]               v2.0.613                -> v2.0.613
2026-09-20T01:19:47.6087810Z  * [new tag]               v2.0.614                -> v2.0.614
2026-09-20T01:19:47.6087962Z  * [new tag]               v2.0.615                -> v2.0.615
2026-09-20T01:19:47.6088130Z  * [new tag]               v2.0.616                -> v2.0.616
2026-09-20T01:19:47.6088291Z  * [new tag]               v2.0.617                -> v2.0.617
2026-09-20T01:19:47.6088440Z  * [new tag]               v2.0.618                -> v2.0.618
2026-09-20T01:19:47.6088598Z  * [new tag]               v2.0.619                -> v2.0.619
2026-09-20T01:19:47.6088749Z  * [new tag]               v2.0.62                 -> v2.0.62
2026-09-20T01:19:47.6088908Z  * [new tag]               v2.0.620                -> v2.0.620
2026-09-20T01:19:47.6089063Z  * [new tag]               v2.0.621                -> v2.0.621
2026-09-20T01:19:47.6089211Z  * [new tag]               v2.0.622                -> v2.0.622
2026-09-20T01:19:47.6089366Z  * [new tag]               v2.0.623                -> v2.0.623
2026-09-20T01:19:47.6089514Z  * [new tag]               v2.0.624                -> v2.0.624
2026-09-20T01:19:47.6089669Z  * [new tag]               v2.0.625                -> v2.0.625
2026-09-20T01:19:47.6089962Z  * [new tag]               v2.0.626                -> v2.0.626
2026-09-20T01:19:47.6090127Z  * [new tag]               v2.0.627                -> v2.0.627
2026-09-20T01:19:47.6090282Z  * [new tag]               v2.0.628                -> v2.0.628
2026-09-20T01:19:47.6090441Z  * [new tag]               v2.0.629                -> v2.0.629
2026-09-20T01:19:47.6090595Z  * [new tag]               v2.0.63                 -> v2.0.63
2026-09-20T01:19:47.6090751Z  * [new tag]               v2.0.630                -> v2.0.630
2026-09-20T01:19:47.6090903Z  * [new tag]               v2.0.631                -> v2.0.631
2026-09-20T01:19:47.6091055Z  * [new tag]               v2.0.632                -> v2.0.632
2026-09-20T01:19:47.6091217Z  * [new tag]               v2.0.633                -> v2.0.633
2026-09-20T01:19:47.6091370Z  * [new tag]               v2.0.634                -> v2.0.634
2026-09-20T01:19:47.6091524Z  * [new tag]               v2.0.635                -> v2.0.635
2026-09-20T01:19:47.6091680Z  * [new tag]               v2.0.636                -> v2.0.636
2026-09-20T01:19:47.6091839Z  * [new tag]               v2.0.637                -> v2.0.637
2026-09-20T01:19:47.6091997Z  * [new tag]               v2.0.638                -> v2.0.638
2026-09-20T01:19:47.6092148Z  * [new tag]               v2.0.639                -> v2.0.639
2026-09-20T01:19:47.6092310Z  * [new tag]               v2.0.64                 -> v2.0.64
2026-09-20T01:19:47.6092462Z  * [new tag]               v2.0.640                -> v2.0.640
2026-09-20T01:19:47.6092619Z  * [new tag]               v2.0.641                -> v2.0.641
2026-09-20T01:19:47.6092773Z  * [new tag]               v2.0.642                -> v2.0.642
2026-09-20T01:19:47.6092924Z  * [new tag]               v2.0.643                -> v2.0.643
2026-09-20T01:19:47.6093077Z  * [new tag]               v2.0.644                -> v2.0.644
2026-09-20T01:19:47.6093234Z  * [new tag]               v2.0.645                -> v2.0.645
2026-09-20T01:19:47.6093392Z  * [new tag]               v2.0.646                -> v2.0.646
2026-09-20T01:19:47.6093676Z  * [new tag]               v2.0.647                -> v2.0.647
2026-09-20T01:19:47.6093826Z  * [new tag]               v2.0.648                -> v2.0.648
2026-09-20T01:19:47.6093981Z  * [new tag]               v2.0.649                -> v2.0.649
2026-09-20T01:19:47.6094137Z  * [new tag]               v2.0.65                 -> v2.0.65
2026-09-20T01:19:47.6094289Z  * [new tag]               v2.0.650                -> v2.0.650
2026-09-20T01:19:47.6094448Z  * [new tag]               v2.0.651                -> v2.0.651
2026-09-20T01:19:47.6094598Z  * [new tag]               v2.0.652                -> v2.0.652
2026-09-20T01:19:47.6094753Z  * [new tag]               v2.0.653                -> v2.0.653
2026-09-20T01:19:47.6094910Z  * [new tag]               v2.0.654                -> v2.0.654
2026-09-20T01:19:47.6095062Z  * [new tag]               v2.0.655                -> v2.0.655
2026-09-20T01:19:47.6095223Z  * [new tag]               v2.0.656                -> v2.0.656
2026-09-20T01:19:47.6095384Z  * [new tag]               v2.0.657                -> v2.0.657
2026-09-20T01:19:47.6095541Z  * [new tag]               v2.0.658                -> v2.0.658
2026-09-20T01:19:47.6095700Z  * [new tag]               v2.0.659                -> v2.0.659
2026-09-20T01:19:47.6095852Z  * [new tag]               v2.0.66                 -> v2.0.66
2026-09-20T01:19:47.6096010Z  * [new tag]               v2.0.660                -> v2.0.660
2026-09-20T01:19:47.6096164Z  * [new tag]               v2.0.661                -> v2.0.661
2026-09-20T01:19:47.6096315Z  * [new tag]               v2.0.662                -> v2.0.662
2026-09-20T01:19:47.6096470Z  * [new tag]               v2.0.663                -> v2.0.663
2026-09-20T01:19:47.6096619Z  * [new tag]               v2.0.664                -> v2.0.664
2026-09-20T01:19:47.6096776Z  * [new tag]               v2.0.665                -> v2.0.665
2026-09-20T01:19:47.6096932Z  * [new tag]               v2.0.666                -> v2.0.666
2026-09-20T01:19:47.6097492Z  * [new tag]               v2.0.667                -> v2.0.667
2026-09-20T01:19:47.6097698Z  * [new tag]               v2.0.668                -> v2.0.668
2026-09-20T01:19:47.6097852Z  * [new tag]               v2.0.669                -> v2.0.669
2026-09-20T01:19:47.6098012Z  * [new tag]               v2.0.67                 -> v2.0.67
2026-09-20T01:19:47.6098167Z  * [new tag]               v2.0.670                -> v2.0.670
2026-09-20T01:19:47.6098316Z  * [new tag]               v2.0.671                -> v2.0.671
2026-09-20T01:19:47.6098470Z  * [new tag]               v2.0.672                -> v2.0.672
2026-09-20T01:19:47.6098620Z  * [new tag]               v2.0.673                -> v2.0.673
2026-09-20T01:19:47.6098776Z  * [new tag]               v2.0.674                -> v2.0.674
2026-09-20T01:19:47.6098932Z  * [new tag]               v2.0.675                -> v2.0.675
2026-09-20T01:19:47.6099078Z  * [new tag]               v2.0.676                -> v2.0.676
2026-09-20T01:19:47.6099241Z  * [new tag]               v2.0.677                -> v2.0.677
2026-09-20T01:19:47.6099399Z  * [new tag]               v2.0.678                -> v2.0.678
2026-09-20T01:19:47.6099552Z  * [new tag]               v2.0.679                -> v2.0.679
2026-09-20T01:19:47.6099711Z  * [new tag]               v2.0.68                 -> v2.0.68
2026-09-20T01:19:47.6099862Z  * [new tag]               v2.0.680                -> v2.0.680
2026-09-20T01:19:47.6100020Z  * [new tag]               v2.0.681                -> v2.0.681
2026-09-20T01:19:47.6100175Z  * [new tag]               v2.0.682                -> v2.0.682
2026-09-20T01:19:47.6100324Z  * [new tag]               v2.0.683                -> v2.0.683
2026-09-20T01:19:47.6100482Z  * [new tag]               v2.0.684                -> v2.0.684
2026-09-20T01:19:47.6100634Z  * [new tag]               v2.0.685                -> v2.0.685
2026-09-20T01:19:47.6100791Z  * [new tag]               v2.0.686                -> v2.0.686
2026-09-20T01:19:47.6100972Z  * [new tag]               v2.0.687                -> v2.0.687
2026-09-20T01:19:47.6101544Z  * [new tag]               v2.0.688                -> v2.0.688
2026-09-20T01:19:47.6101727Z  * [new tag]               v2.0.689                -> v2.0.689
2026-09-20T01:19:47.6101897Z  * [new tag]               v2.0.69                 -> v2.0.69
2026-09-20T01:19:47.6102049Z  * [new tag]               v2.0.690                -> v2.0.690
2026-09-20T01:19:47.6102205Z  * [new tag]               v2.0.691                -> v2.0.691
2026-09-20T01:19:47.6102355Z  * [new tag]               v2.0.692                -> v2.0.692
2026-09-20T01:19:47.6102512Z  * [new tag]               v2.0.693                -> v2.0.693
2026-09-20T01:19:47.6102666Z  * [new tag]               v2.0.694                -> v2.0.694
2026-09-20T01:19:47.6102817Z  * [new tag]               v2.0.695                -> v2.0.695
2026-09-20T01:19:47.6102976Z  * [new tag]               v2.0.696                -> v2.0.696
2026-09-20T01:19:47.6103130Z  * [new tag]               v2.0.697                -> v2.0.697
2026-09-20T01:19:47.6103290Z  * [new tag]               v2.0.698                -> v2.0.698
2026-09-20T01:19:47.6103447Z  * [new tag]               v2.0.699                -> v2.0.699
2026-09-20T01:19:47.6103597Z  * [new tag]               v2.0.7                  -> v2.0.7
2026-09-20T01:19:47.6103752Z  * [new tag]               v2.0.70                 -> v2.0.70
2026-09-20T01:19:47.6103901Z  * [new tag]               v2.0.700                -> v2.0.700
2026-09-20T01:19:47.6104055Z  * [new tag]               v2.0.701                -> v2.0.701
2026-09-20T01:19:47.6104215Z  * [new tag]               v2.0.702                -> v2.0.702
2026-09-20T01:19:47.6104364Z  * [new tag]               v2.0.703                -> v2.0.703
2026-09-20T01:19:47.6104519Z  * [new tag]               v2.0.704                -> v2.0.704
2026-09-20T01:19:47.6104673Z  * [new tag]               v2.0.705                -> v2.0.705
2026-09-20T01:19:47.6104926Z  * [new tag]               v2.0.706                -> v2.0.706
2026-09-20T01:19:47.6105091Z  * [new tag]               v2.0.707                -> v2.0.707
2026-09-20T01:19:47.6105240Z  * [new tag]               v2.0.708                -> v2.0.708
2026-09-20T01:19:47.6105393Z  * [new tag]               v2.0.709                -> v2.0.709
2026-09-20T01:19:47.6105547Z  * [new tag]               v2.0.71                 -> v2.0.71
2026-09-20T01:19:47.6105694Z  * [new tag]               v2.0.710                -> v2.0.710
2026-09-20T01:19:47.6105850Z  * [new tag]               v2.0.711                -> v2.0.711
2026-09-20T01:19:47.6105997Z  * [new tag]               v2.0.712                -> v2.0.712
2026-09-20T01:19:47.6106152Z  * [new tag]               v2.0.713                -> v2.0.713
2026-09-20T01:19:47.6106305Z  * [new tag]               v2.0.714                -> v2.0.714
2026-09-20T01:19:47.6106454Z  * [new tag]               v2.0.715                -> v2.0.715
2026-09-20T01:19:47.6106611Z  * [new tag]               v2.0.716                -> v2.0.716
2026-09-20T01:19:47.6106767Z  * [new tag]               v2.0.717                -> v2.0.717
2026-09-20T01:19:47.6106919Z  * [new tag]               v2.0.718                -> v2.0.718
2026-09-20T01:19:47.6107074Z  * [new tag]               v2.0.719                -> v2.0.719
2026-09-20T01:19:47.6107376Z  * [new tag]               v2.0.72                 -> v2.0.72
2026-09-20T01:19:47.6107530Z  * [new tag]               v2.0.720                -> v2.0.720
2026-09-20T01:19:47.6107686Z  * [new tag]               v2.0.721                -> v2.0.721
2026-09-20T01:19:47.6107835Z  * [new tag]               v2.0.722                -> v2.0.722
2026-09-20T01:19:47.6107988Z  * [new tag]               v2.0.723                -> v2.0.723
2026-09-20T01:19:47.6108136Z  * [new tag]               v2.0.724                -> v2.0.724
2026-09-20T01:19:47.6108293Z  * [new tag]               v2.0.725                -> v2.0.725
2026-09-20T01:19:47.6108446Z  * [new tag]               v2.0.726                -> v2.0.726
2026-09-20T01:19:47.6108732Z  * [new tag]               v2.0.727                -> v2.0.727
2026-09-20T01:19:47.6108889Z  * [new tag]               v2.0.728                -> v2.0.728
2026-09-20T01:19:47.6109039Z  * [new tag]               v2.0.729                -> v2.0.729
2026-09-20T01:19:47.6109195Z  * [new tag]               v2.0.73                 -> v2.0.73
2026-09-20T01:19:47.6109351Z  * [new tag]               v2.0.730                -> v2.0.730
2026-09-20T01:19:47.6109500Z  * [new tag]               v2.0.731                -> v2.0.731
2026-09-20T01:19:47.6109653Z  * [new tag]               v2.0.732                -> v2.0.732
2026-09-20T01:19:47.6109807Z  * [new tag]               v2.0.733                -> v2.0.733
2026-09-20T01:19:47.6109970Z  * [new tag]               v2.0.734                -> v2.0.734
2026-09-20T01:19:47.6110126Z  * [new tag]               v2.0.735                -> v2.0.735
2026-09-20T01:19:47.6110275Z  * [new tag]               v2.0.736                -> v2.0.736
2026-09-20T01:19:47.6110436Z  * [new tag]               v2.0.737                -> v2.0.737
2026-09-20T01:19:47.6110592Z  * [new tag]               v2.0.738                -> v2.0.738
2026-09-20T01:19:47.6110749Z  * [new tag]               v2.0.739                -> v2.0.739
2026-09-20T01:19:47.6110905Z  * [new tag]               v2.0.74                 -> v2.0.74
2026-09-20T01:19:47.6111076Z  * [new tag]               v2.0.740                -> v2.0.740
2026-09-20T01:19:47.6111225Z  * [new tag]               v2.0.741                -> v2.0.741
2026-09-20T01:19:47.6111383Z  * [new tag]               v2.0.742                -> v2.0.742
2026-09-20T01:19:47.6111540Z  * [new tag]               v2.0.743                -> v2.0.743
2026-09-20T01:19:47.6111690Z  * [new tag]               v2.0.744                -> v2.0.744
2026-09-20T01:19:47.6111846Z  * [new tag]               v2.0.745                -> v2.0.745
2026-09-20T01:19:47.6111997Z  * [new tag]               v2.0.746                -> v2.0.746
2026-09-20T01:19:47.6112269Z  * [new tag]               v2.0.747                -> v2.0.747
2026-09-20T01:19:47.6112437Z  * [new tag]               v2.0.748                -> v2.0.748
2026-09-20T01:19:47.6112586Z  * [new tag]               v2.0.749                -> v2.0.749
2026-09-20T01:19:47.6112743Z  * [new tag]               v2.0.75                 -> v2.0.75
2026-09-20T01:19:47.6112891Z  * [new tag]               v2.0.750                -> v2.0.750
2026-09-20T01:19:47.6113048Z  * [new tag]               v2.0.751                -> v2.0.751
2026-09-20T01:19:47.6113205Z  * [new tag]               v2.0.752                -> v2.0.752
2026-09-20T01:19:47.6113356Z  * [new tag]               v2.0.753                -> v2.0.753
2026-09-20T01:19:47.6113515Z  * [new tag]               v2.0.754                -> v2.0.754
2026-09-20T01:19:47.6113668Z  * [new tag]               v2.0.755                -> v2.0.755
2026-09-20T01:19:47.6113817Z  * [new tag]               v2.0.756                -> v2.0.756
2026-09-20T01:19:47.6113978Z  * [new tag]               v2.0.757                -> v2.0.757
2026-09-20T01:19:47.6114131Z  * [new tag]               v2.0.758                -> v2.0.758
2026-09-20T01:19:47.6114285Z  * [new tag]               v2.0.759                -> v2.0.759
2026-09-20T01:19:47.6114440Z  * [new tag]               v2.0.76                 -> v2.0.76
2026-09-20T01:19:47.6114588Z  * [new tag]               v2.0.760                -> v2.0.760
2026-09-20T01:19:47.6114744Z  * [new tag]               v2.0.761                -> v2.0.761
2026-09-20T01:19:47.6114894Z  * [new tag]               v2.0.762                -> v2.0.762
2026-09-20T01:19:47.6115048Z  * [new tag]               v2.0.763                -> v2.0.763
2026-09-20T01:19:47.6115202Z  * [new tag]               v2.0.764                -> v2.0.764
2026-09-20T01:19:47.6115350Z  * [new tag]               v2.0.765                -> v2.0.765
2026-09-20T01:19:47.6115504Z  * [new tag]               v2.0.766                -> v2.0.766
2026-09-20T01:19:47.6115678Z  * [new tag]               v2.0.767                -> v2.0.767
2026-09-20T01:19:47.6115921Z  * [new tag]               v2.0.768                -> v2.0.768
2026-09-20T01:19:47.6116078Z  * [new tag]               v2.0.769                -> v2.0.769
2026-09-20T01:19:47.6116227Z  * [new tag]               v2.0.77                 -> v2.0.77
2026-09-20T01:19:47.6116380Z  * [new tag]               v2.0.770                -> v2.0.770
2026-09-20T01:19:47.6116534Z  * [new tag]               v2.0.771                -> v2.0.771
2026-09-20T01:19:47.6116684Z  * [new tag]               v2.0.772                -> v2.0.772
2026-09-20T01:19:47.6116837Z  * [new tag]               v2.0.773                -> v2.0.773
2026-09-20T01:19:47.6116985Z  * [new tag]               v2.0.774                -> v2.0.774
2026-09-20T01:19:47.6117272Z  * [new tag]               v2.0.775                -> v2.0.775
2026-09-20T01:19:47.6117436Z  * [new tag]               v2.0.776                -> v2.0.776
2026-09-20T01:19:47.6117592Z  * [new tag]               v2.0.777                -> v2.0.777
2026-09-20T01:19:47.6117754Z  * [new tag]               v2.0.778                -> v2.0.778
2026-09-20T01:19:47.6117903Z  * [new tag]               v2.0.779                -> v2.0.779
2026-09-20T01:19:47.6118059Z  * [new tag]               v2.0.78                 -> v2.0.78
2026-09-20T01:19:47.6118214Z  * [new tag]               v2.0.780                -> v2.0.780
2026-09-20T01:19:47.6118364Z  * [new tag]               v2.0.781                -> v2.0.781
2026-09-20T01:19:47.6118518Z  * [new tag]               v2.0.782                -> v2.0.782
2026-09-20T01:19:47.6118665Z  * [new tag]               v2.0.783                -> v2.0.783
2026-09-20T01:19:47.6118820Z  * [new tag]               v2.0.784                -> v2.0.784
2026-09-20T01:19:47.6118972Z  * [new tag]               v2.0.785                -> v2.0.785
2026-09-20T01:19:47.6119164Z  * [new tag]               v2.0.786                -> v2.0.786
2026-09-20T01:19:47.6119445Z  * [new tag]               v2.0.787                -> v2.0.787
2026-09-20T01:19:47.6119611Z  * [new tag]               v2.0.788                -> v2.0.788
2026-09-20T01:19:47.6119760Z  * [new tag]               v2.0.789                -> v2.0.789
2026-09-20T01:19:47.6119914Z  * [new tag]               v2.0.79                 -> v2.0.79
2026-09-20T01:19:47.6120063Z  * [new tag]               v2.0.790                -> v2.0.790
2026-09-20T01:19:47.6120219Z  * [new tag]               v2.0.791                -> v2.0.791
2026-09-20T01:19:47.6120373Z  * [new tag]               v2.0.792                -> v2.0.792
2026-09-20T01:19:47.6120522Z  * [new tag]               v2.0.793                -> v2.0.793
2026-09-20T01:19:47.6120676Z  * [new tag]               v2.0.794                -> v2.0.794
2026-09-20T01:19:47.6120826Z  * [new tag]               v2.0.795                -> v2.0.795
2026-09-20T01:19:47.6120980Z  * [new tag]               v2.0.796                -> v2.0.796
2026-09-20T01:19:47.6121141Z  * [new tag]               v2.0.797                -> v2.0.797
2026-09-20T01:19:47.6121301Z  * [new tag]               v2.0.798                -> v2.0.798
2026-09-20T01:19:47.6121454Z  * [new tag]               v2.0.799                -> v2.0.799
2026-09-20T01:19:47.6121604Z  * [new tag]               v2.0.8                  -> v2.0.8
2026-09-20T01:19:47.6121762Z  * [new tag]               v2.0.80                 -> v2.0.80
2026-09-20T01:19:47.6121916Z  * [new tag]               v2.0.800                -> v2.0.800
2026-09-20T01:19:47.6122068Z  * [new tag]               v2.0.801                -> v2.0.801
2026-09-20T01:19:47.6122223Z  * [new tag]               v2.0.802                -> v2.0.802
2026-09-20T01:19:47.6122376Z  * [new tag]               v2.0.803                -> v2.0.803
2026-09-20T01:19:47.6122526Z  * [new tag]               v2.0.804                -> v2.0.804
2026-09-20T01:19:47.6122680Z  * [new tag]               v2.0.805                -> v2.0.805
2026-09-20T01:19:47.6122827Z  * [new tag]               v2.0.806                -> v2.0.806
2026-09-20T01:19:47.6122988Z  * [new tag]               v2.0.807                -> v2.0.807
2026-09-20T01:19:47.6123266Z  * [new tag]               v2.0.808                -> v2.0.808
2026-09-20T01:19:47.6123417Z  * [new tag]               v2.0.809                -> v2.0.809
2026-09-20T01:19:47.6123575Z  * [new tag]               v2.0.81                 -> v2.0.81
2026-09-20T01:19:47.6123725Z  * [new tag]               v2.0.810                -> v2.0.810
2026-09-20T01:19:47.6123884Z  * [new tag]               v2.0.811                -> v2.0.811
2026-09-20T01:19:47.6124039Z  * [new tag]               v2.0.812                -> v2.0.812
2026-09-20T01:19:47.6124188Z  * [new tag]               v2.0.813                -> v2.0.813
2026-09-20T01:19:47.6124341Z  * [new tag]               v2.0.814                -> v2.0.814
2026-09-20T01:19:47.6124493Z  * [new tag]               v2.0.815                -> v2.0.815
2026-09-20T01:19:47.6124652Z  * [new tag]               v2.0.816                -> v2.0.816
2026-09-20T01:19:47.6124813Z  * [new tag]               v2.0.817                -> v2.0.817
2026-09-20T01:19:47.6124968Z  * [new tag]               v2.0.818                -> v2.0.818
2026-09-20T01:19:47.6125120Z  * [new tag]               v2.0.819                -> v2.0.819
2026-09-20T01:19:47.6125271Z  * [new tag]               v2.0.82                 -> v2.0.82
2026-09-20T01:19:47.6125424Z  * [new tag]               v2.0.820                -> v2.0.820
2026-09-20T01:19:47.6125579Z  * [new tag]               v2.0.821                -> v2.0.821
2026-09-20T01:19:47.6125728Z  * [new tag]               v2.0.822                -> v2.0.822
2026-09-20T01:19:47.6125884Z  * [new tag]               v2.0.823                -> v2.0.823
2026-09-20T01:19:47.6126037Z  * [new tag]               v2.0.824                -> v2.0.824
2026-09-20T01:19:47.6126187Z  * [new tag]               v2.0.825                -> v2.0.825
2026-09-20T01:19:47.6126340Z  * [new tag]               v2.0.826                -> v2.0.826
2026-09-20T01:19:47.6126573Z  * [new tag]               v2.0.827                -> v2.0.827
2026-09-20T01:19:47.6126740Z  * [new tag]               v2.0.828                -> v2.0.828
2026-09-20T01:19:47.6126894Z  * [new tag]               v2.0.829                -> v2.0.829
2026-09-20T01:19:47.6127044Z  * [new tag]               v2.0.83                 -> v2.0.83
2026-09-20T01:19:47.6127486Z  * [new tag]               v2.0.830                -> v2.0.830
2026-09-20T01:19:47.6127657Z  * [new tag]               v2.0.831                -> v2.0.831
2026-09-20T01:19:47.6127814Z  * [new tag]               v2.0.832                -> v2.0.832
2026-09-20T01:19:47.6127971Z  * [new tag]               v2.0.833                -> v2.0.833
2026-09-20T01:19:47.6128119Z  * [new tag]               v2.0.834                -> v2.0.834
2026-09-20T01:19:47.6128271Z  * [new tag]               v2.0.835                -> v2.0.835
2026-09-20T01:19:47.6128417Z  * [new tag]               v2.0.836                -> v2.0.836
2026-09-20T01:19:47.6128611Z  * [new tag]               v2.0.837                -> v2.0.837
2026-09-20T01:19:47.6128793Z  * [new tag]               v2.0.838                -> v2.0.838
2026-09-20T01:19:47.6128952Z  * [new tag]               v2.0.839                -> v2.0.839
2026-09-20T01:19:47.6129119Z  * [new tag]               v2.0.84                 -> v2.0.84
2026-09-20T01:19:47.6129284Z  * [new tag]               v2.0.840                -> v2.0.840
2026-09-20T01:19:47.6129435Z  * [new tag]               v2.0.841                -> v2.0.841
2026-09-20T01:19:47.6129602Z  * [new tag]               v2.0.842                -> v2.0.842
2026-09-20T01:19:47.6129755Z  * [new tag]               v2.0.843                -> v2.0.843
2026-09-20T01:19:47.6129913Z  * [new tag]               v2.0.844                -> v2.0.844
2026-09-20T01:19:47.6130068Z  * [new tag]               v2.0.845                -> v2.0.845
2026-09-20T01:19:47.6130221Z  * [new tag]               v2.0.846                -> v2.0.846
2026-09-20T01:19:47.6130382Z  * [new tag]               v2.0.847                -> v2.0.847
2026-09-20T01:19:47.6130679Z  * [new tag]               v2.0.848                -> v2.0.848
2026-09-20T01:19:47.6130835Z  * [new tag]               v2.0.849                -> v2.0.849
2026-09-20T01:19:47.6130993Z  * [new tag]               v2.0.85                 -> v2.0.85
2026-09-20T01:19:47.6131144Z  * [new tag]               v2.0.850                -> v2.0.850
2026-09-20T01:19:47.6131306Z  * [new tag]               v2.0.851                -> v2.0.851
2026-09-20T01:19:47.6131458Z  * [new tag]               v2.0.852                -> v2.0.852
2026-09-20T01:19:47.6131629Z  * [new tag]               v2.0.853                -> v2.0.853
2026-09-20T01:19:47.6131785Z  * [new tag]               v2.0.854                -> v2.0.854
2026-09-20T01:19:47.6131936Z  * [new tag]               v2.0.855                -> v2.0.855
2026-09-20T01:19:47.6132092Z  * [new tag]               v2.0.856                -> v2.0.856
2026-09-20T01:19:47.6132253Z  * [new tag]               v2.0.857                -> v2.0.857
2026-09-20T01:19:47.6132408Z  * [new tag]               v2.0.858                -> v2.0.858
2026-09-20T01:19:47.6132560Z  * [new tag]               v2.0.859                -> v2.0.859
2026-09-20T01:19:47.6132709Z  * [new tag]               v2.0.86                 -> v2.0.86
2026-09-20T01:19:47.6132864Z  * [new tag]               v2.0.860                -> v2.0.860
2026-09-20T01:19:47.6133016Z  * [new tag]               v2.0.861                -> v2.0.861
2026-09-20T01:19:47.6133166Z  * [new tag]               v2.0.862                -> v2.0.862
2026-09-20T01:19:47.6133321Z  * [new tag]               v2.0.863                -> v2.0.863
2026-09-20T01:19:47.6133471Z  * [new tag]               v2.0.864                -> v2.0.864
2026-09-20T01:19:47.6133629Z  * [new tag]               v2.0.865                -> v2.0.865
2026-09-20T01:19:47.6133784Z  * [new tag]               v2.0.866                -> v2.0.866
2026-09-20T01:19:47.6133934Z  * [new tag]               v2.0.867                -> v2.0.867
2026-09-20T01:19:47.6134241Z  * [new tag]               v2.0.868                -> v2.0.868
2026-09-20T01:19:47.6134396Z  * [new tag]               v2.0.869                -> v2.0.869
2026-09-20T01:19:47.6134553Z  * [new tag]               v2.0.87                 -> v2.0.87
2026-09-20T01:19:47.6134706Z  * [new tag]               v2.0.870                -> v2.0.870
2026-09-20T01:19:47.6134854Z  * [new tag]               v2.0.871                -> v2.0.871
2026-09-20T01:19:47.6135007Z  * [new tag]               v2.0.872                -> v2.0.872
2026-09-20T01:19:47.6135162Z  * [new tag]               v2.0.873                -> v2.0.873
2026-09-20T01:19:47.6135309Z  * [new tag]               v2.0.874                -> v2.0.874
2026-09-20T01:19:47.6135462Z  * [new tag]               v2.0.875                -> v2.0.875
2026-09-20T01:19:47.6135612Z  * [new tag]               v2.0.876                -> v2.0.876
2026-09-20T01:19:47.6135766Z  * [new tag]               v2.0.877                -> v2.0.877
2026-09-20T01:19:47.6135927Z  * [new tag]               v2.0.878                -> v2.0.878
2026-09-20T01:19:47.6136085Z  * [new tag]               v2.0.879                -> v2.0.879
2026-09-20T01:19:47.6136240Z  * [new tag]               v2.0.88                 -> v2.0.88
2026-09-20T01:19:47.6136388Z  * [new tag]               v2.0.880                -> v2.0.880
2026-09-20T01:19:47.6136543Z  * [new tag]               v2.0.881                -> v2.0.881
2026-09-20T01:19:47.6136694Z  * [new tag]               v2.0.882                -> v2.0.882
2026-09-20T01:19:47.6136843Z  * [new tag]               v2.0.883                -> v2.0.883
2026-09-20T01:19:47.6136998Z  * [new tag]               v2.0.884                -> v2.0.884
2026-09-20T01:19:47.6137293Z  * [new tag]               v2.0.885                -> v2.0.885
2026-09-20T01:19:47.6137454Z  * [new tag]               v2.0.886                -> v2.0.886
2026-09-20T01:19:47.6137613Z  * [new tag]               v2.0.887                -> v2.0.887
2026-09-20T01:19:47.6137767Z  * [new tag]               v2.0.888                -> v2.0.888
2026-09-20T01:19:47.6138055Z  * [new tag]               v2.0.889                -> v2.0.889
2026-09-20T01:19:47.6138212Z  * [new tag]               v2.0.89                 -> v2.0.89
2026-09-20T01:19:47.6138362Z  * [new tag]               v2.0.890                -> v2.0.890
2026-09-20T01:19:47.6138518Z  * [new tag]               v2.0.891                -> v2.0.891
2026-09-20T01:19:47.6138667Z  * [new tag]               v2.0.892                -> v2.0.892
2026-09-20T01:19:47.6138824Z  * [new tag]               v2.0.893                -> v2.0.893
2026-09-20T01:19:47.6138978Z  * [new tag]               v2.0.894                -> v2.0.894
2026-09-20T01:19:47.6139128Z  * [new tag]               v2.0.895                -> v2.0.895
2026-09-20T01:19:47.6139282Z  * [new tag]               v2.0.896                -> v2.0.896
2026-09-20T01:19:47.6139430Z  * [new tag]               v2.0.897                -> v2.0.897
2026-09-20T01:19:47.6139590Z  * [new tag]               v2.0.898                -> v2.0.898
2026-09-20T01:19:47.6139747Z  * [new tag]               v2.0.899                -> v2.0.899
2026-09-20T01:19:47.6139901Z  * [new tag]               v2.0.9                  -> v2.0.9
2026-09-20T01:19:47.6140055Z  * [new tag]               v2.0.90                 -> v2.0.90
2026-09-20T01:19:47.6140204Z  * [new tag]               v2.0.900                -> v2.0.900
2026-09-20T01:19:47.6140358Z  * [new tag]               v2.0.901                -> v2.0.901
2026-09-20T01:19:47.6140512Z  * [new tag]               v2.0.902                -> v2.0.902
2026-09-20T01:19:47.6140662Z  * [new tag]               v2.0.903                -> v2.0.903
2026-09-20T01:19:47.6140816Z  * [new tag]               v2.0.904                -> v2.0.904
2026-09-20T01:19:47.6140971Z  * [new tag]               v2.0.905                -> v2.0.905
2026-09-20T01:19:47.6141120Z  * [new tag]               v2.0.906                -> v2.0.906
2026-09-20T01:19:47.6141390Z  * [new tag]               v2.0.907                -> v2.0.907
2026-09-20T01:19:47.6141564Z  * [new tag]               v2.0.908                -> v2.0.908
2026-09-20T01:19:47.6141719Z  * [new tag]               v2.0.909                -> v2.0.909
2026-09-20T01:19:47.6141874Z  * [new tag]               v2.0.91                 -> v2.0.91
2026-09-20T01:19:47.6142022Z  * [new tag]               v2.0.910                -> v2.0.910
2026-09-20T01:19:47.6142175Z  * [new tag]               v2.0.911                -> v2.0.911
2026-09-20T01:19:47.6142324Z  * [new tag]               v2.0.912                -> v2.0.912
2026-09-20T01:19:47.6142478Z  * [new tag]               v2.0.913                -> v2.0.913
2026-09-20T01:19:47.6142629Z  * [new tag]               v2.0.914                -> v2.0.914
2026-09-20T01:19:47.6142777Z  * [new tag]               v2.0.915                -> v2.0.915
2026-09-20T01:19:47.6142932Z  * [new tag]               v2.0.916                -> v2.0.916
2026-09-20T01:19:47.6143085Z  * [new tag]               v2.0.917                -> v2.0.917
2026-09-20T01:19:47.6143244Z  * [new tag]               v2.0.918                -> v2.0.918
2026-09-20T01:19:47.6143398Z  * [new tag]               v2.0.919                -> v2.0.919
2026-09-20T01:19:47.6143551Z  * [new tag]               v2.0.92                 -> v2.0.92
2026-09-20T01:19:47.6143708Z  * [new tag]               v2.0.920                -> v2.0.920
2026-09-20T01:19:47.6143863Z  * [new tag]               v2.0.921                -> v2.0.921
2026-09-20T01:19:47.6144013Z  * [new tag]               v2.0.922                -> v2.0.922
2026-09-20T01:19:47.6144169Z  * [new tag]               v2.0.923                -> v2.0.923
2026-09-20T01:19:47.6144319Z  * [new tag]               v2.0.924                -> v2.0.924
2026-09-20T01:19:47.6144470Z  * [new tag]               v2.0.925                -> v2.0.925
2026-09-20T01:19:47.6144624Z  * [new tag]               v2.0.926                -> v2.0.926
2026-09-20T01:19:47.6144777Z  * [new tag]               v2.0.927                -> v2.0.927
2026-09-20T01:19:47.6145019Z  * [new tag]               v2.0.928                -> v2.0.928
2026-09-20T01:19:47.6145168Z  * [new tag]               v2.0.929                -> v2.0.929
2026-09-20T01:19:47.6145325Z  * [new tag]               v2.0.93                 -> v2.0.93
2026-09-20T01:19:47.6145479Z  * [new tag]               v2.0.930                -> v2.0.930
2026-09-20T01:19:47.6145627Z  * [new tag]               v2.0.931                -> v2.0.931
2026-09-20T01:19:47.6145781Z  * [new tag]               v2.0.932                -> v2.0.932
2026-09-20T01:19:47.6145929Z  * [new tag]               v2.0.933                -> v2.0.933
2026-09-20T01:19:47.6146084Z  * [new tag]               v2.0.934                -> v2.0.934
2026-09-20T01:19:47.6146243Z  * [new tag]               v2.0.935                -> v2.0.935
2026-09-20T01:19:47.6146393Z  * [new tag]               v2.0.936                -> v2.0.936
2026-09-20T01:19:47.6146549Z  * [new tag]               v2.0.937                -> v2.0.937
2026-09-20T01:19:47.6146708Z  * [new tag]               v2.0.938                -> v2.0.938
2026-09-20T01:19:47.6146863Z  * [new tag]               v2.0.939                -> v2.0.939
2026-09-20T01:19:47.6147018Z  * [new tag]               v2.0.94                 -> v2.0.94
2026-09-20T01:19:47.6147297Z  * [new tag]               v2.0.940                -> v2.0.940
2026-09-20T01:19:47.6147457Z  * [new tag]               v2.0.941                -> v2.0.941
2026-09-20T01:19:47.6147612Z  * [new tag]               v2.0.942                -> v2.0.942
2026-09-20T01:19:47.6147762Z  * [new tag]               v2.0.943                -> v2.0.943
2026-09-20T01:19:47.6147917Z  * [new tag]               v2.0.944                -> v2.0.944
2026-09-20T01:19:47.6148067Z  * [new tag]               v2.0.945                -> v2.0.945
2026-09-20T01:19:47.6148221Z  * [new tag]               v2.0.946                -> v2.0.946
2026-09-20T01:19:47.6148375Z  * [new tag]               v2.0.947                -> v2.0.947
2026-09-20T01:19:47.6148650Z  * [new tag]               v2.0.948                -> v2.0.948
2026-09-20T01:19:47.6148818Z  * [new tag]               v2.0.949                -> v2.0.949
2026-09-20T01:19:47.6148969Z  * [new tag]               v2.0.95                 -> v2.0.95
2026-09-20T01:19:47.6149122Z  * [new tag]               v2.0.950                -> v2.0.950
2026-09-20T01:19:47.6149276Z  * [new tag]               v2.0.951                -> v2.0.951
2026-09-20T01:19:47.6149424Z  * [new tag]               v2.0.952                -> v2.0.952
2026-09-20T01:19:47.6149581Z  * [new tag]               v2.0.953                -> v2.0.953
2026-09-20T01:19:47.6149729Z  * [new tag]               v2.0.954                -> v2.0.954
2026-09-20T01:19:47.6149886Z  * [new tag]               v2.0.955                -> v2.0.955
2026-09-20T01:19:47.6150043Z  * [new tag]               v2.0.956                -> v2.0.956
2026-09-20T01:19:47.6150190Z  * [new tag]               v2.0.957                -> v2.0.957
2026-09-20T01:19:47.6150349Z  * [new tag]               v2.0.958                -> v2.0.958
2026-09-20T01:19:47.6150510Z  * [new tag]               v2.0.959                -> v2.0.959
2026-09-20T01:19:47.6150662Z  * [new tag]               v2.0.96                 -> v2.0.96
2026-09-20T01:19:47.6150815Z  * [new tag]               v2.0.960                -> v2.0.960
2026-09-20T01:19:47.6150964Z  * [new tag]               v2.0.961                -> v2.0.961
2026-09-20T01:19:47.6151124Z  * [new tag]               v2.0.962                -> v2.0.962
2026-09-20T01:19:47.6151279Z  * [new tag]               v2.0.963                -> v2.0.963
2026-09-20T01:19:47.6151427Z  * [new tag]               v2.0.964                -> v2.0.964
2026-09-20T01:19:47.6151581Z  * [new tag]               v2.0.965                -> v2.0.965
2026-09-20T01:19:47.6151732Z  * [new tag]               v2.0.966                -> v2.0.966
2026-09-20T01:19:47.6151887Z  * [new tag]               v2.0.967                -> v2.0.967
2026-09-20T01:19:47.6152047Z  * [new tag]               v2.0.968                -> v2.0.968
2026-09-20T01:19:47.6152321Z  * [new tag]               v2.0.969                -> v2.0.969
2026-09-20T01:19:47.6152478Z  * [new tag]               v2.0.97                 -> v2.0.97
2026-09-20T01:19:47.6152626Z  * [new tag]               v2.0.970                -> v2.0.970
2026-09-20T01:19:47.6152780Z  * [new tag]               v2.0.971                -> v2.0.971
2026-09-20T01:19:47.6152935Z  * [new tag]               v2.0.972                -> v2.0.972
2026-09-20T01:19:47.6153085Z  * [new tag]               v2.0.973                -> v2.0.973
2026-09-20T01:19:47.6153240Z  * [new tag]               v2.0.974                -> v2.0.974
2026-09-20T01:19:47.6153395Z  * [new tag]               v2.0.975                -> v2.0.975
2026-09-20T01:19:47.6153544Z  * [new tag]               v2.0.976                -> v2.0.976
2026-09-20T01:19:47.6153696Z  * [new tag]               v2.0.977                -> v2.0.977
2026-09-20T01:19:47.6153852Z  * [new tag]               v2.0.978                -> v2.0.978
2026-09-20T01:19:47.6154011Z  * [new tag]               v2.0.979                -> v2.0.979
2026-09-20T01:19:47.6154165Z  * [new tag]               v2.0.98                 -> v2.0.98
2026-09-20T01:19:47.6154314Z  * [new tag]               v2.0.980                -> v2.0.980
2026-09-20T01:19:47.6154468Z  * [new tag]               v2.0.981                -> v2.0.981
2026-09-20T01:19:47.6154616Z  * [new tag]               v2.0.982                -> v2.0.982
2026-09-20T01:19:47.6154769Z  * [new tag]               v2.0.983                -> v2.0.983
2026-09-20T01:19:47.6154925Z  * [new tag]               v2.0.984                -> v2.0.984
2026-09-20T01:19:47.6155074Z  * [new tag]               v2.0.985                -> v2.0.985
2026-09-20T01:19:47.6155227Z  * [new tag]               v2.0.986                -> v2.0.986
2026-09-20T01:19:47.6155375Z  * [new tag]               v2.0.987                -> v2.0.987
2026-09-20T01:19:47.6155617Z  * [new tag]               v2.0.988                -> v2.0.988
2026-09-20T01:19:47.6155783Z  * [new tag]               v2.0.989                -> v2.0.989
2026-09-20T01:19:47.6155934Z  * [new tag]               v2.0.99                 -> v2.0.99
2026-09-20T01:19:47.6156089Z  * [new tag]               v2.0.990                -> v2.0.990
2026-09-20T01:19:47.6156244Z  * [new tag]               v2.0.991                -> v2.0.991
2026-09-20T01:19:47.6156392Z  * [new tag]               v2.0.992                -> v2.0.992
2026-09-20T01:19:47.6156545Z  * [new tag]               v2.0.993                -> v2.0.993
2026-09-20T01:19:47.6156697Z  * [new tag]               v2.0.994                -> v2.0.994
2026-09-20T01:19:47.6156854Z  * [new tag]               v2.0.995                -> v2.0.995
2026-09-20T01:19:47.6157008Z  * [new tag]               v2.0.996                -> v2.0.996
2026-09-20T01:19:47.6157284Z  * [new tag]               v2.0.997                -> v2.0.997
2026-09-20T01:19:47.6157454Z  * [new tag]               v2.0.998                -> v2.0.998
2026-09-20T01:19:47.6157609Z  * [new tag]               v2.0.999                -> v2.0.999
2026-09-20T01:19:47.6157764Z  * [new tag]               v2.1.0                  -> v2.1.0
2026-09-20T01:19:47.6157918Z  * [new tag]               v2.1.1                  -> v2.1.1
2026-09-20T01:19:47.6158067Z  * [new tag]               v2.1.10                 -> v2.1.10
2026-09-20T01:19:47.6158222Z  * [new tag]               v2.1.11                 -> v2.1.11
2026-09-20T01:19:47.6158370Z  * [new tag]               v2.1.12                 -> v2.1.12
2026-09-20T01:19:47.6158527Z  * [new tag]               v2.1.13                 -> v2.1.13
2026-09-20T01:19:47.6158680Z  * [new tag]               v2.1.14                 -> v2.1.14
2026-09-20T01:19:47.6158828Z  * [new tag]               v2.1.15                 -> v2.1.15
2026-09-20T01:19:47.6158983Z  * [new tag]               v2.1.16                 -> v2.1.16
2026-09-20T01:19:47.6159136Z  * [new tag]               v2.1.17                 -> v2.1.17
2026-09-20T01:19:47.6159287Z  * [new tag]               v2.1.18                 -> v2.1.18
2026-09-20T01:19:47.6159567Z  * [new tag]               v2.1.19                 -> v2.1.19
2026-09-20T01:19:47.6159716Z  * [new tag]               v2.1.2                  -> v2.1.2
2026-09-20T01:19:47.6159876Z  * [new tag]               v2.1.20                 -> v2.1.20
2026-09-20T01:19:47.6160031Z  * [new tag]               v2.1.21                 -> v2.1.21
2026-09-20T01:19:47.6160180Z  * [new tag]               v2.1.22                 -> v2.1.22
2026-09-20T01:19:47.6160338Z  * [new tag]               v2.1.23                 -> v2.1.23
2026-09-20T01:19:47.6160487Z  * [new tag]               v2.1.24                 -> v2.1.24
2026-09-20T01:19:47.6160641Z  * [new tag]               v2.1.25                 -> v2.1.25
2026-09-20T01:19:47.6160798Z  * [new tag]               v2.1.26                 -> v2.1.26
2026-09-20T01:19:47.6160947Z  * [new tag]               v2.1.27                 -> v2.1.27
2026-09-20T01:19:47.6161105Z  * [new tag]               v2.1.28                 -> v2.1.28
2026-09-20T01:19:47.6161257Z  * [new tag]               v2.1.29                 -> v2.1.29
2026-09-20T01:19:47.6161413Z  * [new tag]               v2.1.3                  -> v2.1.3
2026-09-20T01:19:47.6161568Z  * [new tag]               v2.1.4                  -> v2.1.4
2026-09-20T01:19:47.6161719Z  * [new tag]               v2.1.5                  -> v2.1.5
2026-09-20T01:19:47.6161873Z  * [new tag]               v2.1.6                  -> v2.1.6
2026-09-20T01:19:47.6162028Z  * [new tag]               v2.1.7                  -> v2.1.7
2026-09-20T01:19:47.6162177Z  * [new tag]               v2.1.8                  -> v2.1.8
2026-09-20T01:19:47.6162336Z  * [new tag]               v2.1.9                  -> v2.1.9
2026-09-20T01:19:47.6162484Z  * [new tag]               v2.2.0                  -> v2.2.0
2026-09-20T01:19:47.6162640Z  * [new tag]               v2.2.1                  -> v2.2.1
2026-09-20T01:19:47.6162942Z  * [new tag]               v2.2.100                -> v2.2.100
2026-09-20T01:19:47.6163119Z  * [new tag]               v2.2.101                -> v2.2.101
2026-09-20T01:19:47.6163281Z  * [new tag]               v2.2.102                -> v2.2.102
2026-09-20T01:19:47.6163435Z  * [new tag]               v2.2.103                -> v2.2.103
2026-09-20T01:19:47.6163591Z  * [new tag]               v2.2.104                -> v2.2.104
2026-09-20T01:19:47.6163748Z  * [new tag]               v2.2.105                -> v2.2.105
2026-09-20T01:19:47.6163900Z  * [new tag]               v2.2.106                -> v2.2.106
2026-09-20T01:19:47.6164057Z  * [new tag]               v2.2.107                -> v2.2.107
2026-09-20T01:19:47.6164209Z  * [new tag]               v2.2.108                -> v2.2.108
2026-09-20T01:19:47.6164367Z  * [new tag]               v2.2.109                -> v2.2.109
2026-09-20T01:19:47.6164523Z  * [new tag]               v2.2.110                -> v2.2.110
2026-09-20T01:19:47.6164677Z  * [new tag]               v2.2.111                -> v2.2.111
2026-09-20T01:19:47.6164837Z  * [new tag]               v2.2.112                -> v2.2.112
2026-09-20T01:19:47.6164988Z  * [new tag]               v2.2.113                -> v2.2.113
2026-09-20T01:19:47.6165145Z  * [new tag]               v2.2.114                -> v2.2.114
2026-09-20T01:19:47.6165300Z  * [new tag]               v2.2.115                -> v2.2.115
2026-09-20T01:19:47.6165448Z  * [new tag]               v2.2.116                -> v2.2.116
2026-09-20T01:19:47.6165602Z  * [new tag]               v2.2.117                -> v2.2.117
2026-09-20T01:19:47.6165756Z  * [new tag]               v2.2.118                -> v2.2.118
2026-09-20T01:19:47.6165904Z  * [new tag]               v2.2.119                -> v2.2.119
2026-09-20T01:19:47.6166060Z  * [new tag]               v2.2.120                -> v2.2.120
2026-09-20T01:19:47.6166207Z  * [new tag]               v2.2.121                -> v2.2.121
2026-09-20T01:19:47.6166359Z  * [new tag]               v2.2.122                -> v2.2.122
2026-09-20T01:19:47.6166608Z  * [new tag]               v2.2.123                -> v2.2.123
2026-09-20T01:19:47.6166756Z  * [new tag]               v2.2.124                -> v2.2.124
2026-09-20T01:19:47.6166910Z  * [new tag]               v2.2.125                -> v2.2.125
2026-09-20T01:19:47.6167274Z  * [new tag]               v2.2.126                -> v2.2.126
2026-09-20T01:19:47.6167501Z  * [new tag]               v2.2.127                -> v2.2.127
2026-09-20T01:19:47.6167659Z  * [new tag]               v2.2.128                -> v2.2.128
2026-09-20T01:19:47.6167810Z  * [new tag]               v2.2.15                 -> v2.2.15
2026-09-20T01:19:47.6167966Z  * [new tag]               v2.2.16                 -> v2.2.16
2026-09-20T01:19:47.6168116Z  * [new tag]               v2.2.17                 -> v2.2.17
2026-09-20T01:19:47.6168271Z  * [new tag]               v2.2.18                 -> v2.2.18
2026-09-20T01:19:47.6168422Z  * [new tag]               v2.2.19                 -> v2.2.19
2026-09-20T01:19:47.6168579Z  * [new tag]               v2.2.2                  -> v2.2.2
2026-09-20T01:19:47.6168737Z  * [new tag]               v2.2.20                 -> v2.2.20
2026-09-20T01:19:47.6168889Z  * [new tag]               v2.2.21                 -> v2.2.21
2026-09-20T01:19:47.6169038Z  * [new tag]               v2.2.22                 -> v2.2.22
2026-09-20T01:19:47.6169191Z  * [new tag]               v2.2.23                 -> v2.2.23
2026-09-20T01:19:47.6169339Z  * [new tag]               v2.2.24                 -> v2.2.24
2026-09-20T01:19:47.6169496Z  * [new tag]               v2.2.25                 -> v2.2.25
2026-09-20T01:19:47.6169651Z  * [new tag]               v2.2.26                 -> v2.2.26
2026-09-20T01:19:47.6169798Z  * [new tag]               v2.2.27                 -> v2.2.27
2026-09-20T01:19:47.6169951Z  * [new tag]               v2.2.28                 -> v2.2.28
2026-09-20T01:19:47.6170099Z  * [new tag]               v2.2.29                 -> v2.2.29
2026-09-20T01:19:47.6170385Z  * [new tag]               v2.2.3                  -> v2.2.3
2026-09-20T01:19:47.6170552Z  * [new tag]               v2.2.30                 -> v2.2.30
2026-09-20T01:19:47.6170702Z  * [new tag]               v2.2.31                 -> v2.2.31
2026-09-20T01:19:47.6170854Z  * [new tag]               v2.2.32                 -> v2.2.32
2026-09-20T01:19:47.6171003Z  * [new tag]               v2.2.33                 -> v2.2.33
2026-09-20T01:19:47.6171158Z  * [new tag]               v2.2.34                 -> v2.2.34
2026-09-20T01:19:47.6171312Z  * [new tag]               v2.2.35                 -> v2.2.35
2026-09-20T01:19:47.6171458Z  * [new tag]               v2.2.36                 -> v2.2.36
2026-09-20T01:19:47.6171616Z  * [new tag]               v2.2.37                 -> v2.2.37
2026-09-20T01:19:47.6171770Z  * [new tag]               v2.2.38                 -> v2.2.38
2026-09-20T01:19:47.6171918Z  * [new tag]               v2.2.39                 -> v2.2.39
2026-09-20T01:19:47.6172076Z  * [new tag]               v2.2.4                  -> v2.2.4
2026-09-20T01:19:47.6172228Z  * [new tag]               v2.2.40                 -> v2.2.40
2026-09-20T01:19:47.6172387Z  * [new tag]               v2.2.41                 -> v2.2.41
2026-09-20T01:19:47.6172541Z  * [new tag]               v2.2.42                 -> v2.2.42
2026-09-20T01:19:47.6172690Z  * [new tag]               v2.2.43                 -> v2.2.43
2026-09-20T01:19:47.6172842Z  * [new tag]               v2.2.44                 -> v2.2.44
2026-09-20T01:19:47.6172991Z  * [new tag]               v2.2.45                 -> v2.2.45
2026-09-20T01:19:47.6173144Z  * [new tag]               v2.2.46                 -> v2.2.46
2026-09-20T01:19:47.6173297Z  * [new tag]               v2.2.47                 -> v2.2.47
2026-09-20T01:19:47.6173444Z  * [new tag]               v2.2.48                 -> v2.2.48
2026-09-20T01:19:47.6173600Z  * [new tag]               v2.2.49                 -> v2.2.49
2026-09-20T01:19:47.6173749Z  * [new tag]               v2.2.5                  -> v2.2.5
2026-09-20T01:19:47.6174030Z  * [new tag]               v2.2.50                 -> v2.2.50
2026-09-20T01:19:47.6174185Z  * [new tag]               v2.2.51                 -> v2.2.51
2026-09-20T01:19:47.6174331Z  * [new tag]               v2.2.52                 -> v2.2.52
2026-09-20T01:19:47.6174484Z  * [new tag]               v2.2.53                 -> v2.2.53
2026-09-20T01:19:47.6174635Z  * [new tag]               v2.2.54                 -> v2.2.54
2026-09-20T01:19:47.6174780Z  * [new tag]               v2.2.55                 -> v2.2.55
2026-09-20T01:19:47.6174935Z  * [new tag]               v2.2.56                 -> v2.2.56
2026-09-20T01:19:47.6175083Z  * [new tag]               v2.2.57                 -> v2.2.57
2026-09-20T01:19:47.6175238Z  * [new tag]               v2.2.58                 -> v2.2.58
2026-09-20T01:19:47.6175392Z  * [new tag]               v2.2.59                 -> v2.2.59
2026-09-20T01:19:47.6175543Z  * [new tag]               v2.2.6                  -> v2.2.6
2026-09-20T01:19:47.6175701Z  * [new tag]               v2.2.60                 -> v2.2.60
2026-09-20T01:19:47.6175854Z  * [new tag]               v2.2.61                 -> v2.2.61
2026-09-20T01:19:47.6176010Z  * [new tag]               v2.2.62                 -> v2.2.62
2026-09-20T01:19:47.6176165Z  * [new tag]               v2.2.63                 -> v2.2.63
2026-09-20T01:19:47.6176313Z  * [new tag]               v2.2.64                 -> v2.2.64
2026-09-20T01:19:47.6176465Z  * [new tag]               v2.2.65                 -> v2.2.65
2026-09-20T01:19:47.6176614Z  * [new tag]               v2.2.66                 -> v2.2.66
2026-09-20T01:19:47.6176768Z  * [new tag]               v2.2.67                 -> v2.2.67
2026-09-20T01:19:47.6176921Z  * [new tag]               v2.2.68                 -> v2.2.68
2026-09-20T01:19:47.6177070Z  * [new tag]               v2.2.69                 -> v2.2.69
2026-09-20T01:19:47.6177381Z  * [new tag]               v2.2.7                  -> v2.2.7
2026-09-20T01:19:47.6177681Z  * [new tag]               v2.2.70                 -> v2.2.70
2026-09-20T01:19:47.6177844Z  * [new tag]               v2.2.71                 -> v2.2.71
2026-09-20T01:19:47.6178004Z  * [new tag]               v2.2.72                 -> v2.2.72
2026-09-20T01:19:47.6178150Z  * [new tag]               v2.2.73                 -> v2.2.73
2026-09-20T01:19:47.6178302Z  * [new tag]               v2.2.74                 -> v2.2.74
2026-09-20T01:19:47.6178458Z  * [new tag]               v2.2.75                 -> v2.2.75
2026-09-20T01:19:47.6178604Z  * [new tag]               v2.2.76                 -> v2.2.76
2026-09-20T01:19:47.6178756Z  * [new tag]               v2.2.77                 -> v2.2.77
2026-09-20T01:19:47.6178902Z  * [new tag]               v2.2.78                 -> v2.2.78
2026-09-20T01:19:47.6179055Z  * [new tag]               v2.2.79                 -> v2.2.79
2026-09-20T01:19:47.6179208Z  * [new tag]               v2.2.8                  -> v2.2.8
2026-09-20T01:19:47.6179360Z  * [new tag]               v2.2.80                 -> v2.2.80
2026-09-20T01:19:47.6179517Z  * [new tag]               v2.2.81                 -> v2.2.81
2026-09-20T01:19:47.6179665Z  * [new tag]               v2.2.82                 -> v2.2.82
2026-09-20T01:19:47.6179819Z  * [new tag]               v2.2.83                 -> v2.2.83
2026-09-20T01:19:47.6179972Z  * [new tag]               v2.2.84                 -> v2.2.84
2026-09-20T01:19:47.6180120Z  * [new tag]               v2.2.85                 -> v2.2.85
2026-09-20T01:19:47.6180272Z  * [new tag]               v2.2.86                 -> v2.2.86
2026-09-20T01:19:47.6180419Z  * [new tag]               v2.2.87                 -> v2.2.87
2026-09-20T01:19:47.6180573Z  * [new tag]               v2.2.88                 -> v2.2.88
2026-09-20T01:19:47.6180727Z  * [new tag]               v2.2.89                 -> v2.2.89
2026-09-20T01:19:47.6180875Z  * [new tag]               v2.2.90                 -> v2.2.90
2026-09-20T01:19:47.6181031Z  * [new tag]               v2.2.91                 -> v2.2.91
2026-09-20T01:19:47.6181319Z  * [new tag]               v2.2.92                 -> v2.2.92
2026-09-20T01:19:47.6181467Z  * [new tag]               v2.2.93                 -> v2.2.93
2026-09-20T01:19:47.6181621Z  * [new tag]               v2.2.94                 -> v2.2.94
2026-09-20T01:19:47.6181769Z  * [new tag]               v2.2.95                 -> v2.2.95
2026-09-20T01:19:47.6181922Z  * [new tag]               v2.2.96                 -> v2.2.96
2026-09-20T01:19:47.6182074Z  * [new tag]               v2.2.97                 -> v2.2.97
2026-09-20T01:19:47.6182219Z  * [new tag]               v2.2.98                 -> v2.2.98
2026-09-20T01:19:47.6182371Z  * [new tag]               v2.2.99                 -> v2.2.99
2026-09-20T01:19:47.6182520Z  * [new tag]               v3.0.0                  -> v3.0.0
2026-09-20T01:19:47.6182674Z  * [new tag]               v3.0.1                  -> v3.0.1
2026-09-20T01:19:47.6182828Z  * [new tag]               v3.0.10                 -> v3.0.10
2026-09-20T01:19:47.6182985Z  * [new tag]               v3.0.100                -> v3.0.100
2026-09-20T01:19:47.6183145Z  * [new tag]               v3.0.101                -> v3.0.101
2026-09-20T01:19:47.6183297Z  * [new tag]               v3.0.102                -> v3.0.102
2026-09-20T01:19:47.6183452Z  * [new tag]               v3.0.103                -> v3.0.103
2026-09-20T01:19:47.6183613Z  * [new tag]               v3.0.104                -> v3.0.104
2026-09-20T01:19:47.6183761Z  * [new tag]               v3.0.105                -> v3.0.105
2026-09-20T01:19:47.6183919Z  * [new tag]               v3.0.106                -> v3.0.106
2026-09-20T01:19:47.6184076Z  * [new tag]               v3.0.107                -> v3.0.107
2026-09-20T01:19:47.6184225Z  * [new tag]               v3.0.108                -> v3.0.108
2026-09-20T01:19:47.6184381Z  * [new tag]               v3.0.109                -> v3.0.109
2026-09-20T01:19:47.6184532Z  * [new tag]               v3.0.11                 -> v3.0.11
2026-09-20T01:19:47.6184773Z  * [new tag]               v3.0.110                -> v3.0.110
2026-09-20T01:19:47.6184942Z  * [new tag]               v3.0.111                -> v3.0.111
2026-09-20T01:19:47.6185091Z  * [new tag]               v3.0.112                -> v3.0.112
2026-09-20T01:19:47.6185249Z  * [new tag]               v3.0.113                -> v3.0.113
2026-09-20T01:19:47.6185397Z  * [new tag]               v3.0.114                -> v3.0.114
2026-09-20T01:19:47.6185554Z  * [new tag]               v3.0.115                -> v3.0.115
2026-09-20T01:19:47.6185712Z  * [new tag]               v3.0.116                -> v3.0.116
2026-09-20T01:19:47.6185862Z  * [new tag]               v3.0.117                -> v3.0.117
2026-09-20T01:19:47.6186014Z  * [new tag]               v3.0.118                -> v3.0.118
2026-09-20T01:19:47.6186161Z  * [new tag]               v3.0.119                -> v3.0.119
2026-09-20T01:19:47.6186315Z  * [new tag]               v3.0.12                 -> v3.0.12
2026-09-20T01:19:47.6186473Z  * [new tag]               v3.0.120                -> v3.0.120
2026-09-20T01:19:47.6186628Z  * [new tag]               v3.0.121                -> v3.0.121
2026-09-20T01:19:47.6186783Z  * [new tag]               v3.0.122                -> v3.0.122
2026-09-20T01:19:47.6186937Z  * [new tag]               v3.0.123                -> v3.0.123
2026-09-20T01:19:47.6187236Z  * [new tag]               v3.0.124                -> v3.0.124
2026-09-20T01:19:47.6187398Z  * [new tag]               v3.0.125                -> v3.0.125
2026-09-20T01:19:47.6187548Z  * [new tag]               v3.0.126                -> v3.0.126
2026-09-20T01:19:47.6187705Z  * [new tag]               v3.0.127                -> v3.0.127
2026-09-20T01:19:47.6187860Z  * [new tag]               v3.0.128                -> v3.0.128
2026-09-20T01:19:47.6188010Z  * [new tag]               v3.0.129                -> v3.0.129
2026-09-20T01:19:47.6188168Z  * [new tag]               v3.0.13                 -> v3.0.13
2026-09-20T01:19:47.6188324Z  * [new tag]               v3.0.130                -> v3.0.130
2026-09-20T01:19:47.6188609Z  * [new tag]               v3.0.131                -> v3.0.131
2026-09-20T01:19:47.6188767Z  * [new tag]               v3.0.132                -> v3.0.132
2026-09-20T01:19:47.6188917Z  * [new tag]               v3.0.133                -> v3.0.133
2026-09-20T01:19:47.6189070Z  * [new tag]               v3.0.134                -> v3.0.134
2026-09-20T01:19:47.6189217Z  * [new tag]               v3.0.135                -> v3.0.135
2026-09-20T01:19:47.6189374Z  * [new tag]               v3.0.136                -> v3.0.136
2026-09-20T01:19:47.6189529Z  * [new tag]               v3.0.137                -> v3.0.137
2026-09-20T01:19:47.6189682Z  * [new tag]               v3.0.138                -> v3.0.138
2026-09-20T01:19:47.6189836Z  * [new tag]               v3.0.139                -> v3.0.139
2026-09-20T01:19:47.6189992Z  * [new tag]               v3.0.14                 -> v3.0.14
2026-09-20T01:19:47.6190146Z  * [new tag]               v3.0.140                -> v3.0.140
2026-09-20T01:19:47.6190305Z  * [new tag]               v3.0.141                -> v3.0.141
2026-09-20T01:19:47.6190454Z  * [new tag]               v3.0.142                -> v3.0.142
2026-09-20T01:19:47.6190608Z  * [new tag]               v3.0.143                -> v3.0.143
2026-09-20T01:19:47.6190766Z  * [new tag]               v3.0.144                -> v3.0.144
2026-09-20T01:19:47.6190914Z  * [new tag]               v3.0.145                -> v3.0.145
2026-09-20T01:19:47.6191070Z  * [new tag]               v3.0.146                -> v3.0.146
2026-09-20T01:19:47.6191219Z  * [new tag]               v3.0.147                -> v3.0.147
2026-09-20T01:19:47.6191381Z  * [new tag]               v3.0.148                -> v3.0.148
2026-09-20T01:19:47.6191535Z  * [new tag]               v3.0.149                -> v3.0.149
2026-09-20T01:19:47.6191685Z  * [new tag]               v3.0.15                 -> v3.0.15
2026-09-20T01:19:47.6191842Z  * [new tag]               v3.0.150                -> v3.0.150
2026-09-20T01:19:47.6192145Z  * [new tag]               v3.0.151                -> v3.0.151
2026-09-20T01:19:47.6192310Z  * [new tag]               v3.0.152                -> v3.0.152
2026-09-20T01:19:47.6192466Z  * [new tag]               v3.0.153                -> v3.0.153
2026-09-20T01:19:47.6192630Z  * [new tag]               v3.0.154                -> v3.0.154
2026-09-20T01:19:47.6192808Z  * [new tag]               v3.0.155                -> v3.0.155
2026-09-20T01:19:47.6192962Z  * [new tag]               v3.0.156                -> v3.0.156
2026-09-20T01:19:47.6193110Z  * [new tag]               v3.0.157                -> v3.0.157
2026-09-20T01:19:47.6193263Z  * [new tag]               v3.0.158                -> v3.0.158
2026-09-20T01:19:47.6193411Z  * [new tag]               v3.0.159                -> v3.0.159
2026-09-20T01:19:47.6193567Z  * [new tag]               v3.0.16                 -> v3.0.16
2026-09-20T01:19:47.6193721Z  * [new tag]               v3.0.160                -> v3.0.160
2026-09-20T01:19:47.6193875Z  * [new tag]               v3.0.161                -> v3.0.161
2026-09-20T01:19:47.6194035Z  * [new tag]               v3.0.162                -> v3.0.162
2026-09-20T01:19:47.6194183Z  * [new tag]               v3.0.163                -> v3.0.163
2026-09-20T01:19:47.6194340Z  * [new tag]               v3.0.164                -> v3.0.164
2026-09-20T01:19:47.6194496Z  * [new tag]               v3.0.165                -> v3.0.165
2026-09-20T01:19:47.6194641Z  * [new tag]               v3.0.166                -> v3.0.166
2026-09-20T01:19:47.6194795Z  * [new tag]               v3.0.167                -> v3.0.167
2026-09-20T01:19:47.6194944Z  * [new tag]               v3.0.168                -> v3.0.168
2026-09-20T01:19:47.6195100Z  * [new tag]               v3.0.169                -> v3.0.169
2026-09-20T01:19:47.6195257Z  * [new tag]               v3.0.17                 -> v3.0.17
2026-09-20T01:19:47.6195404Z  * [new tag]               v3.0.170                -> v3.0.170
2026-09-20T01:19:47.6195562Z  * [new tag]               v3.0.171                -> v3.0.171
2026-09-20T01:19:47.6195806Z  * [new tag]               v3.0.172                -> v3.0.172
2026-09-20T01:19:47.6195955Z  * [new tag]               v3.0.173                -> v3.0.173
2026-09-20T01:19:47.6196108Z  * [new tag]               v3.0.174                -> v3.0.174
2026-09-20T01:19:47.6196258Z  * [new tag]               v3.0.175                -> v3.0.175
2026-09-20T01:19:47.6196414Z  * [new tag]               v3.0.176                -> v3.0.176
2026-09-20T01:19:47.6196568Z  * [new tag]               v3.0.177                -> v3.0.177
2026-09-20T01:19:47.6196715Z  * [new tag]               v3.0.178                -> v3.0.178
2026-09-20T01:19:47.6196868Z  * [new tag]               v3.0.179                -> v3.0.179
2026-09-20T01:19:47.6197017Z  * [new tag]               v3.0.18                 -> v3.0.18
2026-09-20T01:19:47.6197308Z  * [new tag]               v3.0.180                -> v3.0.180
2026-09-20T01:19:47.6197470Z  * [new tag]               v3.0.181                -> v3.0.181
2026-09-20T01:19:47.6197623Z  * [new tag]               v3.0.182                -> v3.0.182
2026-09-20T01:19:47.6197778Z  * [new tag]               v3.0.183                -> v3.0.183
2026-09-20T01:19:47.6197926Z  * [new tag]               v3.0.184                -> v3.0.184
2026-09-20T01:19:47.6198081Z  * [new tag]               v3.0.185                -> v3.0.185
2026-09-20T01:19:47.6198238Z  * [new tag]               v3.0.186                -> v3.0.186
2026-09-20T01:19:47.6198387Z  * [new tag]               v3.0.187                -> v3.0.187
2026-09-20T01:19:47.6198541Z  * [new tag]               v3.0.188                -> v3.0.188
2026-09-20T01:19:47.6198697Z  * [new tag]               v3.0.189                -> v3.0.189
2026-09-20T01:19:47.6198849Z  * [new tag]               v3.0.19                 -> v3.0.19
2026-09-20T01:19:47.6199003Z  * [new tag]               v3.0.190                -> v3.0.190
2026-09-20T01:19:47.6199272Z  * [new tag]               v3.0.191                -> v3.0.191
2026-09-20T01:19:47.6199437Z  * [new tag]               v3.0.192                -> v3.0.192
2026-09-20T01:19:47.6199594Z  * [new tag]               v3.0.2                  -> v3.0.2
2026-09-20T01:19:47.6199746Z  * [new tag]               v3.0.20                 -> v3.0.20
2026-09-20T01:19:47.6199900Z  * [new tag]               v3.0.21                 -> v3.0.21
2026-09-20T01:19:47.6200051Z  * [new tag]               v3.0.22                 -> v3.0.22
2026-09-20T01:19:47.6200204Z  * [new tag]               v3.0.23                 -> v3.0.23
2026-09-20T01:19:47.6200359Z  * [new tag]               v3.0.24                 -> v3.0.24
2026-09-20T01:19:47.6200506Z  * [new tag]               v3.0.25                 -> v3.0.25
2026-09-20T01:19:47.6200661Z  * [new tag]               v3.0.26                 -> v3.0.26
2026-09-20T01:19:47.6200808Z  * [new tag]               v3.0.27                 -> v3.0.27
2026-09-20T01:19:47.6200965Z  * [new tag]               v3.0.28                 -> v3.0.28
2026-09-20T01:19:47.6201128Z  * [new tag]               v3.0.29                 -> v3.0.29
2026-09-20T01:19:47.6201277Z  * [new tag]               v3.0.3                  -> v3.0.3
2026-09-20T01:19:47.6201431Z  * [new tag]               v3.0.30                 -> v3.0.30
2026-09-20T01:19:47.6201579Z  * [new tag]               v3.0.31                 -> v3.0.31
2026-09-20T01:19:47.6201737Z  * [new tag]               v3.0.32                 -> v3.0.32
2026-09-20T01:19:47.6201893Z  * [new tag]               v3.0.33                 -> v3.0.33
2026-09-20T01:19:47.6202039Z  * [new tag]               v3.0.34                 -> v3.0.34
2026-09-20T01:19:47.6202195Z  * [new tag]               v3.0.35                 -> v3.0.35
2026-09-20T01:19:47.6202347Z  * [new tag]               v3.0.36                 -> v3.0.36
2026-09-20T01:19:47.6202495Z  * [new tag]               v3.0.37                 -> v3.0.37
2026-09-20T01:19:47.6202649Z  * [new tag]               v3.0.38                 -> v3.0.38
2026-09-20T01:19:47.6202799Z  * [new tag]               v3.0.39                 -> v3.0.39
2026-09-20T01:19:47.6203073Z  * [new tag]               v3.0.4                  -> v3.0.4
2026-09-20T01:19:47.6203228Z  * [new tag]               v3.0.40                 -> v3.0.40
2026-09-20T01:19:47.6203378Z  * [new tag]               v3.0.41                 -> v3.0.41
2026-09-20T01:19:47.6203532Z  * [new tag]               v3.0.42                 -> v3.0.42
2026-09-20T01:19:47.6203680Z  * [new tag]               v3.0.43                 -> v3.0.43
2026-09-20T01:19:47.6203834Z  * [new tag]               v3.0.44                 -> v3.0.44
2026-09-20T01:19:47.6203988Z  * [new tag]               v3.0.45                 -> v3.0.45
2026-09-20T01:19:47.6204135Z  * [new tag]               v3.0.46                 -> v3.0.46
2026-09-20T01:19:47.6204290Z  * [new tag]               v3.0.47                 -> v3.0.47
2026-09-20T01:19:47.6204439Z  * [new tag]               v3.0.48                 -> v3.0.48
2026-09-20T01:19:47.6204598Z  * [new tag]               v3.0.49                 -> v3.0.49
2026-09-20T01:19:47.6204758Z  * [new tag]               v3.0.5                  -> v3.0.5
2026-09-20T01:19:47.6204905Z  * [new tag]               v3.0.50                 -> v3.0.50
2026-09-20T01:19:47.6205062Z  * [new tag]               v3.0.51                 -> v3.0.51
2026-09-20T01:19:47.6205214Z  * [new tag]               v3.0.52                 -> v3.0.52
2026-09-20T01:19:47.6205364Z  * [new tag]               v3.0.53                 -> v3.0.53
2026-09-20T01:19:47.6205517Z  * [new tag]               v3.0.54                 -> v3.0.54
2026-09-20T01:19:47.6205664Z  * [new tag]               v3.0.55                 -> v3.0.55
2026-09-20T01:19:47.6205820Z  * [new tag]               v3.0.56                 -> v3.0.56
2026-09-20T01:19:47.6205982Z  * [new tag]               v3.0.57                 -> v3.0.57
2026-09-20T01:19:47.6206133Z  * [new tag]               v3.0.58                 -> v3.0.58
2026-09-20T01:19:47.6206478Z  * [new tag]               v3.0.59                 -> v3.0.59
2026-09-20T01:19:47.6206694Z  * [new tag]               v3.0.6                  -> v3.0.6
2026-09-20T01:19:47.6206862Z  * [new tag]               v3.0.60                 -> v3.0.60
2026-09-20T01:19:47.6207023Z  * [new tag]               v3.0.61                 -> v3.0.61
2026-09-20T01:19:47.6207480Z  * [new tag]               v3.0.62                 -> v3.0.62
2026-09-20T01:19:47.6207652Z  * [new tag]               v3.0.63                 -> v3.0.63
2026-09-20T01:19:47.6207802Z  * [new tag]               v3.0.64                 -> v3.0.64
2026-09-20T01:19:47.6207957Z  * [new tag]               v3.0.65                 -> v3.0.65
2026-09-20T01:19:47.6208112Z  * [new tag]               v3.0.66                 -> v3.0.66
2026-09-20T01:19:47.6208259Z  * [new tag]               v3.0.67                 -> v3.0.67
2026-09-20T01:19:47.6208412Z  * [new tag]               v3.0.68                 -> v3.0.68
2026-09-20T01:19:47.6208575Z  * [new tag]               v3.0.69                 -> v3.0.69
2026-09-20T01:19:47.6208731Z  * [new tag]               v3.0.7                  -> v3.0.7
2026-09-20T01:19:47.6208889Z  * [new tag]               v3.0.70                 -> v3.0.70
2026-09-20T01:19:47.6209038Z  * [new tag]               v3.0.71                 -> v3.0.71
2026-09-20T01:19:47.6209193Z  * [new tag]               v3.0.72                 -> v3.0.72
2026-09-20T01:19:47.6209344Z  * [new tag]               v3.0.73                 -> v3.0.73
2026-09-20T01:19:47.6209492Z  * [new tag]               v3.0.74                 -> v3.0.74
2026-09-20T01:19:47.6209647Z  * [new tag]               v3.0.75                 -> v3.0.75
2026-09-20T01:19:47.6209796Z  * [new tag]               v3.0.76                 -> v3.0.76
2026-09-20T01:19:47.6209950Z  * [new tag]               v3.0.77                 -> v3.0.77
2026-09-20T01:19:47.6210103Z  * [new tag]               v3.0.78                 -> v3.0.78
2026-09-20T01:19:47.6210252Z  * [new tag]               v3.0.79                 -> v3.0.79
2026-09-20T01:19:47.6210411Z  * [new tag]               v3.0.8                  -> v3.0.8
2026-09-20T01:19:47.6210698Z  * [new tag]               v3.0.80                 -> v3.0.80
2026-09-20T01:19:47.6210850Z  * [new tag]               v3.0.81                 -> v3.0.81
2026-09-20T01:19:47.6211002Z  * [new tag]               v3.0.82                 -> v3.0.82
2026-09-20T01:19:47.6211152Z  * [new tag]               v3.0.83                 -> v3.0.83
2026-09-20T01:19:47.6211314Z  * [new tag]               v3.0.84                 -> v3.0.84
2026-09-20T01:19:47.6211470Z  * [new tag]               v3.0.85                 -> v3.0.85
2026-09-20T01:19:47.6211615Z  * [new tag]               v3.0.86                 -> v3.0.86
2026-09-20T01:19:47.6211768Z  * [new tag]               v3.0.87                 -> v3.0.87
2026-09-20T01:19:47.6211913Z  * [new tag]               v3.0.88                 -> v3.0.88
2026-09-20T01:19:47.6212066Z  * [new tag]               v3.0.89                 -> v3.0.89
2026-09-20T01:19:47.6212228Z  * [new tag]               v3.0.9                  -> v3.0.9
2026-09-20T01:19:47.6212382Z  * [new tag]               v3.0.90                 -> v3.0.90
2026-09-20T01:19:47.6212537Z  * [new tag]               v3.0.91                 -> v3.0.91
2026-09-20T01:19:47.6212686Z  * [new tag]               v3.0.92                 -> v3.0.92
2026-09-20T01:19:47.6212838Z  * [new tag]               v3.0.93                 -> v3.0.93
2026-09-20T01:19:47.6212993Z  * [new tag]               v3.0.94                 -> v3.0.94
2026-09-20T01:19:47.6213143Z  * [new tag]               v3.0.95                 -> v3.0.95
2026-09-20T01:19:47.6213296Z  * [new tag]               v3.0.96                 -> v3.0.96
2026-09-20T01:19:47.6213444Z  * [new tag]               v3.0.97                 -> v3.0.97
2026-09-20T01:19:47.6213601Z  * [new tag]               v3.0.98                 -> v3.0.98
2026-09-20T01:19:47.6213754Z  * [new tag]               v3.0.99                 -> v3.0.99
2026-09-20T01:19:47.6218258Z  * [new ref]               1e966652e7e7fc9a983d76680b3b1e889af3dc0f -> pull/2974/merge
2026-09-20T01:19:47.6219435Z ##[endgroup]
2026-09-20T01:19:47.6219765Z ##[group]Determining the checkout info
2026-09-20T01:19:47.6220055Z ##[endgroup]
2026-09-20T01:19:47.6220241Z [command]/usr/bin/git sparse-checkout disable
2026-09-20T01:19:47.6220875Z [command]/usr/bin/git config --local --unset-all extensions.worktreeConfig
2026-09-20T01:19:47.6221549Z ##[group]Checking out the ref
2026-09-20T01:19:47.6221813Z [command]/usr/bin/git checkout --progress --force refs/remotes/pull/2974/merge
2026-09-20T01:19:47.8714014Z Note: switching to 'refs/remotes/pull/2974/merge'.
2026-09-20T01:19:47.8714545Z 
2026-09-20T01:19:47.8714849Z You are in 'detached HEAD' state. You can look around, make experimental
2026-09-20T01:19:47.8715524Z changes and commit them, and you can discard any commits you make in this
2026-09-20T01:19:47.8716176Z state without impacting any branches by switching back to a branch.
2026-09-20T01:19:47.8716544Z 
2026-09-20T01:19:47.8716859Z If you want to create a new branch to retain commits you create, you may
2026-09-20T01:19:47.8718084Z do so (now or later) by using -c with the switch command. Example:
2026-09-20T01:19:47.8718584Z 
2026-09-20T01:19:47.8718747Z   git switch -c <new-branch-name>
2026-09-20T01:19:47.8719020Z 
2026-09-20T01:19:47.8719195Z Or undo this operation with:
2026-09-20T01:19:47.8719414Z 
2026-09-20T01:19:47.8719568Z   git switch -
2026-09-20T01:19:47.8719765Z 
2026-09-20T01:19:47.8720106Z Turn off this advice by setting config variable advice.detachedHead to false
2026-09-20T01:19:47.8720524Z 
2026-09-20T01:19:47.8720993Z HEAD is now at 1e966652e Merge ed7313dff240292a482c53410a2492f80ba8a220 into 4b89e0d2d496a85f04922b2e019a4aea15326bb9
2026-09-20T01:19:47.8755568Z ##[endgroup]
2026-09-20T01:19:47.8801526Z [command]/usr/bin/git log -1 --format=%H
2026-09-20T01:19:47.8826175Z 1e966652e7e7fc9a983d76680b3b1e889af3dc0f
2026-09-20T01:19:47.8836053Z ##[group]Removing auth
2026-09-20T01:19:47.8836566Z Removing SSH command configuration
2026-09-20T01:19:47.8841827Z [command]/usr/bin/git config --local --name-only --get-regexp core\.sshCommand
2026-09-20T01:19:47.8877687Z [command]/usr/bin/git submodule foreach --recursive sh -c "git config --local --name-only --get-regexp 'core\.sshCommand' && git config --local --unset-all 'core.sshCommand' || :"
2026-09-20T01:19:47.9110593Z Removing HTTP extra header
2026-09-20T01:19:47.9115361Z [command]/usr/bin/git config --local --name-only --get-regexp http\.https\:\/\/github\.com\/\.extraheader
2026-09-20T01:19:47.9147892Z [command]/usr/bin/git submodule foreach --recursive sh -c "git config --local --name-only --get-regexp 'http\.https\:\/\/github\.com\/\.extraheader' && git config --local --unset-all 'http.https://github.com/.extraheader' || :"
2026-09-20T01:19:47.9373645Z Removing includeIf entries pointing to credentials config files
2026-09-20T01:19:47.9379183Z [command]/usr/bin/git config --local --name-only --get-regexp ^includeIf\.gitdir:
2026-09-20T01:19:47.9409662Z includeif.gitdir:/home/runner/work/hol-guard/hol-guard/.git.path
2026-09-20T01:19:47.9410932Z includeif.gitdir:/home/runner/work/hol-guard/hol-guard/.git/worktrees/*.path
2026-09-20T01:19:47.9411913Z includeif.gitdir:/github/workspace/.git.path
2026-09-20T01:19:47.9412703Z includeif.gitdir:/github/workspace/.git/worktrees/*.path
2026-09-20T01:19:47.9423768Z [command]/usr/bin/git config --local --get-all includeif.gitdir:/home/runner/work/hol-guard/hol-guard/.git.path
2026-09-20T01:19:47.9448871Z /home/runner/work/_temp/git-credentials-ce4c2d01-9816-4d87-947e-a70057a260a2.config
2026-09-20T01:19:47.9460778Z [command]/usr/bin/git config --local --unset includeif.gitdir:/home/runner/work/hol-guard/hol-guard/.git.path /home/runner/work/_temp/git-credentials-ce4c2d01-9816-4d87-947e-a70057a260a2.config
2026-09-20T01:19:47.9494247Z [command]/usr/bin/git config --local --get-all includeif.gitdir:/home/runner/work/hol-guard/hol-guard/.git/worktrees/*.path
2026-09-20T01:19:47.9519180Z /home/runner/work/_temp/git-credentials-ce4c2d01-9816-4d87-947e-a70057a260a2.config
2026-09-20T01:19:47.9527571Z [command]/usr/bin/git config --local --unset includeif.gitdir:/home/runner/work/hol-guard/hol-guard/.git/worktrees/*.path /home/runner/work/_temp/git-credentials-ce4c2d01-9816-4d87-947e-a70057a260a2.config
2026-09-20T01:19:47.9558566Z [command]/usr/bin/git config --local --get-all includeif.gitdir:/github/workspace/.git.path
2026-09-20T01:19:47.9583082Z /github/runner_temp/git-credentials-ce4c2d01-9816-4d87-947e-a70057a260a2.config
2026-09-20T01:19:47.9592233Z [command]/usr/bin/git config --local --unset includeif.gitdir:/github/workspace/.git.path /github/runner_temp/git-credentials-ce4c2d01-9816-4d87-947e-a70057a260a2.config
2026-09-20T01:19:47.9624652Z [command]/usr/bin/git config --local --get-all includeif.gitdir:/github/workspace/.git/worktrees/*.path
2026-09-20T01:19:47.9645963Z /github/runner_temp/git-credentials-ce4c2d01-9816-4d87-947e-a70057a260a2.config
2026-09-20T01:19:47.9653873Z [command]/usr/bin/git config --local --unset includeif.gitdir:/github/workspace/.git/worktrees/*.path /github/runner_temp/git-credentials-ce4c2d01-9816-4d87-947e-a70057a260a2.config
2026-09-20T01:19:47.9684204Z [command]/usr/bin/git submodule foreach --recursive git config --local --show-origin --name-only --get-regexp remote.origin.url
2026-09-20T01:19:47.9913209Z Removing credentials config '/home/runner/work/_temp/git-credentials-ce4c2d01-9816-4d87-947e-a70057a260a2.config'
2026-09-20T01:19:47.9914873Z ##[endgroup]
2026-09-20T01:19:48.0171124Z ##[group]Run actions/setup-go@4a3601121dd01d1626a1e23e37211e3254c1c06c
2026-09-20T01:19:48.0171595Z with:
2026-09-20T01:19:48.0171851Z   go-version: 1.23
2026-09-20T01:19:48.0172125Z   check-latest: false
2026-09-20T01:19:48.0174705Z   token: ***
2026-09-20T01:19:48.0174964Z   cache: true
2026-09-20T01:19:48.0175222Z ##[endgroup]
2026-09-20T01:19:48.1658984Z Setup go version spec 1.23
2026-09-20T01:19:48.1845970Z Attempting to download 1.23...
2026-09-20T01:19:48.6184310Z matching 1.23...
2026-09-20T01:19:48.6218957Z Acquiring 1.23.12 from https://github.com/actions/go-versions/releases/download/1.23.12-16792118003/go-1.23.12-linux-x64.tar.gz
2026-09-20T01:19:49.1785675Z Extracting Go...
2026-09-20T01:19:49.1901092Z [command]/usr/bin/tar xz --warning=no-unknown-keyword --overwrite -C /home/runner/work/_temp/b1a9353a-aa6d-4091-b57a-f0da0e3c4c51 -f /home/runner/work/_temp/e7236b17-a719-40e1-8740-6d6c9b248494
2026-09-20T01:19:50.9032208Z Successfully extracted go to /home/runner/work/_temp/b1a9353a-aa6d-4091-b57a-f0da0e3c4c51
2026-09-20T01:19:50.9032843Z Adding to the cache ...
2026-09-20T01:19:55.7504741Z Successfully cached go to /opt/hostedtoolcache/go/1.23.12/x64
2026-09-20T01:19:55.7507600Z Added go to the path
2026-09-20T01:19:55.7510220Z Successfully set up Go version 1.23
2026-09-20T01:19:55.7713401Z [command]/opt/hostedtoolcache/go/1.23.12/x64/bin/go env GOMODCACHE
2026-09-20T01:19:55.7746609Z [command]/opt/hostedtoolcache/go/1.23.12/x64/bin/go env GOCACHE
2026-09-20T01:19:55.7779714Z /home/runner/go/pkg/mod
2026-09-20T01:19:55.7793312Z /home/runner/.cache/go-build
2026-09-20T01:19:55.7826101Z ##[warning]Restore cache failed: Dependencies file is not found in /home/runner/work/hol-guard/hol-guard. Supported file pattern: go.mod
2026-09-20T01:19:55.7854822Z go version go1.23.12 linux/amd64
2026-09-20T01:19:55.7855094Z 
2026-09-20T01:19:55.7855412Z ##[group]go env
2026-09-20T01:19:55.9183177Z GO111MODULE=''
2026-09-20T01:19:55.9183625Z GOARCH='amd64'
2026-09-20T01:19:55.9184036Z GOBIN=''
2026-09-20T01:19:55.9184395Z GOCACHE='/home/runner/.cache/go-build'
2026-09-20T01:19:55.9184888Z GOENV='/home/runner/.config/go/env'
2026-09-20T01:19:55.9185296Z GOEXE=''
2026-09-20T01:19:55.9185607Z GOEXPERIMENT=''
2026-09-20T01:19:55.9185962Z GOFLAGS=''
2026-09-20T01:19:55.9186272Z GOHOSTARCH='amd64'
2026-09-20T01:19:55.9186608Z GOHOSTOS='linux'
2026-09-20T01:19:55.9186924Z GOINSECURE=''
2026-09-20T01:19:55.9187580Z GOMODCACHE='/home/runner/go/pkg/mod'
2026-09-20T01:19:55.9188034Z GONOPROXY=''
2026-09-20T01:19:55.9188421Z GONOSUMDB=''
2026-09-20T01:19:55.9188784Z GOOS='linux'
2026-09-20T01:19:55.9189120Z GOPATH='/home/runner/go'
2026-09-20T01:19:55.9189504Z GOPRIVATE=''
2026-09-20T01:19:55.9190020Z GOPROXY='https://proxy.golang.org,direct'
2026-09-20T01:19:55.9190616Z GOROOT='/opt/hostedtoolcache/go/1.23.12/x64'
2026-09-20T01:19:55.9191159Z GOSUMDB='sum.golang.org'
2026-09-20T01:19:55.9191531Z GOTMPDIR=''
2026-09-20T01:19:55.9191844Z GOTOOLCHAIN='local'
2026-09-20T01:19:55.9192381Z GOTOOLDIR='/opt/hostedtoolcache/go/1.23.12/x64/pkg/tool/linux_amd64'
2026-09-20T01:19:55.9192964Z GOVCS=''
2026-09-20T01:19:55.9193275Z GOVERSION='go1.23.12'
2026-09-20T01:19:55.9193608Z GODEBUG=''
2026-09-20T01:19:55.9193906Z GOTELEMETRY='local'
2026-09-20T01:19:55.9194327Z GOTELEMETRYDIR='/home/runner/.config/go/telemetry'
2026-09-20T01:19:55.9194816Z GCCGO='gccgo'
2026-09-20T01:19:55.9195125Z GOAMD64='v1'
2026-09-20T01:19:55.9195433Z AR='ar'
2026-09-20T01:19:55.9195711Z CC='gcc'
2026-09-20T01:19:55.9195998Z CXX='g++'
2026-09-20T01:19:55.9196290Z CGO_ENABLED='1'
2026-09-20T01:19:55.9196611Z GOMOD='/dev/null'
2026-09-20T01:19:55.9196916Z GOWORK=''
2026-09-20T01:19:55.9197437Z CGO_CFLAGS='-O2 -g'
2026-09-20T01:19:55.9197789Z CGO_CPPFLAGS=''
2026-09-20T01:19:55.9198115Z CGO_CXXFLAGS='-O2 -g'
2026-09-20T01:19:55.9198462Z CGO_FFLAGS='-O2 -g'
2026-09-20T01:19:55.9198789Z CGO_LDFLAGS='-O2 -g'
2026-09-20T01:19:55.9199169Z PKG_CONFIG='pkg-config'
2026-09-20T01:19:55.9200652Z GOGCCFLAGS='-fPIC -m64 -pthread -Wl,--no-gc-sections -fmessage-length=0 -ffile-prefix-map=/tmp/go-build3127965906=/tmp/go-build -gno-record-gcc-switches'
2026-09-20T01:19:55.9201587Z 
2026-09-20T01:19:55.9202046Z ##[endgroup]
2026-09-20T01:19:55.9398682Z ##[group]Run GOBIN="$RUNNER_TEMP/bin" go install github.com/zricethezav/gitleaks/v8@v8.24.2
2026-09-20T01:19:55.9399391Z [36;1mGOBIN="$RUNNER_TEMP/bin" go install github.com/zricethezav/gitleaks/v8@v8.24.2[0m
2026-09-20T01:19:55.9399886Z [36;1mecho "$RUNNER_TEMP/bin" >> "$GITHUB_PATH"[0m
2026-09-20T01:19:55.9440478Z shell: /usr/bin/bash -e {0}
2026-09-20T01:19:55.9440759Z env:
2026-09-20T01:19:55.9441175Z   GOTOOLCHAIN: local
2026-09-20T01:19:55.9441409Z ##[endgroup]
2026-09-20T01:19:56.0862690Z go: downloading github.com/zricethezav/gitleaks/v8 v8.24.2
2026-09-20T01:19:56.4808751Z go: downloading github.com/rs/zerolog v1.33.0
2026-09-20T01:19:56.4979576Z go: downloading github.com/spf13/cobra v1.9.1
2026-09-20T01:19:56.5032146Z go: downloading github.com/spf13/viper v1.19.0
2026-09-20T01:19:56.5870268Z go: downloading github.com/mattn/go-colorable v0.1.14
2026-09-20T01:19:56.6092113Z go: downloading golang.org/x/exp v0.0.0-20250218142911-aa4b98e5adaa
2026-09-20T01:19:56.6238425Z go: downloading github.com/BobuSumisu/aho-corasick v1.0.3
2026-09-20T01:19:56.6368594Z go: downloading github.com/charmbracelet/lipgloss v0.5.0
2026-09-20T01:19:56.6567360Z go: downloading github.com/fatih/semgroup v1.2.0
2026-09-20T01:19:56.7568415Z go: downloading github.com/gitleaks/go-gitdiff v0.9.1
2026-09-20T01:19:56.7588003Z go: downloading github.com/h2non/filetype v1.1.3
2026-09-20T01:19:56.8696894Z go: downloading github.com/Masterminds/sprig/v3 v3.3.0
2026-09-20T01:19:56.8938351Z go: downloading github.com/fsnotify/fsnotify v1.8.0
2026-09-20T01:19:56.9463264Z go: downloading github.com/mitchellh/mapstructure v1.5.0
2026-09-20T01:19:56.9613078Z go: downloading github.com/sagikazarmark/slog-shim v0.1.0
2026-09-20T01:19:57.0223926Z go: downloading github.com/spf13/afero v1.12.0
2026-09-20T01:19:57.0282771Z go: downloading github.com/spf13/cast v1.7.1
2026-09-20T01:19:57.0596094Z go: downloading github.com/spf13/pflag v1.0.6
2026-09-20T01:19:57.0748774Z go: downloading github.com/mattn/go-isatty v0.0.20
2026-09-20T01:19:57.0756425Z go: downloading golang.org/x/sync v0.11.0
2026-09-20T01:19:57.0790906Z go: downloading github.com/lucasb-eyer/go-colorful v1.2.0
2026-09-20T01:19:57.1152941Z go: downloading github.com/mattn/go-runewidth v0.0.14
2026-09-20T01:19:57.1192727Z go: downloading github.com/muesli/reflow v0.2.1-0.20210115123740-9e1d0d53df68
2026-09-20T01:19:57.2007872Z go: downloading github.com/muesli/termenv v0.15.1
2026-09-20T01:19:57.2063289Z go: downloading dario.cat/mergo v1.0.1
2026-09-20T01:19:57.2084141Z go: downloading github.com/Masterminds/goutils v1.1.1
2026-09-20T01:19:57.2085305Z go: downloading github.com/Masterminds/semver/v3 v3.3.0
2026-09-20T01:19:57.2551817Z go: downloading github.com/google/uuid v1.6.0
2026-09-20T01:19:57.2563257Z go: downloading github.com/huandu/xstrings v1.5.0
2026-09-20T01:19:57.2568568Z go: downloading github.com/mitchellh/copystructure v1.2.0
2026-09-20T01:19:57.2809116Z go: downloading github.com/shopspring/decimal v1.4.0
2026-09-20T01:19:57.3006399Z go: downloading golang.org/x/crypto v0.32.0
2026-09-20T01:19:57.3085831Z go: downloading golang.org/x/sys v0.30.0
2026-09-20T01:19:57.3289235Z go: downloading github.com/subosito/gotenv v1.6.0
2026-09-20T01:19:57.3702468Z go: downloading github.com/hashicorp/hcl v1.0.0
2026-09-20T01:19:57.4276436Z go: downloading gopkg.in/ini.v1 v1.67.0
2026-09-20T01:19:57.4583599Z go: downloading github.com/magiconair/properties v1.8.9
2026-09-20T01:19:57.4587857Z go: downloading github.com/pelletier/go-toml/v2 v2.2.3
2026-09-20T01:19:57.4733712Z go: downloading gopkg.in/yaml.v3 v3.0.1
2026-09-20T01:19:57.5041165Z go: downloading golang.org/x/text v0.22.0
2026-09-20T01:19:57.6080134Z go: downloading github.com/rivo/uniseg v0.2.0
2026-09-20T01:19:57.6524727Z go: downloading github.com/aymanbagabas/go-osc52/v2 v2.0.1
2026-09-20T01:19:57.6845274Z go: downloading github.com/mitchellh/reflectwalk v1.0.2
2026-09-20T01:20:11.3349365Z ##[group]Run set -euo pipefail
2026-09-20T01:20:11.3349713Z [36;1mset -euo pipefail[0m
2026-09-20T01:20:11.3350142Z [36;1mif [ "$EVENT_NAME" = "pull_request" ] && [ -n "$PR_BASE_SHA" ] && [ -n "$PR_HEAD_SHA" ]; then[0m
2026-09-20T01:20:11.3350622Z [36;1m  echo "mode=git" >> "$GITHUB_OUTPUT"[0m
2026-09-20T01:20:11.3350984Z [36;1m  echo "base_sha=$PR_BASE_SHA" >> "$GITHUB_OUTPUT"[0m
2026-09-20T01:20:11.3351367Z [36;1m  echo "head_sha=$PR_HEAD_SHA" >> "$GITHUB_OUTPUT"[0m
2026-09-20T01:20:11.3351803Z [36;1melif [ "$EVENT_NAME" = "merge_group" ] && [ -n "$MERGE_GROUP_BASE_SHA" ]; then[0m
2026-09-20T01:20:11.3352420Z [36;1m  echo "mode=git" >> "$GITHUB_OUTPUT"[0m
2026-09-20T01:20:11.3352787Z [36;1m  echo "base_sha=$MERGE_GROUP_BASE_SHA" >> "$GITHUB_OUTPUT"[0m
2026-09-20T01:20:11.3353206Z [36;1m  echo "head_sha=$EVENT_HEAD_SHA" >> "$GITHUB_OUTPUT"[0m
2026-09-20T01:20:11.3353804Z [36;1melif [ "$EVENT_NAME" = "push" ] && [ -n "$BEFORE_SHA" ] && [ "$BEFORE_SHA" != "0000000000000000000000000000000000000000" ]; then[0m
2026-09-20T01:20:11.3354332Z [36;1m  echo "mode=git" >> "$GITHUB_OUTPUT"[0m
2026-09-20T01:20:11.3354661Z [36;1m  echo "base_sha=$BEFORE_SHA" >> "$GITHUB_OUTPUT"[0m
2026-09-20T01:20:11.3355027Z [36;1m  echo "head_sha=$EVENT_HEAD_SHA" >> "$GITHUB_OUTPUT"[0m
2026-09-20T01:20:11.3355348Z [36;1melse[0m
2026-09-20T01:20:11.3356378Z [36;1m  echo "mode=dir" >> "$GITHUB_OUTPUT"[0m
2026-09-20T01:20:11.3356681Z [36;1mfi[0m
2026-09-20T01:20:11.3394470Z shell: /usr/bin/bash -e {0}
2026-09-20T01:20:11.3394745Z env:
2026-09-20T01:20:11.3394952Z   GOTOOLCHAIN: local
2026-09-20T01:20:11.3395188Z   EVENT_NAME: pull_request
2026-09-20T01:20:11.3395483Z   PR_BASE_SHA: 4b89e0d2d496a85f04922b2e019a4aea15326bb9
2026-09-20T01:20:11.3395834Z   PR_HEAD_SHA: ed7313dff240292a482c53410a2492f80ba8a220
2026-09-20T01:20:11.3396191Z   BEFORE_SHA: 3780ad899ad6c42c91049b2a15fef138e911443f
2026-09-20T01:20:11.3396508Z   MERGE_GROUP_BASE_SHA: 
2026-09-20T01:20:11.3396799Z   EVENT_HEAD_SHA: 1e966652e7e7fc9a983d76680b3b1e889af3dc0f
2026-09-20T01:20:11.3397380Z ##[endgroup]
2026-09-20T01:20:11.3518477Z ##[group]Run set -euo pipefail
2026-09-20T01:20:11.3518813Z [36;1mset -euo pipefail[0m
2026-09-20T01:20:11.3519105Z [36;1mgit cat-file -e "${BASE_SHA}^{commit}"[0m
2026-09-20T01:20:11.3519437Z [36;1mgit cat-file -e "${HEAD_SHA}^{commit}"[0m
2026-09-20T01:20:11.3519722Z [36;1m[0m
2026-09-20T01:20:11.3519998Z [36;1mscan_repo="${RUNNER_TEMP}/gitleaks-range-repository"[0m
2026-09-20T01:20:11.3520360Z [36;1mrm -rf "$scan_repo"[0m
2026-09-20T01:20:11.3520695Z [36;1mgit clone --no-hardlinks --no-checkout . "$scan_repo"[0m
2026-09-20T01:20:11.3521101Z [36;1mgit -C "$scan_repo" checkout --detach "$HEAD_SHA"[0m
2026-09-20T01:20:11.3521413Z [36;1m[0m
2026-09-20T01:20:11.3521619Z [36;1mwhile IFS= read -r ref; do[0m
2026-09-20T01:20:11.3521955Z [36;1m  [ -z "$ref" ] || git -C "$scan_repo" update-ref -d "$ref"[0m
2026-09-20T01:20:11.3522390Z [36;1mdone < <(git -C "$scan_repo" for-each-ref --format='%(refname)')[0m
2026-09-20T01:20:11.3522754Z [36;1m[0m
2026-09-20T01:20:11.3523063Z [36;1mgit -C "$scan_repo" update-ref refs/gitleaks/base "$BASE_SHA"[0m
2026-09-20T01:20:11.3523512Z [36;1mgit -C "$scan_repo" update-ref refs/gitleaks/head "$HEAD_SHA"[0m
2026-09-20T01:20:11.3523849Z [36;1m[0m
2026-09-20T01:20:11.3524176Z [36;1mmapfile -t refs < <(git -C "$scan_repo" for-each-ref --format='%(refname)' | sort)[0m
2026-09-20T01:20:11.3524667Z [36;1mexpected=(refs/gitleaks/base refs/gitleaks/head)[0m
2026-09-20T01:20:11.3525035Z [36;1mif [ "${refs[*]}" != "${expected[*]}" ]; then[0m
2026-09-20T01:20:11.3525487Z [36;1m  printf 'Unexpected refs in isolated Gitleaks repository: %s\n' "${refs[*]}" >&2[0m
2026-09-20T01:20:11.3525905Z [36;1m  exit 1[0m
2026-09-20T01:20:11.3526104Z [36;1mfi[0m
2026-09-20T01:20:11.3526293Z [36;1m[0m
2026-09-20T01:20:11.3526538Z [36;1mecho "repository=$scan_repo" >> "$GITHUB_OUTPUT"[0m
2026-09-20T01:20:11.3526943Z [36;1mecho "log_opts=${BASE_SHA}..${HEAD_SHA}" >> "$GITHUB_OUTPUT"[0m
2026-09-20T01:20:11.3560426Z shell: /usr/bin/bash -e {0}
2026-09-20T01:20:11.3560690Z env:
2026-09-20T01:20:11.3560890Z   GOTOOLCHAIN: local
2026-09-20T01:20:11.3561165Z   BASE_SHA: 4b89e0d2d496a85f04922b2e019a4aea15326bb9
2026-09-20T01:20:11.3561521Z   HEAD_SHA: ed7313dff240292a482c53410a2492f80ba8a220
2026-09-20T01:20:11.3561815Z ##[endgroup]
2026-09-20T01:20:11.3668992Z Cloning into '/home/runner/work/_temp/gitleaks-range-repository'...
2026-09-20T01:20:11.6932960Z done.
2026-09-20T01:20:12.1566772Z Warning: you are leaving 1 commit behind, not connected to
2026-09-20T01:20:12.1567900Z any of your branches:
2026-09-20T01:20:12.1568200Z 
2026-09-20T01:20:12.1569030Z   1e966652e Merge ed7313dff240292a482c53410a2492f80ba8a220 into 4b89e0d2d496a85f04922b2e019a4aea15326bb9
2026-09-20T01:20:12.1569809Z 
2026-09-20T01:20:12.1570077Z If you want to keep it by creating a new branch, this may be a good time
2026-09-20T01:20:12.1570541Z to do so with:
2026-09-20T01:20:12.1570696Z 
2026-09-20T01:20:12.1570853Z  git branch <new-branch-name> 1e966652e
2026-09-20T01:20:12.1571312Z 
2026-09-20T01:20:12.1571867Z HEAD is now at ed7313dff fix(guard): bind noncommand reviews and repair installed validation failures
2026-09-20T01:20:16.1561311Z ##[group]Run gitleaks git --log-opts="4b89e0d2d496a85f04922b2e019a4aea15326bb9..ed7313dff240292a482c53410a2492f80ba8a220" --no-banner --redact --exit-code 1 "/home/runner/work/_temp/gitleaks-range-repository"
2026-09-20T01:20:16.1562815Z [36;1mgitleaks git --log-opts="4b89e0d2d496a85f04922b2e019a4aea15326bb9..ed7313dff240292a482c53410a2492f80ba8a220" --no-banner --redact --exit-code 1 "/home/runner/work/_temp/gitleaks-range-repository"[0m
2026-09-20T01:20:16.1599644Z shell: /usr/bin/bash -e {0}
2026-09-20T01:20:16.1599919Z env:
2026-09-20T01:20:16.1600117Z   GOTOOLCHAIN: local
2026-09-20T01:20:16.1600541Z   GITLEAKS_LICENSE: ***
2026-09-20T01:20:16.1600774Z ##[endgroup]
2026-09-20T01:20:16.2139169Z [90m1:20AM[0m [32mINF[0m [1mUnknown SCM platform. Use --platform to include links in findings.[0m [36mhost=[0m
2026-09-20T01:20:44.8626553Z [90m1:20AM[0m [32mINF[0m [1m1340 commits scanned.[0m
2026-09-20T01:20:44.8627799Z [90m1:20AM[0m [32mINF[0m [1mscanned ~68611327 bytes (68.61 MB) in 28.7s[0m
2026-09-20T01:20:44.8628932Z [90m1:20AM[0m [32mINF[0m [1mno leaks found[0m
2026-09-20T01:20:44.8742198Z Post job cleanup.
2026-09-20T01:20:45.0175981Z [command]/opt/hostedtoolcache/go/1.23.12/x64/bin/go env GOMODCACHE
2026-09-20T01:20:45.0217722Z [command]/opt/hostedtoolcache/go/1.23.12/x64/bin/go env GOCACHE
2026-09-20T01:20:45.0245823Z /home/runner/go/pkg/mod
2026-09-20T01:20:45.0269014Z /home/runner/.cache/go-build
2026-09-20T01:20:45.0274790Z Primary key was not generated. Please check the log messages above for more errors or information
2026-09-20T01:20:45.0430691Z Post job cleanup.
2026-09-20T01:20:45.1258577Z [command]/usr/bin/git version
2026-09-20T01:20:45.1297796Z git version 2.55.0
2026-09-20T01:20:45.1338873Z Temporarily overriding HOME='/home/runner/work/_temp/4e1579cb-8cfc-4711-9f5f-3a1ac1057714' before making global git config changes
2026-09-20T01:20:45.1340409Z Adding repository directory to the temporary git global config as a safe directory
2026-09-20T01:20:45.1344440Z [command]/usr/bin/git config --global --add safe.directory /home/runner/work/hol-guard/hol-guard
2026-09-20T01:20:45.1378092Z Removing SSH command configuration
2026-09-20T01:20:45.1384583Z [command]/usr/bin/git config --local --name-only --get-regexp core\.sshCommand
2026-09-20T01:20:45.1419905Z [command]/usr/bin/git submodule foreach --recursive sh -c "git config --local --name-only --get-regexp 'core\.sshCommand' && git config --local --unset-all 'core.sshCommand' || :"
2026-09-20T01:20:45.1646811Z Removing HTTP extra header
2026-09-20T01:20:45.1652393Z [command]/usr/bin/git config --local --name-only --get-regexp http\.https\:\/\/github\.com\/\.extraheader
2026-09-20T01:20:45.1695050Z [command]/usr/bin/git submodule foreach --recursive sh -c "git config --local --name-only --get-regexp 'http\.https\:\/\/github\.com\/\.extraheader' && git config --local --unset-all 'http.https://github.com/.extraheader' || :"
2026-09-20T01:20:45.1933306Z Removing includeIf entries pointing to credentials config files
2026-09-20T01:20:45.1943101Z [command]/usr/bin/git config --local --name-only --get-regexp ^includeIf\.gitdir:
2026-09-20T01:20:45.1976799Z [command]/usr/bin/git submodule foreach --recursive git config --local --show-origin --name-only --get-regexp remote.origin.url
2026-09-20T01:20:45.2384794Z Cleaning up orphan processes

