2026-09-20T02:23:09.7150494Z Current runner version: '2.337.0'
2026-09-20T02:23:09.7176146Z ##[group]Runner Image Provisioner
2026-09-20T02:23:09.7176997Z Hosted Compute Agent
2026-09-20T02:23:09.7177694Z Version: 20260828.587
2026-09-20T02:23:09.7178339Z Commit: abac92662cab4cc7352de4f9f9d2e2419aad9c29
2026-09-20T02:23:09.7179056Z Build Date: 2026-08-28T16:44:25Z
2026-09-20T02:23:09.7179834Z Worker ID: {d5ad620f-b6cb-49c8-8d3b-1577c3339eb7}
2026-09-20T02:23:09.7180594Z Azure Region: northcentralus
2026-09-20T02:23:09.7181267Z ##[endgroup]
2026-09-20T02:23:09.7183090Z ##[group]Operating System
2026-09-20T02:23:09.7183769Z Ubuntu
2026-09-20T02:23:09.7184397Z 24.04.5
2026-09-20T02:23:09.7184915Z LTS
2026-09-20T02:23:09.7185592Z ##[endgroup]
2026-09-20T02:23:09.7186705Z ##[group]Runner Image
2026-09-20T02:23:09.7187341Z Image: ubuntu-24.04
2026-09-20T02:23:09.7188024Z Version: 20260907.300.1
2026-09-20T02:23:09.7189323Z Included Software: https://github.com/actions/runner-images/blob/ubuntu24/20260907.300/images/ubuntu/Ubuntu2404-Readme.md
2026-09-20T02:23:09.7190954Z Image Release: https://github.com/actions/runner-images/releases/tag/ubuntu24%2F20260907.300
2026-09-20T02:23:09.7192177Z ##[endgroup]
2026-09-20T02:23:09.7193419Z ##[group]GITHUB_TOKEN Permissions
2026-09-20T02:23:09.7195633Z Contents: read
2026-09-20T02:23:09.7196658Z Metadata: read
2026-09-20T02:23:09.7197230Z ##[endgroup]
2026-09-20T02:23:09.7199375Z Secret source: Actions
2026-09-20T02:23:09.7200391Z Cache mode: write
2026-09-20T02:23:09.7201370Z Prepare workflow directory
2026-09-20T02:23:09.7551597Z Prepare all required actions
2026-09-20T02:23:09.7601399Z Getting action download info
2026-09-20T02:23:10.0645242Z Download action repository 'actions/checkout@df4cb1c069e1874edd31b4311f1884172cec0e10' (SHA:df4cb1c069e1874edd31b4311f1884172cec0e10)
2026-09-20T02:23:10.2285239Z Download action repository 'actions/setup-node@49933ea5288caeca8642d1e84afbd3f7d6820020' (SHA:49933ea5288caeca8642d1e84afbd3f7d6820020)
2026-09-20T02:23:10.3704939Z Download action repository 'actions/setup-python@a309ff8b426b58ec0e2a45f0f869d46889d02405' (SHA:a309ff8b426b58ec0e2a45f0f869d46889d02405)
2026-09-20T02:23:10.4936258Z Download action repository 'astral-sh/setup-uv@fac544c07dec837d0ccb6301d7b5580bf5edae39' (SHA:fac544c07dec837d0ccb6301d7b5580bf5edae39)
2026-09-20T02:23:10.9535398Z Download action repository 'actions/upload-artifact@043fb46d1a93c77aae656e7c1c64a875d1fc6a0a' (SHA:043fb46d1a93c77aae656e7c1c64a875d1fc6a0a)
2026-09-20T02:23:11.1497066Z Complete job name: linux-x64
2026-09-20T02:23:11.2497207Z ##[group]Run actions/checkout@df4cb1c069e1874edd31b4311f1884172cec0e10
2026-09-20T02:23:11.2498496Z with:
2026-09-20T02:23:11.2499008Z   persist-credentials: false
2026-09-20T02:23:11.2499614Z   repository: hashgraph-online/hol-guard
2026-09-20T02:23:11.2503868Z   token: ***
2026-09-20T02:23:11.2504342Z   ssh-strict: true
2026-09-20T02:23:11.2504828Z   ssh-user: git
2026-09-20T02:23:11.2505289Z   clean: true
2026-09-20T02:23:11.2506065Z   sparse-checkout-cone-mode: true
2026-09-20T02:23:11.2506702Z   fetch-depth: 1
2026-09-20T02:23:11.2507191Z   fetch-tags: false
2026-09-20T02:23:11.2507676Z   show-progress: true
2026-09-20T02:23:11.2508186Z   lfs: false
2026-09-20T02:23:11.2508654Z   submodules: false
2026-09-20T02:23:11.2509152Z   set-safe-directory: true
2026-09-20T02:23:11.2509998Z ##[endgroup]
2026-09-20T02:23:11.3503838Z Syncing repository: hashgraph-online/hol-guard
2026-09-20T02:23:11.3506015Z ##[group]Getting Git version info
2026-09-20T02:23:11.3507190Z Working directory is '/home/runner/work/hol-guard/hol-guard'
2026-09-20T02:23:11.3508356Z [command]/usr/bin/git version
2026-09-20T02:23:11.3590026Z git version 2.55.0
2026-09-20T02:23:11.3613337Z ##[endgroup]
2026-09-20T02:23:11.3627255Z Temporarily overriding HOME='/home/runner/work/_temp/b63f46c5-d135-4a07-95c1-6e69caeb1658' before making global git config changes
2026-09-20T02:23:11.3628840Z Adding repository directory to the temporary git global config as a safe directory
2026-09-20T02:23:11.3634445Z [command]/usr/bin/git config --global --add safe.directory /home/runner/work/hol-guard/hol-guard
2026-09-20T02:23:11.3684968Z Deleting the contents of '/home/runner/work/hol-guard/hol-guard'
2026-09-20T02:23:11.3689026Z ##[group]Determining repository object format
2026-09-20T02:23:11.3691830Z ##[endgroup]
2026-09-20T02:23:11.3692769Z ##[group]Initializing the repository
2026-09-20T02:23:11.3697483Z [command]/usr/bin/git init /home/runner/work/hol-guard/hol-guard
2026-09-20T02:23:11.3824748Z hint: Using 'master' as the name for the initial branch. This default branch name
2026-09-20T02:23:11.3827286Z hint: will change to "main" in Git 3.0. To configure the initial branch name
2026-09-20T02:23:11.3829161Z hint: to use in all of your new repositories, which will suppress this warning,
2026-09-20T02:23:11.3831067Z hint: call:
2026-09-20T02:23:11.3832031Z hint:
2026-09-20T02:23:11.3833164Z hint: 	git config --global init.defaultBranch <name>
2026-09-20T02:23:11.3834526Z hint:
2026-09-20T02:23:11.3836181Z hint: Names commonly chosen instead of 'master' are 'main', 'trunk' and
2026-09-20T02:23:11.3838242Z hint: 'development'. The just-created branch can be renamed via this command:
2026-09-20T02:23:11.3839740Z hint:
2026-09-20T02:23:11.3840589Z hint: 	git branch -m <name>
2026-09-20T02:23:11.3841656Z hint:
2026-09-20T02:23:11.3843114Z hint: Disable this message with "git config set advice.defaultBranchName false"
2026-09-20T02:23:11.3845369Z Initialized empty Git repository in /home/runner/work/hol-guard/hol-guard/.git/
2026-09-20T02:23:11.3849018Z [command]/usr/bin/git remote add origin https://github.com/hashgraph-online/hol-guard
2026-09-20T02:23:11.3895613Z ##[endgroup]
2026-09-20T02:23:11.3897416Z ##[group]Disabling automatic garbage collection
2026-09-20T02:23:11.3899855Z [command]/usr/bin/git config --local gc.auto 0
2026-09-20T02:23:11.3931477Z ##[endgroup]
2026-09-20T02:23:11.3933112Z ##[group]Setting up auth
2026-09-20T02:23:11.3934306Z Removing SSH command configuration
2026-09-20T02:23:11.3939922Z [command]/usr/bin/git config --local --name-only --get-regexp core\.sshCommand
2026-09-20T02:23:11.3973137Z [command]/usr/bin/git submodule foreach --recursive sh -c "git config --local --name-only --get-regexp 'core\.sshCommand' && git config --local --unset-all 'core.sshCommand' || :"
2026-09-20T02:23:11.4333235Z Removing HTTP extra header
2026-09-20T02:23:11.4339428Z [command]/usr/bin/git config --local --name-only --get-regexp http\.https\:\/\/github\.com\/\.extraheader
2026-09-20T02:23:11.4371250Z [command]/usr/bin/git submodule foreach --recursive sh -c "git config --local --name-only --get-regexp 'http\.https\:\/\/github\.com\/\.extraheader' && git config --local --unset-all 'http.https://github.com/.extraheader' || :"
2026-09-20T02:23:11.4615645Z Removing includeIf entries pointing to credentials config files
2026-09-20T02:23:11.4620675Z [command]/usr/bin/git config --local --name-only --get-regexp ^includeIf\.gitdir:
2026-09-20T02:23:11.4651897Z [command]/usr/bin/git submodule foreach --recursive git config --local --show-origin --name-only --get-regexp remote.origin.url
2026-09-20T02:23:11.4874053Z [command]/usr/bin/git config --file /home/runner/work/_temp/git-credentials-ca846bd2-7be4-4a8f-8d2e-c6cb177c883b.config http.https://github.com/.extraheader AUTHORIZATION: basic ***
2026-09-20T02:23:11.4912935Z [command]/usr/bin/git config --local includeIf.gitdir:/home/runner/work/hol-guard/hol-guard/.git.path /home/runner/work/_temp/git-credentials-ca846bd2-7be4-4a8f-8d2e-c6cb177c883b.config
2026-09-20T02:23:11.4944427Z [command]/usr/bin/git config --local includeIf.gitdir:/home/runner/work/hol-guard/hol-guard/.git/worktrees/*.path /home/runner/work/_temp/git-credentials-ca846bd2-7be4-4a8f-8d2e-c6cb177c883b.config
2026-09-20T02:23:11.4984931Z [command]/usr/bin/git config --local includeIf.gitdir:/github/workspace/.git.path /github/runner_temp/git-credentials-ca846bd2-7be4-4a8f-8d2e-c6cb177c883b.config
2026-09-20T02:23:11.5015510Z [command]/usr/bin/git config --local includeIf.gitdir:/github/workspace/.git/worktrees/*.path /github/runner_temp/git-credentials-ca846bd2-7be4-4a8f-8d2e-c6cb177c883b.config
2026-09-20T02:23:11.5041994Z ##[endgroup]
2026-09-20T02:23:11.5042855Z ##[group]Fetching the repository
2026-09-20T02:23:11.5050776Z [command]/usr/bin/git -c protocol.version=2 fetch --no-tags --prune --no-recurse-submodules --depth=1 origin +7547248637d9809929055813ec49e26e00395498:refs/remotes/pull/2974/merge
2026-09-20T02:23:12.4434919Z From https://github.com/hashgraph-online/hol-guard
2026-09-20T02:23:12.4438953Z  * [new ref]         7547248637d9809929055813ec49e26e00395498 -> pull/2974/merge
2026-09-20T02:23:12.4446296Z ##[endgroup]
2026-09-20T02:23:12.4448740Z ##[group]Determining the checkout info
2026-09-20T02:23:12.4451641Z ##[endgroup]
2026-09-20T02:23:12.4453585Z [command]/usr/bin/git sparse-checkout disable
2026-09-20T02:23:12.4503489Z [command]/usr/bin/git config --local --unset-all extensions.worktreeConfig
2026-09-20T02:23:12.4532566Z ##[group]Checking out the ref
2026-09-20T02:23:12.4537885Z [command]/usr/bin/git checkout --progress --force refs/remotes/pull/2974/merge
2026-09-20T02:23:12.8158003Z Note: switching to 'refs/remotes/pull/2974/merge'.
2026-09-20T02:23:12.8159746Z 
2026-09-20T02:23:12.8161041Z You are in 'detached HEAD' state. You can look around, make experimental
2026-09-20T02:23:12.8164842Z changes and commit them, and you can discard any commits you make in this
2026-09-20T02:23:12.8169192Z state without impacting any branches by switching back to a branch.
2026-09-20T02:23:12.8171254Z 
2026-09-20T02:23:12.8172648Z If you want to create a new branch to retain commits you create, you may
2026-09-20T02:23:12.8175067Z do so (now or later) by using -c with the switch command. Example:
2026-09-20T02:23:12.8176704Z 
2026-09-20T02:23:12.8177509Z   git switch -c <new-branch-name>
2026-09-20T02:23:12.8178631Z 
2026-09-20T02:23:12.8179187Z Or undo this operation with:
2026-09-20T02:23:12.8180009Z 
2026-09-20T02:23:12.8180505Z   git switch -
2026-09-20T02:23:12.8181145Z 
2026-09-20T02:23:12.8182178Z Turn off this advice by setting config variable advice.detachedHead to false
2026-09-20T02:23:12.8183932Z 
2026-09-20T02:23:12.8185633Z HEAD is now at 7547248 Merge 2433a8ce570f34f5ad3dbf23f3d7367267aad461 into 4b89e0d2d496a85f04922b2e019a4aea15326bb9
2026-09-20T02:23:12.8191133Z ##[endgroup]
2026-09-20T02:23:12.8223233Z [command]/usr/bin/git log -1 --format=%H
2026-09-20T02:23:12.8245708Z 7547248637d9809929055813ec49e26e00395498
2026-09-20T02:23:12.8258129Z ##[group]Removing auth
2026-09-20T02:23:12.8260038Z Removing SSH command configuration
2026-09-20T02:23:12.8262921Z [command]/usr/bin/git config --local --name-only --get-regexp core\.sshCommand
2026-09-20T02:23:12.8293424Z [command]/usr/bin/git submodule foreach --recursive sh -c "git config --local --name-only --get-regexp 'core\.sshCommand' && git config --local --unset-all 'core.sshCommand' || :"
2026-09-20T02:23:12.8514147Z Removing HTTP extra header
2026-09-20T02:23:12.8517940Z [command]/usr/bin/git config --local --name-only --get-regexp http\.https\:\/\/github\.com\/\.extraheader
2026-09-20T02:23:12.8551464Z [command]/usr/bin/git submodule foreach --recursive sh -c "git config --local --name-only --get-regexp 'http\.https\:\/\/github\.com\/\.extraheader' && git config --local --unset-all 'http.https://github.com/.extraheader' || :"
2026-09-20T02:23:12.8772861Z Removing includeIf entries pointing to credentials config files
2026-09-20T02:23:12.8776215Z [command]/usr/bin/git config --local --name-only --get-regexp ^includeIf\.gitdir:
2026-09-20T02:23:12.8801022Z includeif.gitdir:/home/runner/work/hol-guard/hol-guard/.git.path
2026-09-20T02:23:12.8803769Z includeif.gitdir:/home/runner/work/hol-guard/hol-guard/.git/worktrees/*.path
2026-09-20T02:23:12.8806455Z includeif.gitdir:/github/workspace/.git.path
2026-09-20T02:23:12.8809033Z includeif.gitdir:/github/workspace/.git/worktrees/*.path
2026-09-20T02:23:12.8813199Z [command]/usr/bin/git config --local --get-all includeif.gitdir:/home/runner/work/hol-guard/hol-guard/.git.path
2026-09-20T02:23:12.8832830Z /home/runner/work/_temp/git-credentials-ca846bd2-7be4-4a8f-8d2e-c6cb177c883b.config
2026-09-20T02:23:12.8842907Z [command]/usr/bin/git config --local --unset includeif.gitdir:/home/runner/work/hol-guard/hol-guard/.git.path /home/runner/work/_temp/git-credentials-ca846bd2-7be4-4a8f-8d2e-c6cb177c883b.config
2026-09-20T02:23:12.8874086Z [command]/usr/bin/git config --local --get-all includeif.gitdir:/home/runner/work/hol-guard/hol-guard/.git/worktrees/*.path
2026-09-20T02:23:12.8895086Z /home/runner/work/_temp/git-credentials-ca846bd2-7be4-4a8f-8d2e-c6cb177c883b.config
2026-09-20T02:23:12.8904632Z [command]/usr/bin/git config --local --unset includeif.gitdir:/home/runner/work/hol-guard/hol-guard/.git/worktrees/*.path /home/runner/work/_temp/git-credentials-ca846bd2-7be4-4a8f-8d2e-c6cb177c883b.config
2026-09-20T02:23:12.8936634Z [command]/usr/bin/git config --local --get-all includeif.gitdir:/github/workspace/.git.path
2026-09-20T02:23:12.8956717Z /github/runner_temp/git-credentials-ca846bd2-7be4-4a8f-8d2e-c6cb177c883b.config
2026-09-20T02:23:12.8967160Z [command]/usr/bin/git config --local --unset includeif.gitdir:/github/workspace/.git.path /github/runner_temp/git-credentials-ca846bd2-7be4-4a8f-8d2e-c6cb177c883b.config
2026-09-20T02:23:12.9006808Z [command]/usr/bin/git config --local --get-all includeif.gitdir:/github/workspace/.git/worktrees/*.path
2026-09-20T02:23:12.9028738Z /github/runner_temp/git-credentials-ca846bd2-7be4-4a8f-8d2e-c6cb177c883b.config
2026-09-20T02:23:12.9044241Z [command]/usr/bin/git config --local --unset includeif.gitdir:/github/workspace/.git/worktrees/*.path /github/runner_temp/git-credentials-ca846bd2-7be4-4a8f-8d2e-c6cb177c883b.config
2026-09-20T02:23:12.9074823Z [command]/usr/bin/git submodule foreach --recursive git config --local --show-origin --name-only --get-regexp remote.origin.url
2026-09-20T02:23:12.9297988Z Removing credentials config '/home/runner/work/_temp/git-credentials-ca846bd2-7be4-4a8f-8d2e-c6cb177c883b.config'
2026-09-20T02:23:12.9304391Z ##[endgroup]
2026-09-20T02:23:12.9677966Z Node 20 is being deprecated. This workflow is running with Node 24 by default. If you need to temporarily use Node 20, you can set the ACTIONS_ALLOW_USE_UNSECURE_NODE_VERSION=true environment variable. For more information see: https://github.blog/changelog/2025-09-19-deprecation-of-node-20-on-github-actions-runners/
2026-09-20T02:23:12.9683877Z ##[group]Run actions/setup-node@49933ea5288caeca8642d1e84afbd3f7d6820020
2026-09-20T02:23:12.9685465Z with:
2026-09-20T02:23:12.9686658Z   node-version: 22
2026-09-20T02:23:12.9687649Z   always-auth: false
2026-09-20T02:23:12.9688621Z   check-latest: false
2026-09-20T02:23:12.9698057Z   token: ***
2026-09-20T02:23:12.9698967Z ##[endgroup]
2026-09-20T02:23:13.1143141Z Found in cache @ /opt/hostedtoolcache/node/22.23.2/x64
2026-09-20T02:23:13.1149055Z (node:2279) [DEP0040] DeprecationWarning: The `punycode` module is deprecated. Please use a userland alternative instead.
2026-09-20T02:23:13.1154048Z ##[group]Environment details
2026-09-20T02:23:13.1159771Z (Use `node --trace-deprecation ...` to show where the warning was created)
2026-09-20T02:23:13.5612589Z node: v22.23.2
2026-09-20T02:23:13.5613347Z npm: 10.9.8
2026-09-20T02:23:13.5613747Z yarn: 1.22.22
2026-09-20T02:23:13.5614526Z ##[endgroup]
2026-09-20T02:23:13.5832502Z ##[group]Run actions/setup-python@a309ff8b426b58ec0e2a45f0f869d46889d02405
2026-09-20T02:23:13.5832950Z with:
2026-09-20T02:23:13.5833158Z   python-version: 3.12
2026-09-20T02:23:13.5833399Z   check-latest: false
2026-09-20T02:23:13.5836012Z   token: ***
2026-09-20T02:23:13.5836279Z   update-environment: true
2026-09-20T02:23:13.5836546Z   allow-prereleases: false
2026-09-20T02:23:13.5836785Z   freethreaded: false
2026-09-20T02:23:13.5837011Z ##[endgroup]
2026-09-20T02:23:13.7155877Z ##[group]Installed versions
2026-09-20T02:23:13.7255467Z Successfully set up CPython (3.12.14)
2026-09-20T02:23:13.7256597Z ##[endgroup]
2026-09-20T02:23:13.7473179Z ##[group]Run astral-sh/setup-uv@fac544c07dec837d0ccb6301d7b5580bf5edae39
2026-09-20T02:23:13.7473604Z with:
2026-09-20T02:23:13.7473796Z   version: 0.9.26
2026-09-20T02:23:13.7474185Z   enable-cache: true
2026-09-20T02:23:13.7474436Z   activate-environment: false
2026-09-20T02:23:13.7474705Z   no-project: false
2026-09-20T02:23:13.7475000Z   working-directory: /home/runner/work/hol-guard/hol-guard
2026-09-20T02:23:13.7477858Z   github-token: ***
2026-09-20T02:23:13.7478477Z   cache-dependency-glob: **/*requirements*.txt
**/*requirements*.in
**/*constraints*.txt
**/*constraints*.in
**/pyproject.toml
**/uv.lock
**/*.py.lock

2026-09-20T02:23:13.7479126Z   restore-cache: true
2026-09-20T02:23:13.7479359Z   save-cache: true
2026-09-20T02:23:13.7479560Z   prune-cache: true
2026-09-20T02:23:13.7479766Z   cache-python: false
2026-09-20T02:23:13.7480039Z   ignore-nothing-to-cache: false
2026-09-20T02:23:13.7480359Z   ignore-empty-workdir: false
2026-09-20T02:23:13.7480666Z   download-from-astral-mirror: true
2026-09-20T02:23:13.7480945Z   add-problem-matchers: true
2026-09-20T02:23:13.7481178Z   quiet: false
2026-09-20T02:23:13.7481388Z   resolution-strategy: highest
2026-09-20T02:23:13.7481630Z env:
2026-09-20T02:23:13.7481891Z   pythonLocation: /opt/hostedtoolcache/Python/3.12.14/x64
2026-09-20T02:23:13.7482368Z   PKG_CONFIG_PATH: /opt/hostedtoolcache/Python/3.12.14/x64/lib/pkgconfig
2026-09-20T02:23:13.7482814Z   Python_ROOT_DIR: /opt/hostedtoolcache/Python/3.12.14/x64
2026-09-20T02:23:13.7483211Z   Python2_ROOT_DIR: /opt/hostedtoolcache/Python/3.12.14/x64
2026-09-20T02:23:13.7483603Z   Python3_ROOT_DIR: /opt/hostedtoolcache/Python/3.12.14/x64
2026-09-20T02:23:13.7483999Z   LD_LIBRARY_PATH: /opt/hostedtoolcache/Python/3.12.14/x64/lib
2026-09-20T02:23:13.7484329Z ##[endgroup]
2026-09-20T02:23:14.0955173Z Fetching manifest data from https://raw.githubusercontent.com/astral-sh/versions/main/v1/uv.ndjson ...
2026-09-20T02:23:14.1682727Z Downloading uv from "https://releases.astral.sh/github/uv/releases/download/0.9.26/uv-x86_64-unknown-linux-gnu.tar.gz" ...
2026-09-20T02:23:14.4036605Z [command]/usr/bin/tar xz --warning=no-unknown-keyword --overwrite -C /home/runner/work/_temp/1fb53f23-b362-4ac0-baf8-0d73b822784e -f /home/runner/work/_temp/18d851e9-e348-4484-92ee-1f77da50c1c9
2026-09-20T02:23:14.8682464Z Added /home/runner/.local/bin to the path
2026-09-20T02:23:14.8687006Z Added /opt/hostedtoolcache/uv/0.9.26/x86_64 to the path
2026-09-20T02:23:14.8688847Z Set UV_PYTHON_INSTALL_DIR to /home/runner/work/_temp/uv-python-dir
2026-09-20T02:23:14.8690050Z Added /home/runner/work/_temp/uv-python-dir to the path
2026-09-20T02:23:14.8695352Z Set UV_CACHE_DIR to /home/runner/work/_temp/setup-uv-cache
2026-09-20T02:23:14.8696272Z Successfully installed uv version 0.9.26
2026-09-20T02:23:15.0064352Z Searching files using cache dependency glob: /home/runner/work/hol-guard/hol-guard/**/*requirements*.txt,/home/runner/work/hol-guard/hol-guard/**/*requirements*.in,/home/runner/work/hol-guard/hol-guard/**/*constraints*.txt,/home/runner/work/hol-guard/hol-guard/**/*constraints*.in,/home/runner/work/hol-guard/hol-guard/**/pyproject.toml,/home/runner/work/hol-guard/hol-guard/**/uv.lock,/home/runner/work/hol-guard/hol-guard/**/*.py.lock
2026-09-20T02:23:15.0127049Z /home/runner/work/hol-guard/hol-guard/.clusterfuzzlite/requirements-atheris.txt
2026-09-20T02:23:15.0354247Z /home/runner/work/hol-guard/hol-guard/action/pypi-attestations-requirements.in
2026-09-20T02:23:15.0362106Z /home/runner/work/hol-guard/hol-guard/action/pypi-attestations-requirements.txt
2026-09-20T02:23:15.0371245Z /home/runner/work/hol-guard/hol-guard/action/scanner-cisco-runtime-requirements.txt
2026-09-20T02:23:15.0382190Z /home/runner/work/hol-guard/hol-guard/action/scanner-runtime-requirements.txt
2026-09-20T02:23:15.1201380Z /home/runner/work/hol-guard/hol-guard/distributions/mcpb/pyproject.toml
2026-09-20T02:23:15.1212787Z /home/runner/work/hol-guard/hol-guard/docker-requirements.txt
2026-09-20T02:23:15.1470219Z /home/runner/work/hol-guard/hol-guard/pyproject.toml
2026-09-20T02:23:15.1481289Z /home/runner/work/hol-guard/hol-guard/requirements.txt
2026-09-20T02:23:15.4977063Z /home/runner/work/hol-guard/hol-guard/uv.lock
2026-09-20T02:23:15.4999738Z Found 10 files to hash.
2026-09-20T02:23:15.5072264Z Trying to restore cache from GitHub Actions cache with key: setup-uv-2-x86_64-unknown-linux-gnu-ubuntu-24.04-3.12.14-pruned-2fd4fd0497fe10b3d0724b3304328ca0fafb8ccb7165bb292e9228222dda9a9d
2026-09-20T02:23:15.6140321Z Cache hit for: setup-uv-2-x86_64-unknown-linux-gnu-ubuntu-24.04-3.12.14-pruned-2fd4fd0497fe10b3d0724b3304328ca0fafb8ccb7165bb292e9228222dda9a9d
2026-09-20T02:23:15.8900092Z Received 431681 of 431681 (100.0%), 2.2 MBs/sec
2026-09-20T02:23:15.8900797Z Cache Size: ~0 MB (431681 B)
2026-09-20T02:23:15.8927875Z [command]/usr/bin/tar -xf /home/runner/work/_temp/00a99cf8-c4db-412b-a4f6-5d5023738aec/cache.tzst -P -C /home/runner/work/hol-guard/hol-guard --use-compress-program unzstd
2026-09-20T02:23:15.9039970Z Cache restored successfully
2026-09-20T02:23:15.9045447Z cache restored from GitHub Actions cache with key: setup-uv-2-x86_64-unknown-linux-gnu-ubuntu-24.04-3.12.14-pruned-2fd4fd0497fe10b3d0724b3304328ca0fafb8ccb7165bb292e9228222dda9a9d
2026-09-20T02:23:16.0201997Z ##[group]Run uv sync --frozen --extra dev --python 3.12
2026-09-20T02:23:16.0202461Z [36;1muv sync --frozen --extra dev --python 3.12[0m
2026-09-20T02:23:16.0250673Z shell: /usr/bin/bash -e {0}
2026-09-20T02:23:16.0250943Z env:
2026-09-20T02:23:16.0251222Z   pythonLocation: /opt/hostedtoolcache/Python/3.12.14/x64
2026-09-20T02:23:16.0251674Z   PKG_CONFIG_PATH: /opt/hostedtoolcache/Python/3.12.14/x64/lib/pkgconfig
2026-09-20T02:23:16.0252120Z   Python_ROOT_DIR: /opt/hostedtoolcache/Python/3.12.14/x64
2026-09-20T02:23:16.0252512Z   Python2_ROOT_DIR: /opt/hostedtoolcache/Python/3.12.14/x64
2026-09-20T02:23:16.0252904Z   Python3_ROOT_DIR: /opt/hostedtoolcache/Python/3.12.14/x64
2026-09-20T02:23:16.0253318Z   LD_LIBRARY_PATH: /opt/hostedtoolcache/Python/3.12.14/x64/lib
2026-09-20T02:23:16.0253719Z   UV_PYTHON_INSTALL_DIR: /home/runner/work/_temp/uv-python-dir
2026-09-20T02:23:16.0254089Z   UV_CACHE_DIR: /home/runner/work/_temp/setup-uv-cache
2026-09-20T02:23:16.0254411Z ##[endgroup]
2026-09-20T02:23:16.0691761Z Using CPython 3.12.14 interpreter at: /opt/hostedtoolcache/Python/3.12.14/x64/bin/python3.12
2026-09-20T02:23:16.0692909Z Creating virtual environment at: .venv
2026-09-20T02:23:16.0978898Z    Building hol-guard @ file:///home/runner/work/hol-guard/hol-guard
2026-09-20T02:23:16.1202502Z Downloading cryptography (4.5MiB)
2026-09-20T02:23:16.1316902Z Downloading basedpyright (12.6MiB)
2026-09-20T02:23:16.1318801Z Downloading pygments (1.2MiB)
2026-09-20T02:23:16.1329451Z Downloading libcst (2.2MiB)
2026-09-20T02:23:16.1340644Z Downloading nodejs-wheel-binaries (57.9MiB)
2026-09-20T02:23:16.1351030Z Downloading ruff (11.0MiB)
2026-09-20T02:23:16.1372679Z Downloading pydantic-core (2.0MiB)
2026-09-20T02:23:16.4562655Z  Downloaded pydantic-core
2026-09-20T02:23:16.8108681Z  Downloaded ruff
2026-09-20T02:23:16.8457411Z  Downloaded cryptography
2026-09-20T02:23:17.0908879Z  Downloaded pygments
2026-09-20T02:23:17.1048473Z  Downloaded libcst
2026-09-20T02:23:17.3416348Z       Built hol-guard @ file:///home/runner/work/hol-guard/hol-guard
2026-09-20T02:23:18.1759892Z  Downloaded basedpyright
2026-09-20T02:23:18.2050295Z  Downloaded nodejs-wheel-binaries
2026-09-20T02:23:18.2054189Z Prepared 69 packages in 2.12s
2026-09-20T02:23:18.3971784Z Installed 69 packages in 191ms
2026-09-20T02:23:18.3972499Z  + annotated-types==0.7.0
2026-09-20T02:23:18.3972953Z  + anyio==4.14.2
2026-09-20T02:23:18.3973331Z  + attrs==26.1.0
2026-09-20T02:23:18.3973704Z  + basedpyright==1.39.8
2026-09-20T02:23:18.3974108Z  + build==1.5.0
2026-09-20T02:23:18.3974464Z  + certifi==2026.2.25
2026-09-20T02:23:18.3974804Z  + cffi==2.0.0
2026-09-20T02:23:18.3975153Z  + charset-normalizer==3.4.7
2026-09-20T02:23:18.3975920Z  + click==8.4.1
2026-09-20T02:23:18.3976461Z  + coverage==7.13.5
2026-09-20T02:23:18.3977005Z  + cryptography==50.0.0
2026-09-20T02:23:18.3977526Z  + h11==0.16.0
2026-09-20T02:23:18.3978188Z  + hol-guard==3.0.1 (from file:///home/runner/work/hol-guard/hol-guard)
2026-09-20T02:23:18.3979325Z  + httpcore==1.0.9
2026-09-20T02:23:18.3979789Z  + httpx==0.28.1
2026-09-20T02:23:18.3980209Z  + httpx-sse==0.4.3
2026-09-20T02:23:18.3980648Z  + idna==3.15
2026-09-20T02:23:18.3981101Z  + importlib-metadata==8.9.0
2026-09-20T02:23:18.3981567Z  + iniconfig==2.3.0
2026-09-20T02:23:18.3981961Z  + jaraco-classes==3.4.0
2026-09-20T02:23:18.3982503Z  + jaraco-context==6.1.2
2026-09-20T02:23:18.3982927Z  + jaraco-functools==4.4.0
2026-09-20T02:23:18.3983381Z  + jeepney==0.9.0
2026-09-20T02:23:18.3983798Z  + jsonschema==4.26.0
2026-09-20T02:23:18.3984308Z  + jsonschema-specifications==2025.9.1
2026-09-20T02:23:18.3984831Z  + keyring==25.7.0
2026-09-20T02:23:18.3985217Z  + libcst==1.9.0
2026-09-20T02:23:18.3985635Z  + linkify-it-py==2.1.0
2026-09-20T02:23:18.3986378Z  + markdown-it-py==4.0.0
2026-09-20T02:23:18.3986842Z  + mcp==1.28.1
2026-09-20T02:23:18.3987255Z  + mdit-py-plugins==0.5.0
2026-09-20T02:23:18.3987706Z  + mdurl==0.1.2
2026-09-20T02:23:18.3988135Z  + more-itertools==11.0.1
2026-09-20T02:23:18.3988591Z  + mutmut==3.7.0
2026-09-20T02:23:18.3989371Z  + nodejs-wheel-binaries==24.16.0
2026-09-20T02:23:18.3989919Z  + packaging==26.0
2026-09-20T02:23:18.3990333Z  + platformdirs==4.9.4
2026-09-20T02:23:18.3990732Z  + pluggy==1.6.0
2026-09-20T02:23:18.3991111Z  + psutil==7.2.2
2026-09-20T02:23:18.3991555Z  + publicsuffixlist==1.0.2.20260726
2026-09-20T02:23:18.3992025Z  + pycparser==3.0
2026-09-20T02:23:18.3992398Z  + pydantic==2.12.5
2026-09-20T02:23:18.3992792Z  + pydantic-core==2.41.5
2026-09-20T02:23:18.3993233Z  + pydantic-settings==2.14.1
2026-09-20T02:23:18.3993685Z  + pygments==2.20.0
2026-09-20T02:23:18.3994081Z  + pyjwt==2.13.0
2026-09-20T02:23:18.3994487Z  + pyproject-hooks==1.2.0
2026-09-20T02:23:18.3994913Z  + pytest==9.0.3
2026-09-20T02:23:18.3995479Z  + pytest-cov==7.1.0
2026-09-20T02:23:18.3996160Z  + python-dotenv==1.2.2
2026-09-20T02:23:18.3996691Z  + python-multipart==0.0.32
2026-09-20T02:23:18.3997236Z  + pyyaml==6.0.3
2026-09-20T02:23:18.3997666Z  + referencing==0.37.0
2026-09-20T02:23:18.3998160Z  + regex==2026.4.4
2026-09-20T02:23:18.3998581Z  + requests==2.33.1
2026-09-20T02:23:18.3999032Z  + rich==14.2.0
2026-09-20T02:23:18.3999468Z  + rpds-py==0.30.0
2026-09-20T02:23:18.3999929Z  + ruff==0.15.17
2026-09-20T02:23:18.4000324Z  + secretstorage==3.5.0
2026-09-20T02:23:18.4000829Z  + setproctitle==1.3.7
2026-09-20T02:23:18.4001304Z  + sse-starlette==3.4.4
2026-09-20T02:23:18.4001776Z  + starlette==1.3.1
2026-09-20T02:23:18.4002316Z  + textual==7.5.0
2026-09-20T02:23:18.4002852Z  + typing-extensions==4.15.0
2026-09-20T02:23:18.4003618Z  + typing-inspection==0.4.2
2026-09-20T02:23:18.4004317Z  + uc-micro-py==2.0.0
2026-09-20T02:23:18.4004901Z  + urllib3==2.7.0
2026-09-20T02:23:18.4005454Z  + uvicorn==0.40.0
2026-09-20T02:23:18.4006260Z  + zipp==3.23.0
2026-09-20T02:23:18.4124042Z ##[group]Run uv run --no-sync pytest ci/native_runtime/test_native_hol_guard_wheel.py --tb=short
2026-09-20T02:23:18.4124761Z [36;1muv run --no-sync pytest ci/native_runtime/test_native_hol_guard_wheel.py --tb=short[0m
2026-09-20T02:23:18.4163665Z shell: /usr/bin/bash -e {0}
2026-09-20T02:23:18.4163921Z env:
2026-09-20T02:23:18.4164226Z   pythonLocation: /opt/hostedtoolcache/Python/3.12.14/x64
2026-09-20T02:23:18.4164688Z   PKG_CONFIG_PATH: /opt/hostedtoolcache/Python/3.12.14/x64/lib/pkgconfig
2026-09-20T02:23:18.4165124Z   Python_ROOT_DIR: /opt/hostedtoolcache/Python/3.12.14/x64
2026-09-20T02:23:18.4165526Z   Python2_ROOT_DIR: /opt/hostedtoolcache/Python/3.12.14/x64
2026-09-20T02:23:18.4166217Z   Python3_ROOT_DIR: /opt/hostedtoolcache/Python/3.12.14/x64
2026-09-20T02:23:18.4166627Z   LD_LIBRARY_PATH: /opt/hostedtoolcache/Python/3.12.14/x64/lib
2026-09-20T02:23:18.4167060Z   UV_PYTHON_INSTALL_DIR: /home/runner/work/_temp/uv-python-dir
2026-09-20T02:23:18.4167482Z   UV_CACHE_DIR: /home/runner/work/_temp/setup-uv-cache
2026-09-20T02:23:18.4167797Z ##[endgroup]
2026-09-20T02:23:25.4934920Z ============================= test session starts ==============================
2026-09-20T02:23:25.4936023Z platform linux -- Python 3.12.14, pytest-9.0.3, pluggy-1.6.0
2026-09-20T02:23:25.4937051Z rootdir: /home/runner/work/hol-guard/hol-guard
2026-09-20T02:23:25.4937576Z configfile: pyproject.toml
2026-09-20T02:23:25.4937975Z plugins: cov-7.1.0, anyio-4.14.2
2026-09-20T02:23:25.4938298Z collected 21 items
2026-09-20T02:23:25.4938460Z 
2026-09-20T02:23:25.7525286Z ci/native_runtime/test_native_hol_guard_wheel.py .....................   [100%]
2026-09-20T02:23:25.7526418Z 
2026-09-20T02:23:25.7526836Z ============================== 21 passed in 4.90s ==============================
2026-09-20T02:23:25.9578425Z ##[group]Run rustup toolchain install 1.88.0 --profile minimal
2026-09-20T02:23:25.9579342Z [36;1mrustup toolchain install 1.88.0 --profile minimal[0m
2026-09-20T02:23:25.9580011Z [36;1mrustup default 1.88.0[0m
2026-09-20T02:23:25.9580566Z [36;1mrustup target add x86_64-unknown-linux-musl[0m
2026-09-20T02:23:25.9581160Z [36;1msudo apt-get update[0m
2026-09-20T02:23:25.9581838Z [36;1msudo apt-get install --yes --no-install-recommends musl-tools[0m
2026-09-20T02:23:25.9635183Z shell: /usr/bin/bash -e {0}
2026-09-20T02:23:25.9635635Z env:
2026-09-20T02:23:25.9636596Z   pythonLocation: /opt/hostedtoolcache/Python/3.12.14/x64
2026-09-20T02:23:25.9637525Z   PKG_CONFIG_PATH: /opt/hostedtoolcache/Python/3.12.14/x64/lib/pkgconfig
2026-09-20T02:23:25.9638562Z   Python_ROOT_DIR: /opt/hostedtoolcache/Python/3.12.14/x64
2026-09-20T02:23:25.9639701Z   Python2_ROOT_DIR: /opt/hostedtoolcache/Python/3.12.14/x64
2026-09-20T02:23:25.9640782Z   Python3_ROOT_DIR: /opt/hostedtoolcache/Python/3.12.14/x64
2026-09-20T02:23:25.9641857Z   LD_LIBRARY_PATH: /opt/hostedtoolcache/Python/3.12.14/x64/lib
2026-09-20T02:23:25.9642829Z   UV_PYTHON_INSTALL_DIR: /home/runner/work/_temp/uv-python-dir
2026-09-20T02:23:25.9643781Z   UV_CACHE_DIR: /home/runner/work/_temp/setup-uv-cache
2026-09-20T02:23:25.9644514Z ##[endgroup]
2026-09-20T02:23:26.0280907Z info: syncing channel updates for 1.88.0-x86_64-unknown-linux-gnu
2026-09-20T02:23:26.1412737Z info: latest update on 2025-06-26 for version 1.88.0 (6b00bc388 2025-06-23)
2026-09-20T02:23:26.1413308Z info: downloading 3 components
2026-09-20T02:23:33.7069571Z 
2026-09-20T02:23:33.7146399Z   1.88.0-x86_64-unknown-linux-gnu installed - rustc 1.88.0 (6b00bc388 2025-06-23)
2026-09-20T02:23:33.7245960Z info: using existing install for 1.88.0-x86_64-unknown-linux-gnu
2026-09-20T02:23:33.7246318Z 
2026-09-20T02:23:33.7252142Z info: default toolchain set to 1.88.0-x86_64-unknown-linux-gnu
2026-09-20T02:23:33.7252447Z 
2026-09-20T02:23:33.7325949Z   1.88.0-x86_64-unknown-linux-gnu unchanged - rustc 1.88.0 (6b00bc388 2025-06-23)
2026-09-20T02:23:33.7326417Z 
2026-09-20T02:23:33.7790788Z info: downloading component rust-std
2026-09-20T02:23:36.4750859Z Get:1 file:/etc/apt/apt-mirrors.txt Mirrorlist [144 B]
2026-09-20T02:23:36.5143983Z Hit:2 http://azure.archive.ubuntu.com/ubuntu noble InRelease
2026-09-20T02:23:36.5145683Z Get:6 https://packages.microsoft.com/ubuntu/24.04/prod noble InRelease [3600 B]
2026-09-20T02:23:36.5158923Z Get:3 http://azure.archive.ubuntu.com/ubuntu noble-updates InRelease [126 kB]
2026-09-20T02:23:36.5220779Z Get:4 http://azure.archive.ubuntu.com/ubuntu noble-backports InRelease [126 kB]
2026-09-20T02:23:36.5243807Z Get:5 http://azure.archive.ubuntu.com/ubuntu noble-security InRelease [126 kB]
2026-09-20T02:23:36.5530444Z Get:7 https://dl.google.com/linux/chrome-stable/deb stable InRelease [2548 B]
2026-09-20T02:23:36.6434881Z Get:8 https://packages.microsoft.com/ubuntu/24.04/prod noble/main arm64 Packages [429 kB]
2026-09-20T02:23:36.6585199Z Get:9 https://packages.microsoft.com/ubuntu/24.04/prod noble/main amd64 Packages [478 kB]
2026-09-20T02:23:36.6962745Z Get:10 http://azure.archive.ubuntu.com/ubuntu noble-updates/main amd64 Packages [1275 kB]
2026-09-20T02:23:36.7042208Z Get:11 http://azure.archive.ubuntu.com/ubuntu noble-updates/main Translation-en [294 kB]
2026-09-20T02:23:36.7066439Z Get:12 http://azure.archive.ubuntu.com/ubuntu noble-updates/main amd64 Components [180 kB]
2026-09-20T02:23:36.7097102Z Get:13 http://azure.archive.ubuntu.com/ubuntu noble-updates/universe amd64 Packages [1689 kB]
2026-09-20T02:23:36.7171297Z Get:14 http://azure.archive.ubuntu.com/ubuntu noble-updates/universe Translation-en [338 kB]
2026-09-20T02:23:36.7197295Z Get:15 http://azure.archive.ubuntu.com/ubuntu noble-updates/universe amd64 Components [388 kB]
2026-09-20T02:23:36.7228243Z Get:16 http://azure.archive.ubuntu.com/ubuntu noble-updates/restricted amd64 Packages [1580 kB]
2026-09-20T02:23:36.7330347Z Get:17 http://azure.archive.ubuntu.com/ubuntu noble-updates/restricted Translation-en [359 kB]
2026-09-20T02:23:36.7357444Z Get:18 http://azure.archive.ubuntu.com/ubuntu noble-updates/multiverse amd64 Packages [45.7 kB]
2026-09-20T02:23:36.7373096Z Get:19 http://azure.archive.ubuntu.com/ubuntu noble-updates/multiverse Translation-en [13.1 kB]
2026-09-20T02:23:36.7799849Z Get:20 http://azure.archive.ubuntu.com/ubuntu noble-updates/multiverse amd64 Components [940 B]
2026-09-20T02:23:36.7817533Z Get:21 http://azure.archive.ubuntu.com/ubuntu noble-backports/main amd64 Packages [65.9 kB]
2026-09-20T02:23:36.7833175Z Get:22 http://azure.archive.ubuntu.com/ubuntu noble-backports/main amd64 Components [5764 B]
2026-09-20T02:23:36.7855408Z Get:23 http://azure.archive.ubuntu.com/ubuntu noble-backports/universe amd64 Packages [34.6 kB]
2026-09-20T02:23:36.7860124Z Get:24 http://azure.archive.ubuntu.com/ubuntu noble-backports/universe Translation-en [18.7 kB]
2026-09-20T02:23:36.7873155Z Get:25 http://azure.archive.ubuntu.com/ubuntu noble-backports/universe amd64 Components [12.6 kB]
2026-09-20T02:23:36.8085035Z Get:26 http://azure.archive.ubuntu.com/ubuntu noble-security/main amd64 Packages [1009 kB]
2026-09-20T02:23:36.8143768Z Get:27 http://azure.archive.ubuntu.com/ubuntu noble-security/main Translation-en [214 kB]
2026-09-20T02:23:36.8165197Z Get:28 http://azure.archive.ubuntu.com/ubuntu noble-security/main amd64 Components [46.3 kB]
2026-09-20T02:23:36.8181296Z Get:29 http://azure.archive.ubuntu.com/ubuntu noble-security/universe amd64 Packages [1208 kB]
2026-09-20T02:23:36.8248530Z Get:30 http://azure.archive.ubuntu.com/ubuntu noble-security/universe Translation-en [243 kB]
2026-09-20T02:23:36.8271063Z Get:31 http://azure.archive.ubuntu.com/ubuntu noble-security/universe amd64 Components [76.2 kB]
2026-09-20T02:23:36.8298525Z Get:32 http://azure.archive.ubuntu.com/ubuntu noble-security/restricted amd64 Packages [1449 kB]
2026-09-20T02:23:36.8382211Z Get:33 http://azure.archive.ubuntu.com/ubuntu noble-security/restricted Translation-en [336 kB]
2026-09-20T02:23:36.8840636Z Get:34 http://azure.archive.ubuntu.com/ubuntu noble-security/multiverse Translation-en [11.3 kB]
2026-09-20T02:23:36.8859460Z Get:35 https://dl.google.com/linux/chrome-stable/deb stable/main amd64 Packages [1408 B]
2026-09-20T02:23:41.1288193Z Fetched 12.2 MB in 1s (9054 kB/s)
2026-09-20T02:23:41.9737598Z Reading package lists...
2026-09-20T02:23:42.0052940Z Reading package lists...
2026-09-20T02:23:42.2080926Z Building dependency tree...
2026-09-20T02:23:42.2088357Z Reading state information...
2026-09-20T02:23:42.3608714Z The following additional packages will be installed:
2026-09-20T02:23:42.3609606Z   musl musl-dev
2026-09-20T02:23:42.3799836Z The following NEW packages will be installed:
2026-09-20T02:23:42.3800740Z   musl musl-dev musl-tools
2026-09-20T02:23:42.3972516Z 0 upgraded, 3 newly installed, 0 to remove and 73 not upgraded.
2026-09-20T02:23:42.3973296Z Need to get 1037 kB of archives.
2026-09-20T02:23:42.3974055Z After this operation, 4177 kB of additional disk space will be used.
2026-09-20T02:23:42.3974952Z Get:1 file:/etc/apt/apt-mirrors.txt Mirrorlist [144 B]
2026-09-20T02:23:42.4352516Z Get:2 http://azure.archive.ubuntu.com/ubuntu noble/universe amd64 musl amd64 1.2.4-2 [416 kB]
2026-09-20T02:23:42.4638942Z Get:3 http://azure.archive.ubuntu.com/ubuntu noble/universe amd64 musl-dev amd64 1.2.4-2 [616 kB]
2026-09-20T02:23:42.4939042Z Get:4 http://azure.archive.ubuntu.com/ubuntu noble/universe amd64 musl-tools amd64 1.2.4-2 [5540 B]
2026-09-20T02:23:43.2783355Z Fetched 1037 kB in 0s (9692 kB/s)
2026-09-20T02:23:43.3007940Z Selecting previously unselected package musl:amd64.
2026-09-20T02:23:43.3286549Z (Reading database ... 
2026-09-20T02:23:43.3287006Z (Reading database ... 5%
2026-09-20T02:23:43.3287677Z (Reading database ... 10%
2026-09-20T02:23:43.3288035Z (Reading database ... 15%
2026-09-20T02:23:43.3288342Z (Reading database ... 20%
2026-09-20T02:23:43.3288627Z (Reading database ... 25%
2026-09-20T02:23:43.3288968Z (Reading database ... 30%
2026-09-20T02:23:43.3289538Z (Reading database ... 35%
2026-09-20T02:23:43.3290701Z (Reading database ... 40%
2026-09-20T02:23:43.3291415Z (Reading database ... 45%
2026-09-20T02:23:43.3292097Z (Reading database ... 50%
2026-09-20T02:23:43.3347846Z (Reading database ... 55%
2026-09-20T02:23:43.4565277Z (Reading database ... 60%
2026-09-20T02:23:43.6508137Z (Reading database ... 65%
2026-09-20T02:23:43.8045222Z (Reading database ... 70%
2026-09-20T02:23:43.9962948Z (Reading database ... 75%
2026-09-20T02:23:44.1603303Z (Reading database ... 80%
2026-09-20T02:23:44.3479128Z (Reading database ... 85%
2026-09-20T02:23:44.5544696Z (Reading database ... 90%
2026-09-20T02:23:44.7098636Z (Reading database ... 95%
2026-09-20T02:23:44.7099333Z (Reading database ... 100%
2026-09-20T02:23:44.7100219Z (Reading database ... 201818 files and directories currently installed.)
2026-09-20T02:23:44.7142256Z Preparing to unpack .../musl_1.2.4-2_amd64.deb ...
2026-09-20T02:23:44.7169382Z Unpacking musl:amd64 (1.2.4-2) ...
2026-09-20T02:23:44.7668359Z Selecting previously unselected package musl-dev:amd64.
2026-09-20T02:23:44.7791266Z Preparing to unpack .../musl-dev_1.2.4-2_amd64.deb ...
2026-09-20T02:23:44.7799079Z Unpacking musl-dev:amd64 (1.2.4-2) ...
2026-09-20T02:23:44.8441754Z Selecting previously unselected package musl-tools.
2026-09-20T02:23:44.8567769Z Preparing to unpack .../musl-tools_1.2.4-2_amd64.deb ...
2026-09-20T02:23:44.8575616Z Unpacking musl-tools (1.2.4-2) ...
2026-09-20T02:23:44.8954859Z Setting up musl:amd64 (1.2.4-2) ...
2026-09-20T02:23:44.8988921Z Setting up musl-dev:amd64 (1.2.4-2) ...
2026-09-20T02:23:44.9021838Z Setting up musl-tools (1.2.4-2) ...
2026-09-20T02:23:44.9046504Z Processing triggers for man-db (2.12.0-4build2) ...
2026-09-20T02:23:44.9066472Z Not building database; man-db/auto-update is not 'true'.
2026-09-20T02:23:45.5389523Z 
2026-09-20T02:23:45.5390222Z Running kernel seems to be up-to-date.
2026-09-20T02:23:45.5390526Z 
2026-09-20T02:23:45.5390710Z No services need to be restarted.
2026-09-20T02:23:45.5390938Z 
2026-09-20T02:23:45.5391158Z No containers need to be restarted.
2026-09-20T02:23:45.5391383Z 
2026-09-20T02:23:45.5391610Z No user sessions are running outdated binaries.
2026-09-20T02:23:45.5391890Z 
2026-09-20T02:23:45.5392256Z No VM guests are running outdated hypervisor (qemu) binaries on this host.
2026-09-20T02:23:46.5011047Z ##[group]Run uv run --no-sync python -m build --wheel --outdir pure-dist
2026-09-20T02:23:46.5011605Z [36;1muv run --no-sync python -m build --wheel --outdir pure-dist[0m
2026-09-20T02:23:46.5048964Z shell: /usr/bin/bash -e {0}
2026-09-20T02:23:46.5049225Z env:
2026-09-20T02:23:46.5049499Z   pythonLocation: /opt/hostedtoolcache/Python/3.12.14/x64
2026-09-20T02:23:46.5049978Z   PKG_CONFIG_PATH: /opt/hostedtoolcache/Python/3.12.14/x64/lib/pkgconfig
2026-09-20T02:23:46.5050446Z   Python_ROOT_DIR: /opt/hostedtoolcache/Python/3.12.14/x64
2026-09-20T02:23:46.5050857Z   Python2_ROOT_DIR: /opt/hostedtoolcache/Python/3.12.14/x64
2026-09-20T02:23:46.5051254Z   Python3_ROOT_DIR: /opt/hostedtoolcache/Python/3.12.14/x64
2026-09-20T02:23:46.5051669Z   LD_LIBRARY_PATH: /opt/hostedtoolcache/Python/3.12.14/x64/lib
2026-09-20T02:23:46.5052075Z   UV_PYTHON_INSTALL_DIR: /home/runner/work/_temp/uv-python-dir
2026-09-20T02:23:46.5052454Z   UV_CACHE_DIR: /home/runner/work/_temp/setup-uv-cache
2026-09-20T02:23:46.5052793Z ##[endgroup]
2026-09-20T02:23:46.6372676Z * Creating isolated environment: venv+pip...
2026-09-20T02:23:49.0981819Z * Installing packages in isolated environment:
2026-09-20T02:23:49.0982885Z   - hatchling<1.31
2026-09-20T02:23:49.8851916Z * Getting build dependencies for wheel...
2026-09-20T02:23:50.0394925Z * Building wheel...
2026-09-20T02:23:51.0305308Z Successfully built hol_guard-3.0.1-py3-none-any.whl
2026-09-20T02:23:51.0507685Z ##[group]Run VERSION=$(uv run --no-sync python scripts/sync_repo_version.py --check)
2026-09-20T02:23:51.0508303Z [36;1mVERSION=$(uv run --no-sync python scripts/sync_repo_version.py --check)[0m
2026-09-20T02:23:51.0508764Z [36;1mexport HOL_GUARD_PACKAGE_VERSION="$VERSION"[0m
2026-09-20T02:23:51.0509380Z [36;1mcargo build --manifest-path rust/Cargo.toml --locked --release --target x86_64-unknown-linux-musl -p hol-guard-runtime[0m
2026-09-20T02:23:51.0510089Z [36;1mruntime="rust/target/x86_64-unknown-linux-musl/release/hol-guard-runtime"[0m
2026-09-20T02:23:51.0510540Z [36;1mLDD_OUTPUT=$(ldd "$runtime" 2>&1 || true)[0m
2026-09-20T02:23:51.0510983Z [36;1mif grep -Eq 'not a dynamic executable|statically linked' <<< "$LDD_OUTPUT"; then[0m
2026-09-20T02:23:51.0511432Z [36;1m  echo "Runtime is static"[0m
2026-09-20T02:23:51.0511689Z [36;1melse[0m
2026-09-20T02:23:51.0511962Z [36;1m  echo "Linux runtime must be statically linked" >&2[0m
2026-09-20T02:23:51.0512355Z [36;1m  printf '%s\n' "$LDD_OUTPUT" >&2[0m
2026-09-20T02:23:51.0512636Z [36;1m  exit 1[0m
2026-09-20T02:23:51.0512838Z [36;1mfi[0m
2026-09-20T02:23:51.0513046Z [36;1m"$runtime" self-test --json[0m
2026-09-20T02:23:51.0549110Z shell: /usr/bin/bash -e {0}
2026-09-20T02:23:51.0549370Z env:
2026-09-20T02:23:51.0549656Z   pythonLocation: /opt/hostedtoolcache/Python/3.12.14/x64
2026-09-20T02:23:51.0550117Z   PKG_CONFIG_PATH: /opt/hostedtoolcache/Python/3.12.14/x64/lib/pkgconfig
2026-09-20T02:23:51.0550557Z   Python_ROOT_DIR: /opt/hostedtoolcache/Python/3.12.14/x64
2026-09-20T02:23:51.0550942Z   Python2_ROOT_DIR: /opt/hostedtoolcache/Python/3.12.14/x64
2026-09-20T02:23:51.0551334Z   Python3_ROOT_DIR: /opt/hostedtoolcache/Python/3.12.14/x64
2026-09-20T02:23:51.0551727Z   LD_LIBRARY_PATH: /opt/hostedtoolcache/Python/3.12.14/x64/lib
2026-09-20T02:23:51.0552132Z   UV_PYTHON_INSTALL_DIR: /home/runner/work/_temp/uv-python-dir
2026-09-20T02:23:51.0552522Z   UV_CACHE_DIR: /home/runner/work/_temp/setup-uv-cache
2026-09-20T02:23:51.0552895Z   HOL_GUARD_BUILD_SHA: 7547248637d9809929055813ec49e26e00395498
2026-09-20T02:23:51.0553220Z ##[endgroup]
2026-09-20T02:23:51.1818685Z     Updating crates.io index
2026-09-20T02:23:51.3748833Z  Downloading crates ...
2026-09-20T02:23:51.5294879Z   Downloaded autocfg v1.5.1
2026-09-20T02:23:51.5318523Z   Downloaded cfg-if v1.0.4
2026-09-20T02:23:51.5340550Z   Downloaded crypto-common v0.1.7
2026-09-20T02:23:51.5353759Z   Downloaded bitflags v2.13.1
2026-09-20T02:23:51.5404023Z   Downloaded cpufeatures v0.2.17
2026-09-20T02:23:51.5422356Z   Downloaded block-buffer v0.10.4
2026-09-20T02:23:51.5435270Z   Downloaded cfg_aliases v0.2.2
2026-09-20T02:23:51.5458047Z   Downloaded cc v1.4.4
2026-09-20T02:23:51.5492217Z   Downloaded fs2 v0.4.3
2026-09-20T02:23:51.5508497Z   Downloaded itoa v1.0.18
2026-09-20T02:23:51.5525997Z   Downloaded untrusted v0.9.0
2026-09-20T02:23:51.5547574Z   Downloaded version_check v0.9.5
2026-09-20T02:23:51.5566483Z   Downloaded zmij v1.0.23
2026-09-20T02:23:51.5587528Z   Downloaded hex v0.4.3
2026-09-20T02:23:51.5607709Z   Downloaded sha2 v0.10.9
2026-09-20T02:23:51.5638399Z   Downloaded memoffset v0.9.1
2026-09-20T02:23:51.5653438Z   Downloaded find-msvc-tools v0.1.11
2026-09-20T02:23:51.5672464Z   Downloaded shlex v2.0.1
2026-09-20T02:23:51.5691500Z   Downloaded serde_derive v1.0.229
2026-09-20T02:23:51.5726995Z   Downloaded unicode-ident v1.0.24
2026-09-20T02:23:51.5759572Z   Downloaded thiserror-impl v2.0.20
2026-09-20T02:23:51.5778063Z   Downloaded serde_core v1.0.229
2026-09-20T02:23:51.5809845Z   Downloaded getrandom v0.2.17
2026-09-20T02:23:51.5843760Z   Downloaded thiserror v2.0.20
2026-09-20T02:23:51.5912104Z   Downloaded proc-macro2 v1.0.107
2026-09-20T02:23:51.5947861Z   Downloaded serde v1.0.229
2026-09-20T02:23:51.5986410Z   Downloaded memchr v2.8.3
2026-09-20T02:23:51.6047423Z   Downloaded typenum v1.20.1
2026-09-20T02:23:51.6087573Z   Downloaded aho-corasick v1.1.5
2026-09-20T02:23:51.6144221Z   Downloaded digest v0.10.7
2026-09-20T02:23:51.6165242Z   Downloaded regex v1.13.1
2026-09-20T02:23:51.6223388Z   Downloaded serde_json v1.0.151
2026-09-20T02:23:51.6299520Z   Downloaded getrandom v0.3.4
2026-09-20T02:23:51.6338112Z   Downloaded quote v1.0.47
2026-09-20T02:23:51.6368109Z   Downloaded generic-array v0.14.7
2026-09-20T02:23:51.6384812Z   Downloaded sysinfo v0.37.2
2026-09-20T02:23:51.6552128Z   Downloaded syn v3.0.3
2026-09-20T02:23:51.6665462Z   Downloaded regex-syntax v0.8.11
2026-09-20T02:23:51.6734386Z   Downloaded nix v0.31.3
2026-09-20T02:23:51.6888771Z   Downloaded regex-automata v0.4.18
2026-09-20T02:23:51.7040576Z   Downloaded libc v0.2.189
2026-09-20T02:23:51.7490141Z   Downloaded ring v0.17.14
2026-09-20T02:23:51.8137103Z    Compiling version_check v0.9.5
2026-09-20T02:23:51.8137819Z    Compiling proc-macro2 v1.0.107
2026-09-20T02:23:51.8138516Z    Compiling cfg-if v1.0.4
2026-09-20T02:23:51.8139896Z    Compiling quote v1.0.47
2026-09-20T02:23:51.8435024Z    Compiling unicode-ident v1.0.24
2026-09-20T02:23:51.9077217Z    Compiling typenum v1.20.1
2026-09-20T02:23:52.0337112Z    Compiling generic-array v0.14.7
2026-09-20T02:23:52.0423420Z    Compiling libc v0.2.189
2026-09-20T02:23:52.1696947Z    Compiling memchr v2.8.3
2026-09-20T02:23:52.9247714Z    Compiling syn v3.0.3
2026-09-20T02:23:53.2687143Z    Compiling crypto-common v0.1.7
2026-09-20T02:23:53.3426950Z    Compiling block-buffer v0.10.4
2026-09-20T02:23:53.4276999Z    Compiling digest v0.10.7
2026-09-20T02:23:53.4787446Z    Compiling cpufeatures v0.2.17
2026-09-20T02:23:53.5177563Z    Compiling serde_core v1.0.229
2026-09-20T02:23:53.5957097Z    Compiling sha2 v0.10.9
2026-09-20T02:23:53.7626629Z    Compiling hex v0.4.3
2026-09-20T02:23:54.0557039Z    Compiling autocfg v1.5.1
2026-09-20T02:23:54.3667092Z    Compiling serde v1.0.229
2026-09-20T02:23:54.5697009Z    Compiling zmij v1.0.23
2026-09-20T02:23:54.7748168Z    Compiling memoffset v0.9.1
2026-09-20T02:23:54.9146988Z    Compiling cfg_aliases v0.2.2
2026-09-20T02:23:54.9477044Z    Compiling thiserror v2.0.20
2026-09-20T02:23:55.1956925Z    Compiling serde_json v1.0.151
2026-09-20T02:23:55.3647070Z    Compiling nix v0.31.3
2026-09-20T02:23:55.5417788Z    Compiling serde_derive v1.0.229
2026-09-20T02:23:55.7137476Z    Compiling thiserror-impl v2.0.20
2026-09-20T02:23:55.7847273Z    Compiling itoa v1.0.18
2026-09-20T02:23:56.0177447Z    Compiling guard-rules v0.1.0 (/home/runner/work/hol-guard/hol-guard/rust/crates/guard-rules)
2026-09-20T02:23:56.1677735Z    Compiling aho-corasick v1.1.5
2026-09-20T02:23:57.1677101Z    Compiling bitflags v2.13.1
2026-09-20T02:23:57.4987175Z    Compiling regex-syntax v0.8.11
2026-09-20T02:23:59.6820088Z    Compiling find-msvc-tools v0.1.11
2026-09-20T02:23:59.7627133Z    Compiling shlex v2.0.1
2026-09-20T02:23:59.8563525Z    Compiling cc v1.4.4
2026-09-20T02:23:59.8783737Z    Compiling guard-contracts v0.1.0 (/home/runner/work/hol-guard/hol-guard/rust/crates/guard-contracts)
2026-09-20T02:24:01.3627141Z    Compiling regex-automata v0.4.18
2026-09-20T02:24:04.5237537Z    Compiling regex v1.13.1
2026-09-20T02:24:06.1097887Z    Compiling guard-secure-fs v0.1.0 (/home/runner/work/hol-guard/hol-guard/rust/crates/guard-secure-fs)
2026-09-20T02:24:06.7607203Z    Compiling ring v0.17.14
2026-09-20T02:24:07.2487129Z    Compiling getrandom v0.3.4
2026-09-20T02:24:07.5489432Z    Compiling guard-scanner v0.1.0 (/home/runner/work/hol-guard/hol-guard/rust/crates/guard-scanner)
2026-09-20T02:24:08.1547160Z    Compiling getrandom v0.2.17
2026-09-20T02:24:08.2957377Z    Compiling untrusted v0.9.0
2026-09-20T02:24:08.3597711Z    Compiling guard-hook-core v0.1.0 (/home/runner/work/hol-guard/hol-guard/rust/crates/guard-hook-core)
2026-09-20T02:24:08.7677970Z    Compiling guard-command v0.1.0 (/home/runner/work/hol-guard/hol-guard/rust/crates/guard-command)
2026-09-20T02:24:09.8167858Z    Compiling guard-policy-snapshot v0.1.0 (/home/runner/work/hol-guard/hol-guard/rust/crates/guard-policy-snapshot)
2026-09-20T02:24:12.4968884Z    Compiling guard-rule-contract v0.1.0 (/home/runner/work/hol-guard/hol-guard/rust/crates/guard-rule-contract)
2026-09-20T02:24:12.8317100Z    Compiling fs2 v0.4.3
2026-09-20T02:24:12.9267153Z    Compiling sysinfo v0.37.2
2026-09-20T02:24:15.6358222Z    Compiling guard-runtime-windows-process v0.1.0 (/home/runner/work/hol-guard/hol-guard/rust/crates/guard-runtime-windows-process)
2026-09-20T02:24:23.9359765Z    Compiling hol-guard-runtime v0.1.0 (/home/runner/work/hol-guard/hol-guard/rust/crates/guard-runtime)
2026-09-20T02:24:36.4495407Z     Finished `release` profile [optimized] target(s) in 45.30s
2026-09-20T02:24:36.4822655Z Runtime is static
2026-09-20T02:24:36.4853362Z {"capabilities":{"build_sha":"7547248637d9809929055813ec49e26e00395498","features":["post-tool-inline-v1","post-tool-source-read-v1","oneshot-v1","framed-serve-v1","resident-protocol-v2","bounded-admission-v2","overload-signal-v1","panic-containment-v1","rule-contract-v2","pre-tool-command-model-shadow-v1","resident-command-model-shadow-v1","pre-tool-command-authority-v1","pre-tool-generic-authority-v1","native-command-program-v1","native-command-control-fence-v1","policy-snapshot-v3","policy-snapshot-push-v1","policy-snapshot-resident-generation-v1","native-approval-artifact-v3","native-approval-challenge-v3","native-approval-validation-v3","native-approval-consume-v3","native-approval-webauthn-v4","native-approval-challenge-v4","native-approval-validation-v4","native-approval-consume-v4","native-approval-replay-memory-v1","native-policy-in-memory-v1","hook-envelope-v2","native-resident-client-v1","native-resident-lifecycle-v1","authenticated-unix-resident-v1"],"protocol_version":1,"rule_digest":"e9d2024f94d91cb5ae1a9d8e8c60a398f24bf1af7767c578e1997f33cc98a32a","runtime_version":"3.0.1","target":"x86_64-linux"},"ok":true}
2026-09-20T02:24:36.4890021Z ##[group]Run VERSION=$(uv run --no-sync python scripts/sync_repo_version.py --check)
2026-09-20T02:24:36.4890680Z [36;1mVERSION=$(uv run --no-sync python scripts/sync_repo_version.py --check)[0m
2026-09-20T02:24:36.4891229Z [36;1mruntime="rust/target/x86_64-unknown-linux-musl/release/hol-guard-runtime"[0m
2026-09-20T02:24:36.4891937Z [36;1mRULE_DIGEST=$("$runtime" capabilities --json | python -c 'import json,sys; print(json.load(sys.stdin)["rule_digest"])')[0m
2026-09-20T02:24:36.4892601Z [36;1muv run --no-sync python scripts/build_native_hol_guard_wheel.py \[0m
2026-09-20T02:24:36.4893085Z [36;1m  --wheel "pure-dist/hol_guard-${VERSION}-py3-none-any.whl" \[0m
2026-09-20T02:24:36.4893469Z [36;1m  --runtime "$runtime" \[0m
2026-09-20T02:24:36.4893756Z [36;1m  --output-dir native-dist \[0m
2026-09-20T02:24:36.4894030Z [36;1m  --version "$VERSION" \[0m
2026-09-20T02:24:36.4894326Z [36;1m  --platform-tag manylinux_2_17_x86_64 \[0m
2026-09-20T02:24:36.4894688Z [36;1m  --target x86_64-unknown-linux-musl \[0m
2026-09-20T02:24:36.4895003Z [36;1m  --source-sha "$SOURCE_SHA" \[0m
2026-09-20T02:24:36.4895294Z [36;1m  --rule-digest "$RULE_DIGEST"[0m
2026-09-20T02:24:36.4895642Z [36;1muv pip uninstall --python .venv/bin/python hol-guard[0m
2026-09-20T02:24:36.4896564Z [36;1muv pip install --python .venv/bin/python --no-deps --force-reinstall native-dist/*.whl[0m
2026-09-20T02:24:36.4897153Z [36;1munset HOL_GUARD_NATIVE HOL_GUARD_NATIVE_BINARY HOL_GUARD_HOOK_FAST_PATH[0m
2026-09-20T02:24:36.4897702Z [36;1munset HOL_GUARD_NATIVE_MODE HOL_GUARD_NATIVE_ORACLE HOL_GUARD_NATIVE_DIAGNOSTIC[0m
2026-09-20T02:24:36.4898318Z [36;1munset HOL_GUARD_HOOK_FAST_PATH_SHADOW HOL_GUARD_HOOK_SOURCE_REF HOL_GUARD_HOOK_BINARY[0m
2026-09-20T02:24:36.4898983Z [36;1munset HOL_GUARD_FAST_PATH HOL_GUARD_BINARY HOL_GUARD_ORACLE HOL_GUARD_DIAGNOSTIC HOL_GUARD_TEST_MODE[0m
2026-09-20T02:24:36.4899498Z [36;1munset HOL_GUARD_PYTHON_ORACLE[0m
2026-09-20T02:24:36.4899908Z [36;1munset HOL_GUARD_TEST_KEYRING_FILE HOL_GUARD_TEST_SYNC_AUTH_CONTEXT_JSON[0m
2026-09-20T02:24:36.4900610Z [36;1munset HOL_GUARD_RUN_SYSTEM_KEYCHAIN_TEST[0m
2026-09-20T02:24:36.4901136Z [36;1munset GUARD_NATIVE GUARD_NATIVE_BINARY GUARD_NATIVE_MODE GUARD_NATIVE_ORACLE GUARD_NATIVE_DIAGNOSTIC[0m
2026-09-20T02:24:36.4901833Z [36;1munset GUARD_HOOK_FAST_PATH GUARD_HOOK_FAST_PATH_SHADOW GUARD_HOOK_SOURCE_REF GUARD_HOOK_BINARY[0m
2026-09-20T02:24:36.4902463Z [36;1munset GUARD_FAST_PATH GUARD_BINARY GUARD_ORACLE GUARD_DIAGNOSTIC GUARD_TEST_MODE[0m
2026-09-20T02:24:36.4903093Z [36;1munset GUARD_TEST_KEYRING_FILE GUARD_TEST_SYNC_AUTH_CONTEXT_JSON GUARD_PYTEST_DURATION_OUTPUT[0m
2026-09-20T02:24:36.4903706Z [36;1munset PYTEST_CURRENT_TEST PYTEST_ADDOPTS PYTEST_PLUGINS PYTHONPATH[0m
2026-09-20T02:24:36.4904391Z [36;1m.venv/bin/python -I ci/native_runtime/probe_installed_runtime_identity.py --json native-installed-identity.json[0m
2026-09-20T02:24:36.4905158Z [36;1m.venv/bin/python ci/native_runtime/probe_native_default_auto.py --json native-default-auto.json[0m
2026-09-20T02:24:36.4906131Z [36;1m.venv/bin/python ci/native_runtime/probe_installed_pi_output.py --json installed-pi-output.json[0m
2026-09-20T02:24:36.4941686Z shell: /usr/bin/bash -e {0}
2026-09-20T02:24:36.4941951Z env:
2026-09-20T02:24:36.4942235Z   pythonLocation: /opt/hostedtoolcache/Python/3.12.14/x64
2026-09-20T02:24:36.4942707Z   PKG_CONFIG_PATH: /opt/hostedtoolcache/Python/3.12.14/x64/lib/pkgconfig
2026-09-20T02:24:36.4943179Z   Python_ROOT_DIR: /opt/hostedtoolcache/Python/3.12.14/x64
2026-09-20T02:24:36.4943595Z   Python2_ROOT_DIR: /opt/hostedtoolcache/Python/3.12.14/x64
2026-09-20T02:24:36.4943997Z   Python3_ROOT_DIR: /opt/hostedtoolcache/Python/3.12.14/x64
2026-09-20T02:24:36.4944399Z   LD_LIBRARY_PATH: /opt/hostedtoolcache/Python/3.12.14/x64/lib
2026-09-20T02:24:36.4944816Z   UV_PYTHON_INSTALL_DIR: /home/runner/work/_temp/uv-python-dir
2026-09-20T02:24:36.4945196Z   UV_CACHE_DIR: /home/runner/work/_temp/setup-uv-cache
2026-09-20T02:24:36.4945963Z   SOURCE_SHA: 7547248637d9809929055813ec49e26e00395498
2026-09-20T02:24:36.4946328Z ##[endgroup]
2026-09-20T02:24:37.8067282Z native-dist/hol_guard-3.0.1-py3-none-manylinux_2_17_x86_64.whl
2026-09-20T02:24:37.8769352Z Uninstalled 1 package in 49ms
2026-09-20T02:24:37.8770311Z  - hol-guard==3.0.1 (from file:///home/runner/work/hol-guard/hol-guard)
2026-09-20T02:24:37.9350675Z Resolved 1 package in 2ms
2026-09-20T02:24:38.0265451Z Prepared 1 package in 91ms
2026-09-20T02:24:38.0548913Z Installed 1 package in 28ms
2026-09-20T02:24:38.0550405Z  + hol-guard==3.0.1 (from file:///home/runner/work/hol-guard/hol-guard/native-dist/hol_guard-3.0.1-py3-none-manylinux_2_17_x86_64.whl)
2026-09-20T02:24:38.7448984Z {
2026-09-20T02:24:38.7449577Z   "build_sha": "7547248637d9809929055813ec49e26e00395498",
2026-09-20T02:24:38.7450102Z   "cases": [
2026-09-20T02:24:38.7450398Z     {
2026-09-20T02:24:38.7450753Z       "case": "steady_without_client",
2026-09-20T02:24:38.7451229Z       "hashed_bytes": 37197264,
2026-09-20T02:24:38.7451664Z       "result": "passed",
2026-09-20T02:24:38.7452061Z       "validation_calls": 3
2026-09-20T02:24:38.7452441Z     },
2026-09-20T02:24:38.7452707Z     {
2026-09-20T02:24:38.7452997Z       "case": "fresh_child",
2026-09-20T02:24:38.7453407Z       "hashed_bytes": 24798176,
2026-09-20T02:24:38.7453787Z       "result": "passed",
2026-09-20T02:24:38.7454147Z       "validation_calls": 2
2026-09-20T02:24:38.7454481Z     },
2026-09-20T02:24:38.7454751Z     {
2026-09-20T02:24:38.7455074Z       "case": "steady_with_client",
2026-09-20T02:24:38.7455477Z       "hashed_bytes": 0,
2026-09-20T02:24:38.7456114Z       "result": "passed",
2026-09-20T02:24:38.7456478Z       "validation_calls": 0
2026-09-20T02:24:38.7456810Z     },
2026-09-20T02:24:38.7457065Z     {
2026-09-20T02:24:38.7457396Z       "case": "death_before_restart",
2026-09-20T02:24:38.7457846Z       "hashed_bytes": 24798176,
2026-09-20T02:24:38.7458241Z       "result": "passed",
2026-09-20T02:24:38.7458618Z       "validation_calls": 2
2026-09-20T02:24:38.7458979Z     },
2026-09-20T02:24:38.7459245Z     {
2026-09-20T02:24:38.7459933Z       "case": "live_replacement",
2026-09-20T02:24:38.7460325Z       "result": "replaced"
2026-09-20T02:24:38.7460693Z     },
2026-09-20T02:24:38.7460956Z     {
2026-09-20T02:24:38.7461287Z       "case": "replacement_first_status",
2026-09-20T02:24:38.7461736Z       "hashed_bytes": 12399088,
2026-09-20T02:24:38.7462106Z       "result": "passed",
2026-09-20T02:24:38.7462478Z       "validation_calls": 1
2026-09-20T02:24:38.7462816Z     },
2026-09-20T02:24:38.7463090Z     {
2026-09-20T02:24:38.7463433Z       "case": "replacement_fresh_child",
2026-09-20T02:24:38.7463893Z       "hashed_bytes": 24798176,
2026-09-20T02:24:38.7464282Z       "result": "passed",
2026-09-20T02:24:38.7464642Z       "validation_calls": 2
2026-09-20T02:24:38.7464987Z     },
2026-09-20T02:24:38.7465249Z     {
2026-09-20T02:24:38.7465590Z       "case": "source_sha_mismatch",
2026-09-20T02:24:38.7466210Z       "hashed_bytes": 12399088,
2026-09-20T02:24:38.7466599Z       "result": "passed",
2026-09-20T02:24:38.7466955Z       "validation_calls": 1
2026-09-20T02:24:38.7467304Z     },
2026-09-20T02:24:38.7467562Z     {
2026-09-20T02:24:38.7467896Z       "case": "source_sha_restoration",
2026-09-20T02:24:38.7468339Z       "hashed_bytes": 12399088,
2026-09-20T02:24:38.7468710Z       "result": "passed",
2026-09-20T02:24:38.7469056Z       "validation_calls": 1
2026-09-20T02:24:38.7469399Z     },
2026-09-20T02:24:38.7469660Z     {
2026-09-20T02:24:38.7470012Z       "case": "source_sha_restoration_child",
2026-09-20T02:24:38.7470482Z       "hashed_bytes": 24798176,
2026-09-20T02:24:38.7470847Z       "result": "passed",
2026-09-20T02:24:38.7471195Z       "validation_calls": 2
2026-09-20T02:24:38.7471539Z     },
2026-09-20T02:24:38.7471801Z     {
2026-09-20T02:24:38.7472144Z       "case": "package_version_mismatch",
2026-09-20T02:24:38.7472607Z       "hashed_bytes": 12399088,
2026-09-20T02:24:38.7472969Z       "result": "passed",
2026-09-20T02:24:38.7473561Z       "validation_calls": 1
2026-09-20T02:24:38.7473911Z     },
2026-09-20T02:24:38.7474178Z     {
2026-09-20T02:24:38.7474564Z       "case": "package_version_restoration",
2026-09-20T02:24:38.7475024Z       "hashed_bytes": 12399088,
2026-09-20T02:24:38.7475399Z       "result": "passed",
2026-09-20T02:24:38.7475966Z       "validation_calls": 1
2026-09-20T02:24:38.7476309Z     },
2026-09-20T02:24:38.7476571Z     {
2026-09-20T02:24:38.7476968Z       "case": "package_version_restoration_child",
2026-09-20T02:24:38.7477487Z       "hashed_bytes": 24798176,
2026-09-20T02:24:38.7477852Z       "result": "passed",
2026-09-20T02:24:38.7478209Z       "validation_calls": 2
2026-09-20T02:24:38.7478544Z     },
2026-09-20T02:24:38.7478804Z     {
2026-09-20T02:24:38.7479191Z       "case": "same_size_restored_mtime_corruption",
2026-09-20T02:24:38.7479690Z       "hashed_bytes": 12399088,
2026-09-20T02:24:38.7480046Z       "result": "passed",
2026-09-20T02:24:38.7480395Z       "validation_calls": 1
2026-09-20T02:24:38.7480732Z     },
2026-09-20T02:24:38.7480998Z     {
2026-09-20T02:24:38.7481367Z       "case": "original_artifact_restoration",
2026-09-20T02:24:38.7481840Z       "hashed_bytes": 12399088,
2026-09-20T02:24:38.7482204Z       "result": "passed",
2026-09-20T02:24:38.7482543Z       "validation_calls": 1
2026-09-20T02:24:38.7482881Z     },
2026-09-20T02:24:38.7483160Z     {
2026-09-20T02:24:38.7483502Z       "case": "restoration_fresh_child",
2026-09-20T02:24:38.7483962Z       "hashed_bytes": 24798176,
2026-09-20T02:24:38.7484324Z       "result": "passed",
2026-09-20T02:24:38.7484688Z       "validation_calls": 2
2026-09-20T02:24:38.7485019Z     },
2026-09-20T02:24:38.7485273Z     {
2026-09-20T02:24:38.7485596Z       "case": "retired_client_status",
2026-09-20T02:24:38.7486208Z       "hashed_bytes": 37197264,
2026-09-20T02:24:38.7486578Z       "result": "passed",
2026-09-20T02:24:38.7486929Z       "validation_calls": 3
2026-09-20T02:24:38.7487269Z     }
2026-09-20T02:24:38.7487544Z   ],
2026-09-20T02:24:38.7487943Z   "cross_release_upgrade_rollback": "not_exercised",
2026-09-20T02:24:38.7488791Z   "identity_module_sha256": "c5d4dbd104038d66b9d75197ca186d4fd55fd1bcca52b66eaa61142dbc0774fe",
2026-09-20T02:24:38.7489858Z   "machine": "x86_64",
2026-09-20T02:24:38.7490596Z   "manifest_sha256": "ceb8b63795cb84836894d2bae275c87b39010907fd654153c864a7adf84adf7e",
2026-09-20T02:24:38.7491441Z   "package_version": "3.0.1",
2026-09-20T02:24:38.7491826Z   "platform": "linux",
2026-09-20T02:24:38.7492561Z   "runtime_module_sha256": "a2307e3ff183ecfdb61d73dd04e8dc39e04b7a3ca426de5b59d2c4964edf1d55",
2026-09-20T02:24:38.7493614Z   "runtime_sha256": "ca1dab0d81be34073e3b2fbb4c9b917118774c14265a59883ac1877ee35bcd58",
2026-09-20T02:24:38.7494304Z   "runtime_size": 12399088,
2026-09-20T02:24:38.7494799Z   "schema": "hol-guard.installed-runtime-identity.v1",
2026-09-20T02:24:38.7495391Z   "scope": "installed_status_and_real_stdio_child",
2026-09-20T02:24:38.7496234Z   "signing_qualification": "not_exercised"
2026-09-20T02:24:38.7496647Z }
2026-09-20T02:24:48.9413055Z {"command_authority_fixture": {"enrollment_flow": "not_exercised", "provisioning": "isolated_ci_generated_key_empty_authority", "verified_health": "protected"}, "corpus_decisions": 21, "corpus_scope": "normalized_daemon_ingress", "default_mode": "auto", "evidence_failure_diagnostics": {"all_evidence": {}, "native_receipts": {}}, "fail_safe_decisions": 0, "fast_path": "enabled", "mode_invariants": {"off": {"decision": null, "python_oracle": false, "reason_code": "native_hook_disabled"}, "shadow": {"decision": null, "python_oracle": false, "reason_code": "native_shadow_diagnostic_disabled"}}, "oneshot_decisions": 0, "python_semantic_decisions": 0, "reason_code_counts": {"native_policy_warning": 15}, "receipt_metrics": {"accepted": 21, "deduped": 0, "dropped": 0, "durable_pending": 0, "failures": 0, "processed": 21}, "resident_decisions": 21, "resident_share": 1.0, "rollback": "off", "route_receipts": [{"event": "PreToolUse", "harness": "claude-code", "route": "native_resident"}, {"event": "PostToolUse", "harness": "claude-code", "route": "native_resident"}, {"event": "PreToolUse", "harness": "cline", "route": "native_resident"}, {"event": "PostToolUse", "harness": "cline", "route": "native_resident"}, {"event": "PreToolUse", "harness": "codex", "route": "native_resident"}, {"event": "PostToolUse", "harness": "codex", "route": "native_resident"}, {"event": "PreToolUse", "harness": "copilot", "route": "native_resident"}, {"event": "PostToolUse", "harness": "copilot", "route": "native_resident"}, {"event": "PreToolUse", "harness": "cursor", "route": "native_resident"}, {"event": "PostToolUse", "harness": "cursor", "route": "native_resident"}, {"event": "PreToolUse", "harness": "grok", "route": "native_resident"}, {"event": "PreToolUse", "harness": "hermes", "route": "native_resident"}, {"event": "PreToolUse", "harness": "kimi", "route": "native_resident"}, {"event": "PostToolUse", "harness": "kimi", "route": "native_resident"}, {"event": "PreToolUse", "harness": "omp", "route": "native_resident"}, {"event": "PostToolUse", "harness": "omp", "route": "native_resident"}, {"event": "PreToolUse", "harness": "openclaw", "route": "native_resident"}, {"event": "PreToolUse", "harness": "opencode", "route": "native_resident"}, {"event": "PreToolUse", "harness": "pi", "route": "native_resident"}, {"event": "PostToolUse", "harness": "pi", "route": "native_resident"}, {"event": "PreToolUse", "harness": "zcode", "route": "native_resident"}], "runtime_reason": "native_ready", "schema": "hol-guard.native-default-installed-receipt.v1", "target": "x86_64-linux"}
2026-09-20T02:24:55.2734351Z {"cleanup": "authenticated_daemon_stop_then_native_resident_stop", "daemon": "scoped-installed-GuardDaemonServer", "execution_path": "unmodified-generated-extension-via-scoped-installed-daemon-native-resident", "generated_extension": {"harness": "omp", "malformed_result_cases": {"negative-empty": {"cli_invocations": 1, "is_error": true, "observe_mode": null, "preserved": false}, "negative-malformed": {"cli_invocations": 1, "is_error": true, "observe_mode": null, "preserved": false}, "negative-mismatch-proof": {"cli_invocations": 1, "is_error": true, "observe_mode": null, "preserved": false}, "negative-missing-decision": {"cli_invocations": 1, "is_error": true, "observe_mode": null, "preserved": false}, "negative-missing-proof": {"cli_invocations": 1, "is_error": true, "observe_mode": null, "preserved": false}, "negative-nonzero-allow": {"cli_invocations": 1, "is_error": true, "observe_mode": null, "preserved": false}, "negative-observe": {"cli_invocations": 1, "is_error": false, "observe_mode": true, "preserved": true}}, "real_cases": {"empty": {"chars": 0, "daemon_response": {"case_id": "empty", "chars": 0, "decision": "allow", "method": "POST", "model_output_action": "allow_original", "pathname": "/v1/hooks/omp", "preserved": true, "reviewed_output_sha256": "e3b0c44298fc1c149afbf4c8996fb92427ae41e4649b934ca495991b7852b855", "sha256": "e3b0c44298fc1c149afbf4c8996fb92427ae41e4649b934ca495991b7852b855", "status": 200}, "excerpt_chars": 0, "input_content_unchanged": true, "preserved": true, "sha256": "e3b0c44298fc1c149afbf4c8996fb92427ae41e4649b934ca495991b7852b855"}, "large-nonsource": {"chars": 15000, "daemon_response": {"case_id": "large-nonsource", "chars": 15000, "decision": "allow", "method": "POST", "model_output_action": "allow_original", "pathname": "/v1/hooks/omp", "preserved": true, "reviewed_output_sha256": "46c1ad0c0e118fce3100ca08c8502dc618838adf369c90057736a082fd20d506", "sha256": "46c1ad0c0e118fce3100ca08c8502dc618838adf369c90057736a082fd20d506", "status": 200}, "excerpt_chars": 12000, "input_content_unchanged": true, "preserved": true, "sha256": "46c1ad0c0e118fce3100ca08c8502dc618838adf369c90057736a082fd20d506"}, "multiblock-crlf-unicode": {"chars": 27, "daemon_response": {"case_id": "multiblock-crlf-unicode", "chars": 27, "decision": "allow", "method": "POST", "model_output_action": "allow_original", "pathname": "/v1/hooks/omp", "preserved": true, "reviewed_output_sha256": "1b14971c5461779d630b747e81d6b5ca91a7697239b49a344045ba7294534c9f", "sha256": "1b14971c5461779d630b747e81d6b5ca91a7697239b49a344045ba7294534c9f", "status": 200}, "excerpt_chars": 27, "input_content_unchanged": true, "preserved": true, "sha256": "1b14971c5461779d630b747e81d6b5ca91a7697239b49a344045ba7294534c9f"}, "small": {"chars": 18, "daemon_response": {"case_id": "small", "chars": 18, "decision": "allow", "method": "POST", "model_output_action": "allow_original", "pathname": "/v1/hooks/omp", "preserved": true, "reviewed_output_sha256": "75884cb89878f8c291a656516abe968b76ce5dcaa19c9504a1e688190312cbf3", "sha256": "75884cb89878f8c291a656516abe968b76ce5dcaa19c9504a1e688190312cbf3", "status": 200}, "excerpt_chars": 18, "input_content_unchanged": true, "preserved": true, "sha256": "75884cb89878f8c291a656516abe968b76ce5dcaa19c9504a1e688190312cbf3"}}}, "native_prerequisite": "default-auto-status-checked", "native_route_metrics": {"native_resident": 4}, "package_origin_kind": "non-editable-distribution-manifest", "package_version": "3.0.1", "runtime": {"build_sha": "7547248637d9809929055813ec49e26e00395498", "mode": "auto", "reason": "native_ready", "runtime_sha256": "ca1dab0d81be34073e3b2fbb4c9b917118774c14265a59883ac1877ee35bcd58", "runtime_version": "3.0.1", "target": "x86_64-linux"}, "schema": "hol-guard.installed-pi-native-output.v1", "source_checkout_import": false, "source_sha": "7547248637d9809929055813ec49e26e00395498", "workflow_order": "after-native-default-auto-probe"}
2026-09-20T02:24:55.4695319Z ##[group]Run unset HOL_GUARD_NATIVE HOL_GUARD_NATIVE_BINARY HOL_GUARD_HOOK_FAST_PATH
2026-09-20T02:24:55.4696620Z [36;1munset HOL_GUARD_NATIVE HOL_GUARD_NATIVE_BINARY HOL_GUARD_HOOK_FAST_PATH[0m
2026-09-20T02:24:55.4697616Z [36;1munset HOL_GUARD_NATIVE_MODE HOL_GUARD_NATIVE_ORACLE HOL_GUARD_NATIVE_DIAGNOSTIC[0m
2026-09-20T02:24:55.4698695Z [36;1munset HOL_GUARD_HOOK_FAST_PATH_SHADOW HOL_GUARD_HOOK_SOURCE_REF HOL_GUARD_HOOK_BINARY[0m
2026-09-20T02:24:55.4699907Z [36;1munset HOL_GUARD_FAST_PATH HOL_GUARD_BINARY HOL_GUARD_ORACLE HOL_GUARD_DIAGNOSTIC HOL_GUARD_TEST_MODE[0m
2026-09-20T02:24:55.4701105Z [36;1munset HOL_GUARD_TEST_KEYRING_FILE HOL_GUARD_TEST_SYNC_AUTH_CONTEXT_JSON[0m
2026-09-20T02:24:55.4702190Z [36;1munset HOL_GUARD_RUN_SYSTEM_KEYCHAIN_TEST[0m
2026-09-20T02:24:55.4703156Z [36;1munset GUARD_NATIVE GUARD_NATIVE_BINARY GUARD_NATIVE_MODE GUARD_NATIVE_ORACLE GUARD_NATIVE_DIAGNOSTIC[0m
2026-09-20T02:24:55.4704439Z [36;1munset GUARD_HOOK_FAST_PATH GUARD_HOOK_FAST_PATH_SHADOW GUARD_HOOK_SOURCE_REF GUARD_HOOK_BINARY[0m
2026-09-20T02:24:55.4705598Z [36;1munset GUARD_FAST_PATH GUARD_BINARY GUARD_ORACLE GUARD_DIAGNOSTIC GUARD_TEST_MODE[0m
2026-09-20T02:24:55.4707037Z [36;1munset GUARD_TEST_KEYRING_FILE GUARD_TEST_SYNC_AUTH_CONTEXT_JSON GUARD_PYTEST_DURATION_OUTPUT[0m
2026-09-20T02:24:55.4708122Z [36;1munset PYTEST_CURRENT_TEST PYTEST_ADDOPTS PYTEST_PLUGINS PYTHONPATH[0m
2026-09-20T02:24:55.4709940Z [36;1mruntime=$(.venv/bin/python -c 'from codex_plugin_scanner.guard.native_runtime import native_runtime_status; status = native_runtime_status(); assert status.identity is not None; print(status.identity.path)')[0m
2026-09-20T02:24:55.4711799Z [36;1m.venv/bin/python scripts/bench_guard_native_installed_slo.py \[0m
2026-09-20T02:24:55.4712535Z [36;1m  --runtime "$runtime" \[0m
2026-09-20T02:24:55.4713016Z [36;1m  --warm-iterations 2 \[0m
2026-09-20T02:24:55.4713487Z [36;1m  --cold-iterations 2 \[0m
2026-09-20T02:24:55.4713976Z [36;1m  --recovery-iterations 2 \[0m
2026-09-20T02:24:55.4714490Z [36;1m  --readiness-samples 2 \[0m
2026-09-20T02:24:55.4715016Z [36;1m  --json native-installed-slo.json \[0m
2026-09-20T02:24:55.4715543Z [36;1m  --enforce[0m
2026-09-20T02:24:55.4758607Z shell: /usr/bin/bash -e {0}
2026-09-20T02:24:55.4759050Z env:
2026-09-20T02:24:55.4759535Z   pythonLocation: /opt/hostedtoolcache/Python/3.12.14/x64
2026-09-20T02:24:55.4760366Z   PKG_CONFIG_PATH: /opt/hostedtoolcache/Python/3.12.14/x64/lib/pkgconfig
2026-09-20T02:24:55.4761179Z   Python_ROOT_DIR: /opt/hostedtoolcache/Python/3.12.14/x64
2026-09-20T02:24:55.4761603Z   Python2_ROOT_DIR: /opt/hostedtoolcache/Python/3.12.14/x64
2026-09-20T02:24:55.4762010Z   Python3_ROOT_DIR: /opt/hostedtoolcache/Python/3.12.14/x64
2026-09-20T02:24:55.4762428Z   LD_LIBRARY_PATH: /opt/hostedtoolcache/Python/3.12.14/x64/lib
2026-09-20T02:24:55.4762843Z   UV_PYTHON_INSTALL_DIR: /home/runner/work/_temp/uv-python-dir
2026-09-20T02:24:55.4763239Z   UV_CACHE_DIR: /home/runner/work/_temp/setup-uv-cache
2026-09-20T02:24:55.4763628Z   NATIVE_STOP_DIAGNOSTIC_PATH: native-stop-diagnostic.json
2026-09-20T02:24:55.4763957Z ##[endgroup]
2026-09-20T02:25:24.1268901Z {
2026-09-20T02:25:24.1270681Z   "concurrency": {
2026-09-20T02:25:24.1271115Z     "sixteen": {
2026-09-20T02:25:24.1271554Z       "deadline_ms": 1000.0,
2026-09-20T02:25:24.1271990Z       "errors": 0,
2026-09-20T02:25:24.1272313Z       "latency": {
2026-09-20T02:25:24.1272720Z         "count": 16,
2026-09-20T02:25:24.1273068Z         "max_ms": 508.442,
2026-09-20T02:25:24.1273454Z         "p50_ms": 476.542,
2026-09-20T02:25:24.1273809Z         "p95_ms": 508.442,
2026-09-20T02:25:24.1274154Z         "p99_ms": 508.442
2026-09-20T02:25:24.1274527Z       },
2026-09-20T02:25:24.1274860Z       "native_overloads": 0,
2026-09-20T02:25:24.1275232Z       "overloaded": 0,
2026-09-20T02:25:24.1276053Z       "route_attribution": "isolated_batch_counter_conservation",
2026-09-20T02:25:24.1276635Z       "routes": {
2026-09-20T02:25:24.1276962Z         "native_resident": 16
2026-09-20T02:25:24.1277659Z       }
2026-09-20T02:25:24.1277960Z     },
2026-09-20T02:25:24.1278243Z     "sixty_four": {
2026-09-20T02:25:24.1278573Z       "bounded": true,
2026-09-20T02:25:24.1278911Z       "errors": 0,
2026-09-20T02:25:24.1279243Z       "fail_safe": 0,
2026-09-20T02:25:24.1279570Z       "latency": {
2026-09-20T02:25:24.1279873Z         "count": 64,
2026-09-20T02:25:24.1280210Z         "max_ms": 619.382,
2026-09-20T02:25:24.1280569Z         "p50_ms": 395.152,
2026-09-20T02:25:24.1280914Z         "p95_ms": 593.292,
2026-09-20T02:25:24.1281264Z         "p99_ms": 619.382
2026-09-20T02:25:24.1281600Z       },
2026-09-20T02:25:24.1281943Z       "latency_ceiling_ms": null,
2026-09-20T02:25:24.1282625Z       "native_overloads": 0,
2026-09-20T02:25:24.1283005Z       "overloaded": 31,
2026-09-20T02:25:24.1283541Z       "route_attribution": "isolated_batch_counter_conservation",
2026-09-20T02:25:24.1284069Z       "routes": {
2026-09-20T02:25:24.1284420Z         "engine_bypassed": 31,
2026-09-20T02:25:24.1284804Z         "native_resident": 33
2026-09-20T02:25:24.1285144Z       }
2026-09-20T02:25:24.1285418Z     }
2026-09-20T02:25:24.1285679Z   },
2026-09-20T02:25:24.1286260Z   "corpus": {
2026-09-20T02:25:24.1286711Z     "corpus_origin": "installed_wheel_ownership_contract",
2026-09-20T02:25:24.1287209Z     "fail_safe_decisions": 0,
2026-09-20T02:25:24.1287585Z     "fail_safe_rate": 0.0,
2026-09-20T02:25:24.1287943Z     "harnesses": 13,
2026-09-20T02:25:24.1288258Z     "installed": {
2026-09-20T02:25:24.1288573Z       "fail_safe": 0,
2026-09-20T02:25:24.1288952Z       "oneshot": 0,
2026-09-20T02:25:24.1289301Z       "python_semantic": 0,
2026-09-20T02:25:24.1289731Z       "python_semantic_decisions": 0,
2026-09-20T02:25:24.1290158Z       "resident": 21,
2026-09-20T02:25:24.1290480Z       "routes": 21
2026-09-20T02:25:24.1290769Z     },
2026-09-20T02:25:24.1291058Z     "observations": 146,
2026-09-20T02:25:24.1291424Z     "oneshot_decisions": 0,
2026-09-20T02:25:24.1291852Z     "python_fallback_decisions": 0,
2026-09-20T02:25:24.1292301Z     "python_semantic_decisions": 0,
2026-09-20T02:25:24.1292691Z     "resident_share": 1.0,
2026-09-20T02:25:24.1293093Z     "route_corpus": "installed_routes",
2026-09-20T02:25:24.1293482Z     "routes": 21,
2026-09-20T02:25:24.1293836Z     "rss_baseline_bytes": 741801984,
2026-09-20T02:25:24.1294232Z     "rss_growth": 0.014251,
2026-09-20T02:25:24.1294630Z     "rss_peak_bytes": 752373760,
2026-09-20T02:25:24.1295004Z     "safe_failure_rate": 0.0,
2026-09-20T02:25:24.1295372Z     "safe_failures": 0,
2026-09-20T02:25:24.1296017Z     "safe_failures_by_size": {},
2026-09-20T02:25:24.1296417Z     "security_denials": 31,
2026-09-20T02:25:24.1296819Z     "security_denials_by_size": {
2026-09-20T02:25:24.1297201Z       "1k": 31
2026-09-20T02:25:24.1297477Z     },
2026-09-20T02:25:24.1297759Z     "warm_failures": 0
2026-09-20T02:25:24.1298061Z   },
2026-09-20T02:25:24.1298332Z   "errors_16": 0,
2026-09-20T02:25:24.1298627Z   "errors_64": 0,
2026-09-20T02:25:24.1298966Z   "evidence_class": "smoke",
2026-09-20T02:25:24.1299320Z   "gates": {
2026-09-20T02:25:24.1299608Z     "1m_latency": true,
2026-09-20T02:25:24.1299949Z     "250k_latency": true,
2026-09-20T02:25:24.1300287Z     "5m_latency": true,
2026-09-20T02:25:24.1300616Z     "cold_latency": true,
2026-09-20T02:25:24.1300969Z     "concurrency": true,
2026-09-20T02:25:24.1301360Z     "concurrency_64_bounded": true,
2026-09-20T02:25:24.1301760Z     "installed_corpus": true,
2026-09-20T02:25:24.1302124Z     "python_fallback": true,
2026-09-20T02:25:24.1302486Z     "readiness": true,
2026-09-20T02:25:24.1302817Z     "recovery_latency": true,
2026-09-20T02:25:24.1303185Z     "resident_share": true,
2026-09-20T02:25:24.1303550Z     "rss": true,
2026-09-20T02:25:24.1303857Z     "safe_corpus": true,
2026-09-20T02:25:24.1304197Z     "warm_latency": true
2026-09-20T02:25:24.1304519Z   },
2026-09-20T02:25:24.1304802Z   "installed_launcher": {
2026-09-20T02:25:24.1305207Z     "boundary": "INSTALLED_LAUNCHER",
2026-09-20T02:25:24.1306059Z     "cases_validated": [
2026-09-20T02:25:24.1306438Z       "benign",
2026-09-20T02:25:24.1306730Z       "redacted"
2026-09-20T02:25:24.1307026Z     ],
2026-09-20T02:25:24.1307393Z     "configuration": "registered_argv",
2026-09-20T02:25:24.1307819Z     "event": "PostToolUse",
2026-09-20T02:25:24.1308215Z     "evidence_class": "smoke",
2026-09-20T02:25:24.1308589Z     "harness": "claude-code",
2026-09-20T02:25:24.1308942Z     "latency": {
2026-09-20T02:25:24.1309250Z       "count": 2,
2026-09-20T02:25:24.1309574Z       "max_ms": 294.663,
2026-09-20T02:25:24.1309922Z       "p50_ms": 289.045,
2026-09-20T02:25:24.1310248Z       "p95_ms": 294.663,
2026-09-20T02:25:24.1310589Z       "p99_ms": 294.663
2026-09-20T02:25:24.1311117Z     },
2026-09-20T02:25:24.1311471Z     "process_startup_included": true,
2026-09-20T02:25:24.1311956Z     "qualification_complete": false,
2026-09-20T02:25:24.1312417Z     "remaining_routes": "not_measured",
2026-09-20T02:25:24.1312880Z     "stdout_and_exit_checked": true
2026-09-20T02:25:24.1313246Z   },
2026-09-20T02:25:24.1313515Z   "latency": {
2026-09-20T02:25:24.1313863Z     "boundary": "DAEMON_INGRESS",
2026-09-20T02:25:24.1314280Z     "cold_native_oneshot": {
2026-09-20T02:25:24.1314640Z       "count": 2,
2026-09-20T02:25:24.1314933Z       "max_ms": 7.314,
2026-09-20T02:25:24.1315258Z       "p50_ms": 7.256,
2026-09-20T02:25:24.1315587Z       "p95_ms": 7.314,
2026-09-20T02:25:24.1316178Z       "p99_ms": 7.314
2026-09-20T02:25:24.1316491Z     },
2026-09-20T02:25:24.1316780Z     "readiness": {
2026-09-20T02:25:24.1317090Z       "count": 2,
2026-09-20T02:25:24.1317405Z       "max_ms": 0.04,
2026-09-20T02:25:24.1317731Z       "p50_ms": 0.039,
2026-09-20T02:25:24.1318044Z       "p95_ms": 0.04,
2026-09-20T02:25:24.1318356Z       "p99_ms": 0.04
2026-09-20T02:25:24.1318667Z     },
2026-09-20T02:25:24.1319000Z     "resident_recovery": {
2026-09-20T02:25:24.1319356Z       "count": 2,
2026-09-20T02:25:24.1319657Z       "max_ms": 317.297,
2026-09-20T02:25:24.1319984Z       "p50_ms": 246.114,
2026-09-20T02:25:24.1320319Z       "p95_ms": 317.297,
2026-09-20T02:25:24.1320643Z       "p99_ms": 317.297
2026-09-20T02:25:24.1320955Z     },
2026-09-20T02:25:24.1321230Z     "size_classes": {
2026-09-20T02:25:24.1321531Z       "1k": {
2026-09-20T02:25:24.1321841Z         "count": 122,
2026-09-20T02:25:24.1322182Z         "max_ms": 619.382,
2026-09-20T02:25:24.1322522Z         "p50_ms": 191.105,
2026-09-20T02:25:24.1322863Z         "p95_ms": 581.315,
2026-09-20T02:25:24.1323189Z         "p99_ms": 599.627
2026-09-20T02:25:24.1323502Z       },
2026-09-20T02:25:24.1323769Z       "1m": {
2026-09-20T02:25:24.1324048Z         "count": 8,
2026-09-20T02:25:24.1324356Z         "max_ms": 41.056,
2026-09-20T02:25:24.1324697Z         "p50_ms": 40.434,
2026-09-20T02:25:24.1325031Z         "p95_ms": 41.056,
2026-09-20T02:25:24.1325365Z         "p99_ms": 41.056
2026-09-20T02:25:24.1325676Z       },
2026-09-20T02:25:24.1326222Z       "250k": {
2026-09-20T02:25:24.1326518Z         "count": 8,
2026-09-20T02:25:24.1326832Z         "max_ms": 30.99,
2026-09-20T02:25:24.1327166Z         "p50_ms": 30.36,
2026-09-20T02:25:24.1327493Z         "p95_ms": 30.99,
2026-09-20T02:25:24.1327811Z         "p99_ms": 30.99
2026-09-20T02:25:24.1328126Z       },
2026-09-20T02:25:24.1328408Z       "5m": {
2026-09-20T02:25:24.1328701Z         "count": 8,
2026-09-20T02:25:24.1329021Z         "max_ms": 116.779,
2026-09-20T02:25:24.1329393Z         "p50_ms": 111.938,
2026-09-20T02:25:24.1329759Z         "p95_ms": 116.779,
2026-09-20T02:25:24.1330098Z         "p99_ms": 116.779
2026-09-20T02:25:24.1330423Z       }
2026-09-20T02:25:24.1330679Z     },
2026-09-20T02:25:24.1330954Z     "warm_all_harnesses": {
2026-09-20T02:25:24.1331293Z       "count": 42,
2026-09-20T02:25:24.1331605Z       "max_ms": 40.798,
2026-09-20T02:25:24.1331922Z       "p50_ms": 25.642,
2026-09-20T02:25:24.1332230Z       "p95_ms": 35.81,
2026-09-20T02:25:24.1332544Z       "p99_ms": 40.798
2026-09-20T02:25:24.1332845Z     },
2026-09-20T02:25:24.1333131Z     "warm_by_event": {
2026-09-20T02:25:24.1333667Z       "PostToolUse": {
2026-09-20T02:25:24.1334001Z         "count": 16,
2026-09-20T02:25:24.1334319Z         "max_ms": 35.81,
2026-09-20T02:25:24.1334640Z         "p50_ms": 25.26,
2026-09-20T02:25:24.1334973Z         "p95_ms": 35.81,
2026-09-20T02:25:24.1335290Z         "p99_ms": 35.81
2026-09-20T02:25:24.1335593Z       },
2026-09-20T02:25:24.1336093Z       "PreToolUse": {
2026-09-20T02:25:24.1336417Z         "count": 26,
2026-09-20T02:25:24.1336722Z         "max_ms": 40.798,
2026-09-20T02:25:24.1337066Z         "p50_ms": 27.974,
2026-09-20T02:25:24.1337390Z         "p95_ms": 36.118,
2026-09-20T02:25:24.1337720Z         "p99_ms": 40.798
2026-09-20T02:25:24.1338042Z       }
2026-09-20T02:25:24.1340346Z     },
2026-09-20T02:25:24.1340649Z     "warm_by_route": {
2026-09-20T02:25:24.1341064Z       "claude-code.PostToolUse": {
2026-09-20T02:25:24.1341456Z         "count": 2,
2026-09-20T02:25:24.1341775Z         "max_ms": 25.352,
2026-09-20T02:25:24.1342119Z         "p50_ms": 25.22,
2026-09-20T02:25:24.1342468Z         "p95_ms": 25.352,
2026-09-20T02:25:24.1342794Z         "p99_ms": 25.352
2026-09-20T02:25:24.1343097Z       },
2026-09-20T02:25:24.1343443Z       "claude-code.PreToolUse": {
2026-09-20T02:25:24.1343815Z         "count": 2,
2026-09-20T02:25:24.1344114Z         "max_ms": 35.287,
2026-09-20T02:25:24.1344436Z         "p50_ms": 32.828,
2026-09-20T02:25:24.1344765Z         "p95_ms": 35.287,
2026-09-20T02:25:24.1345084Z         "p99_ms": 35.287
2026-09-20T02:25:24.1345392Z       },
2026-09-20T02:25:24.1345685Z       "cline.PostToolUse": {
2026-09-20T02:25:24.1346405Z         "count": 2,
2026-09-20T02:25:24.1346718Z         "max_ms": 20.464,
2026-09-20T02:25:24.1347067Z         "p50_ms": 20.26,
2026-09-20T02:25:24.1347401Z         "p95_ms": 20.464,
2026-09-20T02:25:24.1347726Z         "p99_ms": 20.464
2026-09-20T02:25:24.1348037Z       },
2026-09-20T02:25:24.1348340Z       "cline.PreToolUse": {
2026-09-20T02:25:24.1348687Z         "count": 2,
2026-09-20T02:25:24.1348989Z         "max_ms": 30.322,
2026-09-20T02:25:24.1349341Z         "p50_ms": 27.967,
2026-09-20T02:25:24.1349668Z         "p95_ms": 30.322,
2026-09-20T02:25:24.1349992Z         "p99_ms": 30.322
2026-09-20T02:25:24.1350297Z       },
2026-09-20T02:25:24.1350577Z       "codex.PostToolUse": {
2026-09-20T02:25:24.1350931Z         "count": 2,
2026-09-20T02:25:24.1351229Z         "max_ms": 29.228,
2026-09-20T02:25:24.1351555Z         "p50_ms": 24.831,
2026-09-20T02:25:24.1351876Z         "p95_ms": 29.228,
2026-09-20T02:25:24.1352195Z         "p99_ms": 29.228
2026-09-20T02:25:24.1352494Z       },
2026-09-20T02:25:24.1352780Z       "codex.PreToolUse": {
2026-09-20T02:25:24.1353119Z         "count": 2,
2026-09-20T02:25:24.1353424Z         "max_ms": 40.798,
2026-09-20T02:25:24.1353754Z         "p50_ms": 36.246,
2026-09-20T02:25:24.1354071Z         "p95_ms": 40.798,
2026-09-20T02:25:24.1354398Z         "p99_ms": 40.798
2026-09-20T02:25:24.1354697Z       },
2026-09-20T02:25:24.1355001Z       "copilot.PostToolUse": {
2026-09-20T02:25:24.1355343Z         "count": 2,
2026-09-20T02:25:24.1355652Z         "max_ms": 25.93,
2026-09-20T02:25:24.1356173Z         "p50_ms": 23.107,
2026-09-20T02:25:24.1356503Z         "p95_ms": 25.93,
2026-09-20T02:25:24.1356823Z         "p99_ms": 25.93
2026-09-20T02:25:24.1357140Z       },
2026-09-20T02:25:24.1357441Z       "copilot.PreToolUse": {
2026-09-20T02:25:24.1357814Z         "count": 2,
2026-09-20T02:25:24.1358114Z         "max_ms": 30.3,
2026-09-20T02:25:24.1358434Z         "p50_ms": 27.968,
2026-09-20T02:25:24.1358772Z         "p95_ms": 30.3,
2026-09-20T02:25:24.1359100Z         "p99_ms": 30.3
2026-09-20T02:25:24.1359395Z       },
2026-09-20T02:25:24.1359689Z       "cursor.PostToolUse": {
2026-09-20T02:25:24.1360064Z         "count": 2,
2026-09-20T02:25:24.1360370Z         "max_ms": 25.169,
2026-09-20T02:25:24.1360705Z         "p50_ms": 22.747,
2026-09-20T02:25:24.1361037Z         "p95_ms": 25.169,
2026-09-20T02:25:24.1361366Z         "p99_ms": 25.169
2026-09-20T02:25:24.1361683Z       },
2026-09-20T02:25:24.1362185Z       "cursor.PreToolUse": {
2026-09-20T02:25:24.1362554Z         "count": 2,
2026-09-20T02:25:24.1362862Z         "max_ms": 30.7,
2026-09-20T02:25:24.1363184Z         "p50_ms": 25.269,
2026-09-20T02:25:24.1363520Z         "p95_ms": 30.7,
2026-09-20T02:25:24.1363843Z         "p99_ms": 30.7
2026-09-20T02:25:24.1364145Z       },
2026-09-20T02:25:24.1364437Z       "grok.PreToolUse": {
2026-09-20T02:25:24.1364787Z         "count": 2,
2026-09-20T02:25:24.1365091Z         "max_ms": 30.331,
2026-09-20T02:25:24.1365425Z         "p50_ms": 25.508,
2026-09-20T02:25:24.1365986Z         "p95_ms": 30.331,
2026-09-20T02:25:24.1366331Z         "p99_ms": 30.331
2026-09-20T02:25:24.1366645Z       },
2026-09-20T02:25:24.1367143Z       "hermes.PreToolUse": {
2026-09-20T02:25:24.1367483Z         "count": 2,
2026-09-20T02:25:24.1367777Z         "max_ms": 30.93,
2026-09-20T02:25:24.1368108Z         "p50_ms": 25.761,
2026-09-20T02:25:24.1368443Z         "p95_ms": 30.93,
2026-09-20T02:25:24.1368772Z         "p99_ms": 30.93
2026-09-20T02:25:24.1369100Z       },
2026-09-20T02:25:24.1369402Z       "kimi.PostToolUse": {
2026-09-20T02:25:24.1369741Z         "count": 2,
2026-09-20T02:25:24.1370078Z         "max_ms": 27.133,
2026-09-20T02:25:24.1370455Z         "p50_ms": 23.555,
2026-09-20T02:25:24.1370778Z         "p95_ms": 27.133,
2026-09-20T02:25:24.1371109Z         "p99_ms": 27.133
2026-09-20T02:25:24.1371424Z       },
2026-09-20T02:25:24.1371712Z       "kimi.PreToolUse": {
2026-09-20T02:25:24.1372052Z         "count": 2,
2026-09-20T02:25:24.1372358Z         "max_ms": 30.632,
2026-09-20T02:25:24.1372682Z         "p50_ms": 24.991,
2026-09-20T02:25:24.1373014Z         "p95_ms": 30.632,
2026-09-20T02:25:24.1373342Z         "p99_ms": 30.632
2026-09-20T02:25:24.1373656Z       },
2026-09-20T02:25:24.1373947Z       "omp.PostToolUse": {
2026-09-20T02:25:24.1374281Z         "count": 2,
2026-09-20T02:25:24.1374590Z         "max_ms": 35.81,
2026-09-20T02:25:24.1374921Z         "p50_ms": 33.451,
2026-09-20T02:25:24.1375249Z         "p95_ms": 35.81,
2026-09-20T02:25:24.1375592Z         "p99_ms": 35.81
2026-09-20T02:25:24.1376167Z       },
2026-09-20T02:25:24.1376459Z       "omp.PreToolUse": {
2026-09-20T02:25:24.1376804Z         "count": 2,
2026-09-20T02:25:24.1377109Z         "max_ms": 31.311,
2026-09-20T02:25:24.1377432Z         "p50_ms": 28.07,
2026-09-20T02:25:24.1377766Z         "p95_ms": 31.311,
2026-09-20T02:25:24.1378096Z         "p99_ms": 31.311
2026-09-20T02:25:24.1378405Z       },
2026-09-20T02:25:24.1378726Z       "openclaw.PreToolUse": {
2026-09-20T02:25:24.1379108Z         "count": 2,
2026-09-20T02:25:24.1379413Z         "max_ms": 34.694,
2026-09-20T02:25:24.1379742Z         "p50_ms": 27.503,
2026-09-20T02:25:24.1380075Z         "p95_ms": 34.694,
2026-09-20T02:25:24.1380404Z         "p99_ms": 34.694
2026-09-20T02:25:24.1380724Z       },
2026-09-20T02:25:24.1381053Z       "opencode.PreToolUse": {
2026-09-20T02:25:24.1381423Z         "count": 2,
2026-09-20T02:25:24.1381735Z         "max_ms": 36.118,
2026-09-20T02:25:24.1382132Z         "p50_ms": 30.715,
2026-09-20T02:25:24.1382733Z         "p95_ms": 36.118,
2026-09-20T02:25:24.1383334Z         "p99_ms": 36.118
2026-09-20T02:25:24.1401790Z       },
2026-09-20T02:25:24.1402146Z       "pi.PostToolUse": {
2026-09-20T02:25:24.1402539Z         "count": 2,
2026-09-20T02:25:24.1402868Z         "max_ms": 30.669,
2026-09-20T02:25:24.1403222Z         "p50_ms": 30.658,
2026-09-20T02:25:24.1403558Z         "p95_ms": 30.669,
2026-09-20T02:25:24.1403914Z         "p99_ms": 30.669
2026-09-20T02:25:24.1404248Z       },
2026-09-20T02:25:24.1404542Z       "pi.PreToolUse": {
2026-09-20T02:25:24.1404907Z         "count": 2,
2026-09-20T02:25:24.1405229Z         "max_ms": 20.242,
2026-09-20T02:25:24.1405579Z         "p50_ms": 19.896,
2026-09-20T02:25:24.1406251Z         "p95_ms": 20.242,
2026-09-20T02:25:24.1406597Z         "p99_ms": 20.242
2026-09-20T02:25:24.1406934Z       },
2026-09-20T02:25:24.1407250Z       "zcode.PreToolUse": {
2026-09-20T02:25:24.1407607Z         "count": 2,
2026-09-20T02:25:24.1407926Z         "max_ms": 25.649,
2026-09-20T02:25:24.1408528Z         "p50_ms": 22.87,
2026-09-20T02:25:24.1408893Z         "p95_ms": 25.649,
2026-09-20T02:25:24.1409226Z         "p99_ms": 25.649
2026-09-20T02:25:24.1409550Z       }
2026-09-20T02:25:24.1409835Z     }
2026-09-20T02:25:24.1410109Z   },
2026-09-20T02:25:24.1410395Z   "passed": true,
2026-09-20T02:25:24.1410789Z   "python_semantic_decisions": 0,
2026-09-20T02:25:24.1411265Z   "qualification_complete": false,
2026-09-20T02:25:24.1411682Z   "reference_review": {
2026-09-20T02:25:24.1412084Z     "full_review_qualified": true,
2026-09-20T02:25:24.1412507Z     "missing_scopes": [],
2026-09-20T02:25:24.1412915Z     "platform_denial_cases": [],
2026-09-20T02:25:24.1413670Z     "platform_denial_timing_eligible": false
2026-09-20T02:25:24.1414095Z   },
2026-09-20T02:25:24.1414372Z   "routes": {
2026-09-20T02:25:24.1414685Z     "engine_bypassed": 31,
2026-09-20T02:25:24.1415053Z     "native_resident": 115
2026-09-20T02:25:24.1415384Z   },
2026-09-20T02:25:24.1415649Z   "runtime": {
2026-09-20T02:25:24.1416236Z     "architecture": "x86_64",
2026-09-20T02:25:24.1416786Z     "build_sha": "7547248637d9809929055813ec49e26e00395498",
2026-09-20T02:25:24.1417660Z     "installed_package_sha256": "9a5ac79ec24c3553688e4a78a4a215919246b83e3ece7911b8736fce42e47d31",
2026-09-20T02:25:24.1418372Z     "mode": "auto",
2026-09-20T02:25:24.1418743Z     "package_origin": "installed",
2026-09-20T02:25:24.1419510Z     "package_record_sha256": "9b6a60bd66f0b2c7d9c3698393097462a465e6962c25ae0d5dfb9ce94be65427",
2026-09-20T02:25:24.1420250Z     "package_version": "3.0.1",
2026-09-20T02:25:24.1420629Z     "protocol_version": 1,
2026-09-20T02:25:24.1421027Z     "python_version": "3.12.14",
2026-09-20T02:25:24.1421720Z     "rule_digest": "e9d2024f94d91cb5ae1a9d8e8c60a398f24bf1af7767c578e1997f33cc98a32a",
2026-09-20T02:25:24.1422709Z     "runtime_sha256": "ca1dab0d81be34073e3b2fbb4c9b917118774c14265a59883ac1877ee35bcd58",
2026-09-20T02:25:24.1423409Z     "runtime_version": "3.0.1",
2026-09-20T02:25:24.1423795Z     "system": "Linux",
2026-09-20T02:25:24.1424135Z     "target": "x86_64-linux"
2026-09-20T02:25:24.1424475Z   },
2026-09-20T02:25:24.1424871Z   "schema": "hol-guard.native-installed-slo.v1",
2026-09-20T02:25:24.1425460Z   "scope": "daemon_ingress_and_registered_launcher",
2026-09-20T02:25:24.1426153Z   "thresholds": {
2026-09-20T02:25:24.1426515Z     "direct_cold_p95_ms": 150.0,
2026-09-20T02:25:24.1426985Z     "installed_adapter_concurrent_p99_ms": 1000.0,
2026-09-20T02:25:24.1427487Z     "installed_adapter_p95_ms": 1000.0,
2026-09-20T02:25:24.1427902Z     "readiness_p95_ms": 400.0
2026-09-20T02:25:24.1428301Z   },
2026-09-20T02:25:24.1428589Z   "timing_boundaries": {
2026-09-20T02:25:24.1429089Z     "DAEMON_INGRESS": "normalized_http_to_harness_decision",
2026-09-20T02:25:24.1429683Z     "INSTALLED_LAUNCHER": "registered_argv",
2026-09-20T02:25:24.1430120Z     "KERNEL": "not_measured",
2026-09-20T02:25:24.1430547Z     "NATIVE_CLIENT": "cold_native_process"
2026-09-20T02:25:24.1430949Z   }
2026-09-20T02:25:24.1431213Z }
2026-09-20T02:25:24.3413481Z ##[group]Run unset HOL_GUARD_NATIVE HOL_GUARD_NATIVE_BINARY HOL_GUARD_HOOK_FAST_PATH
2026-09-20T02:25:24.3414671Z [36;1munset HOL_GUARD_NATIVE HOL_GUARD_NATIVE_BINARY HOL_GUARD_HOOK_FAST_PATH[0m
2026-09-20T02:25:24.3415968Z [36;1munset HOL_GUARD_NATIVE_MODE HOL_GUARD_NATIVE_ORACLE HOL_GUARD_NATIVE_DIAGNOSTIC[0m
2026-09-20T02:25:24.3417081Z [36;1munset HOL_GUARD_HOOK_FAST_PATH_SHADOW HOL_GUARD_HOOK_SOURCE_REF HOL_GUARD_HOOK_BINARY[0m
2026-09-20T02:25:24.3418318Z [36;1munset HOL_GUARD_FAST_PATH HOL_GUARD_BINARY HOL_GUARD_ORACLE HOL_GUARD_DIAGNOSTIC HOL_GUARD_TEST_MODE[0m
2026-09-20T02:25:24.3419473Z [36;1munset HOL_GUARD_TEST_KEYRING_FILE HOL_GUARD_TEST_SYNC_AUTH_CONTEXT_JSON[0m
2026-09-20T02:25:24.3420303Z [36;1munset HOL_GUARD_RUN_SYSTEM_KEYCHAIN_TEST[0m
2026-09-20T02:25:24.3421272Z [36;1munset GUARD_NATIVE GUARD_NATIVE_BINARY GUARD_NATIVE_MODE GUARD_NATIVE_ORACLE GUARD_NATIVE_DIAGNOSTIC[0m
2026-09-20T02:25:24.3422593Z [36;1munset GUARD_HOOK_FAST_PATH GUARD_HOOK_FAST_PATH_SHADOW GUARD_HOOK_SOURCE_REF GUARD_HOOK_BINARY[0m
2026-09-20T02:25:24.3423729Z [36;1munset GUARD_FAST_PATH GUARD_BINARY GUARD_ORACLE GUARD_DIAGNOSTIC GUARD_TEST_MODE[0m
2026-09-20T02:25:24.3424864Z [36;1munset GUARD_TEST_KEYRING_FILE GUARD_TEST_SYNC_AUTH_CONTEXT_JSON GUARD_PYTEST_DURATION_OUTPUT[0m
2026-09-20T02:25:24.3426205Z [36;1munset PYTEST_CURRENT_TEST PYTEST_ADDOPTS PYTEST_PLUGINS PYTHONPATH[0m
2026-09-20T02:25:24.3427043Z [36;1m.venv/bin/python scripts/stress_guard_daemon.py \[0m
2026-09-20T02:25:24.3427641Z [36;1m  --requests 100000 \[0m
2026-09-20T02:25:24.3428097Z [36;1m  --receipts 250000 \[0m
2026-09-20T02:25:24.3428556Z [36;1m  --settle-seconds 0 \[0m
2026-09-20T02:25:24.3429280Z [36;1m  --enforce-soak \[0m
2026-09-20T02:25:24.3429723Z [36;1m  --json native-soak.json[0m
2026-09-20T02:25:24.3430423Z [36;1mVERSION=$(uv run --no-sync python scripts/sync_repo_version.py --check)[0m
2026-09-20T02:25:24.3431364Z [36;1mcp "pure-dist/hol_guard-${VERSION}-py3-none-any.whl" native-dist/[0m
2026-09-20T02:25:24.3432191Z [36;1mSOURCE_SHA="${GITHUB_SHA:?missing GitHub source SHA}"[0m
2026-09-20T02:25:24.3433048Z [36;1mruntime="rust/target/x86_64-unknown-linux-musl/release/hol-guard-runtime"[0m
2026-09-20T02:25:24.3434303Z [36;1mRULE_DIGEST=$("$runtime" capabilities --json | python -c 'import json,sys; print(json.load(sys.stdin)["rule_digest"])')[0m
2026-09-20T02:25:24.3435521Z [36;1muv run --no-sync python scripts/ci/validate_release_artifacts.py \[0m
2026-09-20T02:25:24.3436446Z [36;1m  --dist-dir native-dist \[0m
2026-09-20T02:25:24.3436924Z [36;1m  --version "$VERSION" \[0m
2026-09-20T02:25:24.3437400Z [36;1m  --source-sha "$SOURCE_SHA" \[0m
2026-09-20T02:25:24.3437928Z [36;1m  --rule-digest "$RULE_DIGEST" \[0m
2026-09-20T02:25:24.3438481Z [36;1m  --platform manylinux_2_17_x86_64 \[0m
2026-09-20T02:25:24.3439107Z [36;1m  --windows-waiver "validated by the platform matrix" \[0m
2026-09-20T02:25:24.3439786Z [36;1m  --output native-artifact-evidence.json[0m
2026-09-20T02:25:24.3490419Z shell: /usr/bin/bash -e {0}
2026-09-20T02:25:24.3490692Z env:
2026-09-20T02:25:24.3490989Z   pythonLocation: /opt/hostedtoolcache/Python/3.12.14/x64
2026-09-20T02:25:24.3491461Z   PKG_CONFIG_PATH: /opt/hostedtoolcache/Python/3.12.14/x64/lib/pkgconfig
2026-09-20T02:25:24.3491913Z   Python_ROOT_DIR: /opt/hostedtoolcache/Python/3.12.14/x64
2026-09-20T02:25:24.3492312Z   Python2_ROOT_DIR: /opt/hostedtoolcache/Python/3.12.14/x64
2026-09-20T02:25:24.3492752Z   Python3_ROOT_DIR: /opt/hostedtoolcache/Python/3.12.14/x64
2026-09-20T02:25:24.3493152Z   LD_LIBRARY_PATH: /opt/hostedtoolcache/Python/3.12.14/x64/lib
2026-09-20T02:25:24.3493554Z   UV_PYTHON_INSTALL_DIR: /home/runner/work/_temp/uv-python-dir
2026-09-20T02:25:24.3493947Z   UV_CACHE_DIR: /home/runner/work/_temp/setup-uv-cache
2026-09-20T02:25:24.3494249Z ##[endgroup]
2026-09-20T02:56:53.7531472Z {"daemon_process_count": 1, "database_bytes": 179392512, "errors": 0, "health_checks": 21084, "health_failures": 0, "lifecycle_events": ["start_requested", "ready", "stopped"], "max_file_descriptors": 201, "max_hook_latency_ms": 4500.0, "max_ms": 648.18, "max_threads": 71, "p95_ms": 544.63, "passed": true, "pid_stable": true, "receipts": 250000, "requests": 100000, "responses": 100000, "rss_baseline_bytes": 622153728, "rss_growth": 0.027105, "rss_peak_bytes": 639016960, "soak_passed": true, "transient_health_failures": 0}
2026-09-20T02:56:54.0813734Z {
2026-09-20T02:56:54.0814149Z   "artifacts": [
2026-09-20T02:56:54.0814488Z     {
2026-09-20T02:56:54.0814928Z       "name": "hol_guard-3.0.1-py3-none-any.whl",
2026-09-20T02:56:54.0815439Z       "role": "python-wheel",
2026-09-20T02:56:54.0816468Z       "sha256": "5fe0ff59b24161764d1a7132615106c1498db419d643bdd620d74bc0f9b7d209",
2026-09-20T02:56:54.0817170Z       "size": 5144290
2026-09-20T02:56:54.0817492Z     },
2026-09-20T02:56:54.0817777Z     {
2026-09-20T02:56:54.0818250Z       "name": "hol_guard-3.0.1-py3-none-manylinux_2_17_x86_64.whl",
2026-09-20T02:56:54.0818882Z       "platform": "manylinux_2_17_x86_64",
2026-09-20T02:56:54.0819330Z       "role": "native-wheel",
2026-09-20T02:56:54.0820015Z       "sha256": "a99a15b28daa9eafe8143dd76cc6d074f71a3866dca54af9bda097c12a44d26f",
2026-09-20T02:56:54.0820659Z       "size": 8880641,
2026-09-20T02:56:54.0821052Z       "target": "x86_64-unknown-linux-musl"
2026-09-20T02:56:54.0821461Z     }
2026-09-20T02:56:54.0821728Z   ],
2026-09-20T02:56:54.0822021Z   "package_version": "3.0.1",
2026-09-20T02:56:54.0822391Z   "platforms": [
2026-09-20T02:56:54.0822710Z     "manylinux_2_17_x86_64"
2026-09-20T02:56:54.0823053Z   ],
2026-09-20T02:56:54.0823632Z   "rule_digest": "e9d2024f94d91cb5ae1a9d8e8c60a398f24bf1af7767c578e1997f33cc98a32a",
2026-09-20T02:56:54.0824744Z   "schema": "hol-guard-release-artifact-evidence.v1",
2026-09-20T02:56:54.0825360Z   "source_sha": "7547248637d9809929055813ec49e26e00395498",
2026-09-20T02:56:54.0826341Z   "windows_waiver": "validated by the platform matrix"
2026-09-20T02:56:54.0826823Z }
2026-09-20T02:56:54.0997491Z ##[group]Run actions/upload-artifact@043fb46d1a93c77aae656e7c1c64a875d1fc6a0a
2026-09-20T02:56:54.0997932Z with:
2026-09-20T02:56:54.0998156Z   name: hol-guard-native-wheel-linux-x64
2026-09-20T02:56:54.0999199Z   path: native-dist/*.whl
native-default-auto.json
native-default-auto-failure.json
native-installed-identity.json
installed-pi-output.json
native-installed-slo.json
native-soak.json
native-artifact-evidence.json
native-stop-diagnostic.json

2026-09-20T02:56:54.1000236Z   if-no-files-found: warn
2026-09-20T02:56:54.1000478Z   compression-level: 6
2026-09-20T02:56:54.1000698Z   overwrite: false
2026-09-20T02:56:54.1000915Z   include-hidden-files: false
2026-09-20T02:56:54.1001159Z   archive: true
2026-09-20T02:56:54.1001370Z env:
2026-09-20T02:56:54.1001625Z   pythonLocation: /opt/hostedtoolcache/Python/3.12.14/x64
2026-09-20T02:56:54.1002057Z   PKG_CONFIG_PATH: /opt/hostedtoolcache/Python/3.12.14/x64/lib/pkgconfig
2026-09-20T02:56:54.1002521Z   Python_ROOT_DIR: /opt/hostedtoolcache/Python/3.12.14/x64
2026-09-20T02:56:54.1002905Z   Python2_ROOT_DIR: /opt/hostedtoolcache/Python/3.12.14/x64
2026-09-20T02:56:54.1003289Z   Python3_ROOT_DIR: /opt/hostedtoolcache/Python/3.12.14/x64
2026-09-20T02:56:54.1003683Z   LD_LIBRARY_PATH: /opt/hostedtoolcache/Python/3.12.14/x64/lib
2026-09-20T02:56:54.1004090Z   UV_PYTHON_INSTALL_DIR: /home/runner/work/_temp/uv-python-dir
2026-09-20T02:56:54.1004487Z   UV_CACHE_DIR: /home/runner/work/_temp/setup-uv-cache
2026-09-20T02:56:54.1004790Z ##[endgroup]
2026-09-20T02:56:54.2587642Z Multiple search paths detected. Calculating the least common ancestor of all paths
2026-09-20T02:56:54.2591827Z The least common ancestor is /home/runner/work/hol-guard/hol-guard. This will be the root directory of the artifact
2026-09-20T02:56:54.2593156Z With the provided path, there will be 9 files uploaded
2026-09-20T02:56:54.2594232Z Artifact name is valid!
2026-09-20T02:56:54.2594857Z Root directory input is valid!
2026-09-20T02:56:54.4778774Z Uploading artifact: hol-guard-native-wheel-linux-x64.zip
2026-09-20T02:56:54.4823387Z Beginning upload of artifact content to blob storage
2026-09-20T02:56:55.1253452Z Uploaded bytes 8388608
2026-09-20T02:56:55.3183405Z Uploaded bytes 13628157
2026-09-20T02:56:55.3454452Z Finished uploading artifact content to blob storage!
2026-09-20T02:56:55.3455678Z SHA256 digest of uploaded artifact is f908bfce1f41f28ddf7486c1a2411e6e4c6028581c5bc7c5f4a01859285a881f
2026-09-20T02:56:55.3456823Z Finalizing artifact upload
2026-09-20T02:56:55.5810081Z Artifact hol-guard-native-wheel-linux-x64 successfully finalized. Artifact ID 10596794569
2026-09-20T02:56:55.5811377Z Artifact hol-guard-native-wheel-linux-x64 has been successfully uploaded! Final size is 13628157 bytes. Artifact ID is 10596794569
2026-09-20T02:56:55.5814412Z Artifact download URL: https://github.com/hashgraph-online/hol-guard/actions/runs/35483845033/artifacts/10596794569
2026-09-20T02:56:55.6019019Z Post job cleanup.
2026-09-20T02:56:55.7175142Z UV_CACHE_DIR is already set to /home/runner/work/_temp/setup-uv-cache
2026-09-20T02:56:55.7181348Z UV_PYTHON_INSTALL_DIR is already set to /home/runner/work/_temp/uv-python-dir
2026-09-20T02:56:55.7184830Z Cache hit occurred on key setup-uv-2-x86_64-unknown-linux-gnu-ubuntu-24.04-3.12.14-pruned-2fd4fd0497fe10b3d0724b3304328ca0fafb8ccb7165bb292e9228222dda9a9d, not saving cache.
2026-09-20T02:56:55.8324722Z Post job cleanup.
2026-09-20T02:56:55.9607437Z Node 20 is being deprecated. This workflow is running with Node 24 by default. If you need to temporarily use Node 20, you can set the ACTIONS_ALLOW_USE_UNSECURE_NODE_VERSION=true environment variable. For more information see: https://github.blog/changelog/2025-09-19-deprecation-of-node-20-on-github-actions-runners/
2026-09-20T02:56:55.9608893Z Post job cleanup.
2026-09-20T02:56:56.0871829Z (node:29209) [DEP0040] DeprecationWarning: The `punycode` module is deprecated. Please use a userland alternative instead.
2026-09-20T02:56:56.0873293Z (Use `node --trace-deprecation ...` to show where the warning was created)
2026-09-20T02:56:56.1059298Z Post job cleanup.
2026-09-20T02:56:56.1926228Z [command]/usr/bin/git version
2026-09-20T02:56:56.1964184Z git version 2.55.0
2026-09-20T02:56:56.2004230Z Temporarily overriding HOME='/home/runner/work/_temp/6ff29b58-4bb1-469f-9416-6b0d5e5d7305' before making global git config changes
2026-09-20T02:56:56.2005175Z Adding repository directory to the temporary git global config as a safe directory
2026-09-20T02:56:56.2010233Z [command]/usr/bin/git config --global --add safe.directory /home/runner/work/hol-guard/hol-guard
2026-09-20T02:56:56.2041756Z Removing SSH command configuration
2026-09-20T02:56:56.2048882Z [command]/usr/bin/git config --local --name-only --get-regexp core\.sshCommand
2026-09-20T02:56:56.2082975Z [command]/usr/bin/git submodule foreach --recursive sh -c "git config --local --name-only --get-regexp 'core\.sshCommand' && git config --local --unset-all 'core.sshCommand' || :"
2026-09-20T02:56:56.2312288Z Removing HTTP extra header
2026-09-20T02:56:56.2318691Z [command]/usr/bin/git config --local --name-only --get-regexp http\.https\:\/\/github\.com\/\.extraheader
2026-09-20T02:56:56.2353008Z [command]/usr/bin/git submodule foreach --recursive sh -c "git config --local --name-only --get-regexp 'http\.https\:\/\/github\.com\/\.extraheader' && git config --local --unset-all 'http.https://github.com/.extraheader' || :"
2026-09-20T02:56:56.2580269Z Removing includeIf entries pointing to credentials config files
2026-09-20T02:56:56.2586489Z [command]/usr/bin/git config --local --name-only --get-regexp ^includeIf\.gitdir:
2026-09-20T02:56:56.2651833Z [command]/usr/bin/git submodule foreach --recursive git config --local --show-origin --name-only --get-regexp remote.origin.url
2026-09-20T02:56:56.3012265Z Cleaning up orphan processes
2026-09-20T02:56:56.3312764Z ##[warning]Node.js 20 is deprecated. The following actions target Node.js 20 but are being forced to run on Node.js 24: actions/setup-node@49933ea5288caeca8642d1e84afbd3f7d6820020. For more information see: https://github.blog/changelog/2025-09-19-deprecation-of-node-20-on-github-actions-runners/
