
{
    "version": "1.39.8",
    "time": "1789907849028",
    "generalDiagnostics": [
        {
            "file": "/Users/runner/work/hol-guard/hol-guard/driver/scripts/ci/priority_launcher_phase_controls.py",
            "severity": "warning",
            "message": "Result of call expression is of type \"int\" and is not used; assign to variable \"_\" if this is intentional",
            "range": {
                "start": {
                    "line": 52,
                    "character": 8
                },
                "end": {
                    "line": 52,
                    "character": 29
                }
            },
            "rule": "reportUnusedCallResult"
        },
        {
            "file": "/Users/runner/work/hol-guard/hol-guard/driver/scripts/ci/priority_launcher_phase_controls.py",
            "severity": "warning",
            "message": "Type of \"root\" is Any",
            "range": {
                "start": {
                    "line": 65,
                    "character": 14
                },
                "end": {
                    "line": 65,
                    "character": 18
                }
            },
            "rule": "reportAny"
        },
        {
            "file": "/Users/runner/work/hol-guard/hol-guard/driver/scripts/ci/priority_launcher_phase_controls.py",
            "severity": "warning",
            "message": "Type of \"source\" is Any",
            "range": {
                "start": {
                    "line": 65,
                    "character": 39
                },
                "end": {
                    "line": 65,
                    "character": 50
                }
            },
            "rule": "reportAny"
        },
        {
            "file": "/Users/runner/work/hol-guard/hol-guard/driver/scripts/ci/priority_launcher_phase_controls.py",
            "severity": "warning",
            "message": "Type of \"driver\" is Any",
            "range": {
                "start": {
                    "line": 65,
                    "character": 78
                },
                "end": {
                    "line": 65,
                    "character": 89
                }
            },
            "rule": "reportAny"
        },
        {
            "file": "/Users/runner/work/hol-guard/hol-guard/driver/scripts/ci/priority_launcher_phase_controls.py",
            "severity": "warning",
            "message": "Argument type is Any\n  Argument corresponds to parameter \"root\" in function \"_git\"",
            "range": {
                "start": {
                    "line": 66,
                    "character": 26
                },
                "end": {
                    "line": 66,
                    "character": 30
                }
            },
            "rule": "reportAny"
        },
        {
            "file": "/Users/runner/work/hol-guard/hol-guard/driver/scripts/ci/priority_launcher_phase_controls.py",
            "severity": "warning",
            "message": "Argument type is Any\n  Argument corresponds to parameter \"root\" in function \"_git\"",
            "range": {
                "start": {
                    "line": 67,
                    "character": 20
                },
                "end": {
                    "line": 67,
                    "character": 24
                }
            },
            "rule": "reportAny"
        },
        {
            "file": "/Users/runner/work/hol-guard/hol-guard/driver/scripts/ci/priority_launcher_phase_controls.py",
            "severity": "warning",
            "message": "Argument type is Any\n  Argument corresponds to parameter \"root\" in function \"_git\"",
            "range": {
                "start": {
                    "line": 68,
                    "character": 23
                },
                "end": {
                    "line": 68,
                    "character": 27
                }
            },
            "rule": "reportAny"
        },
        {
            "file": "/Users/runner/work/hol-guard/hol-guard/driver/scripts/ci/priority_launcher_phase_controls.py",
            "severity": "warning",
            "message": "Argument type is Any\n  Argument corresponds to parameter \"root\" in function \"_git\"",
            "range": {
                "start": {
                    "line": 73,
                    "character": 20
                },
                "end": {
                    "line": 73,
                    "character": 24
                }
            },
            "rule": "reportAny"
        },
        {
            "file": "/Users/runner/work/hol-guard/hol-guard/driver/scripts/ci/priority_launcher_phase_controls.py",
            "severity": "warning",
            "message": "Type of \"driver\" is Any",
            "range": {
                "start": {
                    "line": 79,
                    "character": 26
                },
                "end": {
                    "line": 79,
                    "character": 37
                }
            },
            "rule": "reportAny"
        },
        {
            "file": "/Users/runner/work/hol-guard/hol-guard/driver/scripts/ci/priority_launcher_phase_controls.py",
            "severity": "warning",
            "message": "Argument type is Any\n  Argument corresponds to parameter \"root\" in function \"_git\"",
            "range": {
                "start": {
                    "line": 79,
                    "character": 26
                },
                "end": {
                    "line": 79,
                    "character": 37
                }
            },
            "rule": "reportAny"
        },
        {
            "file": "/Users/runner/work/hol-guard/hol-guard/driver/scripts/ci/priority_launcher_phase_controls.py",
            "severity": "warning",
            "message": "Type of \"source\" is Any",
            "range": {
                "start": {
                    "line": 85,
                    "character": 19
                },
                "end": {
                    "line": 85,
                    "character": 30
                }
            },
            "rule": "reportAny"
        },
        {
            "file": "/Users/runner/work/hol-guard/hol-guard/driver/scripts/ci/priority_launcher_phase_controls.py",
            "severity": "warning",
            "message": "Argument type is Any\n  Argument corresponds to parameter \"root\" in function \"_git\"",
            "range": {
                "start": {
                    "line": 85,
                    "character": 19
                },
                "end": {
                    "line": 85,
                    "character": 30
                }
            },
            "rule": "reportAny"
        },
        {
            "file": "/Users/runner/work/hol-guard/hol-guard/driver/scripts/ci/priority_launcher_phase_controls.py",
            "severity": "warning",
            "message": "Type of \"data\" is Any",
            "range": {
                "start": {
                    "line": 90,
                    "character": 8
                },
                "end": {
                    "line": 90,
                    "character": 12
                }
            },
            "rule": "reportAny"
        },
        {
            "file": "/Users/runner/work/hol-guard/hol-guard/driver/scripts/ci/priority_launcher_phase_controls.py",
            "severity": "warning",
            "message": "Type of \"read_bytes\" is Any",
            "range": {
                "start": {
                    "line": 90,
                    "character": 15
                },
                "end": {
                    "line": 90,
                    "character": 46
                }
            },
            "rule": "reportAny"
        },
        {
            "file": "/Users/runner/work/hol-guard/hol-guard/driver/scripts/ci/priority_launcher_phase_controls.py",
            "severity": "warning",
            "message": "Type of \"source\" is Any",
            "range": {
                "start": {
                    "line": 90,
                    "character": 16
                },
                "end": {
                    "line": 90,
                    "character": 27
                }
            },
            "rule": "reportAny"
        },
        {
            "file": "/Users/runner/work/hol-guard/hol-guard/driver/scripts/ci/priority_launcher_phase_controls.py",
            "severity": "warning",
            "message": "Argument type is Any\n  Argument corresponds to parameter \"obj\" in function \"len\"",
            "range": {
                "start": {
                    "line": 91,
                    "character": 15
                },
                "end": {
                    "line": 91,
                    "character": 19
                }
            },
            "rule": "reportAny"
        },
        {
            "file": "/Users/runner/work/hol-guard/hol-guard/driver/scripts/ci/priority_launcher_phase_controls.py",
            "severity": "warning",
            "message": "Argument type is Any\n  Argument corresponds to parameter \"obj\" in function \"len\"",
            "range": {
                "start": {
                    "line": 94,
                    "character": 25
                },
                "end": {
                    "line": 94,
                    "character": 29
                }
            },
            "rule": "reportAny"
        },
        {
            "file": "/Users/runner/work/hol-guard/hol-guard/driver/scripts/ci/priority_launcher_phase_controls.py",
            "severity": "warning",
            "message": "Argument type is Any\n  Argument corresponds to parameter \"string\" in function \"openssl_sha256\"",
            "range": {
                "start": {
                    "line": 95,
                    "character": 37
                },
                "end": {
                    "line": 95,
                    "character": 41
                }
            },
            "rule": "reportAny"
        },
        {
            "file": "/Users/runner/work/hol-guard/hol-guard/driver/scripts/ci/priority_launcher_phase_controls.py",
            "severity": "warning",
            "message": "Type of \"source\" is Any",
            "range": {
                "start": {
                    "line": 96,
                    "character": 29
                },
                "end": {
                    "line": 96,
                    "character": 40
                }
            },
            "rule": "reportAny"
        },
        {
            "file": "/Users/runner/work/hol-guard/hol-guard/driver/scripts/ci/priority_launcher_phase_controls.py",
            "severity": "warning",
            "message": "Argument type is Any\n  Argument corresponds to parameter \"root\" in function \"_git\"",
            "range": {
                "start": {
                    "line": 96,
                    "character": 29
                },
                "end": {
                    "line": 96,
                    "character": 40
                }
            },
            "rule": "reportAny"
        },
        {
            "file": "/Users/runner/work/hol-guard/hol-guard/driver/scripts/ci/priority_launcher_phase_controls.py",
            "severity": "warning",
            "message": "Type of \"manifest\" is Any",
            "range": {
                "start": {
                    "line": 98,
                    "character": 4
                },
                "end": {
                    "line": 98,
                    "character": 12
                }
            },
            "rule": "reportAny"
        },
        {
            "file": "/Users/runner/work/hol-guard/hol-guard/driver/scripts/ci/priority_launcher_phase_controls.py",
            "severity": "warning",
            "message": "Type of \"read_text\" is Any",
            "range": {
                "start": {
                    "line": 98,
                    "character": 26
                },
                "end": {
                    "line": 98,
                    "character": 71
                }
            },
            "rule": "reportAny"
        },
        {
            "file": "/Users/runner/work/hol-guard/hol-guard/driver/scripts/ci/priority_launcher_phase_controls.py",
            "severity": "warning",
            "message": "Argument type is Any\n  Argument corresponds to parameter \"s\" in function \"loads\"",
            "range": {
                "start": {
                    "line": 98,
                    "character": 26
                },
                "end": {
                    "line": 98,
                    "character": 73
                }
            },
            "rule": "reportAny"
        },
        {
            "file": "/Users/runner/work/hol-guard/hol-guard/driver/scripts/ci/priority_launcher_phase_controls.py",
            "severity": "warning",
            "message": "Type of \"source\" is Any",
            "range": {
                "start": {
                    "line": 98,
                    "character": 27
                },
                "end": {
                    "line": 98,
                    "character": 38
                }
            },
            "rule": "reportAny"
        },
        {
            "file": "/Users/runner/work/hol-guard/hol-guard/driver/scripts/ci/priority_launcher_phase_controls.py",
            "severity": "warning",
            "message": "Type of \"row\" is Any",
            "range": {
                "start": {
                    "line": 101,
                    "character": 8
                },
                "end": {
                    "line": 101,
                    "character": 11
                }
            },
            "rule": "reportAny"
        },
        {
            "file": "/Users/runner/work/hol-guard/hol-guard/driver/scripts/ci/priority_launcher_phase_controls.py",
            "severity": "warning",
            "message": "Type of \"data\" is Any",
            "range": {
                "start": {
                    "line": 102,
                    "character": 8
                },
                "end": {
                    "line": 102,
                    "character": 12
                }
            },
            "rule": "reportAny"
        },
        {
            "file": "/Users/runner/work/hol-guard/hol-guard/driver/scripts/ci/priority_launcher_phase_controls.py",
            "severity": "warning",
            "message": "Type of \"read_bytes\" is Any",
            "range": {
                "start": {
                    "line": 102,
                    "character": 15
                },
                "end": {
                    "line": 102,
                    "character": 53
                }
            },
            "rule": "reportAny"
        },
        {
            "file": "/Users/runner/work/hol-guard/hol-guard/driver/scripts/ci/priority_launcher_phase_controls.py",
            "severity": "warning",
            "message": "Type of \"source\" is Any",
            "range": {
                "start": {
                    "line": 102,
                    "character": 16
                },
                "end": {
                    "line": 102,
                    "character": 27
                }
            },
            "rule": "reportAny"
        },
        {
            "file": "/Users/runner/work/hol-guard/hol-guard/driver/scripts/ci/priority_launcher_phase_controls.py",
            "severity": "warning",
            "message": "Argument type is Any\n  Argument corresponds to parameter \"string\" in function \"openssl_sha256\"",
            "range": {
                "start": {
                    "line": 104,
                    "character": 27
                },
                "end": {
                    "line": 104,
                    "character": 31
                }
            },
            "rule": "reportAny"
        },
        {
            "file": "/Users/runner/work/hol-guard/hol-guard/driver/scripts/ci/priority_launcher_phase_controls.py",
            "severity": "warning",
            "message": "Type of \"source\" is Any",
            "range": {
                "start": {
                    "line": 105,
                    "character": 20
                },
                "end": {
                    "line": 105,
                    "character": 31
                }
            },
            "rule": "reportAny"
        },
        {
            "file": "/Users/runner/work/hol-guard/hol-guard/driver/scripts/ci/priority_launcher_phase_controls.py",
            "severity": "warning",
            "message": "Argument type is Any\n  Argument corresponds to parameter \"root\" in function \"_git\"",
            "range": {
                "start": {
                    "line": 105,
                    "character": 20
                },
                "end": {
                    "line": 105,
                    "character": 31
                }
            },
            "rule": "reportAny"
        },
        {
            "file": "/Users/runner/work/hol-guard/hol-guard/driver/scripts/ci/priority_launcher_phase_controls.py",
            "severity": "warning",
            "message": "Argument type is Any\n  Argument corresponds to parameter \"args\" in function \"_git\"",
            "range": {
                "start": {
                    "line": 105,
                    "character": 46
                },
                "end": {
                    "line": 105,
                    "character": 67
                }
            },
            "rule": "reportAny"
        },
        {
            "file": "/Users/runner/work/hol-guard/hol-guard/driver/scripts/ci/priority_launcher_phase_controls.py",
            "severity": "warning",
            "message": "Type of \"read_bytes\" is Any",
            "range": {
                "start": {
                    "line": 110,
                    "character": 8
                },
                "end": {
                    "line": 110,
                    "character": 54
                }
            },
            "rule": "reportAny"
        },
        {
            "file": "/Users/runner/work/hol-guard/hol-guard/driver/scripts/ci/priority_launcher_phase_controls.py",
            "severity": "warning",
            "message": "Argument type is Any\n  Argument corresponds to parameter \"string\" in function \"openssl_sha256\"",
            "range": {
                "start": {
                    "line": 110,
                    "character": 8
                },
                "end": {
                    "line": 110,
                    "character": 56
                }
            },
            "rule": "reportAny"
        },
        {
            "file": "/Users/runner/work/hol-guard/hol-guard/driver/scripts/ci/priority_launcher_phase_controls.py",
            "severity": "warning",
            "message": "Type of \"source\" is Any",
            "range": {
                "start": {
                    "line": 110,
                    "character": 9
                },
                "end": {
                    "line": 110,
                    "character": 20
                }
            },
            "rule": "reportAny"
        },
        {
            "file": "/Users/runner/work/hol-guard/hol-guard/driver/scripts/ci/priority_launcher_phase_controls.py",
            "severity": "warning",
            "message": "Type of \"source\" is Any",
            "range": {
                "start": {
                    "line": 139,
                    "character": 45
                },
                "end": {
                    "line": 139,
                    "character": 56
                }
            },
            "rule": "reportAny"
        },
        {
            "file": "/Users/runner/work/hol-guard/hol-guard/driver/scripts/ci/priority_launcher_phase_controls.py",
            "severity": "warning",
            "message": "Argument type is Any\n  Argument corresponds to parameter \"cwd\" in function \"run\"",
            "range": {
                "start": {
                    "line": 139,
                    "character": 45
                },
                "end": {
                    "line": 139,
                    "character": 56
                }
            },
            "rule": "reportAny"
        },
        {
            "file": "/Users/runner/work/hol-guard/hol-guard/driver/scripts/ci/priority_launcher_phase_controls.py",
            "severity": "warning",
            "message": "Type of \"open\" is Any",
            "range": {
                "start": {
                    "line": 148,
                    "character": 13
                },
                "end": {
                    "line": 148,
                    "character": 55
                }
            },
            "rule": "reportAny"
        },
        {
            "file": "/Users/runner/work/hol-guard/hol-guard/driver/scripts/ci/priority_launcher_phase_controls.py",
            "severity": "warning",
            "message": "Type of \"output\" is Any",
            "range": {
                "start": {
                    "line": 148,
                    "character": 14
                },
                "end": {
                    "line": 148,
                    "character": 25
                }
            },
            "rule": "reportAny"
        },
        {
            "file": "/Users/runner/work/hol-guard/hol-guard/driver/scripts/ci/priority_launcher_phase_controls.py",
            "severity": "warning",
            "message": "Type of \"stream\" is Any",
            "range": {
                "start": {
                    "line": 148,
                    "character": 65
                },
                "end": {
                    "line": 148,
                    "character": 71
                }
            },
            "rule": "reportAny"
        },
        {
            "file": "/Users/runner/work/hol-guard/hol-guard/driver/scripts/ci/priority_launcher_phase_controls.py",
            "severity": "warning",
            "message": "Type of \"write\" is Any",
            "range": {
                "start": {
                    "line": 149,
                    "character": 12
                },
                "end": {
                    "line": 149,
                    "character": 24
                }
            },
            "rule": "reportAny"
        },
        {
            "file": "/Users/runner/work/hol-guard/hol-guard/driver/scripts/ci/priority_launcher_phase_controls.py",
            "severity": "warning",
            "message": "Argument type is partially unknown\n  Argument corresponds to parameter \"iterable\" in function \"any\"\n  Argument type is \"Generator[Unknown, None, None]\"",
            "range": {
                "start": {
                    "line": 156,
                    "character": 41
                },
                "end": {
                    "line": 156,
                    "character": 84
                }
            },
            "rule": "reportUnknownArgumentType"
        },
        {
            "file": "/Users/runner/work/hol-guard/hol-guard/driver/scripts/ci/priority_launcher_phase_controls.py",
            "severity": "warning",
            "message": "Type of \"row\" is unknown",
            "range": {
                "start": {
                    "line": 156,
                    "character": 61
                },
                "end": {
                    "line": 156,
                    "character": 64
                }
            },
            "rule": "reportUnknownVariableType"
        },
        {
            "file": "/Users/runner/work/hol-guard/hol-guard/driver/scripts/ci/priority_launcher_phase_controls.py",
            "severity": "warning",
            "message": "Type of \"output\" is Any",
            "range": {
                "start": {
                    "line": 158,
                    "character": 8
                },
                "end": {
                    "line": 158,
                    "character": 19
                }
            },
            "rule": "reportAny"
        },
        {
            "file": "/Users/runner/work/hol-guard/hol-guard/driver/scripts/ci/priority_launcher_phase_controls.py",
            "severity": "warning",
            "message": "Argument type is Any\n  Argument corresponds to parameter \"path\" in function \"_write\"",
            "range": {
                "start": {
                    "line": 158,
                    "character": 8
                },
                "end": {
                    "line": 158,
                    "character": 45
                }
            },
            "rule": "reportAny"
        },
        {
            "file": "/Users/runner/work/hol-guard/hol-guard/driver/scripts/ci/priority_launcher_phase_controls.py",
            "severity": "warning",
            "message": "Argument type is partially unknown\n  Argument corresponds to parameter \"value\" in function \"_write\"\n  Argument type is \"dict[str, list[str] | int | bool | str | dict[Unknown, Unknown] | None]\"",
            "range": {
                "start": {
                    "line": 159,
                    "character": 8
                },
                "end": {
                    "line": 169,
                    "character": 9
                }
            },
            "rule": "reportUnknownArgumentType"
        },
        {
            "file": "/Users/runner/work/hol-guard/hol-guard/driver/scripts/ci/priority_launcher_phase_controls.py",
            "severity": "warning",
            "message": "Type of \"expected\" is Any",
            "range": {
                "start": {
                    "line": 175,
                    "character": 4
                },
                "end": {
                    "line": 175,
                    "character": 12
                }
            },
            "rule": "reportAny"
        },
        {
            "file": "/Users/runner/work/hol-guard/hol-guard/driver/scripts/ci/priority_launcher_phase_controls.py",
            "severity": "warning",
            "message": "Type of \"source\" is Any",
            "range": {
                "start": {
                    "line": 175,
                    "character": 15
                },
                "end": {
                    "line": 175,
                    "character": 26
                }
            },
            "rule": "reportAny"
        },
        {
            "file": "/Users/runner/work/hol-guard/hol-guard/driver/scripts/ci/priority_launcher_phase_controls.py",
            "severity": "warning",
            "message": "Argument type is Any\n  Argument corresponds to parameter \"object\" in function \"__new__\"",
            "range": {
                "start": {
                    "line": 185,
                    "character": 31
                },
                "end": {
                    "line": 185,
                    "character": 39
                }
            },
            "rule": "reportAny"
        },
        {
            "file": "/Users/runner/work/hol-guard/hol-guard/driver/scripts/ci/priority_launcher_phase_controls.py",
            "severity": "warning",
            "message": "Argument type is Any\n  Argument corresponds to parameter \"object\" in function \"__new__\"",
            "range": {
                "start": {
                    "line": 186,
                    "character": 35
                },
                "end": {
                    "line": 186,
                    "character": 58
                }
            },
            "rule": "reportAny"
        },
        {
            "file": "/Users/runner/work/hol-guard/hol-guard/driver/scripts/ci/priority_launcher_phase_controls.py",
            "severity": "warning",
            "message": "Type of \"resolve\" is Any",
            "range": {
                "start": {
                    "line": 192,
                    "character": 42
                },
                "end": {
                    "line": 192,
                    "character": 58
                }
            },
            "rule": "reportAny"
        },
        {
            "file": "/Users/runner/work/hol-guard/hol-guard/driver/scripts/ci/priority_launcher_phase_controls.py",
            "severity": "warning",
            "message": "Argument type is Any\n  Argument corresponds to parameter \"object\" in function \"__new__\"",
            "range": {
                "start": {
                    "line": 193,
                    "character": 51
                },
                "end": {
                    "line": 193,
                    "character": 74
                }
            },
            "rule": "reportAny"
        },
        {
            "file": "/Users/runner/work/hol-guard/hol-guard/driver/scripts/ci/priority_launcher_phase_controls.py",
            "severity": "warning",
            "message": "Type of \"output\" is Any",
            "range": {
                "start": {
                    "line": 196,
                    "character": 11
                },
                "end": {
                    "line": 196,
                    "character": 22
                }
            },
            "rule": "reportAny"
        },
        {
            "file": "/Users/runner/work/hol-guard/hol-guard/driver/scripts/ci/priority_launcher_phase_controls.py",
            "severity": "warning",
            "message": "Argument type is Any\n  Argument corresponds to parameter \"path\" in function \"_write\"",
            "range": {
                "start": {
                    "line": 196,
                    "character": 11
                },
                "end": {
                    "line": 196,
                    "character": 43
                }
            },
            "rule": "reportAny"
        },
        {
            "file": "/Users/runner/work/hol-guard/hol-guard/driver/scripts/ci/priority_launcher_phase_controls.py",
            "severity": "warning",
            "message": "Result of call expression is of type \"dict[str, object]\" and is not used; assign to variable \"_\" if this is intentional",
            "range": {
                "start": {
                    "line": 203,
                    "character": 4
                },
                "end": {
                    "line": 203,
                    "character": 22
                }
            },
            "rule": "reportUnusedCallResult"
        },
        {
            "file": "/Users/runner/work/hol-guard/hol-guard/driver/scripts/ci/priority_launcher_phase_controls.py",
            "severity": "warning",
            "message": "Type of \"output\" is Any",
            "range": {
                "start": {
                    "line": 204,
                    "character": 11
                },
                "end": {
                    "line": 204,
                    "character": 22
                }
            },
            "rule": "reportAny"
        },
        {
            "file": "/Users/runner/work/hol-guard/hol-guard/driver/scripts/ci/priority_launcher_phase_controls.py",
            "severity": "warning",
            "message": "Argument type is Any\n  Argument corresponds to parameter \"path\" in function \"_write\"",
            "range": {
                "start": {
                    "line": 204,
                    "character": 11
                },
                "end": {
                    "line": 204,
                    "character": 53
                }
            },
            "rule": "reportAny"
        },
        {
            "file": "/Users/runner/work/hol-guard/hol-guard/driver/scripts/ci/priority_launcher_phase_controls.py",
            "severity": "warning",
            "message": "Type of \"source\" is Any",
            "range": {
                "start": {
                    "line": 205,
                    "character": 31
                },
                "end": {
                    "line": 205,
                    "character": 42
                }
            },
            "rule": "reportAny"
        },
        {
            "file": "/Users/runner/work/hol-guard/hol-guard/driver/scripts/ci/priority_launcher_phase_controls.py",
            "severity": "warning",
            "message": "Argument type is Any\n  Argument corresponds to parameter \"root\" in function \"_declared_count\"",
            "range": {
                "start": {
                    "line": 205,
                    "character": 31
                },
                "end": {
                    "line": 205,
                    "character": 42
                }
            },
            "rule": "reportAny"
        },
        {
            "file": "/Users/runner/work/hol-guard/hol-guard/driver/scripts/ci/priority_launcher_phase_controls.py",
            "severity": "warning",
            "message": "Type of \"output\" is Any",
            "range": {
                "start": {
                    "line": 207,
                    "character": 8
                },
                "end": {
                    "line": 207,
                    "character": 19
                }
            },
            "rule": "reportAny"
        },
        {
            "file": "/Users/runner/work/hol-guard/hol-guard/driver/scripts/ci/priority_launcher_phase_controls.py",
            "severity": "warning",
            "message": "Argument type is Any\n  Argument corresponds to parameter \"path\" in function \"_write\"",
            "range": {
                "start": {
                    "line": 207,
                    "character": 8
                },
                "end": {
                    "line": 207,
                    "character": 46
                }
            },
            "rule": "reportAny"
        },
        {
            "file": "/Users/runner/work/hol-guard/hol-guard/driver/scripts/ci/priority_launcher_phase_controls.py",
            "severity": "warning",
            "message": "Type of \"driver\" is Any",
            "range": {
                "start": {
                    "line": 210,
                    "character": 37
                },
                "end": {
                    "line": 210,
                    "character": 48
                }
            },
            "rule": "reportAny"
        },
        {
            "file": "/Users/runner/work/hol-guard/hol-guard/driver/scripts/ci/priority_launcher_phase_controls.py",
            "severity": "warning",
            "message": "Argument type is Any\n  Argument corresponds to parameter \"object\" in function \"__new__\"",
            "range": {
                "start": {
                    "line": 210,
                    "character": 37
                },
                "end": {
                    "line": 210,
                    "character": 99
                }
            },
            "rule": "reportAny"
        },
        {
            "file": "/Users/runner/work/hol-guard/hol-guard/driver/scripts/ci/priority_launcher_phase_controls.py",
            "severity": "warning",
            "message": "Type of \"line\" is Any",
            "range": {
                "start": {
                    "line": 222,
                    "character": 12
                },
                "end": {
                    "line": 222,
                    "character": 16
                }
            },
            "rule": "reportAny"
        },
        {
            "file": "/Users/runner/work/hol-guard/hol-guard/driver/scripts/ci/priority_launcher_phase_controls.py",
            "severity": "warning",
            "message": "Type of \"read_text\" is Any",
            "range": {
                "start": {
                    "line": 222,
                    "character": 20
                },
                "end": {
                    "line": 222,
                    "character": 62
                }
            },
            "rule": "reportAny"
        },
        {
            "file": "/Users/runner/work/hol-guard/hol-guard/driver/scripts/ci/priority_launcher_phase_controls.py",
            "severity": "warning",
            "message": "Type of \"splitlines\" is Any",
            "range": {
                "start": {
                    "line": 222,
                    "character": 20
                },
                "end": {
                    "line": 222,
                    "character": 75
                }
            },
            "rule": "reportAny"
        },
        {
            "file": "/Users/runner/work/hol-guard/hol-guard/driver/scripts/ci/priority_launcher_phase_controls.py",
            "severity": "warning",
            "message": "Type of \"output\" is Any",
            "range": {
                "start": {
                    "line": 222,
                    "character": 21
                },
                "end": {
                    "line": 222,
                    "character": 32
                }
            },
            "rule": "reportAny"
        },
        {
            "file": "/Users/runner/work/hol-guard/hol-guard/driver/scripts/ci/priority_launcher_phase_controls.py",
            "severity": "warning",
            "message": "Type of \"startswith\" is Any",
            "range": {
                "start": {
                    "line": 223,
                    "character": 11
                },
                "end": {
                    "line": 223,
                    "character": 26
                }
            },
            "rule": "reportAny"
        },
        {
            "file": "/Users/runner/work/hol-guard/hol-guard/driver/scripts/ci/priority_launcher_phase_controls.py",
            "severity": "warning",
            "message": "Type of \"output\" is Any",
            "range": {
                "start": {
                    "line": 227,
                    "character": 11
                },
                "end": {
                    "line": 227,
                    "character": 22
                }
            },
            "rule": "reportAny"
        },
        {
            "file": "/Users/runner/work/hol-guard/hol-guard/driver/scripts/ci/priority_launcher_phase_controls.py",
            "severity": "warning",
            "message": "Argument type is Any\n  Argument corresponds to parameter \"path\" in function \"_write\"",
            "range": {
                "start": {
                    "line": 227,
                    "character": 11
                },
                "end": {
                    "line": 227,
                    "character": 51
                }
            },
            "rule": "reportAny"
        },
        {
            "file": "/Users/runner/work/hol-guard/hol-guard/driver/scripts/ci/priority_launcher_phase_controls.py",
            "severity": "warning",
            "message": "Type of \"output\" is Any",
            "range": {
                "start": {
                    "line": 231,
                    "character": 75
                },
                "end": {
                    "line": 231,
                    "character": 86
                }
            },
            "rule": "reportAny"
        },
        {
            "file": "/Users/runner/work/hol-guard/hol-guard/driver/scripts/ci/priority_launcher_phase_controls.py",
            "severity": "warning",
            "message": "Argument type is Any\n  Argument corresponds to parameter \"object\" in function \"__new__\"",
            "range": {
                "start": {
                    "line": 231,
                    "character": 75
                },
                "end": {
                    "line": 231,
                    "character": 103
                }
            },
            "rule": "reportAny"
        },
        {
            "file": "/Users/runner/work/hol-guard/hol-guard/driver/scripts/ci/priority_launcher_phase_controls.py",
            "severity": "warning",
            "message": "Type of \"xml\" is Any",
            "range": {
                "start": {
                    "line": 233,
                    "character": 4
                },
                "end": {
                    "line": 233,
                    "character": 7
                }
            },
            "rule": "reportAny"
        },
        {
            "file": "/Users/runner/work/hol-guard/hol-guard/driver/scripts/ci/priority_launcher_phase_controls.py",
            "severity": "warning",
            "message": "Type of \"read_bytes\" is Any",
            "range": {
                "start": {
                    "line": 233,
                    "character": 10
                },
                "end": {
                    "line": 233,
                    "character": 51
                }
            },
            "rule": "reportAny"
        },
        {
            "file": "/Users/runner/work/hol-guard/hol-guard/driver/scripts/ci/priority_launcher_phase_controls.py",
            "severity": "warning",
            "message": "Type of \"output\" is Any",
            "range": {
                "start": {
                    "line": 233,
                    "character": 11
                },
                "end": {
                    "line": 233,
                    "character": 22
                }
            },
            "rule": "reportAny"
        },
        {
            "file": "/Users/runner/work/hol-guard/hol-guard/driver/scripts/ci/priority_launcher_phase_controls.py",
            "severity": "warning",
            "message": "Argument type is Any\n  Argument corresponds to parameter \"obj\" in function \"len\"",
            "range": {
                "start": {
                    "line": 234,
                    "character": 11
                },
                "end": {
                    "line": 234,
                    "character": 14
                }
            },
            "rule": "reportAny"
        },
        {
            "file": "/Users/runner/work/hol-guard/hol-guard/driver/scripts/ci/priority_launcher_phase_controls.py",
            "severity": "warning",
            "message": "Argument type is Any\n  Argument corresponds to parameter \"text\" in function \"XML\"",
            "range": {
                "start": {
                    "line": 237,
                    "character": 30
                },
                "end": {
                    "line": 237,
                    "character": 33
                }
            },
            "rule": "reportAny"
        },
        {
            "file": "/Users/runner/work/hol-guard/hol-guard/driver/scripts/ci/priority_launcher_phase_controls.py",
            "severity": "warning",
            "message": "Type of \"append\" is partially unknown\n  Type of \"append\" is \"(object: Unknown, /) -> None\"",
            "range": {
                "start": {
                    "line": 248,
                    "character": 8
                },
                "end": {
                    "line": 248,
                    "character": 20
                }
            },
            "rule": "reportUnknownMemberType"
        },
        {
            "file": "/Users/runner/work/hol-guard/hol-guard/driver/scripts/ci/priority_launcher_phase_controls.py",
            "severity": "warning",
            "message": "Type of \"row\" is unknown",
            "range": {
                "start": {
                    "line": 251,
                    "character": 33
                },
                "end": {
                    "line": 251,
                    "character": 36
                }
            },
            "rule": "reportUnknownVariableType"
        },
        {
            "file": "/Users/runner/work/hol-guard/hol-guard/driver/scripts/ci/priority_launcher_phase_controls.py",
            "severity": "warning",
            "message": "Argument type is partially unknown\n  Argument corresponds to parameter \"iterable\" in function \"all\"\n  Argument type is \"Generator[Unknown, None, None]\"",
            "range": {
                "start": {
                    "line": 252,
                    "character": 16
                },
                "end": {
                    "line": 252,
                    "character": 58
                }
            },
            "rule": "reportUnknownArgumentType"
        },
        {
            "file": "/Users/runner/work/hol-guard/hol-guard/driver/scripts/ci/priority_launcher_phase_controls.py",
            "severity": "warning",
            "message": "Type of \"row\" is unknown",
            "range": {
                "start": {
                    "line": 252,
                    "character": 46
                },
                "end": {
                    "line": 252,
                    "character": 49
                }
            },
            "rule": "reportUnknownVariableType"
        },
        {
            "file": "/Users/runner/work/hol-guard/hol-guard/driver/scripts/ci/priority_launcher_phase_controls.py",
            "severity": "warning",
            "message": "Type of \"output\" is Any",
            "range": {
                "start": {
                    "line": 255,
                    "character": 8
                },
                "end": {
                    "line": 255,
                    "character": 19
                }
            },
            "rule": "reportAny"
        },
        {
            "file": "/Users/runner/work/hol-guard/hol-guard/driver/scripts/ci/priority_launcher_phase_controls.py",
            "severity": "warning",
            "message": "Argument type is Any\n  Argument corresponds to parameter \"path\" in function \"_write\"",
            "range": {
                "start": {
                    "line": 255,
                    "character": 8
                },
                "end": {
                    "line": 255,
                    "character": 46
                }
            },
            "rule": "reportAny"
        },
        {
            "file": "/Users/runner/work/hol-guard/hol-guard/driver/scripts/ci/priority_launcher_phase_controls.py",
            "severity": "warning",
            "message": "Argument type is partially unknown\n  Argument corresponds to parameter \"value\" in function \"_write\"\n  Argument type is \"dict[str, int | bool | str | list[Unknown]]\"",
            "range": {
                "start": {
                    "line": 256,
                    "character": 8
                },
                "end": {
                    "line": 267,
                    "character": 9
                }
            },
            "rule": "reportUnknownArgumentType"
        },
        {
            "file": "/Users/runner/work/hol-guard/hol-guard/driver/scripts/ci/priority_launcher_phase_controls.py",
            "severity": "warning",
            "message": "Argument type is partially unknown\n  Argument corresponds to parameter \"obj\" in function \"len\"\n  Argument type is \"list[Unknown]\"",
            "range": {
                "start": {
                    "line": 259,
                    "character": 28
                },
                "end": {
                    "line": 259,
                    "character": 33
                }
            },
            "rule": "reportUnknownArgumentType"
        },
        {
            "file": "/Users/runner/work/hol-guard/hol-guard/driver/scripts/ci/priority_launcher_phase_controls.py",
            "severity": "warning",
            "message": "Result of call expression is of type \"Action\" and is not used; assign to variable \"_\" if this is intentional",
            "range": {
                "start": {
                    "line": 274,
                    "character": 4
                },
                "end": {
                    "line": 274,
                    "character": 75
                }
            },
            "rule": "reportUnusedCallResult"
        },
        {
            "file": "/Users/runner/work/hol-guard/hol-guard/driver/scripts/ci/priority_launcher_phase_controls.py",
            "severity": "warning",
            "message": "Result of call expression is of type \"Action\" and is not used; assign to variable \"_\" if this is intentional",
            "range": {
                "start": {
                    "line": 275,
                    "character": 4
                },
                "end": {
                    "line": 275,
                    "character": 61
                }
            },
            "rule": "reportUnusedCallResult"
        },
        {
            "file": "/Users/runner/work/hol-guard/hol-guard/driver/scripts/ci/priority_launcher_phase_controls.py",
            "severity": "warning",
            "message": "Result of call expression is of type \"Action\" and is not used; assign to variable \"_\" if this is intentional",
            "range": {
                "start": {
                    "line": 276,
                    "character": 4
                },
                "end": {
                    "line": 276,
                    "character": 61
                }
            },
            "rule": "reportUnusedCallResult"
        },
        {
            "file": "/Users/runner/work/hol-guard/hol-guard/driver/scripts/ci/priority_launcher_phase_controls.py",
            "severity": "warning",
            "message": "Result of call expression is of type \"Action\" and is not used; assign to variable \"_\" if this is intentional",
            "range": {
                "start": {
                    "line": 277,
                    "character": 4
                },
                "end": {
                    "line": 277,
                    "character": 61
                }
            },
            "rule": "reportUnusedCallResult"
        },
        {
            "file": "/Users/runner/work/hol-guard/hol-guard/driver/scripts/ci/priority_launcher_phase_controls.py",
            "severity": "warning",
            "message": "Type of \"operation\" is Any",
            "range": {
                "start": {
                    "line": 280,
                    "character": 11
                },
                "end": {
                    "line": 280,
                    "character": 25
                }
            },
            "rule": "reportAny"
        },
        {
            "file": "/Users/runner/work/hol-guard/hol-guard/driver/scripts/ci/priority_launcher_phase_controls.py",
            "severity": "warning",
            "message": "Type of \"output\" is Any",
            "range": {
                "start": {
                    "line": 282,
                    "character": 15
                },
                "end": {
                    "line": 282,
                    "character": 26
                }
            },
            "rule": "reportAny"
        },
        {
            "file": "/Users/runner/work/hol-guard/hol-guard/driver/scripts/ci/priority_launcher_phase_controls.py",
            "severity": "warning",
            "message": "Argument type is Any\n  Argument corresponds to parameter \"path\" in function \"_write\"",
            "range": {
                "start": {
                    "line": 282,
                    "character": 15
                },
                "end": {
                    "line": 282,
                    "character": 67
                }
            },
            "rule": "reportAny"
        },
        {
            "file": "/Users/runner/work/hol-guard/hol-guard/driver/scripts/ci/priority_launcher_phase_controls.py",
            "severity": "warning",
            "message": "Type of \"operation\" is Any",
            "range": {
                "start": {
                    "line": 282,
                    "character": 42
                },
                "end": {
                    "line": 282,
                    "character": 56
                }
            },
            "rule": "reportAny"
        },
        {
            "file": "/Users/runner/work/hol-guard/hol-guard/driver/scripts/ci/priority_launcher_phase_controls.py",
            "severity": "warning",
            "message": "Type of \"operation\" is Any",
            "range": {
                "start": {
                    "line": 283,
                    "character": 11
                },
                "end": {
                    "line": 283,
                    "character": 25
                }
            },
            "rule": "reportAny"
        },
        {
            "file": "/Users/runner/work/hol-guard/hol-guard/driver/scripts/ci/priority_launcher_phase_controls.py",
            "severity": "warning",
            "message": "Type of \"before\" is Any",
            "range": {
                "start": {
                    "line": 284,
                    "character": 12
                },
                "end": {
                    "line": 284,
                    "character": 18
                }
            },
            "rule": "reportAny"
        },
        {
            "file": "/Users/runner/work/hol-guard/hol-guard/driver/scripts/ci/priority_launcher_phase_controls.py",
            "severity": "warning",
            "message": "Type of \"read_text\" is Any",
            "range": {
                "start": {
                    "line": 284,
                    "character": 32
                },
                "end": {
                    "line": 284,
                    "character": 76
                }
            },
            "rule": "reportAny"
        },
        {
            "file": "/Users/runner/work/hol-guard/hol-guard/driver/scripts/ci/priority_launcher_phase_controls.py",
            "severity": "warning",
            "message": "Argument type is Any\n  Argument corresponds to parameter \"s\" in function \"loads\"",
            "range": {
                "start": {
                    "line": 284,
                    "character": 32
                },
                "end": {
                    "line": 284,
                    "character": 78
                }
            },
            "rule": "reportAny"
        },
        {
            "file": "/Users/runner/work/hol-guard/hol-guard/driver/scripts/ci/priority_launcher_phase_controls.py",
            "severity": "warning",
            "message": "Type of \"output\" is Any",
            "range": {
                "start": {
                    "line": 284,
                    "character": 33
                },
                "end": {
                    "line": 284,
                    "character": 44
                }
            },
            "rule": "reportAny"
        },
        {
            "file": "/Users/runner/work/hol-guard/hol-guard/driver/scripts/ci/priority_launcher_phase_controls.py",
            "severity": "warning",
            "message": "Type of \"after\" is Any",
            "range": {
                "start": {
                    "line": 285,
                    "character": 12
                },
                "end": {
                    "line": 285,
                    "character": 17
                }
            },
            "rule": "reportAny"
        },
        {
            "file": "/Users/runner/work/hol-guard/hol-guard/driver/scripts/ci/priority_launcher_phase_controls.py",
            "severity": "warning",
            "message": "Type of \"read_text\" is Any",
            "range": {
                "start": {
                    "line": 285,
                    "character": 31
                },
                "end": {
                    "line": 285,
                    "character": 76
                }
            },
            "rule": "reportAny"
        },
        {
            "file": "/Users/runner/work/hol-guard/hol-guard/driver/scripts/ci/priority_launcher_phase_controls.py",
            "severity": "warning",
            "message": "Argument type is Any\n  Argument corresponds to parameter \"s\" in function \"loads\"",
            "range": {
                "start": {
                    "line": 285,
                    "character": 31
                },
                "end": {
                    "line": 285,
                    "character": 78
                }
            },
            "rule": "reportAny"
        },
        {
            "file": "/Users/runner/work/hol-guard/hol-guard/driver/scripts/ci/priority_launcher_phase_controls.py",
            "severity": "warning",
            "message": "Type of \"output\" is Any",
            "range": {
                "start": {
                    "line": 285,
                    "character": 32
                },
                "end": {
                    "line": 285,
                    "character": 43
                }
            },
            "rule": "reportAny"
        },
        {
            "file": "/Users/runner/work/hol-guard/hol-guard/driver/scripts/ci/priority_launcher_phase_controls.py",
            "severity": "warning",
            "message": "Type of \"output\" is Any",
            "range": {
                "start": {
                    "line": 291,
                    "character": 12
                },
                "end": {
                    "line": 291,
                    "character": 23
                }
            },
            "rule": "reportAny"
        },
        {
            "file": "/Users/runner/work/hol-guard/hol-guard/driver/scripts/ci/priority_launcher_phase_controls.py",
            "severity": "warning",
            "message": "Argument type is Any\n  Argument corresponds to parameter \"path\" in function \"_write\"",
            "range": {
                "start": {
                    "line": 291,
                    "character": 12
                },
                "end": {
                    "line": 291,
                    "character": 60
                }
            },
            "rule": "reportAny"
        },
        {
            "file": "/Users/runner/work/hol-guard/hol-guard/source/scripts/ci/priority_launcher_phase/bindings.py",
            "severity": "warning",
            "message": "\"_pairs\" is private and used outside of the module in which it is declared",
            "range": {
                "start": {
                    "line": 17,
                    "character": 24
                },
                "end": {
                    "line": 17,
                    "character": 30
                }
            },
            "rule": "reportPrivateUsage"
        },
        {
            "file": "/Users/runner/work/hol-guard/hol-guard/source/scripts/ci/priority_launcher_phase/bindings.py",
            "severity": "warning",
            "message": "Type `Any` is not allowed",
            "range": {
                "start": {
                    "line": 58,
                    "character": 78
                },
                "end": {
                    "line": 58,
                    "character": 81
                }
            },
            "rule": "reportExplicitAny"
        },
        {
            "file": "/Users/runner/work/hol-guard/hol-guard/source/scripts/ci/priority_launcher_phase/bindings.py",
            "severity": "warning",
            "message": "Type of \"value\" is Any",
            "range": {
                "start": {
                    "line": 62,
                    "character": 4
                },
                "end": {
                    "line": 62,
                    "character": 9
                }
            },
            "rule": "reportAny"
        },
        {
            "file": "/Users/runner/work/hol-guard/hol-guard/source/scripts/ci/priority_launcher_phase/bindings.py",
            "severity": "warning",
            "message": "Argument type is Any\n  Argument corresponds to parameter \"o\" in function \"__init__\"",
            "range": {
                "start": {
                    "line": 64,
                    "character": 13
                },
                "end": {
                    "line": 64,
                    "character": 18
                }
            },
            "rule": "reportAny"
        },
        {
            "file": "/Users/runner/work/hol-guard/hol-guard/source/scripts/ci/priority_launcher_phase/bindings.py",
            "severity": "warning",
            "message": "Type `Any` is not allowed",
            "range": {
                "start": {
                    "line": 66,
                    "character": 27
                },
                "end": {
                    "line": 66,
                    "character": 30
                }
            },
            "rule": "reportExplicitAny"
        },
        {
            "file": "/Users/runner/work/hol-guard/hol-guard/source/scripts/ci/priority_launcher_phase/bindings.py",
            "severity": "warning",
            "message": "Argument type is Any\n  Argument corresponds to parameter \"value\" in function \"require\"",
            "range": {
                "start": {
                    "line": 67,
                    "character": 12
                },
                "end": {
                    "line": 67,
                    "character": 93
                }
            },
            "rule": "reportAny"
        },
        {
            "file": "/Users/runner/work/hol-guard/hol-guard/source/scripts/ci/priority_launcher_phase/bindings.py",
            "severity": "warning",
            "message": "Type `Any` is not allowed",
            "range": {
                "start": {
                    "line": 70,
                    "character": 21
                },
                "end": {
                    "line": 70,
                    "character": 24
                }
            },
            "rule": "reportExplicitAny"
        },
        {
            "file": "/Users/runner/work/hol-guard/hol-guard/source/scripts/ci/priority_launcher_phase/bindings.py",
            "severity": "warning",
            "message": "Type of \"row\" is Any",
            "range": {
                "start": {
                    "line": 72,
                    "character": 8
                },
                "end": {
                    "line": 72,
                    "character": 11
                }
            },
            "rule": "reportAny"
        },
        {
            "file": "/Users/runner/work/hol-guard/hol-guard/source/scripts/ci/priority_launcher_phase/bindings.py",
            "severity": "warning",
            "message": "Argument type is Any\n  Argument corresponds to parameter \"o\" in function \"__init__\"",
            "range": {
                "start": {
                    "line": 73,
                    "character": 21
                },
                "end": {
                    "line": 73,
                    "character": 24
                }
            },
            "rule": "reportAny"
        },
        {
            "file": "/Users/runner/work/hol-guard/hol-guard/source/scripts/ci/priority_launcher_phase/bindings.py",
            "severity": "warning",
            "message": "Type `Any` is not allowed",
            "range": {
                "start": {
                    "line": 74,
                    "character": 29
                },
                "end": {
                    "line": 74,
                    "character": 32
                }
            },
            "rule": "reportExplicitAny"
        },
        {
            "file": "/Users/runner/work/hol-guard/hol-guard/source/scripts/ci/priority_launcher_phase/bindings.py",
            "severity": "warning",
            "message": "Type of \"name\" is Any",
            "range": {
                "start": {
                    "line": 75,
                    "character": 8
                },
                "end": {
                    "line": 75,
                    "character": 12
                }
            },
            "rule": "reportAny"
        },
        {
            "file": "/Users/runner/work/hol-guard/hol-guard/source/scripts/ci/priority_launcher_phase/bindings.py",
            "severity": "warning",
            "message": "Argument type is Any\n  Argument corresponds to parameter \"o\" in function \"__init__\"",
            "range": {
                "start": {
                    "line": 77,
                    "character": 17
                },
                "end": {
                    "line": 77,
                    "character": 21
                }
            },
            "rule": "reportAny"
        },
        {
            "file": "/Users/runner/work/hol-guard/hol-guard/source/scripts/ci/priority_launcher_phase/bindings.py",
            "severity": "warning",
            "message": "Argument type is Any\n  Argument corresponds to parameter \"string\" in function \"fullmatch\"",
            "range": {
                "start": {
                    "line": 86,
                    "character": 46
                },
                "end": {
                    "line": 86,
                    "character": 61
                }
            },
            "rule": "reportAny"
        },
        {
            "file": "/Users/runner/work/hol-guard/hol-guard/source/scripts/ci/priority_launcher_phase/bindings.py",
            "severity": "warning",
            "message": "Argument type is Any\n  Argument corresponds to parameter \"string\" in function \"fullmatch\"",
            "range": {
                "start": {
                    "line": 87,
                    "character": 46
                },
                "end": {
                    "line": 87,
                    "character": 59
                }
            },
            "rule": "reportAny"
        },
        {
            "file": "/Users/runner/work/hol-guard/hol-guard/source/scripts/ci/priority_launcher_phase/bindings.py",
            "severity": "warning",
            "message": "Type `Any` is not allowed",
            "range": {
                "start": {
                    "line": 91,
                    "character": 51
                },
                "end": {
                    "line": 91,
                    "character": 54
                }
            },
            "rule": "reportExplicitAny"
        },
        {
            "file": "/Users/runner/work/hol-guard/hol-guard/source/scripts/ci/priority_launcher_phase/bindings.py",
            "severity": "warning",
            "message": "Argument type is Any\n  Argument corresponds to parameter \"sha\" in function \"checkout_binding\"",
            "range": {
                "start": {
                    "line": 92,
                    "character": 36
                },
                "end": {
                    "line": 92,
                    "character": 58
                }
            },
            "rule": "reportAny"
        },
        {
            "file": "/Users/runner/work/hol-guard/hol-guard/source/scripts/ci/priority_launcher_phase/bindings.py",
            "severity": "warning",
            "message": "Argument type is Any\n  Argument corresponds to parameter \"tree\" in function \"checkout_binding\"",
            "range": {
                "start": {
                    "line": 92,
                    "character": 60
                },
                "end": {
                    "line": 92,
                    "character": 83
                }
            },
            "rule": "reportAny"
        },
        {
            "file": "/Users/runner/work/hol-guard/hol-guard/source/scripts/ci/priority_launcher_phase/bindings.py",
            "severity": "warning",
            "message": "Type of \"row\" is Any",
            "range": {
                "start": {
                    "line": 94,
                    "character": 8
                },
                "end": {
                    "line": 94,
                    "character": 11
                }
            },
            "rule": "reportAny"
        },
        {
            "file": "/Users/runner/work/hol-guard/hol-guard/source/scripts/ci/priority_launcher_phase/bindings.py",
            "severity": "warning",
            "message": "Type of \"name\" is Any",
            "range": {
                "start": {
                    "line": 95,
                    "character": 8
                },
                "end": {
                    "line": 95,
                    "character": 12
                }
            },
            "rule": "reportAny"
        },
        {
            "file": "/Users/runner/work/hol-guard/hol-guard/source/scripts/ci/priority_launcher_phase/bindings.py",
            "severity": "warning",
            "message": "Argument type is Any\n  Argument corresponds to parameter \"value\" in function \"require\"",
            "range": {
                "start": {
                    "line": 96,
                    "character": 16
                },
                "end": {
                    "line": 96,
                    "character": 73
                }
            },
            "rule": "reportAny"
        },
        {
            "file": "/Users/runner/work/hol-guard/hol-guard/source/scripts/ci/priority_launcher_phase/bindings.py",
            "severity": "warning",
            "message": "Argument type is Any\n  Argument corresponds to parameter \"arguments\" in function \"git\"",
            "range": {
                "start": {
                    "line": 96,
                    "character": 39
                },
                "end": {
                    "line": 96,
                    "character": 53
                }
            },
            "rule": "reportAny"
        },
        {
            "file": "/Users/runner/work/hol-guard/hol-guard/source/scripts/ci/priority_launcher_phase/bindings.py",
            "severity": "warning",
            "message": "Argument type is Any\n  Argument corresponds to parameter \"path\" in function \"digest\"",
            "range": {
                "start": {
                    "line": 97,
                    "character": 23
                },
                "end": {
                    "line": 97,
                    "character": 34
                }
            },
            "rule": "reportAny"
        },
        {
            "file": "/Users/runner/work/hol-guard/hol-guard/source/scripts/ci/priority_launcher_phase/bindings.py",
            "severity": "warning",
            "message": "Argument type is Any\n  Argument corresponds to parameter \"value\" in function \"require\"",
            "range": {
                "start": {
                    "line": 98,
                    "character": 16
                },
                "end": {
                    "line": 98,
                    "character": 38
                }
            },
            "rule": "reportAny"
        },
        {
            "file": "/Users/runner/work/hol-guard/hol-guard/source/scripts/ci/priority_launcher_phase/bindings.py",
            "severity": "warning",
            "message": "Type `Any` is not allowed",
            "range": {
                "start": {
                    "line": 104,
                    "character": 72
                },
                "end": {
                    "line": 104,
                    "character": 75
                }
            },
            "rule": "reportExplicitAny"
        },
        {
            "file": "/Users/runner/work/hol-guard/hol-guard/source/scripts/ci/priority_launcher_phase/bindings.py",
            "severity": "warning",
            "message": "Type of \"direct\" is Any",
            "range": {
                "start": {
                    "line": 115,
                    "character": 4
                },
                "end": {
                    "line": 115,
                    "character": 10
                }
            },
            "rule": "reportAny"
        },
        {
            "file": "/Users/runner/work/hol-guard/hol-guard/source/scripts/ci/priority_launcher_phase/bindings.py",
            "severity": "warning",
            "message": "Type of \"get\" is Any",
            "range": {
                "start": {
                    "line": 116,
                    "character": 16
                },
                "end": {
                    "line": 116,
                    "character": 26
                }
            },
            "rule": "reportAny"
        },
        {
            "file": "/Users/runner/work/hol-guard/hol-guard/source/scripts/ci/priority_launcher_phase/bindings.py",
            "severity": "warning",
            "message": "Type of \"get\" is Any",
            "range": {
                "start": {
                    "line": 116,
                    "character": 16
                },
                "end": {
                    "line": 116,
                    "character": 46
                }
            },
            "rule": "reportAny"
        },
        {
            "file": "/Users/runner/work/hol-guard/hol-guard/source/scripts/ci/priority_launcher_phase/bindings.py",
            "severity": "warning",
            "message": "Type of \"row\" is Any",
            "range": {
                "start": {
                    "line": 134,
                    "character": 43
                },
                "end": {
                    "line": 134,
                    "character": 46
                }
            },
            "rule": "reportAny"
        },
        {
            "file": "/Users/runner/work/hol-guard/hol-guard/source/scripts/ci/priority_launcher_phase/bindings.py",
            "severity": "warning",
            "message": "Type of \"startswith\" is Any",
            "range": {
                "start": {
                    "line": 134,
                    "character": 71
                },
                "end": {
                    "line": 134,
                    "character": 93
                }
            },
            "rule": "reportAny"
        },
        {
            "file": "/Users/runner/work/hol-guard/hol-guard/source/scripts/ci/priority_launcher_phase/bindings.py",
            "severity": "warning",
            "message": "Result of call expression is of type \"int\" and is not used; assign to variable \"_\" if this is intentional",
            "range": {
                "start": {
                    "line": 189,
                    "character": 8
                },
                "end": {
                    "line": 189,
                    "character": 29
                }
            },
            "rule": "reportUnusedCallResult"
        },
        {
            "file": "/Users/runner/work/hol-guard/hol-guard/source/scripts/ci/priority_launcher_phase/capture.py",
            "severity": "warning",
            "message": "Type `Any` is not allowed",
            "range": {
                "start": {
                    "line": 74,
                    "character": 11
                },
                "end": {
                    "line": 74,
                    "character": 14
                }
            },
            "rule": "reportExplicitAny"
        },
        {
            "file": "/Users/runner/work/hol-guard/hol-guard/source/scripts/ci/priority_launcher_phase/capture.py",
            "severity": "warning",
            "message": "Type annotation for attribute `side` is required because this class is not decorated with `@final`",
            "range": {
                "start": {
                    "line": 83,
                    "character": 13
                },
                "end": {
                    "line": 83,
                    "character": 17
                }
            },
            "rule": "reportUnannotatedClassAttribute"
        },
        {
            "file": "/Users/runner/work/hol-guard/hol-guard/source/scripts/ci/priority_launcher_phase/capture.py",
            "severity": "warning",
            "message": "Type annotation for attribute `clock` is required because this class is not decorated with `@final`",
            "range": {
                "start": {
                    "line": 84,
                    "character": 13
                },
                "end": {
                    "line": 84,
                    "character": 18
                }
            },
            "rule": "reportUnannotatedClassAttribute"
        },
        {
            "file": "/Users/runner/work/hol-guard/hol-guard/source/scripts/ci/priority_launcher_phase/capture.py",
            "severity": "warning",
            "message": "Type annotation for attribute `lock` is required because this class is not decorated with `@final`",
            "range": {
                "start": {
                    "line": 85,
                    "character": 13
                },
                "end": {
                    "line": 85,
                    "character": 17
                }
            },
            "rule": "reportUnannotatedClassAttribute"
        },
        {
            "file": "/Users/runner/work/hol-guard/hol-guard/source/scripts/ci/priority_launcher_phase/capture.py",
            "severity": "warning",
            "message": "Type annotation for attribute `faults` is required because this class is not decorated with `@final`",
            "range": {
                "start": {
                    "line": 87,
                    "character": 13
                },
                "end": {
                    "line": 87,
                    "character": 19
                }
            },
            "rule": "reportUnannotatedClassAttribute"
        },
        {
            "file": "/Users/runner/work/hol-guard/hol-guard/source/scripts/ci/priority_launcher_phase/capture.py",
            "severity": "warning",
            "message": "Type annotation for attribute `row_overflow` is required because this class is not decorated with `@final`",
            "range": {
                "start": {
                    "line": 88,
                    "character": 13
                },
                "end": {
                    "line": 88,
                    "character": 25
                }
            },
            "rule": "reportUnannotatedClassAttribute"
        },
        {
            "file": "/Users/runner/work/hol-guard/hol-guard/source/scripts/ci/priority_launcher_phase/capture.py",
            "severity": "warning",
            "message": "Type annotation for attribute `stage_overflow` is required because this class is not decorated with `@final`",
            "range": {
                "start": {
                    "line": 89,
                    "character": 13
                },
                "end": {
                    "line": 89,
                    "character": 27
                }
            },
            "rule": "reportUnannotatedClassAttribute"
        },
        {
            "file": "/Users/runner/work/hol-guard/hol-guard/source/scripts/ci/priority_launcher_phase/capture.py",
            "severity": "warning",
            "message": "Type annotation for attribute `restore_failures` is required because this class is not decorated with `@final`",
            "range": {
                "start": {
                    "line": 90,
                    "character": 13
                },
                "end": {
                    "line": 90,
                    "character": 29
                }
            },
            "rule": "reportUnannotatedClassAttribute"
        },
        {
            "file": "/Users/runner/work/hol-guard/hol-guard/source/scripts/ci/priority_launcher_phase/capture.py",
            "severity": "warning",
            "message": "Type annotation for attribute `closed` is required because this class is not decorated with `@final`",
            "range": {
                "start": {
                    "line": 91,
                    "character": 13
                },
                "end": {
                    "line": 91,
                    "character": 19
                }
            },
            "rule": "reportUnannotatedClassAttribute"
        },
        {
            "file": "/Users/runner/work/hol-guard/hol-guard/source/scripts/ci/priority_launcher_phase/capture.py",
            "severity": "warning",
            "message": "Return type is Any",
            "range": {
                "start": {
                    "line": 101,
                    "character": 8
                },
                "end": {
                    "line": 101,
                    "character": 13
                }
            },
            "rule": "reportAny"
        },
        {
            "file": "/Users/runner/work/hol-guard/hol-guard/source/scripts/ci/priority_launcher_phase/capture.py",
            "severity": "warning",
            "message": "Type `Any` is not allowed",
            "range": {
                "start": {
                    "line": 101,
                    "character": 44
                },
                "end": {
                    "line": 101,
                    "character": 47
                }
            },
            "rule": "reportExplicitAny"
        },
        {
            "file": "/Users/runner/work/hol-guard/hol-guard/source/scripts/ci/priority_launcher_phase/capture.py",
            "severity": "warning",
            "message": "Type `Any` is not allowed",
            "range": {
                "start": {
                    "line": 101,
                    "character": 53
                },
                "end": {
                    "line": 101,
                    "character": 56
                }
            },
            "rule": "reportExplicitAny"
        },
        {
            "file": "/Users/runner/work/hol-guard/hol-guard/source/scripts/ci/priority_launcher_phase/capture.py",
            "severity": "warning",
            "message": "Return type is Any",
            "range": {
                "start": {
                    "line": 103,
                    "character": 19
                },
                "end": {
                    "line": 103,
                    "character": 30
                }
            },
            "rule": "reportAny"
        },
        {
            "file": "/Users/runner/work/hol-guard/hol-guard/source/scripts/ci/priority_launcher_phase/capture.py",
            "severity": "warning",
            "message": "Argument type is partially unknown\n  Argument corresponds to parameter \"obj\" in function \"len\"\n  Argument type is \"list[Unknown]\"",
            "range": {
                "start": {
                    "line": 124,
                    "character": 47
                },
                "end": {
                    "line": 124,
                    "character": 53
                }
            },
            "rule": "reportUnknownArgumentType"
        },
        {
            "file": "/Users/runner/work/hol-guard/hol-guard/source/scripts/ci/priority_launcher_phase/capture.py",
            "severity": "warning",
            "message": "Type of \"append\" is partially unknown\n  Type of \"append\" is \"(object: Unknown, /) -> None\"",
            "range": {
                "start": {
                    "line": 127,
                    "character": 12
                },
                "end": {
                    "line": 127,
                    "character": 25
                }
            },
            "rule": "reportUnknownMemberType"
        },
        {
            "file": "/Users/runner/work/hol-guard/hol-guard/source/scripts/ci/priority_launcher_phase/capture.py",
            "severity": "warning",
            "message": "Type `Any` is not allowed",
            "range": {
                "start": {
                    "line": 135,
                    "character": 63
                },
                "end": {
                    "line": 135,
                    "character": 66
                }
            },
            "rule": "reportExplicitAny"
        },
        {
            "file": "/Users/runner/work/hol-guard/hol-guard/source/scripts/ci/priority_launcher_phase/capture.py",
            "severity": "warning",
            "message": "Return type is Any",
            "range": {
                "start": {
                    "line": 182,
                    "character": 15
                },
                "end": {
                    "line": 182,
                    "character": 34
                }
            },
            "rule": "reportAny"
        },
        {
            "file": "/Users/runner/work/hol-guard/hol-guard/source/scripts/ci/priority_launcher_phase/capture.py",
            "severity": "warning",
            "message": "Type `Any` is not allowed",
            "range": {
                "start": {
                    "line": 190,
                    "character": 57
                },
                "end": {
                    "line": 190,
                    "character": 60
                }
            },
            "rule": "reportExplicitAny"
        },
        {
            "file": "/Users/runner/work/hol-guard/hol-guard/source/scripts/ci/priority_launcher_phase/capture.py",
            "severity": "warning",
            "message": "Type `Any` is not allowed",
            "range": {
                "start": {
                    "line": 190,
                    "character": 62
                },
                "end": {
                    "line": 190,
                    "character": 65
                }
            },
            "rule": "reportExplicitAny"
        },
        {
            "file": "/Users/runner/work/hol-guard/hol-guard/source/scripts/ci/priority_launcher_phase/capture.py",
            "severity": "warning",
            "message": "Type `Any` is not allowed",
            "range": {
                "start": {
                    "line": 194,
                    "character": 25
                },
                "end": {
                    "line": 194,
                    "character": 28
                }
            },
            "rule": "reportExplicitAny"
        },
        {
            "file": "/Users/runner/work/hol-guard/hol-guard/source/scripts/ci/priority_launcher_phase/capture.py",
            "severity": "warning",
            "message": "Type `Any` is not allowed",
            "range": {
                "start": {
                    "line": 194,
                    "character": 30
                },
                "end": {
                    "line": 194,
                    "character": 33
                }
            },
            "rule": "reportExplicitAny"
        },
        {
            "file": "/Users/runner/work/hol-guard/hol-guard/source/scripts/ci/priority_launcher_phase/capture.py",
            "severity": "warning",
            "message": "Argument type is Any\n  Argument corresponds to parameter \"token\" in function \"reset\"",
            "range": {
                "start": {
                    "line": 195,
                    "character": 17
                },
                "end": {
                    "line": 195,
                    "character": 26
                }
            },
            "rule": "reportAny"
        },
        {
            "file": "/Users/runner/work/hol-guard/hol-guard/source/scripts/ci/priority_launcher_phase/capture.py",
            "severity": "warning",
            "message": "Argument type is Any\n  Argument corresponds to parameter \"token\" in function \"reset\"",
            "range": {
                "start": {
                    "line": 196,
                    "character": 19
                },
                "end": {
                    "line": 196,
                    "character": 28
                }
            },
            "rule": "reportAny"
        },
        {
            "file": "/Users/runner/work/hol-guard/hol-guard/source/scripts/ci/priority_launcher_phase/capture.py",
            "severity": "warning",
            "message": "Return type is Any",
            "range": {
                "start": {
                    "line": 199,
                    "character": 4
                },
                "end": {
                    "line": 199,
                    "character": 8
                }
            },
            "rule": "reportAny"
        },
        {
            "file": "/Users/runner/work/hol-guard/hol-guard/source/scripts/ci/priority_launcher_phase/capture.py",
            "severity": "warning",
            "message": "Type `Any` is not allowed",
            "range": {
                "start": {
                    "line": 202,
                    "character": 28
                },
                "end": {
                    "line": 202,
                    "character": 31
                }
            },
            "rule": "reportExplicitAny"
        },
        {
            "file": "/Users/runner/work/hol-guard/hol-guard/source/scripts/ci/priority_launcher_phase/capture.py",
            "severity": "warning",
            "message": "Type `Any` is not allowed",
            "range": {
                "start": {
                    "line": 203,
                    "character": 16
                },
                "end": {
                    "line": 203,
                    "character": 19
                }
            },
            "rule": "reportExplicitAny"
        },
        {
            "file": "/Users/runner/work/hol-guard/hol-guard/source/scripts/ci/priority_launcher_phase/capture.py",
            "severity": "warning",
            "message": "Type `Any` is not allowed",
            "range": {
                "start": {
                    "line": 204,
                    "character": 22
                },
                "end": {
                    "line": 204,
                    "character": 25
                }
            },
            "rule": "reportExplicitAny"
        },
        {
            "file": "/Users/runner/work/hol-guard/hol-guard/source/scripts/ci/priority_launcher_phase/capture.py",
            "severity": "warning",
            "message": "Type `Any` is not allowed",
            "range": {
                "start": {
                    "line": 206,
                    "character": 28
                },
                "end": {
                    "line": 206,
                    "character": 31
                }
            },
            "rule": "reportExplicitAny"
        },
        {
            "file": "/Users/runner/work/hol-guard/hol-guard/source/scripts/ci/priority_launcher_phase/capture.py",
            "severity": "warning",
            "message": "Type `Any` is not allowed",
            "range": {
                "start": {
                    "line": 207,
                    "character": 26
                },
                "end": {
                    "line": 207,
                    "character": 29
                }
            },
            "rule": "reportExplicitAny"
        },
        {
            "file": "/Users/runner/work/hol-guard/hol-guard/source/scripts/ci/priority_launcher_phase/capture.py",
            "severity": "warning",
            "message": "Type `Any` is not allowed",
            "range": {
                "start": {
                    "line": 207,
                    "character": 53
                },
                "end": {
                    "line": 207,
                    "character": 56
                }
            },
            "rule": "reportExplicitAny"
        },
        {
            "file": "/Users/runner/work/hol-guard/hol-guard/source/scripts/ci/priority_launcher_phase/capture.py",
            "severity": "warning",
            "message": "Type `Any` is not allowed",
            "range": {
                "start": {
                    "line": 208,
                    "character": 5
                },
                "end": {
                    "line": 208,
                    "character": 8
                }
            },
            "rule": "reportExplicitAny"
        },
        {
            "file": "/Users/runner/work/hol-guard/hol-guard/source/scripts/ci/priority_launcher_phase/capture.py",
            "severity": "warning",
            "message": "Return type is Any",
            "range": {
                "start": {
                    "line": 211,
                    "character": 15
                },
                "end": {
                    "line": 211,
                    "character": 40
                }
            },
            "rule": "reportAny"
        },
        {
            "file": "/Users/runner/work/hol-guard/hol-guard/source/scripts/ci/priority_launcher_phase/capture.py",
            "severity": "warning",
            "message": "Type `Any` is not allowed",
            "range": {
                "start": {
                    "line": 212,
                    "character": 11
                },
                "end": {
                    "line": 212,
                    "character": 14
                }
            },
            "rule": "reportExplicitAny"
        },
        {
            "file": "/Users/runner/work/hol-guard/hol-guard/source/scripts/ci/priority_launcher_phase/capture.py",
            "severity": "warning",
            "message": "Return type of lambda is Any",
            "range": {
                "start": {
                    "line": 212,
                    "character": 41
                },
                "end": {
                    "line": 212,
                    "character": 52
                }
            },
            "rule": "reportAny"
        },
        {
            "file": "/Users/runner/work/hol-guard/hol-guard/source/scripts/ci/priority_launcher_phase/capture.py",
            "severity": "warning",
            "message": "Type `Any` is not allowed",
            "range": {
                "start": {
                    "line": 214,
                    "character": 17
                },
                "end": {
                    "line": 214,
                    "character": 20
                }
            },
            "rule": "reportExplicitAny"
        },
        {
            "file": "/Users/runner/work/hol-guard/hol-guard/source/scripts/ci/priority_launcher_phase/capture.py",
            "severity": "warning",
            "message": "Type `Any` is not allowed",
            "range": {
                "start": {
                    "line": 242,
                    "character": 12
                },
                "end": {
                    "line": 242,
                    "character": 15
                }
            },
            "rule": "reportExplicitAny"
        },
        {
            "file": "/Users/runner/work/hol-guard/hol-guard/source/scripts/ci/priority_launcher_phase/capture.py",
            "severity": "warning",
            "message": "Type of \"result\" is Any",
            "range": {
                "start": {
                    "line": 245,
                    "character": 8
                },
                "end": {
                    "line": 245,
                    "character": 14
                }
            },
            "rule": "reportAny"
        },
        {
            "file": "/Users/runner/work/hol-guard/hol-guard/source/scripts/ci/priority_launcher_phase/capture.py",
            "severity": "warning",
            "message": "Return type is Any",
            "range": {
                "start": {
                    "line": 246,
                    "character": 15
                },
                "end": {
                    "line": 246,
                    "character": 21
                }
            },
            "rule": "reportAny"
        },
        {
            "file": "/Users/runner/work/hol-guard/hol-guard/source/scripts/ci/priority_launcher_phase/capture.py",
            "severity": "warning",
            "message": "Argument type is Any\n  Argument corresponds to parameter \"token\" in function \"reset\"",
            "range": {
                "start": {
                    "line": 269,
                    "character": 49
                },
                "end": {
                    "line": 269,
                    "character": 60
                }
            },
            "rule": "reportAny"
        },
        {
            "file": "/Users/runner/work/hol-guard/hol-guard/source/scripts/ci/priority_launcher_phase/capture.py",
            "severity": "warning",
            "message": "Type annotation for attribute `collector` is required because this class is not decorated with `@final`",
            "range": {
                "start": {
                    "line": 278,
                    "character": 13
                },
                "end": {
                    "line": 278,
                    "character": 22
                }
            },
            "rule": "reportUnannotatedClassAttribute"
        },
        {
            "file": "/Users/runner/work/hol-guard/hol-guard/source/scripts/ci/priority_launcher_phase/capture.py",
            "severity": "warning",
            "message": "Type `Any` is not allowed",
            "range": {
                "start": {
                    "line": 279,
                    "character": 31
                },
                "end": {
                    "line": 279,
                    "character": 34
                }
            },
            "rule": "reportExplicitAny"
        },
        {
            "file": "/Users/runner/work/hol-guard/hol-guard/source/scripts/ci/priority_launcher_phase/capture.py",
            "severity": "warning",
            "message": "Type `Any` is not allowed",
            "range": {
                "start": {
                    "line": 279,
                    "character": 47
                },
                "end": {
                    "line": 279,
                    "character": 50
                }
            },
            "rule": "reportExplicitAny"
        },
        {
            "file": "/Users/runner/work/hol-guard/hol-guard/source/scripts/ci/priority_launcher_phase/capture.py",
            "severity": "warning",
            "message": "Type `Any` is not allowed",
            "range": {
                "start": {
                    "line": 279,
                    "character": 52
                },
                "end": {
                    "line": 279,
                    "character": 55
                }
            },
            "rule": "reportExplicitAny"
        },
        {
            "file": "/Users/runner/work/hol-guard/hol-guard/source/scripts/ci/priority_launcher_phase/capture.py",
            "severity": "warning",
            "message": "Type of parameter \"target\" is Any",
            "range": {
                "start": {
                    "line": 281,
                    "character": 18
                },
                "end": {
                    "line": 281,
                    "character": 24
                }
            },
            "rule": "reportAny"
        },
        {
            "file": "/Users/runner/work/hol-guard/hol-guard/source/scripts/ci/priority_launcher_phase/capture.py",
            "severity": "warning",
            "message": "Type `Any` is not allowed",
            "range": {
                "start": {
                    "line": 281,
                    "character": 26
                },
                "end": {
                    "line": 281,
                    "character": 29
                }
            },
            "rule": "reportExplicitAny"
        },
        {
            "file": "/Users/runner/work/hol-guard/hol-guard/source/scripts/ci/priority_launcher_phase/capture.py",
            "severity": "warning",
            "message": "Type of parameter \"replacement\" is Any",
            "range": {
                "start": {
                    "line": 281,
                    "character": 42
                },
                "end": {
                    "line": 281,
                    "character": 53
                }
            },
            "rule": "reportAny"
        },
        {
            "file": "/Users/runner/work/hol-guard/hol-guard/source/scripts/ci/priority_launcher_phase/capture.py",
            "severity": "warning",
            "message": "Type `Any` is not allowed",
            "range": {
                "start": {
                    "line": 281,
                    "character": 55
                },
                "end": {
                    "line": 281,
                    "character": 58
                }
            },
            "rule": "reportExplicitAny"
        },
        {
            "file": "/Users/runner/work/hol-guard/hol-guard/source/scripts/ci/priority_launcher_phase/capture.py",
            "severity": "warning",
            "message": "Type of \"namespace\" is unknown",
            "range": {
                "start": {
                    "line": 282,
                    "character": 8
                },
                "end": {
                    "line": 282,
                    "character": 17
                }
            },
            "rule": "reportUnknownVariableType"
        },
        {
            "file": "/Users/runner/work/hol-guard/hol-guard/source/scripts/ci/priority_launcher_phase/capture.py",
            "severity": "warning",
            "message": "Argument type is Any\n  Argument corresponds to parameter \"object\" in function \"vars\"",
            "range": {
                "start": {
                    "line": 282,
                    "character": 25
                },
                "end": {
                    "line": 282,
                    "character": 31
                }
            },
            "rule": "reportAny"
        },
        {
            "file": "/Users/runner/work/hol-guard/hol-guard/source/scripts/ci/priority_launcher_phase/capture.py",
            "severity": "warning",
            "message": "Type of \"previous\" is unknown",
            "range": {
                "start": {
                    "line": 284,
                    "character": 8
                },
                "end": {
                    "line": 284,
                    "character": 16
                }
            },
            "rule": "reportUnknownVariableType"
        },
        {
            "file": "/Users/runner/work/hol-guard/hol-guard/source/scripts/ci/priority_launcher_phase/capture.py",
            "severity": "warning",
            "message": "Type of \"get\" is unknown",
            "range": {
                "start": {
                    "line": 284,
                    "character": 19
                },
                "end": {
                    "line": 284,
                    "character": 32
                }
            },
            "rule": "reportUnknownMemberType"
        },
        {
            "file": "/Users/runner/work/hol-guard/hol-guard/source/scripts/ci/priority_launcher_phase/capture.py",
            "severity": "warning",
            "message": "Type of \"visible\" is Any",
            "range": {
                "start": {
                    "line": 285,
                    "character": 8
                },
                "end": {
                    "line": 285,
                    "character": 15
                }
            },
            "rule": "reportAny"
        },
        {
            "file": "/Users/runner/work/hol-guard/hol-guard/source/scripts/ci/priority_launcher_phase/capture.py",
            "severity": "warning",
            "message": "Argument type is Any\n  Argument corresponds to parameter \"o\" in function \"getattr\"",
            "range": {
                "start": {
                    "line": 285,
                    "character": 26
                },
                "end": {
                    "line": 285,
                    "character": 32
                }
            },
            "rule": "reportAny"
        },
        {
            "file": "/Users/runner/work/hol-guard/hol-guard/source/scripts/ci/priority_launcher_phase/capture.py",
            "severity": "warning",
            "message": "Argument type is partially unknown\n  Argument corresponds to parameter \"object\" in function \"append\"\n  Argument type is \"tuple[Any, str, bool, Unknown, Any]\"",
            "range": {
                "start": {
                    "line": 287,
                    "character": 26
                },
                "end": {
                    "line": 287,
                    "character": 64
                }
            },
            "rule": "reportUnknownArgumentType"
        },
        {
            "file": "/Users/runner/work/hol-guard/hol-guard/source/scripts/ci/priority_launcher_phase/capture.py",
            "severity": "warning",
            "message": "Argument type is Any\n  Argument corresponds to parameter \"obj\" in function \"setattr\"",
            "range": {
                "start": {
                    "line": 288,
                    "character": 16
                },
                "end": {
                    "line": 288,
                    "character": 22
                }
            },
            "rule": "reportAny"
        },
        {
            "file": "/Users/runner/work/hol-guard/hol-guard/source/scripts/ci/priority_launcher_phase/capture.py",
            "severity": "warning",
            "message": "Type of parameter \"target\" is Any",
            "range": {
                "start": {
                    "line": 292,
                    "character": 8
                },
                "end": {
                    "line": 292,
                    "character": 14
                }
            },
            "rule": "reportAny"
        },
        {
            "file": "/Users/runner/work/hol-guard/hol-guard/source/scripts/ci/priority_launcher_phase/capture.py",
            "severity": "warning",
            "message": "Type `Any` is not allowed",
            "range": {
                "start": {
                    "line": 292,
                    "character": 16
                },
                "end": {
                    "line": 292,
                    "character": 19
                }
            },
            "rule": "reportExplicitAny"
        },
        {
            "file": "/Users/runner/work/hol-guard/hol-guard/source/scripts/ci/priority_launcher_phase/capture.py",
            "severity": "warning",
            "message": "Type `Any` is not allowed",
            "range": {
                "start": {
                    "line": 296,
                    "character": 32
                },
                "end": {
                    "line": 296,
                    "character": 35
                }
            },
            "rule": "reportExplicitAny"
        },
        {
            "file": "/Users/runner/work/hol-guard/hol-guard/source/scripts/ci/priority_launcher_phase/capture.py",
            "severity": "warning",
            "message": "Type `Any` is not allowed",
            "range": {
                "start": {
                    "line": 297,
                    "character": 30
                },
                "end": {
                    "line": 297,
                    "character": 33
                }
            },
            "rule": "reportExplicitAny"
        },
        {
            "file": "/Users/runner/work/hol-guard/hol-guard/source/scripts/ci/priority_launcher_phase/capture.py",
            "severity": "warning",
            "message": "Type `Any` is not allowed",
            "range": {
                "start": {
                    "line": 297,
                    "character": 57
                },
                "end": {
                    "line": 297,
                    "character": 60
                }
            },
            "rule": "reportExplicitAny"
        },
        {
            "file": "/Users/runner/work/hol-guard/hol-guard/source/scripts/ci/priority_launcher_phase/capture.py",
            "severity": "warning",
            "message": "Type of \"original\" is Any",
            "range": {
                "start": {
                    "line": 299,
                    "character": 8
                },
                "end": {
                    "line": 299,
                    "character": 16
                }
            },
            "rule": "reportAny"
        },
        {
            "file": "/Users/runner/work/hol-guard/hol-guard/source/scripts/ci/priority_launcher_phase/capture.py",
            "severity": "warning",
            "message": "Argument type is Any\n  Argument corresponds to parameter \"o\" in function \"getattr\"",
            "range": {
                "start": {
                    "line": 299,
                    "character": 27
                },
                "end": {
                    "line": 299,
                    "character": 33
                }
            },
            "rule": "reportAny"
        },
        {
            "file": "/Users/runner/work/hol-guard/hol-guard/source/scripts/ci/priority_launcher_phase/capture.py",
            "severity": "warning",
            "message": "Argument type is Any\n  Argument corresponds to parameter \"wrapped\" in function \"wraps\"",
            "range": {
                "start": {
                    "line": 301,
                    "character": 25
                },
                "end": {
                    "line": 301,
                    "character": 33
                }
            },
            "rule": "reportAny"
        },
        {
            "file": "/Users/runner/work/hol-guard/hol-guard/source/scripts/ci/priority_launcher_phase/capture.py",
            "severity": "warning",
            "message": "Return type is Any",
            "range": {
                "start": {
                    "line": 302,
                    "character": 12
                },
                "end": {
                    "line": 302,
                    "character": 19
                }
            },
            "rule": "reportAny"
        },
        {
            "file": "/Users/runner/work/hol-guard/hol-guard/source/scripts/ci/priority_launcher_phase/capture.py",
            "severity": "warning",
            "message": "Type of parameter \"args\" is Any",
            "range": {
                "start": {
                    "line": 302,
                    "character": 21
                },
                "end": {
                    "line": 302,
                    "character": 25
                }
            },
            "rule": "reportAny"
        },
        {
            "file": "/Users/runner/work/hol-guard/hol-guard/source/scripts/ci/priority_launcher_phase/capture.py",
            "severity": "warning",
            "message": "Type `Any` is not allowed",
            "range": {
                "start": {
                    "line": 302,
                    "character": 27
                },
                "end": {
                    "line": 302,
                    "character": 30
                }
            },
            "rule": "reportExplicitAny"
        },
        {
            "file": "/Users/runner/work/hol-guard/hol-guard/source/scripts/ci/priority_launcher_phase/capture.py",
            "severity": "warning",
            "message": "Type of parameter \"kwargs\" is Any",
            "range": {
                "start": {
                    "line": 302,
                    "character": 34
                },
                "end": {
                    "line": 302,
                    "character": 40
                }
            },
            "rule": "reportAny"
        },
        {
            "file": "/Users/runner/work/hol-guard/hol-guard/source/scripts/ci/priority_launcher_phase/capture.py",
            "severity": "warning",
            "message": "Type `Any` is not allowed",
            "range": {
                "start": {
                    "line": 302,
                    "character": 42
                },
                "end": {
                    "line": 302,
                    "character": 45
                }
            },
            "rule": "reportExplicitAny"
        },
        {
            "file": "/Users/runner/work/hol-guard/hol-guard/source/scripts/ci/priority_launcher_phase/capture.py",
            "severity": "warning",
            "message": "Type `Any` is not allowed",
            "range": {
                "start": {
                    "line": 302,
                    "character": 50
                },
                "end": {
                    "line": 302,
                    "character": 53
                }
            },
            "rule": "reportExplicitAny"
        },
        {
            "file": "/Users/runner/work/hol-guard/hol-guard/source/scripts/ci/priority_launcher_phase/capture.py",
            "severity": "warning",
            "message": "Return type is Any",
            "range": {
                "start": {
                    "line": 303,
                    "character": 19
                },
                "end": {
                    "line": 303,
                    "character": 98
                }
            },
            "rule": "reportAny"
        },
        {
            "file": "/Users/runner/work/hol-guard/hol-guard/source/scripts/ci/priority_launcher_phase/capture.py",
            "severity": "warning",
            "message": "Argument type is Any\n  Argument corresponds to parameter \"original\" in function \"call\"",
            "range": {
                "start": {
                    "line": 303,
                    "character": 47
                },
                "end": {
                    "line": 303,
                    "character": 55
                }
            },
            "rule": "reportAny"
        },
        {
            "file": "/Users/runner/work/hol-guard/hol-guard/source/scripts/ci/priority_launcher_phase/capture.py",
            "severity": "warning",
            "message": "Type of \"target\" is Any",
            "range": {
                "start": {
                    "line": 309,
                    "character": 12
                },
                "end": {
                    "line": 309,
                    "character": 18
                }
            },
            "rule": "reportAny"
        },
        {
            "file": "/Users/runner/work/hol-guard/hol-guard/source/scripts/ci/priority_launcher_phase/capture.py",
            "severity": "warning",
            "message": "Type of \"previous\" is Any",
            "range": {
                "start": {
                    "line": 309,
                    "character": 31
                },
                "end": {
                    "line": 309,
                    "character": 39
                }
            },
            "rule": "reportAny"
        },
        {
            "file": "/Users/runner/work/hol-guard/hol-guard/source/scripts/ci/priority_launcher_phase/capture.py",
            "severity": "warning",
            "message": "Type of \"visible\" is Any",
            "range": {
                "start": {
                    "line": 309,
                    "character": 41
                },
                "end": {
                    "line": 309,
                    "character": 48
                }
            },
            "rule": "reportAny"
        },
        {
            "file": "/Users/runner/work/hol-guard/hol-guard/source/scripts/ci/priority_launcher_phase/capture.py",
            "severity": "warning",
            "message": "Argument type is Any\n  Argument corresponds to parameter \"obj\" in function \"setattr\"",
            "range": {
                "start": {
                    "line": 312,
                    "character": 28
                },
                "end": {
                    "line": 312,
                    "character": 34
                }
            },
            "rule": "reportAny"
        },
        {
            "file": "/Users/runner/work/hol-guard/hol-guard/source/scripts/ci/priority_launcher_phase/capture.py",
            "severity": "warning",
            "message": "Argument type is Any\n  Argument corresponds to parameter \"obj\" in function \"delattr\"",
            "range": {
                "start": {
                    "line": 314,
                    "character": 28
                },
                "end": {
                    "line": 314,
                    "character": 34
                }
            },
            "rule": "reportAny"
        },
        {
            "file": "/Users/runner/work/hol-guard/hol-guard/source/scripts/ci/priority_launcher_phase/capture.py",
            "severity": "warning",
            "message": "Type of \"restored\" is Any",
            "range": {
                "start": {
                    "line": 315,
                    "character": 16
                },
                "end": {
                    "line": 315,
                    "character": 24
                }
            },
            "rule": "reportAny"
        },
        {
            "file": "/Users/runner/work/hol-guard/hol-guard/source/scripts/ci/priority_launcher_phase/capture.py",
            "severity": "warning",
            "message": "Argument type is Any\n  Argument corresponds to parameter \"o\" in function \"getattr\"",
            "range": {
                "start": {
                    "line": 315,
                    "character": 35
                },
                "end": {
                    "line": 315,
                    "character": 41
                }
            },
            "rule": "reportAny"
        },
        {
            "file": "/Users/runner/work/hol-guard/hol-guard/source/scripts/ci/priority_launcher_phase/daemon.py",
            "severity": "warning",
            "message": "Type of parameter \"server\" is Any",
            "range": {
                "start": {
                    "line": 21,
                    "character": 45
                },
                "end": {
                    "line": 21,
                    "character": 51
                }
            },
            "rule": "reportAny"
        },
        {
            "file": "/Users/runner/work/hol-guard/hol-guard/source/scripts/ci/priority_launcher_phase/daemon.py",
            "severity": "warning",
            "message": "Type `Any` is not allowed",
            "range": {
                "start": {
                    "line": 21,
                    "character": 53
                },
                "end": {
                    "line": 21,
                    "character": 56
                }
            },
            "rule": "reportExplicitAny"
        },
        {
            "file": "/Users/runner/work/hol-guard/hol-guard/source/scripts/ci/priority_launcher_phase/daemon.py",
            "severity": "warning",
            "message": "Type of parameter \"server_module\" is Any",
            "range": {
                "start": {
                    "line": 21,
                    "character": 58
                },
                "end": {
                    "line": 21,
                    "character": 71
                }
            },
            "rule": "reportAny"
        },
        {
            "file": "/Users/runner/work/hol-guard/hol-guard/source/scripts/ci/priority_launcher_phase/daemon.py",
            "severity": "warning",
            "message": "Type `Any` is not allowed",
            "range": {
                "start": {
                    "line": 21,
                    "character": 73
                },
                "end": {
                    "line": 21,
                    "character": 76
                }
            },
            "rule": "reportExplicitAny"
        },
        {
            "file": "/Users/runner/work/hol-guard/hol-guard/source/scripts/ci/priority_launcher_phase/daemon.py",
            "severity": "warning",
            "message": "Type of parameter \"edge\" is Any",
            "range": {
                "start": {
                    "line": 21,
                    "character": 78
                },
                "end": {
                    "line": 21,
                    "character": 82
                }
            },
            "rule": "reportAny"
        },
        {
            "file": "/Users/runner/work/hol-guard/hol-guard/source/scripts/ci/priority_launcher_phase/daemon.py",
            "severity": "warning",
            "message": "Type `Any` is not allowed",
            "range": {
                "start": {
                    "line": 21,
                    "character": 84
                },
                "end": {
                    "line": 21,
                    "character": 87
                }
            },
            "rule": "reportExplicitAny"
        },
        {
            "file": "/Users/runner/work/hol-guard/hol-guard/source/scripts/ci/priority_launcher_phase/daemon.py",
            "severity": "warning",
            "message": "Type of parameter \"client\" is Any",
            "range": {
                "start": {
                    "line": 21,
                    "character": 89
                },
                "end": {
                    "line": 21,
                    "character": 95
                }
            },
            "rule": "reportAny"
        },
        {
            "file": "/Users/runner/work/hol-guard/hol-guard/source/scripts/ci/priority_launcher_phase/daemon.py",
            "severity": "warning",
            "message": "Type `Any` is not allowed",
            "range": {
                "start": {
                    "line": 21,
                    "character": 97
                },
                "end": {
                    "line": 21,
                    "character": 100
                }
            },
            "rule": "reportExplicitAny"
        },
        {
            "file": "/Users/runner/work/hol-guard/hol-guard/source/scripts/ci/priority_launcher_phase/daemon.py",
            "severity": "warning",
            "message": "Type annotation for attribute `collector` is required because this class is not decorated with `@final`",
            "range": {
                "start": {
                    "line": 22,
                    "character": 13
                },
                "end": {
                    "line": 22,
                    "character": 22
                }
            },
            "rule": "reportUnannotatedClassAttribute"
        },
        {
            "file": "/Users/runner/work/hol-guard/hol-guard/source/scripts/ci/priority_launcher_phase/daemon.py",
            "severity": "warning",
            "message": "Type of \"server\" is Any",
            "range": {
                "start": {
                    "line": 23,
                    "character": 8
                },
                "end": {
                    "line": 23,
                    "character": 19
                }
            },
            "rule": "reportAny"
        },
        {
            "file": "/Users/runner/work/hol-guard/hol-guard/source/scripts/ci/priority_launcher_phase/daemon.py",
            "severity": "warning",
            "message": "Type annotation for attribute `server` is required because this class is not decorated with `@final`",
            "range": {
                "start": {
                    "line": 23,
                    "character": 13
                },
                "end": {
                    "line": 23,
                    "character": 19
                }
            },
            "rule": "reportUnannotatedClassAttribute"
        },
        {
            "file": "/Users/runner/work/hol-guard/hol-guard/source/scripts/ci/priority_launcher_phase/daemon.py",
            "severity": "warning",
            "message": "Type of \"server_module\" is Any",
            "range": {
                "start": {
                    "line": 24,
                    "character": 8
                },
                "end": {
                    "line": 24,
                    "character": 26
                }
            },
            "rule": "reportAny"
        },
        {
            "file": "/Users/runner/work/hol-guard/hol-guard/source/scripts/ci/priority_launcher_phase/daemon.py",
            "severity": "warning",
            "message": "Type annotation for attribute `server_module` is required because this class is not decorated with `@final`",
            "range": {
                "start": {
                    "line": 24,
                    "character": 13
                },
                "end": {
                    "line": 24,
                    "character": 26
                }
            },
            "rule": "reportUnannotatedClassAttribute"
        },
        {
            "file": "/Users/runner/work/hol-guard/hol-guard/source/scripts/ci/priority_launcher_phase/daemon.py",
            "severity": "warning",
            "message": "Type of \"edge\" is Any",
            "range": {
                "start": {
                    "line": 25,
                    "character": 8
                },
                "end": {
                    "line": 25,
                    "character": 17
                }
            },
            "rule": "reportAny"
        },
        {
            "file": "/Users/runner/work/hol-guard/hol-guard/source/scripts/ci/priority_launcher_phase/daemon.py",
            "severity": "warning",
            "message": "Type annotation for attribute `edge` is required because this class is not decorated with `@final`",
            "range": {
                "start": {
                    "line": 25,
                    "character": 13
                },
                "end": {
                    "line": 25,
                    "character": 17
                }
            },
            "rule": "reportUnannotatedClassAttribute"
        },
        {
            "file": "/Users/runner/work/hol-guard/hol-guard/source/scripts/ci/priority_launcher_phase/daemon.py",
            "severity": "warning",
            "message": "Type of \"client\" is Any",
            "range": {
                "start": {
                    "line": 26,
                    "character": 8
                },
                "end": {
                    "line": 26,
                    "character": 19
                }
            },
            "rule": "reportAny"
        },
        {
            "file": "/Users/runner/work/hol-guard/hol-guard/source/scripts/ci/priority_launcher_phase/daemon.py",
            "severity": "warning",
            "message": "Type annotation for attribute `client` is required because this class is not decorated with `@final`",
            "range": {
                "start": {
                    "line": 26,
                    "character": 13
                },
                "end": {
                    "line": 26,
                    "character": 19
                }
            },
            "rule": "reportUnannotatedClassAttribute"
        },
        {
            "file": "/Users/runner/work/hol-guard/hol-guard/source/scripts/ci/priority_launcher_phase/daemon.py",
            "severity": "warning",
            "message": "Type annotation for attribute `patches` is required because this class is not decorated with `@final`",
            "range": {
                "start": {
                    "line": 27,
                    "character": 13
                },
                "end": {
                    "line": 27,
                    "character": 20
                }
            },
            "rule": "reportUnannotatedClassAttribute"
        },
        {
            "file": "/Users/runner/work/hol-guard/hol-guard/source/scripts/ci/priority_launcher_phase/daemon.py",
            "severity": "warning",
            "message": "Type of \"original_handler\" is Any",
            "range": {
                "start": {
                    "line": 39,
                    "character": 8
                },
                "end": {
                    "line": 39,
                    "character": 24
                }
            },
            "rule": "reportAny"
        },
        {
            "file": "/Users/runner/work/hol-guard/hol-guard/source/scripts/ci/priority_launcher_phase/daemon.py",
            "severity": "warning",
            "message": "Type of \"server_module\" is Any",
            "range": {
                "start": {
                    "line": 39,
                    "character": 27
                },
                "end": {
                    "line": 39,
                    "character": 45
                }
            },
            "rule": "reportAny"
        },
        {
            "file": "/Users/runner/work/hol-guard/hol-guard/source/scripts/ci/priority_launcher_phase/daemon.py",
            "severity": "warning",
            "message": "Type of \"_GuardDaemonHandler\" is Any",
            "range": {
                "start": {
                    "line": 39,
                    "character": 27
                },
                "end": {
                    "line": 39,
                    "character": 65
                }
            },
            "rule": "reportAny"
        },
        {
            "file": "/Users/runner/work/hol-guard/hol-guard/source/scripts/ci/priority_launcher_phase/daemon.py",
            "severity": "warning",
            "message": "Type of \"_handle_runtime_hook\" is Any",
            "range": {
                "start": {
                    "line": 39,
                    "character": 27
                },
                "end": {
                    "line": 39,
                    "character": 86
                }
            },
            "rule": "reportAny"
        },
        {
            "file": "/Users/runner/work/hol-guard/hol-guard/source/scripts/ci/priority_launcher_phase/daemon.py",
            "severity": "warning",
            "message": "Argument type is Any\n  Argument corresponds to parameter \"wrapped\" in function \"wraps\"",
            "range": {
                "start": {
                    "line": 41,
                    "character": 25
                },
                "end": {
                    "line": 41,
                    "character": 41
                }
            },
            "rule": "reportAny"
        },
        {
            "file": "/Users/runner/work/hol-guard/hol-guard/source/scripts/ci/priority_launcher_phase/daemon.py",
            "severity": "warning",
            "message": "Return type is Any",
            "range": {
                "start": {
                    "line": 42,
                    "character": 12
                },
                "end": {
                    "line": 42,
                    "character": 19
                }
            },
            "rule": "reportAny"
        },
        {
            "file": "/Users/runner/work/hol-guard/hol-guard/source/scripts/ci/priority_launcher_phase/daemon.py",
            "severity": "warning",
            "message": "Type of parameter \"args\" is Any",
            "range": {
                "start": {
                    "line": 42,
                    "character": 21
                },
                "end": {
                    "line": 42,
                    "character": 25
                }
            },
            "rule": "reportAny"
        },
        {
            "file": "/Users/runner/work/hol-guard/hol-guard/source/scripts/ci/priority_launcher_phase/daemon.py",
            "severity": "warning",
            "message": "Type `Any` is not allowed",
            "range": {
                "start": {
                    "line": 42,
                    "character": 27
                },
                "end": {
                    "line": 42,
                    "character": 30
                }
            },
            "rule": "reportExplicitAny"
        },
        {
            "file": "/Users/runner/work/hol-guard/hol-guard/source/scripts/ci/priority_launcher_phase/daemon.py",
            "severity": "warning",
            "message": "Type of parameter \"kwargs\" is Any",
            "range": {
                "start": {
                    "line": 42,
                    "character": 34
                },
                "end": {
                    "line": 42,
                    "character": 40
                }
            },
            "rule": "reportAny"
        },
        {
            "file": "/Users/runner/work/hol-guard/hol-guard/source/scripts/ci/priority_launcher_phase/daemon.py",
            "severity": "warning",
            "message": "Type `Any` is not allowed",
            "range": {
                "start": {
                    "line": 42,
                    "character": 42
                },
                "end": {
                    "line": 42,
                    "character": 45
                }
            },
            "rule": "reportExplicitAny"
        },
        {
            "file": "/Users/runner/work/hol-guard/hol-guard/source/scripts/ci/priority_launcher_phase/daemon.py",
            "severity": "warning",
            "message": "Type `Any` is not allowed",
            "range": {
                "start": {
                    "line": 42,
                    "character": 50
                },
                "end": {
                    "line": 42,
                    "character": 53
                }
            },
            "rule": "reportExplicitAny"
        },
        {
            "file": "/Users/runner/work/hol-guard/hol-guard/source/scripts/ci/priority_launcher_phase/daemon.py",
            "severity": "warning",
            "message": "Type of \"server\" is Any",
            "range": {
                "start": {
                    "line": 44,
                    "character": 56
                },
                "end": {
                    "line": 44,
                    "character": 67
                }
            },
            "rule": "reportAny"
        },
        {
            "file": "/Users/runner/work/hol-guard/hol-guard/source/scripts/ci/priority_launcher_phase/daemon.py",
            "severity": "warning",
            "message": "Return type is Any",
            "range": {
                "start": {
                    "line": 45,
                    "character": 23
                },
                "end": {
                    "line": 45,
                    "character": 56
                }
            },
            "rule": "reportAny"
        },
        {
            "file": "/Users/runner/work/hol-guard/hol-guard/source/scripts/ci/priority_launcher_phase/daemon.py",
            "severity": "warning",
            "message": "Type `Any` is not allowed",
            "range": {
                "start": {
                    "line": 47,
                    "character": 26
                },
                "end": {
                    "line": 47,
                    "character": 29
                }
            },
            "rule": "reportExplicitAny"
        },
        {
            "file": "/Users/runner/work/hol-guard/hol-guard/source/scripts/ci/priority_launcher_phase/daemon.py",
            "severity": "warning",
            "message": "Type `Any` is not allowed",
            "range": {
                "start": {
                    "line": 47,
                    "character": 31
                },
                "end": {
                    "line": 47,
                    "character": 34
                }
            },
            "rule": "reportExplicitAny"
        },
        {
            "file": "/Users/runner/work/hol-guard/hol-guard/source/scripts/ci/priority_launcher_phase/daemon.py",
            "severity": "warning",
            "message": "Return type is Any",
            "range": {
                "start": {
                    "line": 64,
                    "character": 23
                },
                "end": {
                    "line": 64,
                    "character": 86
                }
            },
            "rule": "reportAny"
        },
        {
            "file": "/Users/runner/work/hol-guard/hol-guard/source/scripts/ci/priority_launcher_phase/daemon.py",
            "severity": "warning",
            "message": "Argument type is Any\n  Argument corresponds to parameter \"original\" in function \"call\"",
            "range": {
                "start": {
                    "line": 64,
                    "character": 55
                },
                "end": {
                    "line": 64,
                    "character": 71
                }
            },
            "rule": "reportAny"
        },
        {
            "file": "/Users/runner/work/hol-guard/hol-guard/source/scripts/ci/priority_launcher_phase/daemon.py",
            "severity": "warning",
            "message": "Code is unreachable",
            "range": {
                "start": {
                    "line": 70,
                    "character": 20
                },
                "end": {
                    "line": 85,
                    "character": 82
                }
            },
            "rule": "reportUnreachable"
        },
        {
            "file": "/Users/runner/work/hol-guard/hol-guard/source/scripts/ci/priority_launcher_phase/daemon.py",
            "severity": "warning",
            "message": "Unnecessary isinstance call; \"Never\" is always an instance of \"FrozenInput\"",
            "range": {
                "start": {
                    "line": 74,
                    "character": 31
                },
                "end": {
                    "line": 74,
                    "character": 61
                }
            },
            "rule": "reportUnnecessaryIsInstance"
        },
        {
            "file": "/Users/runner/work/hol-guard/hol-guard/source/scripts/ci/priority_launcher_phase/daemon.py",
            "severity": "warning",
            "message": "Argument type is unknown\n  Argument corresponds to parameter \"values\" in function \"facts\"",
            "range": {
                "start": {
                    "line": 82,
                    "character": 54
                },
                "end": {
                    "line": 82,
                    "character": 59
                }
            },
            "rule": "reportUnknownArgumentType"
        },
        {
            "file": "/Users/runner/work/hol-guard/hol-guard/source/scripts/ci/priority_launcher_phase/daemon.py",
            "severity": "warning",
            "message": "Code is unreachable",
            "range": {
                "start": {
                    "line": 87,
                    "character": 20
                },
                "end": {
                    "line": 88,
                    "character": 66
                }
            },
            "rule": "reportUnreachable"
        },
        {
            "file": "/Users/runner/work/hol-guard/hol-guard/source/scripts/ci/priority_launcher_phase/daemon.py",
            "severity": "warning",
            "message": "Type of \"server_module\" is Any",
            "range": {
                "start": {
                    "line": 90,
                    "character": 25
                },
                "end": {
                    "line": 90,
                    "character": 43
                }
            },
            "rule": "reportAny"
        },
        {
            "file": "/Users/runner/work/hol-guard/hol-guard/source/scripts/ci/priority_launcher_phase/daemon.py",
            "severity": "warning",
            "message": "Type of \"_GuardDaemonHandler\" is Any",
            "range": {
                "start": {
                    "line": 90,
                    "character": 25
                },
                "end": {
                    "line": 90,
                    "character": 63
                }
            },
            "rule": "reportAny"
        },
        {
            "file": "/Users/runner/work/hol-guard/hol-guard/source/scripts/ci/priority_launcher_phase/daemon.py",
            "severity": "warning",
            "message": "Type of parameter \"result\" is Any",
            "range": {
                "start": {
                    "line": 92,
                    "character": 32
                },
                "end": {
                    "line": 92,
                    "character": 38
                }
            },
            "rule": "reportAny"
        },
        {
            "file": "/Users/runner/work/hol-guard/hol-guard/source/scripts/ci/priority_launcher_phase/daemon.py",
            "severity": "warning",
            "message": "Type `Any` is not allowed",
            "range": {
                "start": {
                    "line": 92,
                    "character": 40
                },
                "end": {
                    "line": 92,
                    "character": 43
                }
            },
            "rule": "reportExplicitAny"
        },
        {
            "file": "/Users/runner/work/hol-guard/hol-guard/source/scripts/ci/priority_launcher_phase/daemon.py",
            "severity": "warning",
            "message": "Type of parameter \"_state\" is Any",
            "range": {
                "start": {
                    "line": 92,
                    "character": 74
                },
                "end": {
                    "line": 92,
                    "character": 80
                }
            },
            "rule": "reportAny"
        },
        {
            "file": "/Users/runner/work/hol-guard/hol-guard/source/scripts/ci/priority_launcher_phase/daemon.py",
            "severity": "warning",
            "message": "Type `Any` is not allowed",
            "range": {
                "start": {
                    "line": 92,
                    "character": 82
                },
                "end": {
                    "line": 92,
                    "character": 85
                }
            },
            "rule": "reportExplicitAny"
        },
        {
            "file": "/Users/runner/work/hol-guard/hol-guard/source/scripts/ci/priority_launcher_phase/daemon.py",
            "severity": "warning",
            "message": "Argument type is Any\n  Argument corresponds to parameter \"o\" in function \"__init__\"",
            "range": {
                "start": {
                    "line": 98,
                    "character": 42
                },
                "end": {
                    "line": 98,
                    "character": 48
                }
            },
            "rule": "reportAny"
        },
        {
            "file": "/Users/runner/work/hol-guard/hol-guard/source/scripts/ci/priority_launcher_phase/daemon.py",
            "severity": "warning",
            "message": "Argument type is Any\n  Argument corresponds to parameter \"o\" in function \"__init__\"",
            "range": {
                "start": {
                    "line": 99,
                    "character": 47
                },
                "end": {
                    "line": 99,
                    "character": 53
                }
            },
            "rule": "reportAny"
        },
        {
            "file": "/Users/runner/work/hol-guard/hol-guard/source/scripts/ci/priority_launcher_phase/daemon.py",
            "severity": "warning",
            "message": "Type of \"server_module\" is Any",
            "range": {
                "start": {
                    "line": 104,
                    "character": 26
                },
                "end": {
                    "line": 104,
                    "character": 44
                }
            },
            "rule": "reportAny"
        },
        {
            "file": "/Users/runner/work/hol-guard/hol-guard/source/scripts/ci/priority_launcher_phase/daemon.py",
            "severity": "warning",
            "message": "Type of \"worker\" is Any",
            "range": {
                "start": {
                    "line": 105,
                    "character": 8
                },
                "end": {
                    "line": 105,
                    "character": 14
                }
            },
            "rule": "reportAny"
        },
        {
            "file": "/Users/runner/work/hol-guard/hol-guard/source/scripts/ci/priority_launcher_phase/daemon.py",
            "severity": "warning",
            "message": "Type of \"server\" is Any",
            "range": {
                "start": {
                    "line": 105,
                    "character": 17
                },
                "end": {
                    "line": 105,
                    "character": 28
                }
            },
            "rule": "reportAny"
        },
        {
            "file": "/Users/runner/work/hol-guard/hol-guard/source/scripts/ci/priority_launcher_phase/daemon.py",
            "severity": "warning",
            "message": "Type of \"hook_worker\" is Any",
            "range": {
                "start": {
                    "line": 105,
                    "character": 17
                },
                "end": {
                    "line": 105,
                    "character": 40
                }
            },
            "rule": "reportAny"
        },
        {
            "file": "/Users/runner/work/hol-guard/hol-guard/source/scripts/ci/priority_launcher_phase/daemon.py",
            "severity": "warning",
            "message": "Type of parameter \"result\" is Any",
            "range": {
                "start": {
                    "line": 107,
                    "character": 29
                },
                "end": {
                    "line": 107,
                    "character": 35
                }
            },
            "rule": "reportAny"
        },
        {
            "file": "/Users/runner/work/hol-guard/hol-guard/source/scripts/ci/priority_launcher_phase/daemon.py",
            "severity": "warning",
            "message": "Type `Any` is not allowed",
            "range": {
                "start": {
                    "line": 107,
                    "character": 37
                },
                "end": {
                    "line": 107,
                    "character": 40
                }
            },
            "rule": "reportExplicitAny"
        },
        {
            "file": "/Users/runner/work/hol-guard/hol-guard/source/scripts/ci/priority_launcher_phase/daemon.py",
            "severity": "warning",
            "message": "Type of parameter \"_state\" is Any",
            "range": {
                "start": {
                    "line": 107,
                    "character": 71
                },
                "end": {
                    "line": 107,
                    "character": 77
                }
            },
            "rule": "reportAny"
        },
        {
            "file": "/Users/runner/work/hol-guard/hol-guard/source/scripts/ci/priority_launcher_phase/daemon.py",
            "severity": "warning",
            "message": "Type `Any` is not allowed",
            "range": {
                "start": {
                    "line": 107,
                    "character": 79
                },
                "end": {
                    "line": 107,
                    "character": 82
                }
            },
            "rule": "reportExplicitAny"
        },
        {
            "file": "/Users/runner/work/hol-guard/hol-guard/source/scripts/ci/priority_launcher_phase/daemon.py",
            "severity": "warning",
            "message": "Argument type is Any\n  Argument corresponds to parameter \"o\" in function \"__init__\"",
            "range": {
                "start": {
                    "line": 113,
                    "character": 46
                },
                "end": {
                    "line": 113,
                    "character": 52
                }
            },
            "rule": "reportAny"
        },
        {
            "file": "/Users/runner/work/hol-guard/hol-guard/source/scripts/ci/priority_launcher_phase/daemon.py",
            "severity": "warning",
            "message": "Type of \"server\" is Any",
            "range": {
                "start": {
                    "line": 118,
                    "character": 26
                },
                "end": {
                    "line": 118,
                    "character": 37
                }
            },
            "rule": "reportAny"
        },
        {
            "file": "/Users/runner/work/hol-guard/hol-guard/source/scripts/ci/priority_launcher_phase/daemon.py",
            "severity": "warning",
            "message": "Type of \"runtime_hook_scheduler\" is Any",
            "range": {
                "start": {
                    "line": 118,
                    "character": 26
                },
                "end": {
                    "line": 118,
                    "character": 60
                }
            },
            "rule": "reportAny"
        },
        {
            "file": "/Users/runner/work/hol-guard/hol-guard/source/scripts/ci/priority_launcher_phase/daemon.py",
            "severity": "warning",
            "message": "Type of \"original_review\" is Any",
            "range": {
                "start": {
                    "line": 119,
                    "character": 8
                },
                "end": {
                    "line": 119,
                    "character": 23
                }
            },
            "rule": "reportAny"
        },
        {
            "file": "/Users/runner/work/hol-guard/hol-guard/source/scripts/ci/priority_launcher_phase/daemon.py",
            "severity": "warning",
            "message": "Type of \"review_http_payload\" is Any",
            "range": {
                "start": {
                    "line": 119,
                    "character": 26
                },
                "end": {
                    "line": 119,
                    "character": 52
                }
            },
            "rule": "reportAny"
        },
        {
            "file": "/Users/runner/work/hol-guard/hol-guard/source/scripts/ci/priority_launcher_phase/daemon.py",
            "severity": "warning",
            "message": "Argument type is Any\n  Argument corresponds to parameter \"wrapped\" in function \"wraps\"",
            "range": {
                "start": {
                    "line": 121,
                    "character": 25
                },
                "end": {
                    "line": 121,
                    "character": 40
                }
            },
            "rule": "reportAny"
        },
        {
            "file": "/Users/runner/work/hol-guard/hol-guard/source/scripts/ci/priority_launcher_phase/daemon.py",
            "severity": "warning",
            "message": "Return type is Any",
            "range": {
                "start": {
                    "line": 122,
                    "character": 12
                },
                "end": {
                    "line": 122,
                    "character": 18
                }
            },
            "rule": "reportAny"
        },
        {
            "file": "/Users/runner/work/hol-guard/hol-guard/source/scripts/ci/priority_launcher_phase/daemon.py",
            "severity": "warning",
            "message": "Type of parameter \"args\" is Any",
            "range": {
                "start": {
                    "line": 122,
                    "character": 20
                },
                "end": {
                    "line": 122,
                    "character": 24
                }
            },
            "rule": "reportAny"
        },
        {
            "file": "/Users/runner/work/hol-guard/hol-guard/source/scripts/ci/priority_launcher_phase/daemon.py",
            "severity": "warning",
            "message": "Type `Any` is not allowed",
            "range": {
                "start": {
                    "line": 122,
                    "character": 26
                },
                "end": {
                    "line": 122,
                    "character": 29
                }
            },
            "rule": "reportExplicitAny"
        },
        {
            "file": "/Users/runner/work/hol-guard/hol-guard/source/scripts/ci/priority_launcher_phase/daemon.py",
            "severity": "warning",
            "message": "Type of parameter \"kwargs\" is Any",
            "range": {
                "start": {
                    "line": 122,
                    "character": 33
                },
                "end": {
                    "line": 122,
                    "character": 39
                }
            },
            "rule": "reportAny"
        },
        {
            "file": "/Users/runner/work/hol-guard/hol-guard/source/scripts/ci/priority_launcher_phase/daemon.py",
            "severity": "warning",
            "message": "Type `Any` is not allowed",
            "range": {
                "start": {
                    "line": 122,
                    "character": 41
                },
                "end": {
                    "line": 122,
                    "character": 44
                }
            },
            "rule": "reportExplicitAny"
        },
        {
            "file": "/Users/runner/work/hol-guard/hol-guard/source/scripts/ci/priority_launcher_phase/daemon.py",
            "severity": "warning",
            "message": "Type `Any` is not allowed",
            "range": {
                "start": {
                    "line": 122,
                    "character": 49
                },
                "end": {
                    "line": 122,
                    "character": 52
                }
            },
            "rule": "reportExplicitAny"
        },
        {
            "file": "/Users/runner/work/hol-guard/hol-guard/source/scripts/ci/priority_launcher_phase/daemon.py",
            "severity": "warning",
            "message": "Argument type is Any\n  Argument corresponds to parameter \"payload\" in function \"freeze_input\"",
            "range": {
                "start": {
                    "line": 125,
                    "character": 20
                },
                "end": {
                    "line": 125,
                    "character": 37
                }
            },
            "rule": "reportAny"
        },
        {
            "file": "/Users/runner/work/hol-guard/hol-guard/source/scripts/ci/priority_launcher_phase/daemon.py",
            "severity": "warning",
            "message": "Argument type is Any\n  Argument corresponds to parameter \"params\" in function \"harness_from_params\"",
            "range": {
                "start": {
                    "line": 126,
                    "character": 40
                },
                "end": {
                    "line": 126,
                    "character": 56
                }
            },
            "rule": "reportAny"
        },
        {
            "file": "/Users/runner/work/hol-guard/hol-guard/source/scripts/ci/priority_launcher_phase/daemon.py",
            "severity": "warning",
            "message": "Argument type is Any\n  Argument corresponds to parameter \"default\" in function \"harness_from_params\"",
            "range": {
                "start": {
                    "line": 126,
                    "character": 58
                },
                "end": {
                    "line": 126,
                    "character": 83
                }
            },
            "rule": "reportAny"
        },
        {
            "file": "/Users/runner/work/hol-guard/hol-guard/source/scripts/ci/priority_launcher_phase/daemon.py",
            "severity": "warning",
            "message": "Type of parameter \"result\" is Any",
            "range": {
                "start": {
                    "line": 129,
                    "character": 32
                },
                "end": {
                    "line": 129,
                    "character": 38
                }
            },
            "rule": "reportAny"
        },
        {
            "file": "/Users/runner/work/hol-guard/hol-guard/source/scripts/ci/priority_launcher_phase/daemon.py",
            "severity": "warning",
            "message": "Type `Any` is not allowed",
            "range": {
                "start": {
                    "line": 129,
                    "character": 40
                },
                "end": {
                    "line": 129,
                    "character": 43
                }
            },
            "rule": "reportExplicitAny"
        },
        {
            "file": "/Users/runner/work/hol-guard/hol-guard/source/scripts/ci/priority_launcher_phase/daemon.py",
            "severity": "warning",
            "message": "Type of parameter \"frozen\" is Any",
            "range": {
                "start": {
                    "line": 129,
                    "character": 74
                },
                "end": {
                    "line": 129,
                    "character": 80
                }
            },
            "rule": "reportAny"
        },
        {
            "file": "/Users/runner/work/hol-guard/hol-guard/source/scripts/ci/priority_launcher_phase/daemon.py",
            "severity": "warning",
            "message": "Type `Any` is not allowed",
            "range": {
                "start": {
                    "line": 129,
                    "character": 82
                },
                "end": {
                    "line": 129,
                    "character": 85
                }
            },
            "rule": "reportExplicitAny"
        },
        {
            "file": "/Users/runner/work/hol-guard/hol-guard/source/scripts/ci/priority_launcher_phase/daemon.py",
            "severity": "warning",
            "message": "Type of \"entry\" is Any",
            "range": {
                "start": {
                    "line": 130,
                    "character": 16
                },
                "end": {
                    "line": 130,
                    "character": 21
                }
            },
            "rule": "reportAny"
        },
        {
            "file": "/Users/runner/work/hol-guard/hol-guard/source/scripts/ci/priority_launcher_phase/daemon.py",
            "severity": "warning",
            "message": "Type of \"entry\" is Any",
            "range": {
                "start": {
                    "line": 130,
                    "character": 24
                },
                "end": {
                    "line": 130,
                    "character": 33
                }
            },
            "rule": "reportAny"
        },
        {
            "file": "/Users/runner/work/hol-guard/hol-guard/source/scripts/ci/priority_launcher_phase/daemon.py",
            "severity": "warning",
            "message": "Argument type is Any\n  Argument corresponds to parameter \"o\" in function \"__init__\"",
            "range": {
                "start": {
                    "line": 143,
                    "character": 46
                },
                "end": {
                    "line": 143,
                    "character": 52
                }
            },
            "rule": "reportAny"
        },
        {
            "file": "/Users/runner/work/hol-guard/hol-guard/source/scripts/ci/priority_launcher_phase/daemon.py",
            "severity": "warning",
            "message": "Return type is Any",
            "range": {
                "start": {
                    "line": 147,
                    "character": 19
                },
                "end": {
                    "line": 147,
                    "character": 110
                }
            },
            "rule": "reportAny"
        },
        {
            "file": "/Users/runner/work/hol-guard/hol-guard/source/scripts/ci/priority_launcher_phase/daemon.py",
            "severity": "warning",
            "message": "Argument type is Any\n  Argument corresponds to parameter \"original\" in function \"call\"",
            "range": {
                "start": {
                    "line": 147,
                    "character": 52
                },
                "end": {
                    "line": 147,
                    "character": 67
                }
            },
            "rule": "reportAny"
        },
        {
            "file": "/Users/runner/work/hol-guard/hol-guard/source/scripts/ci/priority_launcher_phase/daemon.py",
            "severity": "warning",
            "message": "Type of parameter \"result\" is Any",
            "range": {
                "start": {
                    "line": 151,
                    "character": 34
                },
                "end": {
                    "line": 151,
                    "character": 40
                }
            },
            "rule": "reportAny"
        },
        {
            "file": "/Users/runner/work/hol-guard/hol-guard/source/scripts/ci/priority_launcher_phase/daemon.py",
            "severity": "warning",
            "message": "Type `Any` is not allowed",
            "range": {
                "start": {
                    "line": 151,
                    "character": 42
                },
                "end": {
                    "line": 151,
                    "character": 45
                }
            },
            "rule": "reportExplicitAny"
        },
        {
            "file": "/Users/runner/work/hol-guard/hol-guard/source/scripts/ci/priority_launcher_phase/daemon.py",
            "severity": "warning",
            "message": "Type of parameter \"_state\" is Any",
            "range": {
                "start": {
                    "line": 151,
                    "character": 76
                },
                "end": {
                    "line": 151,
                    "character": 82
                }
            },
            "rule": "reportAny"
        },
        {
            "file": "/Users/runner/work/hol-guard/hol-guard/source/scripts/ci/priority_launcher_phase/daemon.py",
            "severity": "warning",
            "message": "Type `Any` is not allowed",
            "range": {
                "start": {
                    "line": 151,
                    "character": 84
                },
                "end": {
                    "line": 151,
                    "character": 87
                }
            },
            "rule": "reportExplicitAny"
        },
        {
            "file": "/Users/runner/work/hol-guard/hol-guard/source/scripts/ci/priority_launcher_phase/daemon.py",
            "severity": "warning",
            "message": "Argument type is Any\n  Argument corresponds to parameter \"value\" in function \"edge_facts\"",
            "range": {
                "start": {
                    "line": 152,
                    "character": 63
                },
                "end": {
                    "line": 152,
                    "character": 69
                }
            },
            "rule": "reportAny"
        },
        {
            "file": "/Users/runner/work/hol-guard/hol-guard/source/scripts/ci/priority_launcher_phase/daemon.py",
            "severity": "warning",
            "message": "Type of \"edge\" is Any",
            "range": {
                "start": {
                    "line": 155,
                    "character": 26
                },
                "end": {
                    "line": 155,
                    "character": 35
                }
            },
            "rule": "reportAny"
        },
        {
            "file": "/Users/runner/work/hol-guard/hol-guard/source/scripts/ci/priority_launcher_phase/daemon.py",
            "severity": "warning",
            "message": "Type of parameter \"result\" is Any",
            "range": {
                "start": {
                    "line": 157,
                    "character": 30
                },
                "end": {
                    "line": 157,
                    "character": 36
                }
            },
            "rule": "reportAny"
        },
        {
            "file": "/Users/runner/work/hol-guard/hol-guard/source/scripts/ci/priority_launcher_phase/daemon.py",
            "severity": "warning",
            "message": "Type `Any` is not allowed",
            "range": {
                "start": {
                    "line": 157,
                    "character": 38
                },
                "end": {
                    "line": 157,
                    "character": 41
                }
            },
            "rule": "reportExplicitAny"
        },
        {
            "file": "/Users/runner/work/hol-guard/hol-guard/source/scripts/ci/priority_launcher_phase/daemon.py",
            "severity": "warning",
            "message": "Type of parameter \"_state\" is Any",
            "range": {
                "start": {
                    "line": 157,
                    "character": 72
                },
                "end": {
                    "line": 157,
                    "character": 78
                }
            },
            "rule": "reportAny"
        },
        {
            "file": "/Users/runner/work/hol-guard/hol-guard/source/scripts/ci/priority_launcher_phase/daemon.py",
            "severity": "warning",
            "message": "Type `Any` is not allowed",
            "range": {
                "start": {
                    "line": 157,
                    "character": 80
                },
                "end": {
                    "line": 157,
                    "character": 83
                }
            },
            "rule": "reportExplicitAny"
        },
        {
            "file": "/Users/runner/work/hol-guard/hol-guard/source/scripts/ci/priority_launcher_phase/daemon.py",
            "severity": "warning",
            "message": "Argument type is Any\n  Argument corresponds to parameter \"value\" in function \"byte_facts\"",
            "range": {
                "start": {
                    "line": 162,
                    "character": 33
                },
                "end": {
                    "line": 162,
                    "character": 39
                }
            },
            "rule": "reportAny"
        },
        {
            "file": "/Users/runner/work/hol-guard/hol-guard/source/scripts/ci/priority_launcher_phase/daemon.py",
            "severity": "warning",
            "message": "Type of \"edge\" is Any",
            "range": {
                "start": {
                    "line": 167,
                    "character": 26
                },
                "end": {
                    "line": 167,
                    "character": 35
                }
            },
            "rule": "reportAny"
        },
        {
            "file": "/Users/runner/work/hol-guard/hol-guard/source/scripts/ci/priority_launcher_phase/daemon.py",
            "severity": "warning",
            "message": "Type of \"original_exchange\" is Any",
            "range": {
                "start": {
                    "line": 168,
                    "character": 8
                },
                "end": {
                    "line": 168,
                    "character": 25
                }
            },
            "rule": "reportAny"
        },
        {
            "file": "/Users/runner/work/hol-guard/hol-guard/source/scripts/ci/priority_launcher_phase/daemon.py",
            "severity": "warning",
            "message": "Type of \"edge\" is Any",
            "range": {
                "start": {
                    "line": 168,
                    "character": 28
                },
                "end": {
                    "line": 168,
                    "character": 37
                }
            },
            "rule": "reportAny"
        },
        {
            "file": "/Users/runner/work/hol-guard/hol-guard/source/scripts/ci/priority_launcher_phase/daemon.py",
            "severity": "warning",
            "message": "Type of \"native_resident_client_request\" is Any",
            "range": {
                "start": {
                    "line": 168,
                    "character": 28
                },
                "end": {
                    "line": 168,
                    "character": 68
                }
            },
            "rule": "reportAny"
        },
        {
            "file": "/Users/runner/work/hol-guard/hol-guard/source/scripts/ci/priority_launcher_phase/daemon.py",
            "severity": "warning",
            "message": "Argument type is Any\n  Argument corresponds to parameter \"wrapped\" in function \"wraps\"",
            "range": {
                "start": {
                    "line": 170,
                    "character": 25
                },
                "end": {
                    "line": 170,
                    "character": 42
                }
            },
            "rule": "reportAny"
        },
        {
            "file": "/Users/runner/work/hol-guard/hol-guard/source/scripts/ci/priority_launcher_phase/daemon.py",
            "severity": "warning",
            "message": "Return type is Any",
            "range": {
                "start": {
                    "line": 171,
                    "character": 12
                },
                "end": {
                    "line": 171,
                    "character": 20
                }
            },
            "rule": "reportAny"
        },
        {
            "file": "/Users/runner/work/hol-guard/hol-guard/source/scripts/ci/priority_launcher_phase/daemon.py",
            "severity": "warning",
            "message": "Type of parameter \"args\" is Any",
            "range": {
                "start": {
                    "line": 171,
                    "character": 22
                },
                "end": {
                    "line": 171,
                    "character": 26
                }
            },
            "rule": "reportAny"
        },
        {
            "file": "/Users/runner/work/hol-guard/hol-guard/source/scripts/ci/priority_launcher_phase/daemon.py",
            "severity": "warning",
            "message": "Type `Any` is not allowed",
            "range": {
                "start": {
                    "line": 171,
                    "character": 28
                },
                "end": {
                    "line": 171,
                    "character": 31
                }
            },
            "rule": "reportExplicitAny"
        },
        {
            "file": "/Users/runner/work/hol-guard/hol-guard/source/scripts/ci/priority_launcher_phase/daemon.py",
            "severity": "warning",
            "message": "Type of parameter \"kwargs\" is Any",
            "range": {
                "start": {
                    "line": 171,
                    "character": 35
                },
                "end": {
                    "line": 171,
                    "character": 41
                }
            },
            "rule": "reportAny"
        },
        {
            "file": "/Users/runner/work/hol-guard/hol-guard/source/scripts/ci/priority_launcher_phase/daemon.py",
            "severity": "warning",
            "message": "Type `Any` is not allowed",
            "range": {
                "start": {
                    "line": 171,
                    "character": 43
                },
                "end": {
                    "line": 171,
                    "character": 46
                }
            },
            "rule": "reportExplicitAny"
        },
        {
            "file": "/Users/runner/work/hol-guard/hol-guard/source/scripts/ci/priority_launcher_phase/daemon.py",
            "severity": "warning",
            "message": "Type `Any` is not allowed",
            "range": {
                "start": {
                    "line": 171,
                    "character": 51
                },
                "end": {
                    "line": 171,
                    "character": 54
                }
            },
            "rule": "reportExplicitAny"
        },
        {
            "file": "/Users/runner/work/hol-guard/hol-guard/source/scripts/ci/priority_launcher_phase/daemon.py",
            "severity": "warning",
            "message": "Type of parameter \"result\" is Any",
            "range": {
                "start": {
                    "line": 175,
                    "character": 32
                },
                "end": {
                    "line": 175,
                    "character": 38
                }
            },
            "rule": "reportAny"
        },
        {
            "file": "/Users/runner/work/hol-guard/hol-guard/source/scripts/ci/priority_launcher_phase/daemon.py",
            "severity": "warning",
            "message": "Type `Any` is not allowed",
            "range": {
                "start": {
                    "line": 175,
                    "character": 40
                },
                "end": {
                    "line": 175,
                    "character": 43
                }
            },
            "rule": "reportExplicitAny"
        },
        {
            "file": "/Users/runner/work/hol-guard/hol-guard/source/scripts/ci/priority_launcher_phase/daemon.py",
            "severity": "warning",
            "message": "Type of parameter \"_state\" is Any",
            "range": {
                "start": {
                    "line": 175,
                    "character": 74
                },
                "end": {
                    "line": 175,
                    "character": 80
                }
            },
            "rule": "reportAny"
        },
        {
            "file": "/Users/runner/work/hol-guard/hol-guard/source/scripts/ci/priority_launcher_phase/daemon.py",
            "severity": "warning",
            "message": "Type `Any` is not allowed",
            "range": {
                "start": {
                    "line": 175,
                    "character": 82
                },
                "end": {
                    "line": 175,
                    "character": 85
                }
            },
            "rule": "reportExplicitAny"
        },
        {
            "file": "/Users/runner/work/hol-guard/hol-guard/source/scripts/ci/priority_launcher_phase/daemon.py",
            "severity": "warning",
            "message": "Argument type is Any\n  Argument corresponds to parameter \"value\" in function \"byte_facts\"",
            "range": {
                "start": {
                    "line": 181,
                    "character": 37
                },
                "end": {
                    "line": 181,
                    "character": 43
                }
            },
            "rule": "reportAny"
        },
        {
            "file": "/Users/runner/work/hol-guard/hol-guard/source/scripts/ci/priority_launcher_phase/daemon.py",
            "severity": "warning",
            "message": "Return type is Any",
            "range": {
                "start": {
                    "line": 187,
                    "character": 19
                },
                "end": {
                    "line": 187,
                    "character": 106
                }
            },
            "rule": "reportAny"
        },
        {
            "file": "/Users/runner/work/hol-guard/hol-guard/source/scripts/ci/priority_launcher_phase/daemon.py",
            "severity": "warning",
            "message": "Argument type is Any\n  Argument corresponds to parameter \"original\" in function \"call\"",
            "range": {
                "start": {
                    "line": 187,
                    "character": 61
                },
                "end": {
                    "line": 187,
                    "character": 78
                }
            },
            "rule": "reportAny"
        },
        {
            "file": "/Users/runner/work/hol-guard/hol-guard/source/scripts/ci/priority_launcher_phase/daemon.py",
            "severity": "warning",
            "message": "Type of \"edge\" is Any",
            "range": {
                "start": {
                    "line": 189,
                    "character": 25
                },
                "end": {
                    "line": 189,
                    "character": 34
                }
            },
            "rule": "reportAny"
        },
        {
            "file": "/Users/runner/work/hol-guard/hol-guard/source/scripts/ci/priority_launcher_phase/daemon.py",
            "severity": "warning",
            "message": "Type of \"client\" is Any",
            "range": {
                "start": {
                    "line": 190,
                    "character": 26
                },
                "end": {
                    "line": 190,
                    "character": 37
                }
            },
            "rule": "reportAny"
        },
        {
            "file": "/Users/runner/work/hol-guard/hol-guard/source/scripts/ci/priority_launcher_phase/daemon.py",
            "severity": "warning",
            "message": "Type of \"_PersistentNativeClientPool\" is Any",
            "range": {
                "start": {
                    "line": 190,
                    "character": 26
                },
                "end": {
                    "line": 190,
                    "character": 65
                }
            },
            "rule": "reportAny"
        },
        {
            "file": "/Users/runner/work/hol-guard/hol-guard/source/scripts/ci/priority_launcher_phase/daemon.py",
            "severity": "warning",
            "message": "Type of parameter \"result\" is Any",
            "range": {
                "start": {
                    "line": 192,
                    "character": 30
                },
                "end": {
                    "line": 192,
                    "character": 36
                }
            },
            "rule": "reportAny"
        },
        {
            "file": "/Users/runner/work/hol-guard/hol-guard/source/scripts/ci/priority_launcher_phase/daemon.py",
            "severity": "warning",
            "message": "Type `Any` is not allowed",
            "range": {
                "start": {
                    "line": 192,
                    "character": 38
                },
                "end": {
                    "line": 192,
                    "character": 41
                }
            },
            "rule": "reportExplicitAny"
        },
        {
            "file": "/Users/runner/work/hol-guard/hol-guard/source/scripts/ci/priority_launcher_phase/daemon.py",
            "severity": "warning",
            "message": "Type of parameter \"_state\" is Any",
            "range": {
                "start": {
                    "line": 192,
                    "character": 72
                },
                "end": {
                    "line": 192,
                    "character": 78
                }
            },
            "rule": "reportAny"
        },
        {
            "file": "/Users/runner/work/hol-guard/hol-guard/source/scripts/ci/priority_launcher_phase/daemon.py",
            "severity": "warning",
            "message": "Type `Any` is not allowed",
            "range": {
                "start": {
                    "line": 192,
                    "character": 80
                },
                "end": {
                    "line": 192,
                    "character": 83
                }
            },
            "rule": "reportExplicitAny"
        },
        {
            "file": "/Users/runner/work/hol-guard/hol-guard/source/scripts/ci/priority_launcher_phase/daemon.py",
            "severity": "warning",
            "message": "Argument type is Any\n  Argument corresponds to parameter \"value\" in function \"edge_facts\"",
            "range": {
                "start": {
                    "line": 197,
                    "character": 33
                },
                "end": {
                    "line": 197,
                    "character": 39
                }
            },
            "rule": "reportAny"
        },
        {
            "file": "/Users/runner/work/hol-guard/hol-guard/source/scripts/ci/priority_launcher_phase/daemon.py",
            "severity": "warning",
            "message": "Type of \"edge\" is Any",
            "range": {
                "start": {
                    "line": 203,
                    "character": 26
                },
                "end": {
                    "line": 203,
                    "character": 35
                }
            },
            "rule": "reportAny"
        },
        {
            "file": "/Users/runner/work/hol-guard/hol-guard/source/scripts/ci/priority_launcher_phase/daemon.py",
            "severity": "warning",
            "message": "Type of \"writer\" is Any",
            "range": {
                "start": {
                    "line": 204,
                    "character": 8
                },
                "end": {
                    "line": 204,
                    "character": 14
                }
            },
            "rule": "reportAny"
        },
        {
            "file": "/Users/runner/work/hol-guard/hol-guard/source/scripts/ci/priority_launcher_phase/daemon.py",
            "severity": "warning",
            "message": "Type of \"server\" is Any",
            "range": {
                "start": {
                    "line": 204,
                    "character": 17
                },
                "end": {
                    "line": 204,
                    "character": 28
                }
            },
            "rule": "reportAny"
        },
        {
            "file": "/Users/runner/work/hol-guard/hol-guard/source/scripts/ci/priority_launcher_phase/daemon.py",
            "severity": "warning",
            "message": "Type of \"runtime_hook_evidence_writer\" is Any",
            "range": {
                "start": {
                    "line": 204,
                    "character": 17
                },
                "end": {
                    "line": 204,
                    "character": 57
                }
            },
            "rule": "reportAny"
        },
        {
            "file": "/Users/runner/work/hol-guard/hol-guard/source/scripts/ci/priority_launcher_phase/daemon.py",
            "severity": "warning",
            "message": "Type of \"original_receipt\" is Any",
            "range": {
                "start": {
                    "line": 205,
                    "character": 8
                },
                "end": {
                    "line": 205,
                    "character": 24
                }
            },
            "rule": "reportAny"
        },
        {
            "file": "/Users/runner/work/hol-guard/hol-guard/source/scripts/ci/priority_launcher_phase/daemon.py",
            "severity": "warning",
            "message": "Type of \"submit_native_decision_receipt\" is Any",
            "range": {
                "start": {
                    "line": 205,
                    "character": 27
                },
                "end": {
                    "line": 205,
                    "character": 64
                }
            },
            "rule": "reportAny"
        },
        {
            "file": "/Users/runner/work/hol-guard/hol-guard/source/scripts/ci/priority_launcher_phase/daemon.py",
            "severity": "warning",
            "message": "Argument type is Any\n  Argument corresponds to parameter \"wrapped\" in function \"wraps\"",
            "range": {
                "start": {
                    "line": 207,
                    "character": 25
                },
                "end": {
                    "line": 207,
                    "character": 41
                }
            },
            "rule": "reportAny"
        },
        {
            "file": "/Users/runner/work/hol-guard/hol-guard/source/scripts/ci/priority_launcher_phase/daemon.py",
            "severity": "warning",
            "message": "Return type is Any",
            "range": {
                "start": {
                    "line": 208,
                    "character": 12
                },
                "end": {
                    "line": 208,
                    "character": 18
                }
            },
            "rule": "reportAny"
        },
        {
            "file": "/Users/runner/work/hol-guard/hol-guard/source/scripts/ci/priority_launcher_phase/daemon.py",
            "severity": "warning",
            "message": "Type of parameter \"args\" is Any",
            "range": {
                "start": {
                    "line": 208,
                    "character": 20
                },
                "end": {
                    "line": 208,
                    "character": 24
                }
            },
            "rule": "reportAny"
        },
        {
            "file": "/Users/runner/work/hol-guard/hol-guard/source/scripts/ci/priority_launcher_phase/daemon.py",
            "severity": "warning",
            "message": "Type `Any` is not allowed",
            "range": {
                "start": {
                    "line": 208,
                    "character": 26
                },
                "end": {
                    "line": 208,
                    "character": 29
                }
            },
            "rule": "reportExplicitAny"
        },
        {
            "file": "/Users/runner/work/hol-guard/hol-guard/source/scripts/ci/priority_launcher_phase/daemon.py",
            "severity": "warning",
            "message": "Type of parameter \"kwargs\" is Any",
            "range": {
                "start": {
                    "line": 208,
                    "character": 33
                },
                "end": {
                    "line": 208,
                    "character": 39
                }
            },
            "rule": "reportAny"
        },
        {
            "file": "/Users/runner/work/hol-guard/hol-guard/source/scripts/ci/priority_launcher_phase/daemon.py",
            "severity": "warning",
            "message": "Type `Any` is not allowed",
            "range": {
                "start": {
                    "line": 208,
                    "character": 41
                },
                "end": {
                    "line": 208,
                    "character": 44
                }
            },
            "rule": "reportExplicitAny"
        },
        {
            "file": "/Users/runner/work/hol-guard/hol-guard/source/scripts/ci/priority_launcher_phase/daemon.py",
            "severity": "warning",
            "message": "Type `Any` is not allowed",
            "range": {
                "start": {
                    "line": 208,
                    "character": 49
                },
                "end": {
                    "line": 208,
                    "character": 52
                }
            },
            "rule": "reportExplicitAny"
        },
        {
            "file": "/Users/runner/work/hol-guard/hol-guard/source/scripts/ci/priority_launcher_phase/daemon.py",
            "severity": "warning",
            "message": "Type of parameter \"result\" is Any",
            "range": {
                "start": {
                    "line": 214,
                    "character": 32
                },
                "end": {
                    "line": 214,
                    "character": 38
                }
            },
            "rule": "reportAny"
        },
        {
            "file": "/Users/runner/work/hol-guard/hol-guard/source/scripts/ci/priority_launcher_phase/daemon.py",
            "severity": "warning",
            "message": "Type `Any` is not allowed",
            "range": {
                "start": {
                    "line": 214,
                    "character": 40
                },
                "end": {
                    "line": 214,
                    "character": 43
                }
            },
            "rule": "reportExplicitAny"
        },
        {
            "file": "/Users/runner/work/hol-guard/hol-guard/source/scripts/ci/priority_launcher_phase/daemon.py",
            "severity": "warning",
            "message": "Type of parameter \"identity\" is Any",
            "range": {
                "start": {
                    "line": 214,
                    "character": 74
                },
                "end": {
                    "line": 214,
                    "character": 82
                }
            },
            "rule": "reportAny"
        },
        {
            "file": "/Users/runner/work/hol-guard/hol-guard/source/scripts/ci/priority_launcher_phase/daemon.py",
            "severity": "warning",
            "message": "Type `Any` is not allowed",
            "range": {
                "start": {
                    "line": 214,
                    "character": 84
                },
                "end": {
                    "line": 214,
                    "character": 87
                }
            },
            "rule": "reportExplicitAny"
        },
        {
            "file": "/Users/runner/work/hol-guard/hol-guard/source/scripts/ci/priority_launcher_phase/daemon.py",
            "severity": "warning",
            "message": "Argument type is Any\n  Argument corresponds to parameter \"o\" in function \"__init__\"",
            "range": {
                "start": {
                    "line": 220,
                    "character": 46
                },
                "end": {
                    "line": 220,
                    "character": 52
                }
            },
            "rule": "reportAny"
        },
        {
            "file": "/Users/runner/work/hol-guard/hol-guard/source/scripts/ci/priority_launcher_phase/daemon.py",
            "severity": "warning",
            "message": "Argument type is Any\n  Argument corresponds to parameter \"o\" in function \"__init__\"",
            "range": {
                "start": {
                    "line": 221,
                    "character": 51
                },
                "end": {
                    "line": 221,
                    "character": 57
                }
            },
            "rule": "reportAny"
        },
        {
            "file": "/Users/runner/work/hol-guard/hol-guard/source/scripts/ci/priority_launcher_phase/daemon.py",
            "severity": "warning",
            "message": "Return type is Any",
            "range": {
                "start": {
                    "line": 226,
                    "character": 19
                },
                "end": {
                    "line": 226,
                    "character": 112
                }
            },
            "rule": "reportAny"
        },
        {
            "file": "/Users/runner/work/hol-guard/hol-guard/source/scripts/ci/priority_launcher_phase/daemon.py",
            "severity": "warning",
            "message": "Argument type is Any\n  Argument corresponds to parameter \"original\" in function \"call\"",
            "range": {
                "start": {
                    "line": 226,
                    "character": 53
                },
                "end": {
                    "line": 226,
                    "character": 69
                }
            },
            "rule": "reportAny"
        },
        {
            "file": "/Users/runner/work/hol-guard/hol-guard/source/scripts/ci/priority_launcher_phase/daemon.py",
            "severity": "warning",
            "message": "Type of parameter \"result\" is Any",
            "range": {
                "start": {
                    "line": 230,
                    "character": 31
                },
                "end": {
                    "line": 230,
                    "character": 37
                }
            },
            "rule": "reportAny"
        },
        {
            "file": "/Users/runner/work/hol-guard/hol-guard/source/scripts/ci/priority_launcher_phase/daemon.py",
            "severity": "warning",
            "message": "Type `Any` is not allowed",
            "range": {
                "start": {
                    "line": 230,
                    "character": 39
                },
                "end": {
                    "line": 230,
                    "character": 42
                }
            },
            "rule": "reportExplicitAny"
        },
        {
            "file": "/Users/runner/work/hol-guard/hol-guard/source/scripts/ci/priority_launcher_phase/daemon.py",
            "severity": "warning",
            "message": "Type of parameter \"_state\" is Any",
            "range": {
                "start": {
                    "line": 230,
                    "character": 73
                },
                "end": {
                    "line": 230,
                    "character": 79
                }
            },
            "rule": "reportAny"
        },
        {
            "file": "/Users/runner/work/hol-guard/hol-guard/source/scripts/ci/priority_launcher_phase/daemon.py",
            "severity": "warning",
            "message": "Type `Any` is not allowed",
            "range": {
                "start": {
                    "line": 230,
                    "character": 81
                },
                "end": {
                    "line": 230,
                    "character": 84
                }
            },
            "rule": "reportExplicitAny"
        },
        {
            "file": "/Users/runner/work/hol-guard/hol-guard/source/scripts/ci/priority_launcher_phase/daemon.py",
            "severity": "warning",
            "message": "Argument type is Any\n  Argument corresponds to parameter \"o\" in function \"__init__\"",
            "range": {
                "start": {
                    "line": 236,
                    "character": 42
                },
                "end": {
                    "line": 236,
                    "character": 48
                }
            },
            "rule": "reportAny"
        },
        {
            "file": "/Users/runner/work/hol-guard/hol-guard/source/scripts/ci/priority_launcher_phase/daemon.py",
            "severity": "warning",
            "message": "Argument type is Any\n  Argument corresponds to parameter \"o\" in function \"__init__\"",
            "range": {
                "start": {
                    "line": 237,
                    "character": 47
                },
                "end": {
                    "line": 237,
                    "character": 53
                }
            },
            "rule": "reportAny"
        },
        {
            "file": "/Users/runner/work/hol-guard/hol-guard/source/scripts/ci/priority_launcher_phase/daemon.py",
            "severity": "warning",
            "message": "Type of parameter \"session_class\" is Any",
            "range": {
                "start": {
                    "line": 250,
                    "character": 45
                },
                "end": {
                    "line": 250,
                    "character": 58
                }
            },
            "rule": "reportAny"
        },
        {
            "file": "/Users/runner/work/hol-guard/hol-guard/source/scripts/ci/priority_launcher_phase/daemon.py",
            "severity": "warning",
            "message": "Type `Any` is not allowed",
            "range": {
                "start": {
                    "line": 250,
                    "character": 60
                },
                "end": {
                    "line": 250,
                    "character": 63
                }
            },
            "rule": "reportExplicitAny"
        },
        {
            "file": "/Users/runner/work/hol-guard/hol-guard/source/scripts/ci/priority_launcher_phase/daemon.py",
            "severity": "warning",
            "message": "Type of parameter \"factory\" is Any",
            "range": {
                "start": {
                    "line": 250,
                    "character": 65
                },
                "end": {
                    "line": 250,
                    "character": 72
                }
            },
            "rule": "reportAny"
        },
        {
            "file": "/Users/runner/work/hol-guard/hol-guard/source/scripts/ci/priority_launcher_phase/daemon.py",
            "severity": "warning",
            "message": "Type `Any` is not allowed",
            "range": {
                "start": {
                    "line": 250,
                    "character": 74
                },
                "end": {
                    "line": 250,
                    "character": 77
                }
            },
            "rule": "reportExplicitAny"
        },
        {
            "file": "/Users/runner/work/hol-guard/hol-guard/source/scripts/ci/priority_launcher_phase/daemon.py",
            "severity": "warning",
            "message": "Type annotation for attribute `collector` is required because this class is not decorated with `@final`",
            "range": {
                "start": {
                    "line": 251,
                    "character": 13
                },
                "end": {
                    "line": 251,
                    "character": 22
                }
            },
            "rule": "reportUnannotatedClassAttribute"
        },
        {
            "file": "/Users/runner/work/hol-guard/hol-guard/source/scripts/ci/priority_launcher_phase/daemon.py",
            "severity": "warning",
            "message": "Type of \"session_class\" is Any",
            "range": {
                "start": {
                    "line": 252,
                    "character": 8
                },
                "end": {
                    "line": 252,
                    "character": 26
                }
            },
            "rule": "reportAny"
        },
        {
            "file": "/Users/runner/work/hol-guard/hol-guard/source/scripts/ci/priority_launcher_phase/daemon.py",
            "severity": "warning",
            "message": "Type annotation for attribute `session_class` is required because this class is not decorated with `@final`",
            "range": {
                "start": {
                    "line": 252,
                    "character": 13
                },
                "end": {
                    "line": 252,
                    "character": 26
                }
            },
            "rule": "reportUnannotatedClassAttribute"
        },
        {
            "file": "/Users/runner/work/hol-guard/hol-guard/source/scripts/ci/priority_launcher_phase/daemon.py",
            "severity": "warning",
            "message": "Type of \"factory\" is Any",
            "range": {
                "start": {
                    "line": 253,
                    "character": 8
                },
                "end": {
                    "line": 253,
                    "character": 20
                }
            },
            "rule": "reportAny"
        },
        {
            "file": "/Users/runner/work/hol-guard/hol-guard/source/scripts/ci/priority_launcher_phase/daemon.py",
            "severity": "warning",
            "message": "Type annotation for attribute `factory` is required because this class is not decorated with `@final`",
            "range": {
                "start": {
                    "line": 253,
                    "character": 13
                },
                "end": {
                    "line": 253,
                    "character": 20
                }
            },
            "rule": "reportUnannotatedClassAttribute"
        },
        {
            "file": "/Users/runner/work/hol-guard/hol-guard/source/scripts/ci/priority_launcher_phase/daemon.py",
            "severity": "warning",
            "message": "Type annotation for attribute `patches` is required because this class is not decorated with `@final`",
            "range": {
                "start": {
                    "line": 254,
                    "character": 13
                },
                "end": {
                    "line": 254,
                    "character": 20
                }
            },
            "rule": "reportUnannotatedClassAttribute"
        },
        {
            "file": "/Users/runner/work/hol-guard/hol-guard/source/scripts/ci/priority_launcher_phase/daemon.py",
            "severity": "warning",
            "message": "Type annotation for attribute `enter_count` is required because this class is not decorated with `@final`",
            "range": {
                "start": {
                    "line": 256,
                    "character": 13
                },
                "end": {
                    "line": 256,
                    "character": 24
                }
            },
            "rule": "reportUnannotatedClassAttribute"
        },
        {
            "file": "/Users/runner/work/hol-guard/hol-guard/source/scripts/ci/priority_launcher_phase/daemon.py",
            "severity": "warning",
            "message": "Type `Any` is not allowed",
            "range": {
                "start": {
                    "line": 257,
                    "character": 22
                },
                "end": {
                    "line": 257,
                    "character": 25
                }
            },
            "rule": "reportExplicitAny"
        },
        {
            "file": "/Users/runner/work/hol-guard/hol-guard/source/scripts/ci/priority_launcher_phase/daemon.py",
            "severity": "warning",
            "message": "Type of \"original\" is Any",
            "range": {
                "start": {
                    "line": 260,
                    "character": 8
                },
                "end": {
                    "line": 260,
                    "character": 16
                }
            },
            "rule": "reportAny"
        },
        {
            "file": "/Users/runner/work/hol-guard/hol-guard/source/scripts/ci/priority_launcher_phase/daemon.py",
            "severity": "warning",
            "message": "Type of \"session_class\" is Any",
            "range": {
                "start": {
                    "line": 260,
                    "character": 19
                },
                "end": {
                    "line": 260,
                    "character": 37
                }
            },
            "rule": "reportAny"
        },
        {
            "file": "/Users/runner/work/hol-guard/hol-guard/source/scripts/ci/priority_launcher_phase/daemon.py",
            "severity": "warning",
            "message": "Type of \"__enter__\" is Any",
            "range": {
                "start": {
                    "line": 260,
                    "character": 19
                },
                "end": {
                    "line": 260,
                    "character": 47
                }
            },
            "rule": "reportAny"
        },
        {
            "file": "/Users/runner/work/hol-guard/hol-guard/source/scripts/ci/priority_launcher_phase/daemon.py",
            "severity": "warning",
            "message": "Argument type is Any\n  Argument corresponds to parameter \"wrapped\" in function \"wraps\"",
            "range": {
                "start": {
                    "line": 262,
                    "character": 25
                },
                "end": {
                    "line": 262,
                    "character": 33
                }
            },
            "rule": "reportAny"
        },
        {
            "file": "/Users/runner/work/hol-guard/hol-guard/source/scripts/ci/priority_launcher_phase/daemon.py",
            "severity": "warning",
            "message": "Return type is Any",
            "range": {
                "start": {
                    "line": 263,
                    "character": 12
                },
                "end": {
                    "line": 263,
                    "character": 17
                }
            },
            "rule": "reportAny"
        },
        {
            "file": "/Users/runner/work/hol-guard/hol-guard/source/scripts/ci/priority_launcher_phase/daemon.py",
            "severity": "warning",
            "message": "Type of parameter \"instance\" is Any",
            "range": {
                "start": {
                    "line": 263,
                    "character": 18
                },
                "end": {
                    "line": 263,
                    "character": 26
                }
            },
            "rule": "reportAny"
        },
        {
            "file": "/Users/runner/work/hol-guard/hol-guard/source/scripts/ci/priority_launcher_phase/daemon.py",
            "severity": "warning",
            "message": "Type `Any` is not allowed",
            "range": {
                "start": {
                    "line": 263,
                    "character": 28
                },
                "end": {
                    "line": 263,
                    "character": 31
                }
            },
            "rule": "reportExplicitAny"
        },
        {
            "file": "/Users/runner/work/hol-guard/hol-guard/source/scripts/ci/priority_launcher_phase/daemon.py",
            "severity": "warning",
            "message": "Type of parameter \"args\" is Any",
            "range": {
                "start": {
                    "line": 263,
                    "character": 34
                },
                "end": {
                    "line": 263,
                    "character": 38
                }
            },
            "rule": "reportAny"
        },
        {
            "file": "/Users/runner/work/hol-guard/hol-guard/source/scripts/ci/priority_launcher_phase/daemon.py",
            "severity": "warning",
            "message": "Type `Any` is not allowed",
            "range": {
                "start": {
                    "line": 263,
                    "character": 40
                },
                "end": {
                    "line": 263,
                    "character": 43
                }
            },
            "rule": "reportExplicitAny"
        },
        {
            "file": "/Users/runner/work/hol-guard/hol-guard/source/scripts/ci/priority_launcher_phase/daemon.py",
            "severity": "warning",
            "message": "Type of parameter \"kwargs\" is Any",
            "range": {
                "start": {
                    "line": 263,
                    "character": 47
                },
                "end": {
                    "line": 263,
                    "character": 53
                }
            },
            "rule": "reportAny"
        },
        {
            "file": "/Users/runner/work/hol-guard/hol-guard/source/scripts/ci/priority_launcher_phase/daemon.py",
            "severity": "warning",
            "message": "Type `Any` is not allowed",
            "range": {
                "start": {
                    "line": 263,
                    "character": 55
                },
                "end": {
                    "line": 263,
                    "character": 58
                }
            },
            "rule": "reportExplicitAny"
        },
        {
            "file": "/Users/runner/work/hol-guard/hol-guard/source/scripts/ci/priority_launcher_phase/daemon.py",
            "severity": "warning",
            "message": "Type `Any` is not allowed",
            "range": {
                "start": {
                    "line": 263,
                    "character": 63
                },
                "end": {
                    "line": 263,
                    "character": 66
                }
            },
            "rule": "reportExplicitAny"
        },
        {
            "file": "/Users/runner/work/hol-guard/hol-guard/source/scripts/ci/priority_launcher_phase/daemon.py",
            "severity": "warning",
            "message": "Type of \"result\" is Any",
            "range": {
                "start": {
                    "line": 264,
                    "character": 12
                },
                "end": {
                    "line": 264,
                    "character": 18
                }
            },
            "rule": "reportAny"
        },
        {
            "file": "/Users/runner/work/hol-guard/hol-guard/source/scripts/ci/priority_launcher_phase/daemon.py",
            "severity": "warning",
            "message": "Type of \"capture\" is Any",
            "range": {
                "start": {
                    "line": 271,
                    "character": 16
                },
                "end": {
                    "line": 271,
                    "character": 23
                }
            },
            "rule": "reportAny"
        },
        {
            "file": "/Users/runner/work/hol-guard/hol-guard/source/scripts/ci/priority_launcher_phase/daemon.py",
            "severity": "warning",
            "message": "Type of \"factory\" is Any",
            "range": {
                "start": {
                    "line": 271,
                    "character": 26
                },
                "end": {
                    "line": 271,
                    "character": 38
                }
            },
            "rule": "reportAny"
        },
        {
            "file": "/Users/runner/work/hol-guard/hol-guard/source/scripts/ci/priority_launcher_phase/daemon.py",
            "severity": "warning",
            "message": "Type of \"daemon\" is Any",
            "range": {
                "start": {
                    "line": 271,
                    "character": 39
                },
                "end": {
                    "line": 271,
                    "character": 54
                }
            },
            "rule": "reportAny"
        },
        {
            "file": "/Users/runner/work/hol-guard/hol-guard/source/scripts/ci/priority_launcher_phase/daemon.py",
            "severity": "warning",
            "message": "Type of \"_server\" is Any",
            "range": {
                "start": {
                    "line": 271,
                    "character": 39
                },
                "end": {
                    "line": 271,
                    "character": 62
                }
            },
            "rule": "reportAny"
        },
        {
            "file": "/Users/runner/work/hol-guard/hol-guard/source/scripts/ci/priority_launcher_phase/daemon.py",
            "severity": "warning",
            "message": "Type of \"__enter__\" is Any",
            "range": {
                "start": {
                    "line": 272,
                    "character": 16
                },
                "end": {
                    "line": 272,
                    "character": 33
                }
            },
            "rule": "reportAny"
        },
        {
            "file": "/Users/runner/work/hol-guard/hol-guard/source/scripts/ci/priority_launcher_phase/daemon.py",
            "severity": "warning",
            "message": "Return type is Any",
            "range": {
                "start": {
                    "line": 276,
                    "character": 19
                },
                "end": {
                    "line": 276,
                    "character": 25
                }
            },
            "rule": "reportAny"
        },
        {
            "file": "/Users/runner/work/hol-guard/hol-guard/source/scripts/ci/priority_launcher_phase/daemon.py",
            "severity": "warning",
            "message": "Type of \"session_class\" is Any",
            "range": {
                "start": {
                    "line": 279,
                    "character": 29
                },
                "end": {
                    "line": 279,
                    "character": 47
                }
            },
            "rule": "reportAny"
        },
        {
            "file": "/Users/runner/work/hol-guard/hol-guard/source/scripts/ci/priority_launcher_phase/fixture.py",
            "severity": "warning",
            "message": "Argument type is partially unknown\n  Argument corresponds to parameter \"iterable\" in function \"__init__\"\n  Argument type is \"dict[Unknown, Unknown]\"",
            "range": {
                "start": {
                    "line": 26,
                    "character": 42
                },
                "end": {
                    "line": 26,
                    "character": 47
                }
            },
            "rule": "reportUnknownArgumentType"
        },
        {
            "file": "/Users/runner/work/hol-guard/hol-guard/source/scripts/ci/priority_launcher_phase/fixture.py",
            "severity": "warning",
            "message": "Argument type is partially unknown\n  Argument corresponds to parameter \"iterable\" in function \"__init__\"\n  Argument type is \"dict[Unknown, Unknown]\"",
            "range": {
                "start": {
                    "line": 28,
                    "character": 11
                },
                "end": {
                    "line": 28,
                    "character": 16
                }
            },
            "rule": "reportUnknownArgumentType"
        },
        {
            "file": "/Users/runner/work/hol-guard/hol-guard/source/scripts/ci/priority_launcher_phase/fixture.py",
            "severity": "warning",
            "message": "Type of \"get\" is partially unknown\n  Type of \"get\" is \"Overload[(key: Unknown, default: None = None, /) -> (Unknown | None), (key: Unknown, default: Unknown, /) -> Unknown, (key: Unknown, default: _T@get, /) -> (Unknown | _T@get)]\"",
            "range": {
                "start": {
                    "line": 31,
                    "character": 8
                },
                "end": {
                    "line": 31,
                    "character": 17
                }
            },
            "rule": "reportUnknownMemberType"
        },
        {
            "file": "/Users/runner/work/hol-guard/hol-guard/source/scripts/ci/priority_launcher_phase/fixture.py",
            "severity": "warning",
            "message": "Type of \"get\" is partially unknown\n  Type of \"get\" is \"Overload[(key: Unknown, default: None = None, /) -> (Unknown | None), (key: Unknown, default: Unknown, /) -> Unknown, (key: Unknown, default: _T@get, /) -> (Unknown | _T@get)]\"",
            "range": {
                "start": {
                    "line": 32,
                    "character": 11
                },
                "end": {
                    "line": 32,
                    "character": 20
                }
            },
            "rule": "reportUnknownMemberType"
        },
        {
            "file": "/Users/runner/work/hol-guard/hol-guard/source/scripts/ci/priority_launcher_phase/fixture.py",
            "severity": "warning",
            "message": "Type of \"get\" is partially unknown\n  Type of \"get\" is \"Overload[(key: Unknown, default: None = None, /) -> (Unknown | None), (key: Unknown, default: Unknown, /) -> Unknown, (key: Unknown, default: _T@get, /) -> (Unknown | _T@get)]\"",
            "range": {
                "start": {
                    "line": 35,
                    "character": 7
                },
                "end": {
                    "line": 35,
                    "character": 16
                }
            },
            "rule": "reportUnknownMemberType"
        },
        {
            "file": "/Users/runner/work/hol-guard/hol-guard/source/scripts/ci/priority_launcher_phase/fixture.py",
            "severity": "warning",
            "message": "Argument type is unknown\n  Argument corresponds to parameter \"o\" in function \"__init__\"",
            "range": {
                "start": {
                    "line": 37,
                    "character": 16
                },
                "end": {
                    "line": 37,
                    "character": 28
                }
            },
            "rule": "reportUnknownArgumentType"
        },
        {
            "file": "/Users/runner/work/hol-guard/hol-guard/source/scripts/ci/priority_launcher_phase/fixture.py",
            "severity": "warning",
            "message": "Argument type is unknown\n  Argument corresponds to parameter \"o\" in function \"__init__\"",
            "range": {
                "start": {
                    "line": 40,
                    "character": 13
                },
                "end": {
                    "line": 40,
                    "character": 27
                }
            },
            "rule": "reportUnknownArgumentType"
        },
        {
            "file": "/Users/runner/work/hol-guard/hol-guard/source/scripts/ci/priority_launcher_phase/fixture.py",
            "severity": "warning",
            "message": "Argument type is partially unknown\n  Argument corresponds to parameter \"map\" in function \"__init__\"\n  Argument type is \"dict[Unknown, Unknown]\"",
            "range": {
                "start": {
                    "line": 46,
                    "character": 16
                },
                "end": {
                    "line": 46,
                    "character": 21
                }
            },
            "rule": "reportUnknownArgumentType"
        },
        {
            "file": "/Users/runner/work/hol-guard/hol-guard/source/scripts/ci/priority_launcher_phase/fixture.py",
            "severity": "warning",
            "message": "Type of parameter \"fixture_module\" is Any",
            "range": {
                "start": {
                    "line": 53,
                    "character": 8
                },
                "end": {
                    "line": 53,
                    "character": 22
                }
            },
            "rule": "reportAny"
        },
        {
            "file": "/Users/runner/work/hol-guard/hol-guard/source/scripts/ci/priority_launcher_phase/fixture.py",
            "severity": "warning",
            "message": "Type `Any` is not allowed",
            "range": {
                "start": {
                    "line": 53,
                    "character": 24
                },
                "end": {
                    "line": 53,
                    "character": 27
                }
            },
            "rule": "reportExplicitAny"
        },
        {
            "file": "/Users/runner/work/hol-guard/hol-guard/source/scripts/ci/priority_launcher_phase/fixture.py",
            "severity": "warning",
            "message": "Type annotation for attribute `collector` is required because this class is not decorated with `@final`",
            "range": {
                "start": {
                    "line": 60,
                    "character": 13
                },
                "end": {
                    "line": 60,
                    "character": 22
                }
            },
            "rule": "reportUnannotatedClassAttribute"
        },
        {
            "file": "/Users/runner/work/hol-guard/hol-guard/source/scripts/ci/priority_launcher_phase/fixture.py",
            "severity": "warning",
            "message": "Type of \"module\" is Any",
            "range": {
                "start": {
                    "line": 61,
                    "character": 8
                },
                "end": {
                    "line": 61,
                    "character": 19
                }
            },
            "rule": "reportAny"
        },
        {
            "file": "/Users/runner/work/hol-guard/hol-guard/source/scripts/ci/priority_launcher_phase/fixture.py",
            "severity": "warning",
            "message": "Type annotation for attribute `module` is required because this class is not decorated with `@final`",
            "range": {
                "start": {
                    "line": 61,
                    "character": 13
                },
                "end": {
                    "line": 61,
                    "character": 19
                }
            },
            "rule": "reportUnannotatedClassAttribute"
        },
        {
            "file": "/Users/runner/work/hol-guard/hol-guard/source/scripts/ci/priority_launcher_phase/fixture.py",
            "severity": "warning",
            "message": "Type annotation for attribute `runtime` is required because this class is not decorated with `@final`",
            "range": {
                "start": {
                    "line": 62,
                    "character": 13
                },
                "end": {
                    "line": 62,
                    "character": 20
                }
            },
            "rule": "reportUnannotatedClassAttribute"
        },
        {
            "file": "/Users/runner/work/hol-guard/hol-guard/source/scripts/ci/priority_launcher_phase/fixture.py",
            "severity": "warning",
            "message": "Type annotation for attribute `source_root` is required because this class is not decorated with `@final`",
            "range": {
                "start": {
                    "line": 63,
                    "character": 13
                },
                "end": {
                    "line": 63,
                    "character": 24
                }
            },
            "rule": "reportUnannotatedClassAttribute"
        },
        {
            "file": "/Users/runner/work/hol-guard/hol-guard/source/scripts/ci/priority_launcher_phase/fixture.py",
            "severity": "warning",
            "message": "Type annotation for attribute `child_script` is required because this class is not decorated with `@final`",
            "range": {
                "start": {
                    "line": 64,
                    "character": 13
                },
                "end": {
                    "line": 64,
                    "character": 25
                }
            },
            "rule": "reportUnannotatedClassAttribute"
        },
        {
            "file": "/Users/runner/work/hol-guard/hol-guard/source/scripts/ci/priority_launcher_phase/fixture.py",
            "severity": "warning",
            "message": "Type annotation for attribute `report_path` is required because this class is not decorated with `@final`",
            "range": {
                "start": {
                    "line": 65,
                    "character": 13
                },
                "end": {
                    "line": 65,
                    "character": 24
                }
            },
            "rule": "reportUnannotatedClassAttribute"
        },
        {
            "file": "/Users/runner/work/hol-guard/hol-guard/source/scripts/ci/priority_launcher_phase/fixture.py",
            "severity": "warning",
            "message": "Type annotation for attribute `patches` is required because this class is not decorated with `@final`",
            "range": {
                "start": {
                    "line": 66,
                    "character": 13
                },
                "end": {
                    "line": 66,
                    "character": 20
                }
            },
            "rule": "reportUnannotatedClassAttribute"
        },
        {
            "file": "/Users/runner/work/hol-guard/hol-guard/source/scripts/ci/priority_launcher_phase/fixture.py",
            "severity": "warning",
            "message": "Type annotation for attribute `redirected` is required because this class is not decorated with `@final`",
            "range": {
                "start": {
                    "line": 67,
                    "character": 13
                },
                "end": {
                    "line": 67,
                    "character": 23
                }
            },
            "rule": "reportUnannotatedClassAttribute"
        },
        {
            "file": "/Users/runner/work/hol-guard/hol-guard/source/scripts/ci/priority_launcher_phase/fixture.py",
            "severity": "warning",
            "message": "Type of \"original\" is Any",
            "range": {
                "start": {
                    "line": 70,
                    "character": 8
                },
                "end": {
                    "line": 70,
                    "character": 16
                }
            },
            "rule": "reportAny"
        },
        {
            "file": "/Users/runner/work/hol-guard/hol-guard/source/scripts/ci/priority_launcher_phase/fixture.py",
            "severity": "warning",
            "message": "Type of \"module\" is Any",
            "range": {
                "start": {
                    "line": 70,
                    "character": 19
                },
                "end": {
                    "line": 70,
                    "character": 30
                }
            },
            "rule": "reportAny"
        },
        {
            "file": "/Users/runner/work/hol-guard/hol-guard/source/scripts/ci/priority_launcher_phase/fixture.py",
            "severity": "warning",
            "message": "Type of \"_spawn_hook_process\" is Any",
            "range": {
                "start": {
                    "line": 70,
                    "character": 19
                },
                "end": {
                    "line": 70,
                    "character": 50
                }
            },
            "rule": "reportAny"
        },
        {
            "file": "/Users/runner/work/hol-guard/hol-guard/source/scripts/ci/priority_launcher_phase/fixture.py",
            "severity": "warning",
            "message": "Type of \"module\" is Any",
            "range": {
                "start": {
                    "line": 74,
                    "character": 21
                },
                "end": {
                    "line": 74,
                    "character": 32
                }
            },
            "rule": "reportAny"
        },
        {
            "file": "/Users/runner/work/hol-guard/hol-guard/source/scripts/ci/priority_launcher_phase/fixture.py",
            "severity": "warning",
            "message": "Type of \"__file__\" is Any",
            "range": {
                "start": {
                    "line": 74,
                    "character": 21
                },
                "end": {
                    "line": 74,
                    "character": 41
                }
            },
            "rule": "reportAny"
        },
        {
            "file": "/Users/runner/work/hol-guard/hol-guard/source/scripts/ci/priority_launcher_phase/fixture.py",
            "severity": "warning",
            "message": "Argument type is Any\n  Argument corresponds to parameter \"args\" in function \"__new__\"",
            "range": {
                "start": {
                    "line": 74,
                    "character": 21
                },
                "end": {
                    "line": 74,
                    "character": 41
                }
            },
            "rule": "reportAny"
        },
        {
            "file": "/Users/runner/work/hol-guard/hol-guard/source/scripts/ci/priority_launcher_phase/fixture.py",
            "severity": "warning",
            "message": "Argument type is Any\n  Argument corresponds to parameter \"wrapped\" in function \"wraps\"",
            "range": {
                "start": {
                    "line": 81,
                    "character": 25
                },
                "end": {
                    "line": 81,
                    "character": 33
                }
            },
            "rule": "reportAny"
        },
        {
            "file": "/Users/runner/work/hol-guard/hol-guard/source/scripts/ci/priority_launcher_phase/fixture.py",
            "severity": "warning",
            "message": "Return type is Any",
            "range": {
                "start": {
                    "line": 82,
                    "character": 12
                },
                "end": {
                    "line": 82,
                    "character": 17
                }
            },
            "rule": "reportAny"
        },
        {
            "file": "/Users/runner/work/hol-guard/hol-guard/source/scripts/ci/priority_launcher_phase/fixture.py",
            "severity": "warning",
            "message": "Type of parameter \"argv\" is Any",
            "range": {
                "start": {
                    "line": 82,
                    "character": 18
                },
                "end": {
                    "line": 82,
                    "character": 22
                }
            },
            "rule": "reportAny"
        },
        {
            "file": "/Users/runner/work/hol-guard/hol-guard/source/scripts/ci/priority_launcher_phase/fixture.py",
            "severity": "warning",
            "message": "Type `Any` is not allowed",
            "range": {
                "start": {
                    "line": 82,
                    "character": 24
                },
                "end": {
                    "line": 82,
                    "character": 27
                }
            },
            "rule": "reportExplicitAny"
        },
        {
            "file": "/Users/runner/work/hol-guard/hol-guard/source/scripts/ci/priority_launcher_phase/fixture.py",
            "severity": "warning",
            "message": "Type of parameter \"args\" is Any",
            "range": {
                "start": {
                    "line": 82,
                    "character": 30
                },
                "end": {
                    "line": 82,
                    "character": 34
                }
            },
            "rule": "reportAny"
        },
        {
            "file": "/Users/runner/work/hol-guard/hol-guard/source/scripts/ci/priority_launcher_phase/fixture.py",
            "severity": "warning",
            "message": "Type `Any` is not allowed",
            "range": {
                "start": {
                    "line": 82,
                    "character": 36
                },
                "end": {
                    "line": 82,
                    "character": 39
                }
            },
            "rule": "reportExplicitAny"
        },
        {
            "file": "/Users/runner/work/hol-guard/hol-guard/source/scripts/ci/priority_launcher_phase/fixture.py",
            "severity": "warning",
            "message": "Type of parameter \"kwargs\" is Any",
            "range": {
                "start": {
                    "line": 82,
                    "character": 43
                },
                "end": {
                    "line": 82,
                    "character": 49
                }
            },
            "rule": "reportAny"
        },
        {
            "file": "/Users/runner/work/hol-guard/hol-guard/source/scripts/ci/priority_launcher_phase/fixture.py",
            "severity": "warning",
            "message": "Type `Any` is not allowed",
            "range": {
                "start": {
                    "line": 82,
                    "character": 51
                },
                "end": {
                    "line": 82,
                    "character": 54
                }
            },
            "rule": "reportExplicitAny"
        },
        {
            "file": "/Users/runner/work/hol-guard/hol-guard/source/scripts/ci/priority_launcher_phase/fixture.py",
            "severity": "warning",
            "message": "Type `Any` is not allowed",
            "range": {
                "start": {
                    "line": 82,
                    "character": 59
                },
                "end": {
                    "line": 82,
                    "character": 62
                }
            },
            "rule": "reportExplicitAny"
        },
        {
            "file": "/Users/runner/work/hol-guard/hol-guard/source/scripts/ci/priority_launcher_phase/fixture.py",
            "severity": "warning",
            "message": "Argument type is Any\n  Argument corresponds to parameter \"o\" in function \"__init__\"",
            "range": {
                "start": {
                    "line": 83,
                    "character": 20
                },
                "end": {
                    "line": 83,
                    "character": 24
                }
            },
            "rule": "reportAny"
        },
        {
            "file": "/Users/runner/work/hol-guard/hol-guard/source/scripts/ci/priority_launcher_phase/fixture.py",
            "severity": "warning",
            "message": "Type of \"argv\" is Any",
            "range": {
                "start": {
                    "line": 86,
                    "character": 20
                },
                "end": {
                    "line": 86,
                    "character": 24
                }
            },
            "rule": "reportAny"
        },
        {
            "file": "/Users/runner/work/hol-guard/hol-guard/source/scripts/ci/priority_launcher_phase/fixture.py",
            "severity": "warning",
            "message": "Return type is Any",
            "range": {
                "start": {
                    "line": 98,
                    "character": 19
                },
                "end": {
                    "line": 98,
                    "character": 50
                }
            },
            "rule": "reportAny"
        },
        {
            "file": "/Users/runner/work/hol-guard/hol-guard/source/scripts/ci/priority_launcher_phase/fixture.py",
            "severity": "warning",
            "message": "Type of \"module\" is Any",
            "range": {
                "start": {
                    "line": 101,
                    "character": 29
                },
                "end": {
                    "line": 101,
                    "character": 40
                }
            },
            "rule": "reportAny"
        },
        {
            "file": "/Users/runner/work/hol-guard/hol-guard/source/scripts/ci/priority_launcher_phase/fixture.py",
            "severity": "warning",
            "message": "Return type is Any",
            "range": {
                "start": {
                    "line": 111,
                    "character": 4
                },
                "end": {
                    "line": 111,
                    "character": 22
                }
            },
            "rule": "reportAny"
        },
        {
            "file": "/Users/runner/work/hol-guard/hol-guard/source/scripts/ci/priority_launcher_phase/fixture.py",
            "severity": "warning",
            "message": "Type of parameter \"original\" is Any",
            "range": {
                "start": {
                    "line": 112,
                    "character": 4
                },
                "end": {
                    "line": 112,
                    "character": 12
                }
            },
            "rule": "reportAny"
        },
        {
            "file": "/Users/runner/work/hol-guard/hol-guard/source/scripts/ci/priority_launcher_phase/fixture.py",
            "severity": "warning",
            "message": "Type `Any` is not allowed",
            "range": {
                "start": {
                    "line": 112,
                    "character": 14
                },
                "end": {
                    "line": 112,
                    "character": 17
                }
            },
            "rule": "reportExplicitAny"
        },
        {
            "file": "/Users/runner/work/hol-guard/hol-guard/source/scripts/ci/priority_launcher_phase/fixture.py",
            "severity": "warning",
            "message": "Type of parameter \"session_class\" is Any",
            "range": {
                "start": {
                    "line": 115,
                    "character": 4
                },
                "end": {
                    "line": 115,
                    "character": 17
                }
            },
            "rule": "reportAny"
        },
        {
            "file": "/Users/runner/work/hol-guard/hol-guard/source/scripts/ci/priority_launcher_phase/fixture.py",
            "severity": "warning",
            "message": "Type `Any` is not allowed",
            "range": {
                "start": {
                    "line": 115,
                    "character": 19
                },
                "end": {
                    "line": 115,
                    "character": 22
                }
            },
            "rule": "reportExplicitAny"
        },
        {
            "file": "/Users/runner/work/hol-guard/hol-guard/source/scripts/ci/priority_launcher_phase/fixture.py",
            "severity": "warning",
            "message": "Type of parameter \"args\" is Any",
            "range": {
                "start": {
                    "line": 117,
                    "character": 5
                },
                "end": {
                    "line": 117,
                    "character": 9
                }
            },
            "rule": "reportAny"
        },
        {
            "file": "/Users/runner/work/hol-guard/hol-guard/source/scripts/ci/priority_launcher_phase/fixture.py",
            "severity": "warning",
            "message": "Type `Any` is not allowed",
            "range": {
                "start": {
                    "line": 117,
                    "character": 11
                },
                "end": {
                    "line": 117,
                    "character": 14
                }
            },
            "rule": "reportExplicitAny"
        },
        {
            "file": "/Users/runner/work/hol-guard/hol-guard/source/scripts/ci/priority_launcher_phase/fixture.py",
            "severity": "warning",
            "message": "Type of parameter \"kwargs\" is Any",
            "range": {
                "start": {
                    "line": 118,
                    "character": 6
                },
                "end": {
                    "line": 118,
                    "character": 12
                }
            },
            "rule": "reportAny"
        },
        {
            "file": "/Users/runner/work/hol-guard/hol-guard/source/scripts/ci/priority_launcher_phase/fixture.py",
            "severity": "warning",
            "message": "Type `Any` is not allowed",
            "range": {
                "start": {
                    "line": 118,
                    "character": 14
                },
                "end": {
                    "line": 118,
                    "character": 17
                }
            },
            "rule": "reportExplicitAny"
        },
        {
            "file": "/Users/runner/work/hol-guard/hol-guard/source/scripts/ci/priority_launcher_phase/fixture.py",
            "severity": "warning",
            "message": "Type `Any` is not allowed",
            "range": {
                "start": {
                    "line": 119,
                    "character": 5
                },
                "end": {
                    "line": 119,
                    "character": 8
                }
            },
            "rule": "reportExplicitAny"
        },
        {
            "file": "/Users/runner/work/hol-guard/hol-guard/source/scripts/ci/priority_launcher_phase/fixture.py",
            "severity": "warning",
            "message": "Type of \"original_stop\" is Any",
            "range": {
                "start": {
                    "line": 122,
                    "character": 4
                },
                "end": {
                    "line": 122,
                    "character": 17
                }
            },
            "rule": "reportAny"
        },
        {
            "file": "/Users/runner/work/hol-guard/hol-guard/source/scripts/ci/priority_launcher_phase/fixture.py",
            "severity": "warning",
            "message": "Type of \"stop_resident\" is Any",
            "range": {
                "start": {
                    "line": 122,
                    "character": 20
                },
                "end": {
                    "line": 122,
                    "character": 47
                }
            },
            "rule": "reportAny"
        },
        {
            "file": "/Users/runner/work/hol-guard/hol-guard/source/scripts/ci/priority_launcher_phase/fixture.py",
            "severity": "warning",
            "message": "Argument type is Any\n  Argument corresponds to parameter \"wrapped\" in function \"wraps\"",
            "range": {
                "start": {
                    "line": 124,
                    "character": 21
                },
                "end": {
                    "line": 124,
                    "character": 34
                }
            },
            "rule": "reportAny"
        },
        {
            "file": "/Users/runner/work/hol-guard/hol-guard/source/scripts/ci/priority_launcher_phase/fixture.py",
            "severity": "warning",
            "message": "Return type is Any",
            "range": {
                "start": {
                    "line": 125,
                    "character": 8
                },
                "end": {
                    "line": 125,
                    "character": 12
                }
            },
            "rule": "reportAny"
        },
        {
            "file": "/Users/runner/work/hol-guard/hol-guard/source/scripts/ci/priority_launcher_phase/fixture.py",
            "severity": "warning",
            "message": "Type of parameter \"instance\" is Any",
            "range": {
                "start": {
                    "line": 125,
                    "character": 13
                },
                "end": {
                    "line": 125,
                    "character": 21
                }
            },
            "rule": "reportAny"
        },
        {
            "file": "/Users/runner/work/hol-guard/hol-guard/source/scripts/ci/priority_launcher_phase/fixture.py",
            "severity": "warning",
            "message": "Type `Any` is not allowed",
            "range": {
                "start": {
                    "line": 125,
                    "character": 23
                },
                "end": {
                    "line": 125,
                    "character": 26
                }
            },
            "rule": "reportExplicitAny"
        },
        {
            "file": "/Users/runner/work/hol-guard/hol-guard/source/scripts/ci/priority_launcher_phase/fixture.py",
            "severity": "warning",
            "message": "Type of parameter \"stop_args\" is Any",
            "range": {
                "start": {
                    "line": 125,
                    "character": 29
                },
                "end": {
                    "line": 125,
                    "character": 38
                }
            },
            "rule": "reportAny"
        },
        {
            "file": "/Users/runner/work/hol-guard/hol-guard/source/scripts/ci/priority_launcher_phase/fixture.py",
            "severity": "warning",
            "message": "Type `Any` is not allowed",
            "range": {
                "start": {
                    "line": 125,
                    "character": 40
                },
                "end": {
                    "line": 125,
                    "character": 43
                }
            },
            "rule": "reportExplicitAny"
        },
        {
            "file": "/Users/runner/work/hol-guard/hol-guard/source/scripts/ci/priority_launcher_phase/fixture.py",
            "severity": "warning",
            "message": "Type of parameter \"stop_kwargs\" is Any",
            "range": {
                "start": {
                    "line": 125,
                    "character": 47
                },
                "end": {
                    "line": 125,
                    "character": 58
                }
            },
            "rule": "reportAny"
        },
        {
            "file": "/Users/runner/work/hol-guard/hol-guard/source/scripts/ci/priority_launcher_phase/fixture.py",
            "severity": "warning",
            "message": "Type `Any` is not allowed",
            "range": {
                "start": {
                    "line": 125,
                    "character": 60
                },
                "end": {
                    "line": 125,
                    "character": 63
                }
            },
            "rule": "reportExplicitAny"
        },
        {
            "file": "/Users/runner/work/hol-guard/hol-guard/source/scripts/ci/priority_launcher_phase/fixture.py",
            "severity": "warning",
            "message": "Type `Any` is not allowed",
            "range": {
                "start": {
                    "line": 125,
                    "character": 68
                },
                "end": {
                    "line": 125,
                    "character": 71
                }
            },
            "rule": "reportExplicitAny"
        },
        {
            "file": "/Users/runner/work/hol-guard/hol-guard/source/scripts/ci/priority_launcher_phase/fixture.py",
            "severity": "warning",
            "message": "Type `Any` is not allowed",
            "range": {
                "start": {
                    "line": 126,
                    "character": 16
                },
                "end": {
                    "line": 126,
                    "character": 19
                }
            },
            "rule": "reportExplicitAny"
        },
        {
            "file": "/Users/runner/work/hol-guard/hol-guard/source/scripts/ci/priority_launcher_phase/fixture.py",
            "severity": "warning",
            "message": "Type of \"result\" is Any",
            "range": {
                "start": {
                    "line": 129,
                    "character": 12
                },
                "end": {
                    "line": 129,
                    "character": 18
                }
            },
            "rule": "reportAny"
        },
        {
            "file": "/Users/runner/work/hol-guard/hol-guard/source/scripts/ci/priority_launcher_phase/fixture.py",
            "severity": "warning",
            "message": "Return type is Any",
            "range": {
                "start": {
                    "line": 130,
                    "character": 19
                },
                "end": {
                    "line": 130,
                    "character": 25
                }
            },
            "rule": "reportAny"
        },
        {
            "file": "/Users/runner/work/hol-guard/hol-guard/source/scripts/ci/priority_launcher_phase/fixture.py",
            "severity": "warning",
            "message": "Argument type is Any\n  Argument corresponds to parameter \"o\" in function \"__init__\"",
            "range": {
                "start": {
                    "line": 141,
                    "character": 46
                },
                "end": {
                    "line": 141,
                    "character": 52
                }
            },
            "rule": "reportAny"
        },
        {
            "file": "/Users/runner/work/hol-guard/hol-guard/source/scripts/ci/priority_launcher_phase/fixture.py",
            "severity": "warning",
            "message": "Argument type is Any\n  Argument corresponds to parameter \"o\" in function \"__init__\"",
            "range": {
                "start": {
                    "line": 142,
                    "character": 59
                },
                "end": {
                    "line": 142,
                    "character": 65
                }
            },
            "rule": "reportAny"
        },
        {
            "file": "/Users/runner/work/hol-guard/hol-guard/source/scripts/ci/priority_launcher_phase/fixture.py",
            "severity": "warning",
            "message": "Type of \"last_stop_diagnostic\" is Any",
            "range": {
                "start": {
                    "line": 144,
                    "character": 54
                },
                "end": {
                    "line": 144,
                    "character": 83
                }
            },
            "rule": "reportAny"
        },
        {
            "file": "/Users/runner/work/hol-guard/hol-guard/source/scripts/ci/priority_launcher_phase/fixture.py",
            "severity": "warning",
            "message": "Argument type is Any\n  Argument corresponds to parameter \"value\" in function \"stop_projection\"",
            "range": {
                "start": {
                    "line": 144,
                    "character": 54
                },
                "end": {
                    "line": 144,
                    "character": 83
                }
            },
            "rule": "reportAny"
        },
        {
            "file": "/Users/runner/work/hol-guard/hol-guard/source/scripts/ci/priority_launcher_phase/fixture.py",
            "severity": "warning",
            "message": "Result of call expression is of type \"AttachAfterEnter\" and is not used; assign to variable \"_\" if this is intentional",
            "range": {
                "start": {
                    "line": 153,
                    "character": 12
                },
                "end": {
                    "line": 153,
                    "character": 30
                }
            },
            "rule": "reportUnusedCallResult"
        },
        {
            "file": "/Users/runner/work/hol-guard/hol-guard/source/scripts/ci/priority_launcher_phase/fixture.py",
            "severity": "warning",
            "message": "Type `Any` is not allowed",
            "range": {
                "start": {
                    "line": 160,
                    "character": 12
                },
                "end": {
                    "line": 160,
                    "character": 15
                }
            },
            "rule": "reportExplicitAny"
        },
        {
            "file": "/Users/runner/work/hol-guard/hol-guard/source/scripts/ci/priority_launcher_phase/fixture.py",
            "severity": "warning",
            "message": "Type of \"result\" is Any",
            "range": {
                "start": {
                    "line": 163,
                    "character": 8
                },
                "end": {
                    "line": 163,
                    "character": 14
                }
            },
            "rule": "reportAny"
        },
        {
            "file": "/Users/runner/work/hol-guard/hol-guard/source/scripts/ci/priority_launcher_phase/fixture.py",
            "severity": "warning",
            "message": "Return type is Any",
            "range": {
                "start": {
                    "line": 164,
                    "character": 15
                },
                "end": {
                    "line": 164,
                    "character": 21
                }
            },
            "rule": "reportAny"
        },
        {
            "file": "/Users/runner/work/hol-guard/hol-guard/source/scripts/ci/priority_launcher_phase/fixture.py",
            "severity": "warning",
            "message": "Type of \"session\" is Any",
            "range": {
                "start": {
                    "line": 180,
                    "character": 36
                },
                "end": {
                    "line": 180,
                    "character": 50
                }
            },
            "rule": "reportAny"
        },
        {
            "file": "/Users/runner/work/hol-guard/hol-guard/source/scripts/ci/priority_launcher_phase/fixture.py",
            "severity": "warning",
            "message": "Type of \"last_stop_diagnostic\" is Any",
            "range": {
                "start": {
                    "line": 180,
                    "character": 36
                },
                "end": {
                    "line": 180,
                    "character": 71
                }
            },
            "rule": "reportAny"
        },
        {
            "file": "/Users/runner/work/hol-guard/hol-guard/source/scripts/ci/priority_launcher_phase/fixture.py",
            "severity": "warning",
            "message": "Argument type is Any\n  Argument corresponds to parameter \"value\" in function \"stop_projection\"",
            "range": {
                "start": {
                    "line": 180,
                    "character": 36
                },
                "end": {
                    "line": 180,
                    "character": 71
                }
            },
            "rule": "reportAny"
        },
        {
            "file": "/Users/runner/work/hol-guard/hol-guard/source/scripts/ci/priority_launcher_phase/fixture.py",
            "severity": "warning",
            "message": "Type of \"session\" is Any",
            "range": {
                "start": {
                    "line": 180,
                    "character": 76
                },
                "end": {
                    "line": 180,
                    "character": 90
                }
            },
            "rule": "reportAny"
        },
        {
            "file": "/Users/runner/work/hol-guard/hol-guard/source/scripts/ci/priority_launcher_phase/fixture.py",
            "severity": "warning",
            "message": "Argument type is Any\n  Argument corresponds to parameter \"x\" in function \"__new__\"",
            "range": {
                "start": {
                    "line": 186,
                    "character": 47
                },
                "end": {
                    "line": 186,
                    "character": 71
                }
            },
            "rule": "reportAny"
        },
        {
            "file": "/Users/runner/work/hol-guard/hol-guard/source/scripts/ci/priority_launcher_phase/fixture.py",
            "severity": "warning",
            "message": "Result of call expression is of type \"int\" and is not used; assign to variable \"_\" if this is intentional",
            "range": {
                "start": {
                    "line": 191,
                    "character": 16
                },
                "end": {
                    "line": 191,
                    "character": 37
                }
            },
            "rule": "reportUnusedCallResult"
        },
        {
            "file": "/Users/runner/work/hol-guard/hol-guard/source/scripts/ci/priority_launcher_phase/fixture.py",
            "severity": "warning",
            "message": "Type of parameter \"owned\" is unknown",
            "range": {
                "start": {
                    "line": 217,
                    "character": 15
                },
                "end": {
                    "line": 217,
                    "character": 20
                }
            },
            "rule": "reportUnknownLambdaType"
        },
        {
            "file": "/Users/runner/work/hol-guard/hol-guard/source/scripts/ci/priority_launcher_phase/fixture.py",
            "severity": "warning",
            "message": "Argument type is partially unknown\n  Argument corresponds to parameter \"serve\" in function \"main\"\n  Argument type is \"(*args: Unknown, **kwargs: Unknown) -> Any\"",
            "range": {
                "start": {
                    "line": 223,
                    "character": 12
                },
                "end": {
                    "line": 231,
                    "character": 13
                }
            },
            "rule": "reportUnknownArgumentType"
        },
        {
            "file": "/Users/runner/work/hol-guard/hol-guard/source/scripts/ci/priority_launcher_phase/fixture.py",
            "severity": "warning",
            "message": "Type of parameter \"args\" is partially unknown",
            "range": {
                "start": {
                    "line": 223,
                    "character": 20
                },
                "end": {
                    "line": 223,
                    "character": 24
                }
            },
            "rule": "reportUnknownLambdaType"
        },
        {
            "file": "/Users/runner/work/hol-guard/hol-guard/source/scripts/ci/priority_launcher_phase/fixture.py",
            "severity": "warning",
            "message": "Type of parameter \"kwargs\" is partially unknown",
            "range": {
                "start": {
                    "line": 223,
                    "character": 28
                },
                "end": {
                    "line": 223,
                    "character": 34
                }
            },
            "rule": "reportUnknownLambdaType"
        },
        {
            "file": "/Users/runner/work/hol-guard/hol-guard/source/scripts/ci/priority_launcher_phase/fixture.py",
            "severity": "warning",
            "message": "Return type of lambda is Any",
            "range": {
                "start": {
                    "line": 223,
                    "character": 36
                },
                "end": {
                    "line": 231,
                    "character": 13
                }
            },
            "rule": "reportAny"
        },
        {
            "file": "/Users/runner/work/hol-guard/hol-guard/source/scripts/ci/priority_launcher_phase/fixture.py",
            "severity": "warning",
            "message": "\"_serve\" is private and used outside of the module in which it is declared",
            "range": {
                "start": {
                    "line": 224,
                    "character": 42
                },
                "end": {
                    "line": 224,
                    "character": 48
                }
            },
            "rule": "reportPrivateUsage"
        },
        {
            "file": "/Users/runner/work/hol-guard/hol-guard/source/scripts/ci/priority_launcher_phase/fixture.py",
            "severity": "warning",
            "message": "\"_emit\" is private and used outside of the module in which it is declared",
            "range": {
                "start": {
                    "line": 232,
                    "character": 38
                },
                "end": {
                    "line": 232,
                    "character": 43
                }
            },
            "rule": "reportPrivateUsage"
        },
        {
            "file": "/Users/runner/work/hol-guard/hol-guard/source/scripts/ci/priority_launcher_phase/joins.py",
            "severity": "warning",
            "message": "\"_STAGE_NAMES\" is private and used outside of the module in which it is declared",
            "range": {
                "start": {
                    "line": 12,
                    "character": 21
                },
                "end": {
                    "line": 12,
                    "character": 33
                }
            },
            "rule": "reportPrivateUsage"
        },
        {
            "file": "/Users/runner/work/hol-guard/hol-guard/source/scripts/ci/priority_launcher_phase/joins.py",
            "severity": "warning",
            "message": "\"_pairs\" is private and used outside of the module in which it is declared",
            "range": {
                "start": {
                    "line": 13,
                    "character": 24
                },
                "end": {
                    "line": 13,
                    "character": 30
                }
            },
            "rule": "reportPrivateUsage"
        },
        {
            "file": "/Users/runner/work/hol-guard/hol-guard/source/scripts/ci/priority_launcher_phase/joins.py",
            "severity": "warning",
            "message": "\"_DAEMON_FACTS\" is private and used outside of the module in which it is declared",
            "range": {
                "start": {
                    "line": 14,
                    "character": 20
                },
                "end": {
                    "line": 14,
                    "character": 33
                }
            },
            "rule": "reportPrivateUsage"
        },
        {
            "file": "/Users/runner/work/hol-guard/hol-guard/source/scripts/ci/priority_launcher_phase/joins.py",
            "severity": "warning",
            "message": "\"_DAEMON_KEYS\" is private and used outside of the module in which it is declared",
            "range": {
                "start": {
                    "line": 14,
                    "character": 35
                },
                "end": {
                    "line": 14,
                    "character": 47
                }
            },
            "rule": "reportPrivateUsage"
        },
        {
            "file": "/Users/runner/work/hol-guard/hol-guard/source/scripts/ci/priority_launcher_phase/joins.py",
            "severity": "warning",
            "message": "\"_ERROR_KINDS\" is private and used outside of the module in which it is declared",
            "range": {
                "start": {
                    "line": 14,
                    "character": 49
                },
                "end": {
                    "line": 14,
                    "character": 61
                }
            },
            "rule": "reportPrivateUsage"
        },
        {
            "file": "/Users/runner/work/hol-guard/hol-guard/source/scripts/ci/priority_launcher_phase/joins.py",
            "severity": "warning",
            "message": "\"_EVENT_FIELDS\" is private and used outside of the module in which it is declared",
            "range": {
                "start": {
                    "line": 14,
                    "character": 63
                },
                "end": {
                    "line": 14,
                    "character": 76
                }
            },
            "rule": "reportPrivateUsage"
        },
        {
            "file": "/Users/runner/work/hol-guard/hol-guard/source/scripts/ci/priority_launcher_phase/joins.py",
            "severity": "warning",
            "message": "\"_PARENT_FACTS\" is private and used outside of the module in which it is declared",
            "range": {
                "start": {
                    "line": 14,
                    "character": 78
                },
                "end": {
                    "line": 14,
                    "character": 91
                }
            },
            "rule": "reportPrivateUsage"
        },
        {
            "file": "/Users/runner/work/hol-guard/hol-guard/source/scripts/ci/priority_launcher_phase/joins.py",
            "severity": "warning",
            "message": "\"_REPORT_KEYS\" is private and used outside of the module in which it is declared",
            "range": {
                "start": {
                    "line": 14,
                    "character": 93
                },
                "end": {
                    "line": 14,
                    "character": 105
                }
            },
            "rule": "reportPrivateUsage"
        },
        {
            "file": "/Users/runner/work/hol-guard/hol-guard/source/scripts/ci/priority_launcher_phase/joins.py",
            "severity": "warning",
            "message": "Type of parameter \"value\" is Any",
            "range": {
                "start": {
                    "line": 20,
                    "character": 26
                },
                "end": {
                    "line": 20,
                    "character": 31
                }
            },
            "rule": "reportAny"
        },
        {
            "file": "/Users/runner/work/hol-guard/hol-guard/source/scripts/ci/priority_launcher_phase/joins.py",
            "severity": "warning",
            "message": "Type `Any` is not allowed",
            "range": {
                "start": {
                    "line": 20,
                    "character": 33
                },
                "end": {
                    "line": 20,
                    "character": 36
                }
            },
            "rule": "reportExplicitAny"
        },
        {
            "file": "/Users/runner/work/hol-guard/hol-guard/source/scripts/ci/priority_launcher_phase/joins.py",
            "severity": "warning",
            "message": "Argument type is Any\n  Argument corresponds to parameter \"o\" in function \"__init__\"",
            "range": {
                "start": {
                    "line": 25,
                    "character": 17
                },
                "end": {
                    "line": 25,
                    "character": 22
                }
            },
            "rule": "reportAny"
        },
        {
            "file": "/Users/runner/work/hol-guard/hol-guard/source/scripts/ci/priority_launcher_phase/joins.py",
            "severity": "warning",
            "message": "Type `Any` is not allowed",
            "range": {
                "start": {
                    "line": 36,
                    "character": 31
                },
                "end": {
                    "line": 36,
                    "character": 34
                }
            },
            "rule": "reportExplicitAny"
        },
        {
            "file": "/Users/runner/work/hol-guard/hol-guard/source/scripts/ci/priority_launcher_phase/joins.py",
            "severity": "warning",
            "message": "Argument type is Any\n  Argument corresponds to parameter \"value\" in function \"_digest\"",
            "range": {
                "start": {
                    "line": 37,
                    "character": 25
                },
                "end": {
                    "line": 37,
                    "character": 48
                }
            },
            "rule": "reportAny"
        },
        {
            "file": "/Users/runner/work/hol-guard/hol-guard/source/scripts/ci/priority_launcher_phase/joins.py",
            "severity": "warning",
            "message": "Argument type is Any\n  Argument corresponds to parameter \"value\" in function \"_digest\"",
            "range": {
                "start": {
                    "line": 37,
                    "character": 62
                },
                "end": {
                    "line": 37,
                    "character": 82
                }
            },
            "rule": "reportAny"
        },
        {
            "file": "/Users/runner/work/hol-guard/hol-guard/source/scripts/ci/priority_launcher_phase/joins.py",
            "severity": "warning",
            "message": "Argument type is Any\n  Argument corresponds to parameter \"o\" in function \"__init__\"",
            "range": {
                "start": {
                    "line": 39,
                    "character": 17
                },
                "end": {
                    "line": 39,
                    "character": 36
                }
            },
            "rule": "reportAny"
        },
        {
            "file": "/Users/runner/work/hol-guard/hol-guard/source/scripts/ci/priority_launcher_phase/joins.py",
            "severity": "warning",
            "message": "Argument type is Any\n  Argument corresponds to parameter \"string\" in function \"fullmatch\"",
            "range": {
                "start": {
                    "line": 40,
                    "character": 61
                },
                "end": {
                    "line": 40,
                    "character": 80
                }
            },
            "rule": "reportAny"
        },
        {
            "file": "/Users/runner/work/hol-guard/hol-guard/source/scripts/ci/priority_launcher_phase/joins.py",
            "severity": "warning",
            "message": "Argument type is Any\n  Argument corresponds to parameter \"value\" in function \"_digest\"",
            "range": {
                "start": {
                    "line": 48,
                    "character": 25
                },
                "end": {
                    "line": 48,
                    "character": 30
                }
            },
            "rule": "reportAny"
        },
        {
            "file": "/Users/runner/work/hol-guard/hol-guard/source/scripts/ci/priority_launcher_phase/joins.py",
            "severity": "warning",
            "message": "Argument type is Any\n  Argument corresponds to parameter \"o\" in function \"__init__\"",
            "range": {
                "start": {
                    "line": 52,
                    "character": 22
                },
                "end": {
                    "line": 52,
                    "character": 27
                }
            },
            "rule": "reportAny"
        },
        {
            "file": "/Users/runner/work/hol-guard/hol-guard/source/scripts/ci/priority_launcher_phase/joins.py",
            "severity": "warning",
            "message": "Argument type is Any\n  Argument corresponds to parameter \"value\" in function \"finite_milliseconds\"",
            "range": {
                "start": {
                    "line": 54,
                    "character": 54
                },
                "end": {
                    "line": 54,
                    "character": 59
                }
            },
            "rule": "reportAny"
        },
        {
            "file": "/Users/runner/work/hol-guard/hol-guard/source/scripts/ci/priority_launcher_phase/joins.py",
            "severity": "warning",
            "message": "Argument type is Any\n  Argument corresponds to parameter \"condition\" in function \"_require\"",
            "range": {
                "start": {
                    "line": 58,
                    "character": 17
                },
                "end": {
                    "line": 58,
                    "character": 52
                }
            },
            "rule": "reportAny"
        },
        {
            "file": "/Users/runner/work/hol-guard/hol-guard/source/scripts/ci/priority_launcher_phase/joins.py",
            "severity": "warning",
            "message": "Argument type is Any\n  Argument corresponds to parameter \"o\" in function \"__init__\"",
            "range": {
                "start": {
                    "line": 62,
                    "character": 39
                },
                "end": {
                    "line": 62,
                    "character": 44
                }
            },
            "rule": "reportAny"
        },
        {
            "file": "/Users/runner/work/hol-guard/hol-guard/source/scripts/ci/priority_launcher_phase/joins.py",
            "severity": "warning",
            "message": "Type `Any` is not allowed",
            "range": {
                "start": {
                    "line": 65,
                    "character": 28
                },
                "end": {
                    "line": 65,
                    "character": 31
                }
            },
            "rule": "reportExplicitAny"
        },
        {
            "file": "/Users/runner/work/hol-guard/hol-guard/source/scripts/ci/priority_launcher_phase/joins.py",
            "severity": "warning",
            "message": "Type of \"item\" is Any",
            "range": {
                "start": {
                    "line": 66,
                    "character": 13
                },
                "end": {
                    "line": 66,
                    "character": 17
                }
            },
            "rule": "reportAny"
        },
        {
            "file": "/Users/runner/work/hol-guard/hol-guard/source/scripts/ci/priority_launcher_phase/joins.py",
            "severity": "warning",
            "message": "Argument type is Any\n  Argument corresponds to parameter \"o\" in function \"__init__\"",
            "range": {
                "start": {
                    "line": 68,
                    "character": 26
                },
                "end": {
                    "line": 68,
                    "character": 30
                }
            },
            "rule": "reportAny"
        },
        {
            "file": "/Users/runner/work/hol-guard/hol-guard/source/scripts/ci/priority_launcher_phase/joins.py",
            "severity": "warning",
            "message": "Type `Any` is not allowed",
            "range": {
                "start": {
                    "line": 71,
                    "character": 39
                },
                "end": {
                    "line": 71,
                    "character": 42
                }
            },
            "rule": "reportExplicitAny"
        },
        {
            "file": "/Users/runner/work/hol-guard/hol-guard/source/scripts/ci/priority_launcher_phase/joins.py",
            "severity": "warning",
            "message": "Type of \"content\" is Any",
            "range": {
                "start": {
                    "line": 72,
                    "character": 27
                },
                "end": {
                    "line": 72,
                    "character": 34
                }
            },
            "rule": "reportAny"
        },
        {
            "file": "/Users/runner/work/hol-guard/hol-guard/source/scripts/ci/priority_launcher_phase/joins.py",
            "severity": "warning",
            "message": "Type of parameter \"value\" is Any",
            "range": {
                "start": {
                    "line": 83,
                    "character": 13
                },
                "end": {
                    "line": 83,
                    "character": 18
                }
            },
            "rule": "reportAny"
        },
        {
            "file": "/Users/runner/work/hol-guard/hol-guard/source/scripts/ci/priority_launcher_phase/joins.py",
            "severity": "warning",
            "message": "Type `Any` is not allowed",
            "range": {
                "start": {
                    "line": 83,
                    "character": 20
                },
                "end": {
                    "line": 83,
                    "character": 23
                }
            },
            "rule": "reportExplicitAny"
        },
        {
            "file": "/Users/runner/work/hol-guard/hol-guard/source/scripts/ci/priority_launcher_phase/joins.py",
            "severity": "warning",
            "message": "Argument type is Any\n  Argument corresponds to parameter \"o\" in function \"__init__\"",
            "range": {
                "start": {
                    "line": 85,
                    "character": 12
                },
                "end": {
                    "line": 85,
                    "character": 17
                }
            },
            "rule": "reportAny"
        },
        {
            "file": "/Users/runner/work/hol-guard/hol-guard/source/scripts/ci/priority_launcher_phase/joins.py",
            "severity": "warning",
            "message": "Argument type is partially unknown\n  Argument corresponds to parameter \"obj\" in function \"len\"\n  Argument type is \"dict[Unknown, Unknown]\"",
            "range": {
                "start": {
                    "line": 86,
                    "character": 21
                },
                "end": {
                    "line": 86,
                    "character": 26
                }
            },
            "rule": "reportUnknownArgumentType"
        },
        {
            "file": "/Users/runner/work/hol-guard/hol-guard/source/scripts/ci/priority_launcher_phase/joins.py",
            "severity": "warning",
            "message": "Type of \"key\" is unknown",
            "range": {
                "start": {
                    "line": 87,
                    "character": 12
                },
                "end": {
                    "line": 87,
                    "character": 15
                }
            },
            "rule": "reportUnknownVariableType"
        },
        {
            "file": "/Users/runner/work/hol-guard/hol-guard/source/scripts/ci/priority_launcher_phase/joins.py",
            "severity": "warning",
            "message": "Type of \"item\" is unknown",
            "range": {
                "start": {
                    "line": 87,
                    "character": 17
                },
                "end": {
                    "line": 87,
                    "character": 21
                }
            },
            "rule": "reportUnknownVariableType"
        },
        {
            "file": "/Users/runner/work/hol-guard/hol-guard/source/scripts/ci/priority_launcher_phase/joins.py",
            "severity": "warning",
            "message": "Argument type is unknown\n  Argument corresponds to parameter \"o\" in function \"__init__\"",
            "range": {
                "start": {
                    "line": 88,
                    "character": 26
                },
                "end": {
                    "line": 88,
                    "character": 29
                }
            },
            "rule": "reportUnknownArgumentType"
        },
        {
            "file": "/Users/runner/work/hol-guard/hol-guard/source/scripts/ci/priority_launcher_phase/joins.py",
            "severity": "warning",
            "message": "Argument type is Any\n  Argument corresponds to parameter \"o\" in function \"__init__\"",
            "range": {
                "start": {
                    "line": 90,
                    "character": 14
                },
                "end": {
                    "line": 90,
                    "character": 19
                }
            },
            "rule": "reportAny"
        },
        {
            "file": "/Users/runner/work/hol-guard/hol-guard/source/scripts/ci/priority_launcher_phase/joins.py",
            "severity": "warning",
            "message": "Argument type is partially unknown\n  Argument corresponds to parameter \"obj\" in function \"len\"\n  Argument type is \"list[Unknown]\"",
            "range": {
                "start": {
                    "line": 91,
                    "character": 21
                },
                "end": {
                    "line": 91,
                    "character": 26
                }
            },
            "rule": "reportUnknownArgumentType"
        },
        {
            "file": "/Users/runner/work/hol-guard/hol-guard/source/scripts/ci/priority_launcher_phase/joins.py",
            "severity": "warning",
            "message": "Type of \"item\" is unknown",
            "range": {
                "start": {
                    "line": 92,
                    "character": 12
                },
                "end": {
                    "line": 92,
                    "character": 16
                }
            },
            "rule": "reportUnknownVariableType"
        },
        {
            "file": "/Users/runner/work/hol-guard/hol-guard/source/scripts/ci/priority_launcher_phase/joins.py",
            "severity": "warning",
            "message": "Argument type is Any\n  Argument corresponds to parameter \"o\" in function \"__init__\"",
            "range": {
                "start": {
                    "line": 94,
                    "character": 14
                },
                "end": {
                    "line": 94,
                    "character": 19
                }
            },
            "rule": "reportAny"
        },
        {
            "file": "/Users/runner/work/hol-guard/hol-guard/source/scripts/ci/priority_launcher_phase/joins.py",
            "severity": "warning",
            "message": "Argument type is Any\n  Argument corresponds to parameter \"o\" in function \"__init__\"",
            "range": {
                "start": {
                    "line": 96,
                    "character": 14
                },
                "end": {
                    "line": 96,
                    "character": 19
                }
            },
            "rule": "reportAny"
        },
        {
            "file": "/Users/runner/work/hol-guard/hol-guard/source/scripts/ci/priority_launcher_phase/joins.py",
            "severity": "warning",
            "message": "Argument type is Any\n  Argument corresponds to parameter \"x\" in function \"isfinite\"",
            "range": {
                "start": {
                    "line": 97,
                    "character": 31
                },
                "end": {
                    "line": 97,
                    "character": 36
                }
            },
            "rule": "reportAny"
        },
        {
            "file": "/Users/runner/work/hol-guard/hol-guard/source/scripts/ci/priority_launcher_phase/joins.py",
            "severity": "warning",
            "message": "Argument type is Any\n  Argument corresponds to parameter \"o\" in function \"__init__\"",
            "range": {
                "start": {
                    "line": 99,
                    "character": 39
                },
                "end": {
                    "line": 99,
                    "character": 44
                }
            },
            "rule": "reportAny"
        },
        {
            "file": "/Users/runner/work/hol-guard/hol-guard/source/scripts/ci/priority_launcher_phase/joins.py",
            "severity": "warning",
            "message": "Type `Any` is not allowed",
            "range": {
                "start": {
                    "line": 102,
                    "character": 56
                },
                "end": {
                    "line": 102,
                    "character": 59
                }
            },
            "rule": "reportExplicitAny"
        },
        {
            "file": "/Users/runner/work/hol-guard/hol-guard/source/scripts/ci/priority_launcher_phase/joins.py",
            "severity": "warning",
            "message": "Type of \"value\" is Any",
            "range": {
                "start": {
                    "line": 107,
                    "character": 4
                },
                "end": {
                    "line": 107,
                    "character": 9
                }
            },
            "rule": "reportAny"
        },
        {
            "file": "/Users/runner/work/hol-guard/hol-guard/source/scripts/ci/priority_launcher_phase/joins.py",
            "severity": "warning",
            "message": "Argument type is Any\n  Argument corresponds to parameter \"o\" in function \"__init__\"",
            "range": {
                "start": {
                    "line": 108,
                    "character": 18
                },
                "end": {
                    "line": 108,
                    "character": 23
                }
            },
            "rule": "reportAny"
        },
        {
            "file": "/Users/runner/work/hol-guard/hol-guard/source/scripts/ci/priority_launcher_phase/joins.py",
            "severity": "warning",
            "message": "Type `Any` is not allowed",
            "range": {
                "start": {
                    "line": 113,
                    "character": 41
                },
                "end": {
                    "line": 113,
                    "character": 44
                }
            },
            "rule": "reportExplicitAny"
        },
        {
            "file": "/Users/runner/work/hol-guard/hol-guard/source/scripts/ci/priority_launcher_phase/joins.py",
            "severity": "warning",
            "message": "Type `Any` is not allowed",
            "range": {
                "start": {
                    "line": 117,
                    "character": 39
                },
                "end": {
                    "line": 117,
                    "character": 42
                }
            },
            "rule": "reportExplicitAny"
        },
        {
            "file": "/Users/runner/work/hol-guard/hol-guard/source/scripts/ci/priority_launcher_phase/joins.py",
            "severity": "warning",
            "message": "Argument type is partially unknown\n  Argument corresponds to parameter \"iterable\" in function \"__init__\"\n  Argument type is \"dict[Unknown, Unknown]\"",
            "range": {
                "start": {
                    "line": 118,
                    "character": 38
                },
                "end": {
                    "line": 118,
                    "character": 43
                }
            },
            "rule": "reportUnknownArgumentType"
        },
        {
            "file": "/Users/runner/work/hol-guard/hol-guard/source/scripts/ci/priority_launcher_phase/joins.py",
            "severity": "warning",
            "message": "Argument type is unknown\n  Argument corresponds to parameter \"o\" in function \"__init__\"",
            "range": {
                "start": {
                    "line": 120,
                    "character": 12
                },
                "end": {
                    "line": 120,
                    "character": 27
                }
            },
            "rule": "reportUnknownArgumentType"
        },
        {
            "file": "/Users/runner/work/hol-guard/hol-guard/source/scripts/ci/priority_launcher_phase/joins.py",
            "severity": "warning",
            "message": "Type of \"result\" is partially unknown\n  Type of \"result\" is \"tuple[Unknown, ...]\"",
            "range": {
                "start": {
                    "line": 122,
                    "character": 4
                },
                "end": {
                    "line": 122,
                    "character": 10
                }
            },
            "rule": "reportUnknownVariableType"
        },
        {
            "file": "/Users/runner/work/hol-guard/hol-guard/source/scripts/ci/priority_launcher_phase/joins.py",
            "severity": "warning",
            "message": "Argument type is partially unknown\n  Argument corresponds to parameter \"iterable\" in function \"__new__\"\n  Argument type is \"Generator[Unknown, None, None]\"",
            "range": {
                "start": {
                    "line": 122,
                    "character": 19
                },
                "end": {
                    "line": 122,
                    "character": 79
                }
            },
            "rule": "reportUnknownArgumentType"
        },
        {
            "file": "/Users/runner/work/hol-guard/hol-guard/source/scripts/ci/priority_launcher_phase/joins.py",
            "severity": "warning",
            "message": "Return type, \"tuple[Unknown, ...] | None\", is partially unknown",
            "range": {
                "start": {
                    "line": 123,
                    "character": 11
                },
                "end": {
                    "line": 123,
                    "character": 53
                }
            },
            "rule": "reportUnknownVariableType"
        },
        {
            "file": "/Users/runner/work/hol-guard/hol-guard/source/scripts/ci/priority_launcher_phase/joins.py",
            "severity": "warning",
            "message": "Type `Any` is not allowed",
            "range": {
                "start": {
                    "line": 126,
                    "character": 26
                },
                "end": {
                    "line": 126,
                    "character": 29
                }
            },
            "rule": "reportExplicitAny"
        },
        {
            "file": "/Users/runner/work/hol-guard/hol-guard/source/scripts/ci/priority_launcher_phase/joins.py",
            "severity": "warning",
            "message": "Type `Any` is not allowed",
            "range": {
                "start": {
                    "line": 126,
                    "character": 55
                },
                "end": {
                    "line": 126,
                    "character": 58
                }
            },
            "rule": "reportExplicitAny"
        },
        {
            "file": "/Users/runner/work/hol-guard/hol-guard/source/scripts/ci/priority_launcher_phase/joins.py",
            "severity": "warning",
            "message": "Return type, \"dict[Unknown, Unknown] | None\", is partially unknown",
            "range": {
                "start": {
                    "line": 128,
                    "character": 11
                },
                "end": {
                    "line": 128,
                    "character": 103
                }
            },
            "rule": "reportUnknownVariableType"
        },
        {
            "file": "/Users/runner/work/hol-guard/hol-guard/source/scripts/ci/priority_launcher_phase/joins.py",
            "severity": "warning",
            "message": "Argument type is partially unknown\n  Argument corresponds to parameter \"obj\" in function \"len\"\n  Argument type is \"list[Unknown]\"",
            "range": {
                "start": {
                    "line": 128,
                    "character": 53
                },
                "end": {
                    "line": 128,
                    "character": 59
                }
            },
            "rule": "reportUnknownArgumentType"
        },
        {
            "file": "/Users/runner/work/hol-guard/hol-guard/source/scripts/ci/priority_launcher_phase/joins.py",
            "severity": "warning",
            "message": "Argument type is unknown\n  Argument corresponds to parameter \"o\" in function \"__init__\"",
            "range": {
                "start": {
                    "line": 128,
                    "character": 75
                },
                "end": {
                    "line": 128,
                    "character": 84
                }
            },
            "rule": "reportUnknownArgumentType"
        },
        {
            "file": "/Users/runner/work/hol-guard/hol-guard/source/scripts/ci/priority_launcher_phase/joins.py",
            "severity": "warning",
            "message": "Type `Any` is not allowed",
            "range": {
                "start": {
                    "line": 135,
                    "character": 29
                },
                "end": {
                    "line": 135,
                    "character": 32
                }
            },
            "rule": "reportExplicitAny"
        },
        {
            "file": "/Users/runner/work/hol-guard/hol-guard/source/scripts/ci/priority_launcher_phase/joins.py",
            "severity": "warning",
            "message": "Type `Any` is not allowed",
            "range": {
                "start": {
                    "line": 135,
                    "character": 64
                },
                "end": {
                    "line": 135,
                    "character": 67
                }
            },
            "rule": "reportExplicitAny"
        },
        {
            "file": "/Users/runner/work/hol-guard/hol-guard/source/scripts/ci/priority_launcher_phase/joins.py",
            "severity": "warning",
            "message": "Type of \"extra\" is partially unknown\n  Type of \"extra\" is \"set[str] | set[Unknown]\"",
            "range": {
                "start": {
                    "line": 137,
                    "character": 4
                },
                "end": {
                    "line": 137,
                    "character": 9
                }
            },
            "rule": "reportUnknownVariableType"
        },
        {
            "file": "/Users/runner/work/hol-guard/hol-guard/source/scripts/ci/priority_launcher_phase/joins.py",
            "severity": "warning",
            "message": "Argument type is Any\n  Argument corresponds to parameter \"condition\" in function \"_require\"",
            "range": {
                "start": {
                    "line": 139,
                    "character": 13
                },
                "end": {
                    "line": 139,
                    "character": 97
                }
            },
            "rule": "reportAny"
        },
        {
            "file": "/Users/runner/work/hol-guard/hol-guard/source/scripts/ci/priority_launcher_phase/joins.py",
            "severity": "warning",
            "message": "Argument type is Any\n  Argument corresponds to parameter \"o\" in function \"__init__\"",
            "range": {
                "start": {
                    "line": 150,
                    "character": 22
                },
                "end": {
                    "line": 150,
                    "character": 32
                }
            },
            "rule": "reportAny"
        },
        {
            "file": "/Users/runner/work/hol-guard/hol-guard/source/scripts/ci/priority_launcher_phase/joins.py",
            "severity": "warning",
            "message": "Argument type is Any\n  Argument corresponds to parameter \"o\" in function \"__init__\"",
            "range": {
                "start": {
                    "line": 152,
                    "character": 22
                },
                "end": {
                    "line": 152,
                    "character": 32
                }
            },
            "rule": "reportAny"
        },
        {
            "file": "/Users/runner/work/hol-guard/hol-guard/source/scripts/ci/priority_launcher_phase/joins.py",
            "severity": "warning",
            "message": "Type of \"rows\" is Any",
            "range": {
                "start": {
                    "line": 153,
                    "character": 4
                },
                "end": {
                    "line": 153,
                    "character": 8
                }
            },
            "rule": "reportAny"
        },
        {
            "file": "/Users/runner/work/hol-guard/hol-guard/source/scripts/ci/priority_launcher_phase/joins.py",
            "severity": "warning",
            "message": "Argument type is Any\n  Argument corresponds to parameter \"o\" in function \"__init__\"",
            "range": {
                "start": {
                    "line": 154,
                    "character": 18
                },
                "end": {
                    "line": 154,
                    "character": 22
                }
            },
            "rule": "reportAny"
        },
        {
            "file": "/Users/runner/work/hol-guard/hol-guard/source/scripts/ci/priority_launcher_phase/joins.py",
            "severity": "warning",
            "message": "Type `Any` is not allowed",
            "range": {
                "start": {
                    "line": 155,
                    "character": 31
                },
                "end": {
                    "line": 155,
                    "character": 34
                }
            },
            "rule": "reportExplicitAny"
        },
        {
            "file": "/Users/runner/work/hol-guard/hol-guard/source/scripts/ci/priority_launcher_phase/joins.py",
            "severity": "warning",
            "message": "Unnecessary \"cast\" call; type is already \"dict[str, Any]\"",
            "range": {
                "start": {
                    "line": 170,
                    "character": 14
                },
                "end": {
                    "line": 170,
                    "character": 39
                }
            },
            "rule": "reportUnnecessaryCast"
        },
        {
            "file": "/Users/runner/work/hol-guard/hol-guard/source/scripts/ci/priority_launcher_phase/joins.py",
            "severity": "warning",
            "message": "Type `Any` is not allowed",
            "range": {
                "start": {
                    "line": 170,
                    "character": 29
                },
                "end": {
                    "line": 170,
                    "character": 32
                }
            },
            "rule": "reportExplicitAny"
        },
        {
            "file": "/Users/runner/work/hol-guard/hol-guard/source/scripts/ci/priority_launcher_phase/joins.py",
            "severity": "warning",
            "message": "Argument type is Any\n  Argument corresponds to parameter \"o\" in function \"__init__\"",
            "range": {
                "start": {
                    "line": 171,
                    "character": 22
                },
                "end": {
                    "line": 171,
                    "character": 38
                }
            },
            "rule": "reportAny"
        },
        {
            "file": "/Users/runner/work/hol-guard/hol-guard/source/scripts/ci/priority_launcher_phase/joins.py",
            "severity": "warning",
            "message": "Argument type is Any\n  Argument corresponds to parameter \"o\" in function \"__init__\"",
            "range": {
                "start": {
                    "line": 172,
                    "character": 22
                },
                "end": {
                    "line": 172,
                    "character": 38
                }
            },
            "rule": "reportAny"
        },
        {
            "file": "/Users/runner/work/hol-guard/hol-guard/source/scripts/ci/priority_launcher_phase/joins.py",
            "severity": "warning",
            "message": "Argument type is Any\n  Argument corresponds to parameter \"condition\" in function \"_require\"",
            "range": {
                "start": {
                    "line": 173,
                    "character": 17
                },
                "end": {
                    "line": 173,
                    "character": 68
                }
            },
            "rule": "reportAny"
        },
        {
            "file": "/Users/runner/work/hol-guard/hol-guard/source/scripts/ci/priority_launcher_phase/joins.py",
            "severity": "warning",
            "message": "Type of \"facts\" is Any",
            "range": {
                "start": {
                    "line": 174,
                    "character": 8
                },
                "end": {
                    "line": 174,
                    "character": 13
                }
            },
            "rule": "reportAny"
        },
        {
            "file": "/Users/runner/work/hol-guard/hol-guard/source/scripts/ci/priority_launcher_phase/joins.py",
            "severity": "warning",
            "message": "Argument type is Any\n  Argument corresponds to parameter \"o\" in function \"__init__\"",
            "range": {
                "start": {
                    "line": 176,
                    "character": 22
                },
                "end": {
                    "line": 176,
                    "character": 27
                }
            },
            "rule": "reportAny"
        },
        {
            "file": "/Users/runner/work/hol-guard/hol-guard/source/scripts/ci/priority_launcher_phase/joins.py",
            "severity": "warning",
            "message": "Type `Any` is not allowed",
            "range": {
                "start": {
                    "line": 177,
                    "character": 30
                },
                "end": {
                    "line": 177,
                    "character": 33
                }
            },
            "rule": "reportExplicitAny"
        },
        {
            "file": "/Users/runner/work/hol-guard/hol-guard/source/scripts/ci/priority_launcher_phase/joins.py",
            "severity": "warning",
            "message": "Type of \"stages\" is Any",
            "range": {
                "start": {
                    "line": 178,
                    "character": 8
                },
                "end": {
                    "line": 178,
                    "character": 14
                }
            },
            "rule": "reportAny"
        },
        {
            "file": "/Users/runner/work/hol-guard/hol-guard/source/scripts/ci/priority_launcher_phase/joins.py",
            "severity": "warning",
            "message": "Argument type is Any\n  Argument corresponds to parameter \"o\" in function \"__init__\"",
            "range": {
                "start": {
                    "line": 179,
                    "character": 22
                },
                "end": {
                    "line": 179,
                    "character": 28
                }
            },
            "rule": "reportAny"
        },
        {
            "file": "/Users/runner/work/hol-guard/hol-guard/source/scripts/ci/priority_launcher_phase/joins.py",
            "severity": "warning",
            "message": "Type `Any` is not allowed",
            "range": {
                "start": {
                    "line": 180,
                    "character": 37
                },
                "end": {
                    "line": 180,
                    "character": 40
                }
            },
            "rule": "reportExplicitAny"
        },
        {
            "file": "/Users/runner/work/hol-guard/hol-guard/source/scripts/ci/priority_launcher_phase/joins.py",
            "severity": "warning",
            "message": "Unnecessary \"cast\" call; type is already \"dict[str, Any]\"",
            "range": {
                "start": {
                    "line": 199,
                    "character": 20
                },
                "end": {
                    "line": 199,
                    "character": 47
                }
            },
            "rule": "reportUnnecessaryCast"
        },
        {
            "file": "/Users/runner/work/hol-guard/hol-guard/source/scripts/ci/priority_launcher_phase/joins.py",
            "severity": "warning",
            "message": "Type `Any` is not allowed",
            "range": {
                "start": {
                    "line": 199,
                    "character": 35
                },
                "end": {
                    "line": 199,
                    "character": 38
                }
            },
            "rule": "reportExplicitAny"
        },
        {
            "file": "/Users/runner/work/hol-guard/hol-guard/source/scripts/ci/priority_launcher_phase/joins.py",
            "severity": "warning",
            "message": "Argument type is Any\n  Argument corresponds to parameter \"o\" in function \"__init__\"",
            "range": {
                "start": {
                    "line": 201,
                    "character": 21
                },
                "end": {
                    "line": 201,
                    "character": 35
                }
            },
            "rule": "reportAny"
        },
        {
            "file": "/Users/runner/work/hol-guard/hol-guard/source/scripts/ci/priority_launcher_phase/joins.py",
            "severity": "warning",
            "message": "Argument type is Any\n  Argument corresponds to parameter \"condition\" in function \"_require\"",
            "range": {
                "start": {
                    "line": 207,
                    "character": 21
                },
                "end": {
                    "line": 207,
                    "character": 84
                }
            },
            "rule": "reportAny"
        },
        {
            "file": "/Users/runner/work/hol-guard/hol-guard/source/scripts/ci/priority_launcher_phase/joins.py",
            "severity": "warning",
            "message": "Argument type is Any\n  Argument corresponds to parameter \"o\" in function \"__init__\"",
            "range": {
                "start": {
                    "line": 208,
                    "character": 26
                },
                "end": {
                    "line": 208,
                    "character": 45
                }
            },
            "rule": "reportAny"
        },
        {
            "file": "/Users/runner/work/hol-guard/hol-guard/source/scripts/ci/priority_launcher_phase/joins.py",
            "severity": "warning",
            "message": "Type of \"start\" is Any",
            "range": {
                "start": {
                    "line": 209,
                    "character": 12
                },
                "end": {
                    "line": 209,
                    "character": 17
                }
            },
            "rule": "reportAny"
        },
        {
            "file": "/Users/runner/work/hol-guard/hol-guard/source/scripts/ci/priority_launcher_phase/joins.py",
            "severity": "warning",
            "message": "Type of \"end\" is Any",
            "range": {
                "start": {
                    "line": 209,
                    "character": 19
                },
                "end": {
                    "line": 209,
                    "character": 22
                }
            },
            "rule": "reportAny"
        },
        {
            "file": "/Users/runner/work/hol-guard/hol-guard/source/scripts/ci/priority_launcher_phase/joins.py",
            "severity": "warning",
            "message": "Argument type is Any\n  Argument corresponds to parameter \"o\" in function \"__init__\"",
            "range": {
                "start": {
                    "line": 210,
                    "character": 26
                },
                "end": {
                    "line": 210,
                    "character": 31
                }
            },
            "rule": "reportAny"
        },
        {
            "file": "/Users/runner/work/hol-guard/hol-guard/source/scripts/ci/priority_launcher_phase/joins.py",
            "severity": "warning",
            "message": "Argument type is Any\n  Argument corresponds to parameter \"o\" in function \"__init__\"",
            "range": {
                "start": {
                    "line": 210,
                    "character": 49
                },
                "end": {
                    "line": 210,
                    "character": 52
                }
            },
            "rule": "reportAny"
        },
        {
            "file": "/Users/runner/work/hol-guard/hol-guard/source/scripts/ci/priority_launcher_phase/joins.py",
            "severity": "warning",
            "message": "Argument type is Any\n  Argument corresponds to parameter \"condition\" in function \"_require\"",
            "range": {
                "start": {
                    "line": 211,
                    "character": 21
                },
                "end": {
                    "line": 211,
                    "character": 70
                }
            },
            "rule": "reportAny"
        },
        {
            "file": "/Users/runner/work/hol-guard/hol-guard/source/scripts/ci/priority_launcher_phase/joins.py",
            "severity": "warning",
            "message": "Type of \"parent\" is Any",
            "range": {
                "start": {
                    "line": 212,
                    "character": 12
                },
                "end": {
                    "line": 212,
                    "character": 18
                }
            },
            "rule": "reportAny"
        },
        {
            "file": "/Users/runner/work/hol-guard/hol-guard/source/scripts/ci/priority_launcher_phase/joins.py",
            "severity": "warning",
            "message": "Argument type is Any\n  Argument corresponds to parameter \"o\" in function \"__init__\"",
            "range": {
                "start": {
                    "line": 213,
                    "character": 45
                },
                "end": {
                    "line": 213,
                    "character": 51
                }
            },
            "rule": "reportAny"
        },
        {
            "file": "/Users/runner/work/hol-guard/hol-guard/source/scripts/ci/priority_launcher_phase/joins.py",
            "severity": "warning",
            "message": "Return type of lambda is Any",
            "range": {
                "start": {
                    "line": 217,
                    "character": 53
                },
                "end": {
                    "line": 217,
                    "character": 66
                }
            },
            "rule": "reportAny"
        },
        {
            "file": "/Users/runner/work/hol-guard/hol-guard/source/scripts/ci/priority_launcher_phase/joins.py",
            "severity": "warning",
            "message": "Type of \"label\" is Any",
            "range": {
                "start": {
                    "line": 218,
                    "character": 12
                },
                "end": {
                    "line": 218,
                    "character": 17
                }
            },
            "rule": "reportAny"
        },
        {
            "file": "/Users/runner/work/hol-guard/hol-guard/source/scripts/ci/priority_launcher_phase/joins.py",
            "severity": "warning",
            "message": "Argument type is Any\n  Argument corresponds to parameter \"condition\" in function \"_require\"",
            "range": {
                "start": {
                    "line": 219,
                    "character": 21
                },
                "end": {
                    "line": 219,
                    "character": 62
                }
            },
            "rule": "reportAny"
        },
        {
            "file": "/Users/runner/work/hol-guard/hol-guard/source/scripts/ci/priority_launcher_phase/joins.py",
            "severity": "warning",
            "message": "Type of \"parent\" is Any",
            "range": {
                "start": {
                    "line": 221,
                    "character": 12
                },
                "end": {
                    "line": 221,
                    "character": 18
                }
            },
            "rule": "reportAny"
        },
        {
            "file": "/Users/runner/work/hol-guard/hol-guard/source/scripts/ci/priority_launcher_phase/joins.py",
            "severity": "warning",
            "message": "Argument type is Any\n  Argument corresponds to parameter \"condition\" in function \"_require\"",
            "range": {
                "start": {
                    "line": 226,
                    "character": 20
                },
                "end": {
                    "line": 226,
                    "character": 102
                }
            },
            "rule": "reportAny"
        },
        {
            "file": "/Users/runner/work/hol-guard/hol-guard/source/scripts/ci/priority_launcher_phase/joins.py",
            "severity": "warning",
            "message": "Argument type is Any\n  Argument corresponds to parameter \"condition\" in function \"_require\"",
            "range": {
                "start": {
                    "line": 229,
                    "character": 13
                },
                "end": {
                    "line": 229,
                    "character": 72
                }
            },
            "rule": "reportAny"
        },
        {
            "file": "/Users/runner/work/hol-guard/hol-guard/source/scripts/ci/priority_launcher_phase/joins.py",
            "severity": "warning",
            "message": "Argument type is Any\n  Argument corresponds to parameter \"condition\" in function \"_require\"",
            "range": {
                "start": {
                    "line": 230,
                    "character": 13
                },
                "end": {
                    "line": 230,
                    "character": 65
                }
            },
            "rule": "reportAny"
        },
        {
            "file": "/Users/runner/work/hol-guard/hol-guard/source/scripts/ci/priority_launcher_phase/joins.py",
            "severity": "warning",
            "message": "Argument type is Any\n  Argument corresponds to parameter \"value\" in function \"coordinate\"",
            "range": {
                "start": {
                    "line": 233,
                    "character": 48
                },
                "end": {
                    "line": 233,
                    "character": 65
                }
            },
            "rule": "reportAny"
        },
        {
            "file": "/Users/runner/work/hol-guard/hol-guard/source/scripts/ci/priority_launcher_phase/joins.py",
            "severity": "warning",
            "message": "Argument type is Any\n  Argument corresponds to parameter \"condition\" in function \"_require\"",
            "range": {
                "start": {
                    "line": 236,
                    "character": 13
                },
                "end": {
                    "line": 236,
                    "character": 63
                }
            },
            "rule": "reportAny"
        },
        {
            "file": "/Users/runner/work/hol-guard/hol-guard/source/scripts/ci/priority_launcher_phase/joins.py",
            "severity": "warning",
            "message": "Argument type is Any\n  Argument corresponds to parameter \"condition\" in function \"_require\"",
            "range": {
                "start": {
                    "line": 237,
                    "character": 13
                },
                "end": {
                    "line": 237,
                    "character": 93
                }
            },
            "rule": "reportAny"
        },
        {
            "file": "/Users/runner/work/hol-guard/hol-guard/source/scripts/ci/priority_launcher_phase/joins.py",
            "severity": "warning",
            "message": "Type `Any` is not allowed",
            "range": {
                "start": {
                    "line": 241,
                    "character": 45
                },
                "end": {
                    "line": 241,
                    "character": 48
                }
            },
            "rule": "reportExplicitAny"
        },
        {
            "file": "/Users/runner/work/hol-guard/hol-guard/source/scripts/ci/priority_launcher_phase/joins.py",
            "severity": "warning",
            "message": "Type of \"start\" is Any",
            "range": {
                "start": {
                    "line": 246,
                    "character": 8
                },
                "end": {
                    "line": 246,
                    "character": 13
                }
            },
            "rule": "reportAny"
        },
        {
            "file": "/Users/runner/work/hol-guard/hol-guard/source/scripts/ci/priority_launcher_phase/joins.py",
            "severity": "warning",
            "message": "Type of \"end\" is Any",
            "range": {
                "start": {
                    "line": 246,
                    "character": 15
                },
                "end": {
                    "line": 246,
                    "character": 18
                }
            },
            "rule": "reportAny"
        },
        {
            "file": "/Users/runner/work/hol-guard/hol-guard/source/scripts/ci/priority_launcher_phase/joins.py",
            "severity": "warning",
            "message": "Type of \"total\" is Any",
            "range": {
                "start": {
                    "line": 249,
                    "character": 16
                },
                "end": {
                    "line": 249,
                    "character": 21
                }
            },
            "rule": "reportAny"
        },
        {
            "file": "/Users/runner/work/hol-guard/hol-guard/source/scripts/ci/priority_launcher_phase/joins.py",
            "severity": "warning",
            "message": "Type of \"left\" is Any",
            "range": {
                "start": {
                    "line": 250,
                    "character": 12
                },
                "end": {
                    "line": 250,
                    "character": 16
                }
            },
            "rule": "reportAny"
        },
        {
            "file": "/Users/runner/work/hol-guard/hol-guard/source/scripts/ci/priority_launcher_phase/joins.py",
            "severity": "warning",
            "message": "Type of \"right\" is Any",
            "range": {
                "start": {
                    "line": 250,
                    "character": 18
                },
                "end": {
                    "line": 250,
                    "character": 23
                }
            },
            "rule": "reportAny"
        },
        {
            "file": "/Users/runner/work/hol-guard/hol-guard/source/scripts/ci/priority_launcher_phase/joins.py",
            "severity": "warning",
            "message": "Type of \"right\" is Any",
            "range": {
                "start": {
                    "line": 252,
                    "character": 12
                },
                "end": {
                    "line": 252,
                    "character": 17
                }
            },
            "rule": "reportAny"
        },
        {
            "file": "/Users/runner/work/hol-guard/hol-guard/source/scripts/ci/priority_launcher_phase/joins.py",
            "severity": "warning",
            "message": "Argument type is Any\n  Argument corresponds to parameter \"arg1\" in function \"max\"",
            "range": {
                "start": {
                    "line": 252,
                    "character": 24
                },
                "end": {
                    "line": 252,
                    "character": 29
                }
            },
            "rule": "reportAny"
        },
        {
            "file": "/Users/runner/work/hol-guard/hol-guard/source/scripts/ci/priority_launcher_phase/joins.py",
            "severity": "warning",
            "message": "Argument type is Any\n  Argument corresponds to parameter \"arg2\" in function \"max\"",
            "range": {
                "start": {
                    "line": 252,
                    "character": 31
                },
                "end": {
                    "line": 252,
                    "character": 34
                }
            },
            "rule": "reportAny"
        },
        {
            "file": "/Users/runner/work/hol-guard/hol-guard/source/scripts/ci/priority_launcher_phase/joins.py",
            "severity": "warning",
            "message": "Type of \"total\" is Any",
            "range": {
                "start": {
                    "line": 254,
                    "character": 8
                },
                "end": {
                    "line": 254,
                    "character": 13
                }
            },
            "rule": "reportAny"
        },
        {
            "file": "/Users/runner/work/hol-guard/hol-guard/source/scripts/ci/priority_launcher_phase/joins.py",
            "severity": "warning",
            "message": "Type `Any` is not allowed",
            "range": {
                "start": {
                    "line": 258,
                    "character": 34
                },
                "end": {
                    "line": 258,
                    "character": 37
                }
            },
            "rule": "reportExplicitAny"
        },
        {
            "file": "/Users/runner/work/hol-guard/hol-guard/source/scripts/ci/priority_launcher_phase/joins.py",
            "severity": "warning",
            "message": "Type `Any` is not allowed",
            "range": {
                "start": {
                    "line": 297,
                    "character": 35
                },
                "end": {
                    "line": 297,
                    "character": 38
                }
            },
            "rule": "reportExplicitAny"
        },
        {
            "file": "/Users/runner/work/hol-guard/hol-guard/source/scripts/ci/priority_launcher_phase/joins.py",
            "severity": "warning",
            "message": "Type `Any` is not allowed",
            "range": {
                "start": {
                    "line": 302,
                    "character": 35
                },
                "end": {
                    "line": 302,
                    "character": 38
                }
            },
            "rule": "reportExplicitAny"
        },
        {
            "file": "/Users/runner/work/hol-guard/hol-guard/source/scripts/ci/priority_launcher_phase/joins.py",
            "severity": "warning",
            "message": "Type `Any` is not allowed",
            "range": {
                "start": {
                    "line": 302,
                    "character": 59
                },
                "end": {
                    "line": 302,
                    "character": 62
                }
            },
            "rule": "reportExplicitAny"
        },
        {
            "file": "/Users/runner/work/hol-guard/hol-guard/source/scripts/ci/priority_launcher_phase/joins.py",
            "severity": "warning",
            "message": "Type `Any` is not allowed",
            "range": {
                "start": {
                    "line": 302,
                    "character": 78
                },
                "end": {
                    "line": 302,
                    "character": 81
                }
            },
            "rule": "reportExplicitAny"
        },
        {
            "file": "/Users/runner/work/hol-guard/hol-guard/source/scripts/ci/priority_launcher_phase/joins.py",
            "severity": "warning",
            "message": "Argument type is Any\n  Argument corresponds to parameter \"value\" in function \"coordinate\"",
            "range": {
                "start": {
                    "line": 304,
                    "character": 39
                },
                "end": {
                    "line": 304,
                    "character": 56
                }
            },
            "rule": "reportAny"
        },
        {
            "file": "/Users/runner/work/hol-guard/hol-guard/source/scripts/ci/priority_launcher_phase/joins.py",
            "severity": "warning",
            "message": "Argument type is Any\n  Argument corresponds to parameter \"value\" in function \"coordinate\"",
            "range": {
                "start": {
                    "line": 305,
                    "character": 39
                },
                "end": {
                    "line": 305,
                    "character": 56
                }
            },
            "rule": "reportAny"
        },
        {
            "file": "/Users/runner/work/hol-guard/hol-guard/source/scripts/ci/priority_launcher_phase/joins.py",
            "severity": "warning",
            "message": "Argument type is Any\n  Argument corresponds to parameter \"value\" in function \"coordinate\"",
            "range": {
                "start": {
                    "line": 306,
                    "character": 32
                },
                "end": {
                    "line": 306,
                    "character": 49
                }
            },
            "rule": "reportAny"
        },
        {
            "file": "/Users/runner/work/hol-guard/hol-guard/source/scripts/ci/priority_launcher_phase/joins.py",
            "severity": "warning",
            "message": "Argument type is Any\n  Argument corresponds to parameter \"value\" in function \"coordinate\"",
            "range": {
                "start": {
                    "line": 309,
                    "character": 25
                },
                "end": {
                    "line": 309,
                    "character": 42
                }
            },
            "rule": "reportAny"
        },
        {
            "file": "/Users/runner/work/hol-guard/hol-guard/source/scripts/ci/priority_launcher_phase/joins.py",
            "severity": "warning",
            "message": "Type of \"facts\" is Any",
            "range": {
                "start": {
                    "line": 312,
                    "character": 8
                },
                "end": {
                    "line": 312,
                    "character": 13
                }
            },
            "rule": "reportAny"
        },
        {
            "file": "/Users/runner/work/hol-guard/hol-guard/source/scripts/ci/priority_launcher_phase/joins.py",
            "severity": "warning",
            "message": "Argument type is Any\n  Argument corresponds to parameter \"facts\" in function \"_one\"",
            "range": {
                "start": {
                    "line": 313,
                    "character": 23
                },
                "end": {
                    "line": 313,
                    "character": 28
                }
            },
            "rule": "reportAny"
        },
        {
            "file": "/Users/runner/work/hol-guard/hol-guard/source/scripts/ci/priority_launcher_phase/joins.py",
            "severity": "warning",
            "message": "Type of \"get\" is Any",
            "range": {
                "start": {
                    "line": 319,
                    "character": 46
                },
                "end": {
                    "line": 319,
                    "character": 65
                }
            },
            "rule": "reportAny"
        },
        {
            "file": "/Users/runner/work/hol-guard/hol-guard/source/scripts/ci/priority_launcher_phase/joins.py",
            "severity": "warning",
            "message": "Argument type is Any\n  Argument corresponds to parameter \"facts\" in function \"_one\"",
            "range": {
                "start": {
                    "line": 321,
                    "character": 22
                },
                "end": {
                    "line": 321,
                    "character": 37
                }
            },
            "rule": "reportAny"
        },
        {
            "file": "/Users/runner/work/hol-guard/hol-guard/source/scripts/ci/priority_launcher_phase/joins.py",
            "severity": "warning",
            "message": "Type of \"item\" is Any",
            "range": {
                "start": {
                    "line": 322,
                    "character": 50
                },
                "end": {
                    "line": 322,
                    "character": 54
                }
            },
            "rule": "reportAny"
        },
        {
            "file": "/Users/runner/work/hol-guard/hol-guard/source/scripts/ci/priority_launcher_phase/joins.py",
            "severity": "warning",
            "message": "Type of \"daemon_stages\" is partially unknown\n  Type of \"daemon_stages\" is \"Counter[Any] | Counter[Unknown]\"",
            "range": {
                "start": {
                    "line": 323,
                    "character": 8
                },
                "end": {
                    "line": 323,
                    "character": 21
                }
            },
            "rule": "reportUnknownVariableType"
        },
        {
            "file": "/Users/runner/work/hol-guard/hol-guard/source/scripts/ci/priority_launcher_phase/joins.py",
            "severity": "warning",
            "message": "Type of \"item\" is Any",
            "range": {
                "start": {
                    "line": 323,
                    "character": 50
                },
                "end": {
                    "line": 323,
                    "character": 54
                }
            },
            "rule": "reportAny"
        },
        {
            "file": "/Users/runner/work/hol-guard/hol-guard/source/scripts/ci/priority_launcher_phase/joins.py",
            "severity": "warning",
            "message": "Argument type is Any\n  Argument corresponds to parameter \"facts\" in function \"_one\"",
            "range": {
                "start": {
                    "line": 324,
                    "character": 20
                },
                "end": {
                    "line": 324,
                    "character": 35
                }
            },
            "rule": "reportAny"
        },
        {
            "file": "/Users/runner/work/hol-guard/hol-guard/source/scripts/ci/priority_launcher_phase/joins.py",
            "severity": "warning",
            "message": "Argument type is Any\n  Argument corresponds to parameter \"facts\" in function \"_native_join\"",
            "range": {
                "start": {
                    "line": 326,
                    "character": 30
                },
                "end": {
                    "line": 326,
                    "character": 45
                }
            },
            "rule": "reportAny"
        },
        {
            "file": "/Users/runner/work/hol-guard/hol-guard/source/scripts/ci/priority_launcher_phase/joins.py",
            "severity": "warning",
            "message": "Type of \"get\" is Any",
            "range": {
                "start": {
                    "line": 331,
                    "character": 46
                },
                "end": {
                    "line": 331,
                    "character": 55
                }
            },
            "rule": "reportAny"
        },
        {
            "file": "/Users/runner/work/hol-guard/hol-guard/source/scripts/ci/priority_launcher_phase/joins.py",
            "severity": "warning",
            "message": "Argument type is Any\n  Argument corresponds to parameter \"o\" in function \"__init__\"",
            "range": {
                "start": {
                    "line": 331,
                    "character": 46
                },
                "end": {
                    "line": 331,
                    "character": 75
                }
            },
            "rule": "reportAny"
        },
        {
            "file": "/Users/runner/work/hol-guard/hol-guard/source/scripts/ci/priority_launcher_phase/joins.py",
            "severity": "warning",
            "message": "Type of \"get\" is Any",
            "range": {
                "start": {
                    "line": 370,
                    "character": 20
                },
                "end": {
                    "line": 370,
                    "character": 39
                }
            },
            "rule": "reportAny"
        },
        {
            "file": "/Users/runner/work/hol-guard/hol-guard/source/scripts/ci/priority_launcher_phase/joins.py",
            "severity": "warning",
            "message": "Type of \"get\" is Any",
            "range": {
                "start": {
                    "line": 371,
                    "character": 20
                },
                "end": {
                    "line": 371,
                    "character": 39
                }
            },
            "rule": "reportAny"
        },
        {
            "file": "/Users/runner/work/hol-guard/hol-guard/source/scripts/ci/priority_launcher_phase/joins.py",
            "severity": "warning",
            "message": "Type of \"get\" is Any",
            "range": {
                "start": {
                    "line": 387,
                    "character": 59
                },
                "end": {
                    "line": 387,
                    "character": 68
                }
            },
            "rule": "reportAny"
        },
        {
            "file": "/Users/runner/work/hol-guard/hol-guard/source/scripts/ci/priority_launcher_phase/joins.py",
            "severity": "warning",
            "message": "Argument type is Any\n  Argument corresponds to parameter \"value\" in function \"finite_milliseconds\"",
            "range": {
                "start": {
                    "line": 387,
                    "character": 59
                },
                "end": {
                    "line": 387,
                    "character": 91
                }
            },
            "rule": "reportAny"
        },
        {
            "file": "/Users/runner/work/hol-guard/hol-guard/source/scripts/ci/priority_launcher_phase/joins.py",
            "severity": "warning",
            "message": "Argument type is Any\n  Argument corresponds to parameter \"stages\" in function \"interval_union_ms\"",
            "range": {
                "start": {
                    "line": 388,
                    "character": 71
                },
                "end": {
                    "line": 388,
                    "character": 84
                }
            },
            "rule": "reportAny"
        },
        {
            "file": "/Users/runner/work/hol-guard/hol-guard/source/scripts/ci/priority_launcher_phase/joins.py",
            "severity": "warning",
            "message": "Argument type is Any\n  Argument corresponds to parameter \"stages\" in function \"interval_union_ms\"",
            "range": {
                "start": {
                    "line": 389,
                    "character": 71
                },
                "end": {
                    "line": 389,
                    "character": 87
                }
            },
            "rule": "reportAny"
        },
        {
            "file": "/Users/runner/work/hol-guard/hol-guard/source/scripts/ci/priority_launcher_phase/parent.py",
            "severity": "warning",
            "message": "Type of parameter \"producer\" is Any",
            "range": {
                "start": {
                    "line": 14,
                    "character": 45
                },
                "end": {
                    "line": 14,
                    "character": 53
                }
            },
            "rule": "reportAny"
        },
        {
            "file": "/Users/runner/work/hol-guard/hol-guard/source/scripts/ci/priority_launcher_phase/parent.py",
            "severity": "warning",
            "message": "Type `Any` is not allowed",
            "range": {
                "start": {
                    "line": 14,
                    "character": 55
                },
                "end": {
                    "line": 14,
                    "character": 58
                }
            },
            "rule": "reportExplicitAny"
        },
        {
            "file": "/Users/runner/work/hol-guard/hol-guard/source/scripts/ci/priority_launcher_phase/parent.py",
            "severity": "warning",
            "message": "Type of parameter \"launch_runtime\" is Any",
            "range": {
                "start": {
                    "line": 14,
                    "character": 60
                },
                "end": {
                    "line": 14,
                    "character": 74
                }
            },
            "rule": "reportAny"
        },
        {
            "file": "/Users/runner/work/hol-guard/hol-guard/source/scripts/ci/priority_launcher_phase/parent.py",
            "severity": "warning",
            "message": "Type `Any` is not allowed",
            "range": {
                "start": {
                    "line": 14,
                    "character": 76
                },
                "end": {
                    "line": 14,
                    "character": 79
                }
            },
            "rule": "reportExplicitAny"
        },
        {
            "file": "/Users/runner/work/hol-guard/hol-guard/source/scripts/ci/priority_launcher_phase/parent.py",
            "severity": "warning",
            "message": "Type annotation for attribute `collector` is required because this class is not decorated with `@final`",
            "range": {
                "start": {
                    "line": 15,
                    "character": 13
                },
                "end": {
                    "line": 15,
                    "character": 22
                }
            },
            "rule": "reportUnannotatedClassAttribute"
        },
        {
            "file": "/Users/runner/work/hol-guard/hol-guard/source/scripts/ci/priority_launcher_phase/parent.py",
            "severity": "warning",
            "message": "Type of \"producer\" is Any",
            "range": {
                "start": {
                    "line": 16,
                    "character": 8
                },
                "end": {
                    "line": 16,
                    "character": 21
                }
            },
            "rule": "reportAny"
        },
        {
            "file": "/Users/runner/work/hol-guard/hol-guard/source/scripts/ci/priority_launcher_phase/parent.py",
            "severity": "warning",
            "message": "Type annotation for attribute `producer` is required because this class is not decorated with `@final`",
            "range": {
                "start": {
                    "line": 16,
                    "character": 13
                },
                "end": {
                    "line": 16,
                    "character": 21
                }
            },
            "rule": "reportUnannotatedClassAttribute"
        },
        {
            "file": "/Users/runner/work/hol-guard/hol-guard/source/scripts/ci/priority_launcher_phase/parent.py",
            "severity": "warning",
            "message": "Type of \"launch_runtime\" is Any",
            "range": {
                "start": {
                    "line": 17,
                    "character": 8
                },
                "end": {
                    "line": 17,
                    "character": 27
                }
            },
            "rule": "reportAny"
        },
        {
            "file": "/Users/runner/work/hol-guard/hol-guard/source/scripts/ci/priority_launcher_phase/parent.py",
            "severity": "warning",
            "message": "Type annotation for attribute `launch_runtime` is required because this class is not decorated with `@final`",
            "range": {
                "start": {
                    "line": 17,
                    "character": 13
                },
                "end": {
                    "line": 17,
                    "character": 27
                }
            },
            "rule": "reportUnannotatedClassAttribute"
        },
        {
            "file": "/Users/runner/work/hol-guard/hol-guard/source/scripts/ci/priority_launcher_phase/parent.py",
            "severity": "warning",
            "message": "Type annotation for attribute `patches` is required because this class is not decorated with `@final`",
            "range": {
                "start": {
                    "line": 18,
                    "character": 13
                },
                "end": {
                    "line": 18,
                    "character": 20
                }
            },
            "rule": "reportUnannotatedClassAttribute"
        },
        {
            "file": "/Users/runner/work/hol-guard/hol-guard/source/scripts/ci/priority_launcher_phase/parent.py",
            "severity": "warning",
            "message": "Type of \"original_observe\" is Any",
            "range": {
                "start": {
                    "line": 29,
                    "character": 8
                },
                "end": {
                    "line": 29,
                    "character": 24
                }
            },
            "rule": "reportAny"
        },
        {
            "file": "/Users/runner/work/hol-guard/hol-guard/source/scripts/ci/priority_launcher_phase/parent.py",
            "severity": "warning",
            "message": "Type of \"producer\" is Any",
            "range": {
                "start": {
                    "line": 29,
                    "character": 27
                },
                "end": {
                    "line": 29,
                    "character": 40
                }
            },
            "rule": "reportAny"
        },
        {
            "file": "/Users/runner/work/hol-guard/hol-guard/source/scripts/ci/priority_launcher_phase/parent.py",
            "severity": "warning",
            "message": "Type of \"observe_priority_launcher\" is Any",
            "range": {
                "start": {
                    "line": 29,
                    "character": 27
                },
                "end": {
                    "line": 29,
                    "character": 66
                }
            },
            "rule": "reportAny"
        },
        {
            "file": "/Users/runner/work/hol-guard/hol-guard/source/scripts/ci/priority_launcher_phase/parent.py",
            "severity": "warning",
            "message": "Argument type is Any\n  Argument corresponds to parameter \"wrapped\" in function \"wraps\"",
            "range": {
                "start": {
                    "line": 32,
                    "character": 25
                },
                "end": {
                    "line": 32,
                    "character": 41
                }
            },
            "rule": "reportAny"
        },
        {
            "file": "/Users/runner/work/hol-guard/hol-guard/source/scripts/ci/priority_launcher_phase/parent.py",
            "severity": "warning",
            "message": "Return type is Any",
            "range": {
                "start": {
                    "line": 33,
                    "character": 12
                },
                "end": {
                    "line": 33,
                    "character": 19
                }
            },
            "rule": "reportAny"
        },
        {
            "file": "/Users/runner/work/hol-guard/hol-guard/source/scripts/ci/priority_launcher_phase/parent.py",
            "severity": "warning",
            "message": "Type of parameter \"args\" is Any",
            "range": {
                "start": {
                    "line": 33,
                    "character": 21
                },
                "end": {
                    "line": 33,
                    "character": 25
                }
            },
            "rule": "reportAny"
        },
        {
            "file": "/Users/runner/work/hol-guard/hol-guard/source/scripts/ci/priority_launcher_phase/parent.py",
            "severity": "warning",
            "message": "Type `Any` is not allowed",
            "range": {
                "start": {
                    "line": 33,
                    "character": 27
                },
                "end": {
                    "line": 33,
                    "character": 30
                }
            },
            "rule": "reportExplicitAny"
        },
        {
            "file": "/Users/runner/work/hol-guard/hol-guard/source/scripts/ci/priority_launcher_phase/parent.py",
            "severity": "warning",
            "message": "Type of parameter \"kwargs\" is Any",
            "range": {
                "start": {
                    "line": 33,
                    "character": 34
                },
                "end": {
                    "line": 33,
                    "character": 40
                }
            },
            "rule": "reportAny"
        },
        {
            "file": "/Users/runner/work/hol-guard/hol-guard/source/scripts/ci/priority_launcher_phase/parent.py",
            "severity": "warning",
            "message": "Type `Any` is not allowed",
            "range": {
                "start": {
                    "line": 33,
                    "character": 42
                },
                "end": {
                    "line": 33,
                    "character": 45
                }
            },
            "rule": "reportExplicitAny"
        },
        {
            "file": "/Users/runner/work/hol-guard/hol-guard/source/scripts/ci/priority_launcher_phase/parent.py",
            "severity": "warning",
            "message": "Type `Any` is not allowed",
            "range": {
                "start": {
                    "line": 33,
                    "character": 50
                },
                "end": {
                    "line": 33,
                    "character": 53
                }
            },
            "rule": "reportExplicitAny"
        },
        {
            "file": "/Users/runner/work/hol-guard/hol-guard/source/scripts/ci/priority_launcher_phase/parent.py",
            "severity": "warning",
            "message": "Type `Any` is not allowed",
            "range": {
                "start": {
                    "line": 35,
                    "character": 26
                },
                "end": {
                    "line": 35,
                    "character": 29
                }
            },
            "rule": "reportExplicitAny"
        },
        {
            "file": "/Users/runner/work/hol-guard/hol-guard/source/scripts/ci/priority_launcher_phase/parent.py",
            "severity": "warning",
            "message": "Type `Any` is not allowed",
            "range": {
                "start": {
                    "line": 35,
                    "character": 31
                },
                "end": {
                    "line": 35,
                    "character": 34
                }
            },
            "rule": "reportExplicitAny"
        },
        {
            "file": "/Users/runner/work/hol-guard/hol-guard/source/scripts/ci/priority_launcher_phase/parent.py",
            "severity": "warning",
            "message": "Type of \"launcher\" is Any",
            "range": {
                "start": {
                    "line": 39,
                    "character": 16
                },
                "end": {
                    "line": 39,
                    "character": 24
                }
            },
            "rule": "reportAny"
        },
        {
            "file": "/Users/runner/work/hol-guard/hol-guard/source/scripts/ci/priority_launcher_phase/parent.py",
            "severity": "warning",
            "message": "Type of \"harness\" is Any",
            "range": {
                "start": {
                    "line": 41,
                    "character": 31
                },
                "end": {
                    "line": 41,
                    "character": 47
                }
            },
            "rule": "reportAny"
        },
        {
            "file": "/Users/runner/work/hol-guard/hol-guard/source/scripts/ci/priority_launcher_phase/parent.py",
            "severity": "warning",
            "message": "Type of \"event\" is Any",
            "range": {
                "start": {
                    "line": 42,
                    "character": 29
                },
                "end": {
                    "line": 42,
                    "character": 43
                }
            },
            "rule": "reportAny"
        },
        {
            "file": "/Users/runner/work/hol-guard/hol-guard/source/scripts/ci/priority_launcher_phase/parent.py",
            "severity": "warning",
            "message": "Argument type is Any\n  Argument corresponds to parameter \"o\" in function \"__init__\"",
            "range": {
                "start": {
                    "line": 47,
                    "character": 29
                },
                "end": {
                    "line": 47,
                    "character": 44
                }
            },
            "rule": "reportAny"
        },
        {
            "file": "/Users/runner/work/hol-guard/hol-guard/source/scripts/ci/priority_launcher_phase/parent.py",
            "severity": "warning",
            "message": "Argument type is Any\n  Argument corresponds to parameter \"o\" in function \"__init__\"",
            "range": {
                "start": {
                    "line": 48,
                    "character": 29
                },
                "end": {
                    "line": 48,
                    "character": 49
                }
            },
            "rule": "reportAny"
        },
        {
            "file": "/Users/runner/work/hol-guard/hol-guard/source/scripts/ci/priority_launcher_phase/parent.py",
            "severity": "warning",
            "message": "Type of \"registration\" is Any",
            "range": {
                "start": {
                    "line": 53,
                    "character": 16
                },
                "end": {
                    "line": 53,
                    "character": 28
                }
            },
            "rule": "reportAny"
        },
        {
            "file": "/Users/runner/work/hol-guard/hol-guard/source/scripts/ci/priority_launcher_phase/parent.py",
            "severity": "warning",
            "message": "Type of \"registration_sha256\" is Any",
            "range": {
                "start": {
                    "line": 53,
                    "character": 31
                },
                "end": {
                    "line": 53,
                    "character": 59
                }
            },
            "rule": "reportAny"
        },
        {
            "file": "/Users/runner/work/hol-guard/hol-guard/source/scripts/ci/priority_launcher_phase/parent.py",
            "severity": "warning",
            "message": "Argument type is Any\n  Argument corresponds to parameter \"o\" in function \"__init__\"",
            "range": {
                "start": {
                    "line": 54,
                    "character": 24
                },
                "end": {
                    "line": 54,
                    "character": 36
                }
            },
            "rule": "reportAny"
        },
        {
            "file": "/Users/runner/work/hol-guard/hol-guard/source/scripts/ci/priority_launcher_phase/parent.py",
            "severity": "warning",
            "message": "Type `Any` is not allowed",
            "range": {
                "start": {
                    "line": 60,
                    "character": 20
                },
                "end": {
                    "line": 60,
                    "character": 23
                }
            },
            "rule": "reportExplicitAny"
        },
        {
            "file": "/Users/runner/work/hol-guard/hol-guard/source/scripts/ci/priority_launcher_phase/parent.py",
            "severity": "warning",
            "message": "Type of \"result\" is Any",
            "range": {
                "start": {
                    "line": 63,
                    "character": 16
                },
                "end": {
                    "line": 63,
                    "character": 22
                }
            },
            "rule": "reportAny"
        },
        {
            "file": "/Users/runner/work/hol-guard/hol-guard/source/scripts/ci/priority_launcher_phase/parent.py",
            "severity": "warning",
            "message": "Return type is Any",
            "range": {
                "start": {
                    "line": 64,
                    "character": 23
                },
                "end": {
                    "line": 64,
                    "character": 29
                }
            },
            "rule": "reportAny"
        },
        {
            "file": "/Users/runner/work/hol-guard/hol-guard/source/scripts/ci/priority_launcher_phase/parent.py",
            "severity": "warning",
            "message": "Code is unreachable",
            "range": {
                "start": {
                    "line": 70,
                    "character": 20
                },
                "end": {
                    "line": 84,
                    "character": 43
                }
            },
            "rule": "reportUnreachable"
        },
        {
            "file": "/Users/runner/work/hol-guard/hol-guard/source/scripts/ci/priority_launcher_phase/parent.py",
            "severity": "warning",
            "message": "Type of \"allowed\" is Any",
            "range": {
                "start": {
                    "line": 74,
                    "character": 36
                },
                "end": {
                    "line": 74,
                    "character": 50
                }
            },
            "rule": "reportAny"
        },
        {
            "file": "/Users/runner/work/hol-guard/hol-guard/source/scripts/ci/priority_launcher_phase/parent.py",
            "severity": "warning",
            "message": "Argument type is Any\n  Argument corresponds to parameter \"o\" in function \"__init__\"",
            "range": {
                "start": {
                    "line": 74,
                    "character": 36
                },
                "end": {
                    "line": 74,
                    "character": 50
                }
            },
            "rule": "reportAny"
        },
        {
            "file": "/Users/runner/work/hol-guard/hol-guard/source/scripts/ci/priority_launcher_phase/parent.py",
            "severity": "warning",
            "message": "Type of \"route\" is Any",
            "range": {
                "start": {
                    "line": 74,
                    "character": 67
                },
                "end": {
                    "line": 74,
                    "character": 79
                }
            },
            "rule": "reportAny"
        },
        {
            "file": "/Users/runner/work/hol-guard/hol-guard/source/scripts/ci/priority_launcher_phase/parent.py",
            "severity": "warning",
            "message": "Type of \"latency_ms\" is Any",
            "range": {
                "start": {
                    "line": 78,
                    "character": 72
                },
                "end": {
                    "line": 78,
                    "character": 89
                }
            },
            "rule": "reportAny"
        },
        {
            "file": "/Users/runner/work/hol-guard/hol-guard/source/scripts/ci/priority_launcher_phase/parent.py",
            "severity": "warning",
            "message": "Argument type is Any\n  Argument corresponds to parameter \"value\" in function \"finite_milliseconds\"",
            "range": {
                "start": {
                    "line": 78,
                    "character": 72
                },
                "end": {
                    "line": 78,
                    "character": 89
                }
            },
            "rule": "reportAny"
        },
        {
            "file": "/Users/runner/work/hol-guard/hol-guard/source/scripts/ci/priority_launcher_phase/parent.py",
            "severity": "warning",
            "message": "Code is unreachable",
            "range": {
                "start": {
                    "line": 86,
                    "character": 20
                },
                "end": {
                    "line": 87,
                    "character": 66
                }
            },
            "rule": "reportUnreachable"
        },
        {
            "file": "/Users/runner/work/hol-guard/hol-guard/source/scripts/ci/priority_launcher_phase/parent.py",
            "severity": "warning",
            "message": "Type of \"producer\" is Any",
            "range": {
                "start": {
                    "line": 89,
                    "character": 25
                },
                "end": {
                    "line": 89,
                    "character": 38
                }
            },
            "rule": "reportAny"
        },
        {
            "file": "/Users/runner/work/hol-guard/hol-guard/source/scripts/ci/priority_launcher_phase/parent.py",
            "severity": "warning",
            "message": "Type of \"original_process\" is Any",
            "range": {
                "start": {
                    "line": 90,
                    "character": 8
                },
                "end": {
                    "line": 90,
                    "character": 24
                }
            },
            "rule": "reportAny"
        },
        {
            "file": "/Users/runner/work/hol-guard/hol-guard/source/scripts/ci/priority_launcher_phase/parent.py",
            "severity": "warning",
            "message": "Type of \"producer\" is Any",
            "range": {
                "start": {
                    "line": 90,
                    "character": 27
                },
                "end": {
                    "line": 90,
                    "character": 40
                }
            },
            "rule": "reportAny"
        },
        {
            "file": "/Users/runner/work/hol-guard/hol-guard/source/scripts/ci/priority_launcher_phase/parent.py",
            "severity": "warning",
            "message": "Type of \"run_isolated_hook_process\" is Any",
            "range": {
                "start": {
                    "line": 90,
                    "character": 27
                },
                "end": {
                    "line": 90,
                    "character": 66
                }
            },
            "rule": "reportAny"
        },
        {
            "file": "/Users/runner/work/hol-guard/hol-guard/source/scripts/ci/priority_launcher_phase/parent.py",
            "severity": "warning",
            "message": "Argument type is Any\n  Argument corresponds to parameter \"wrapped\" in function \"wraps\"",
            "range": {
                "start": {
                    "line": 92,
                    "character": 25
                },
                "end": {
                    "line": 92,
                    "character": 41
                }
            },
            "rule": "reportAny"
        },
        {
            "file": "/Users/runner/work/hol-guard/hol-guard/source/scripts/ci/priority_launcher_phase/parent.py",
            "severity": "warning",
            "message": "Return type is Any",
            "range": {
                "start": {
                    "line": 93,
                    "character": 12
                },
                "end": {
                    "line": 93,
                    "character": 19
                }
            },
            "rule": "reportAny"
        },
        {
            "file": "/Users/runner/work/hol-guard/hol-guard/source/scripts/ci/priority_launcher_phase/parent.py",
            "severity": "warning",
            "message": "Type of parameter \"args\" is Any",
            "range": {
                "start": {
                    "line": 93,
                    "character": 21
                },
                "end": {
                    "line": 93,
                    "character": 25
                }
            },
            "rule": "reportAny"
        },
        {
            "file": "/Users/runner/work/hol-guard/hol-guard/source/scripts/ci/priority_launcher_phase/parent.py",
            "severity": "warning",
            "message": "Type `Any` is not allowed",
            "range": {
                "start": {
                    "line": 93,
                    "character": 27
                },
                "end": {
                    "line": 93,
                    "character": 30
                }
            },
            "rule": "reportExplicitAny"
        },
        {
            "file": "/Users/runner/work/hol-guard/hol-guard/source/scripts/ci/priority_launcher_phase/parent.py",
            "severity": "warning",
            "message": "Type of parameter \"kwargs\" is Any",
            "range": {
                "start": {
                    "line": 93,
                    "character": 34
                },
                "end": {
                    "line": 93,
                    "character": 40
                }
            },
            "rule": "reportAny"
        },
        {
            "file": "/Users/runner/work/hol-guard/hol-guard/source/scripts/ci/priority_launcher_phase/parent.py",
            "severity": "warning",
            "message": "Type `Any` is not allowed",
            "range": {
                "start": {
                    "line": 93,
                    "character": 42
                },
                "end": {
                    "line": 93,
                    "character": 45
                }
            },
            "rule": "reportExplicitAny"
        },
        {
            "file": "/Users/runner/work/hol-guard/hol-guard/source/scripts/ci/priority_launcher_phase/parent.py",
            "severity": "warning",
            "message": "Type `Any` is not allowed",
            "range": {
                "start": {
                    "line": 93,
                    "character": 50
                },
                "end": {
                    "line": 93,
                    "character": 53
                }
            },
            "rule": "reportExplicitAny"
        },
        {
            "file": "/Users/runner/work/hol-guard/hol-guard/source/scripts/ci/priority_launcher_phase/parent.py",
            "severity": "warning",
            "message": "Type of parameter \"result\" is Any",
            "range": {
                "start": {
                    "line": 98,
                    "character": 32
                },
                "end": {
                    "line": 98,
                    "character": 38
                }
            },
            "rule": "reportAny"
        },
        {
            "file": "/Users/runner/work/hol-guard/hol-guard/source/scripts/ci/priority_launcher_phase/parent.py",
            "severity": "warning",
            "message": "Type `Any` is not allowed",
            "range": {
                "start": {
                    "line": 98,
                    "character": 40
                },
                "end": {
                    "line": 98,
                    "character": 43
                }
            },
            "rule": "reportExplicitAny"
        },
        {
            "file": "/Users/runner/work/hol-guard/hol-guard/source/scripts/ci/priority_launcher_phase/parent.py",
            "severity": "warning",
            "message": "Type of parameter \"_state\" is Any",
            "range": {
                "start": {
                    "line": 98,
                    "character": 74
                },
                "end": {
                    "line": 98,
                    "character": 80
                }
            },
            "rule": "reportAny"
        },
        {
            "file": "/Users/runner/work/hol-guard/hol-guard/source/scripts/ci/priority_launcher_phase/parent.py",
            "severity": "warning",
            "message": "Type `Any` is not allowed",
            "range": {
                "start": {
                    "line": 98,
                    "character": 82
                },
                "end": {
                    "line": 98,
                    "character": 85
                }
            },
            "rule": "reportExplicitAny"
        },
        {
            "file": "/Users/runner/work/hol-guard/hol-guard/source/scripts/ci/priority_launcher_phase/parent.py",
            "severity": "warning",
            "message": "Type of \"value\" is Any",
            "range": {
                "start": {
                    "line": 116,
                    "character": 24
                },
                "end": {
                    "line": 116,
                    "character": 29
                }
            },
            "rule": "reportAny"
        },
        {
            "file": "/Users/runner/work/hol-guard/hol-guard/source/scripts/ci/priority_launcher_phase/parent.py",
            "severity": "warning",
            "message": "Argument type is Any\n  Argument corresponds to parameter \"o\" in function \"getattr\"",
            "range": {
                "start": {
                    "line": 116,
                    "character": 40
                },
                "end": {
                    "line": 116,
                    "character": 46
                }
            },
            "rule": "reportAny"
        },
        {
            "file": "/Users/runner/work/hol-guard/hol-guard/source/scripts/ci/priority_launcher_phase/parent.py",
            "severity": "warning",
            "message": "Argument type is Any\n  Argument corresponds to parameter \"o\" in function \"__init__\"",
            "range": {
                "start": {
                    "line": 117,
                    "character": 32
                },
                "end": {
                    "line": 117,
                    "character": 37
                }
            },
            "rule": "reportAny"
        },
        {
            "file": "/Users/runner/work/hol-guard/hol-guard/source/scripts/ci/priority_launcher_phase/parent.py",
            "severity": "warning",
            "message": "Type of \"returncode\" is Any",
            "range": {
                "start": {
                    "line": 120,
                    "character": 20
                },
                "end": {
                    "line": 120,
                    "character": 30
                }
            },
            "rule": "reportAny"
        },
        {
            "file": "/Users/runner/work/hol-guard/hol-guard/source/scripts/ci/priority_launcher_phase/parent.py",
            "severity": "warning",
            "message": "Type of \"returncode\" is Any",
            "range": {
                "start": {
                    "line": 120,
                    "character": 33
                },
                "end": {
                    "line": 120,
                    "character": 50
                }
            },
            "rule": "reportAny"
        },
        {
            "file": "/Users/runner/work/hol-guard/hol-guard/source/scripts/ci/priority_launcher_phase/parent.py",
            "severity": "warning",
            "message": "Argument type is Any\n  Argument corresponds to parameter \"o\" in function \"__init__\"",
            "range": {
                "start": {
                    "line": 121,
                    "character": 55
                },
                "end": {
                    "line": 121,
                    "character": 65
                }
            },
            "rule": "reportAny"
        },
        {
            "file": "/Users/runner/work/hol-guard/hol-guard/source/scripts/ci/priority_launcher_phase/parent.py",
            "severity": "warning",
            "message": "Type of \"value\" is Any",
            "range": {
                "start": {
                    "line": 125,
                    "character": 24
                },
                "end": {
                    "line": 125,
                    "character": 29
                }
            },
            "rule": "reportAny"
        },
        {
            "file": "/Users/runner/work/hol-guard/hol-guard/source/scripts/ci/priority_launcher_phase/parent.py",
            "severity": "warning",
            "message": "Argument type is Any\n  Argument corresponds to parameter \"o\" in function \"getattr\"",
            "range": {
                "start": {
                    "line": 125,
                    "character": 40
                },
                "end": {
                    "line": 125,
                    "character": 46
                }
            },
            "rule": "reportAny"
        },
        {
            "file": "/Users/runner/work/hol-guard/hol-guard/source/scripts/ci/priority_launcher_phase/parent.py",
            "severity": "warning",
            "message": "Argument type is Any\n  Argument corresponds to parameter \"o\" in function \"__init__\"",
            "range": {
                "start": {
                    "line": 126,
                    "character": 32
                },
                "end": {
                    "line": 126,
                    "character": 37
                }
            },
            "rule": "reportAny"
        },
        {
            "file": "/Users/runner/work/hol-guard/hol-guard/source/scripts/ci/priority_launcher_phase/parent.py",
            "severity": "warning",
            "message": "Return type is Any",
            "range": {
                "start": {
                    "line": 131,
                    "character": 19
                },
                "end": {
                    "line": 131,
                    "character": 105
                }
            },
            "rule": "reportAny"
        },
        {
            "file": "/Users/runner/work/hol-guard/hol-guard/source/scripts/ci/priority_launcher_phase/parent.py",
            "severity": "warning",
            "message": "Argument type is Any\n  Argument corresponds to parameter \"original\" in function \"call\"",
            "range": {
                "start": {
                    "line": 131,
                    "character": 61
                },
                "end": {
                    "line": 131,
                    "character": 77
                }
            },
            "rule": "reportAny"
        },
        {
            "file": "/Users/runner/work/hol-guard/hol-guard/source/scripts/ci/priority_launcher_phase/parent.py",
            "severity": "warning",
            "message": "Type of \"producer\" is Any",
            "range": {
                "start": {
                    "line": 133,
                    "character": 25
                },
                "end": {
                    "line": 133,
                    "character": 38
                }
            },
            "rule": "reportAny"
        },
        {
            "file": "/Users/runner/work/hol-guard/hol-guard/source/scripts/ci/priority_launcher_phase/parent.py",
            "severity": "warning",
            "message": "Type of parameter \"result\" is Any",
            "range": {
                "start": {
                    "line": 135,
                    "character": 30
                },
                "end": {
                    "line": 135,
                    "character": 36
                }
            },
            "rule": "reportAny"
        },
        {
            "file": "/Users/runner/work/hol-guard/hol-guard/source/scripts/ci/priority_launcher_phase/parent.py",
            "severity": "warning",
            "message": "Type `Any` is not allowed",
            "range": {
                "start": {
                    "line": 135,
                    "character": 38
                },
                "end": {
                    "line": 135,
                    "character": 41
                }
            },
            "rule": "reportExplicitAny"
        },
        {
            "file": "/Users/runner/work/hol-guard/hol-guard/source/scripts/ci/priority_launcher_phase/parent.py",
            "severity": "warning",
            "message": "Type of parameter \"_state\" is Any",
            "range": {
                "start": {
                    "line": 135,
                    "character": 72
                },
                "end": {
                    "line": 135,
                    "character": 78
                }
            },
            "rule": "reportAny"
        },
        {
            "file": "/Users/runner/work/hol-guard/hol-guard/source/scripts/ci/priority_launcher_phase/parent.py",
            "severity": "warning",
            "message": "Type `Any` is not allowed",
            "range": {
                "start": {
                    "line": 135,
                    "character": 80
                },
                "end": {
                    "line": 135,
                    "character": 83
                }
            },
            "rule": "reportExplicitAny"
        },
        {
            "file": "/Users/runner/work/hol-guard/hol-guard/source/scripts/ci/priority_launcher_phase/parent.py",
            "severity": "warning",
            "message": "Type of \"pid\" is Any",
            "range": {
                "start": {
                    "line": 137,
                    "character": 16
                },
                "end": {
                    "line": 137,
                    "character": 19
                }
            },
            "rule": "reportAny"
        },
        {
            "file": "/Users/runner/work/hol-guard/hol-guard/source/scripts/ci/priority_launcher_phase/parent.py",
            "severity": "warning",
            "message": "Type of \"pid\" is Any",
            "range": {
                "start": {
                    "line": 137,
                    "character": 22
                },
                "end": {
                    "line": 137,
                    "character": 35
                }
            },
            "rule": "reportAny"
        },
        {
            "file": "/Users/runner/work/hol-guard/hol-guard/source/scripts/ci/priority_launcher_phase/parent.py",
            "severity": "warning",
            "message": "Argument type is Any\n  Argument corresponds to parameter \"o\" in function \"__init__\"",
            "range": {
                "start": {
                    "line": 138,
                    "character": 24
                },
                "end": {
                    "line": 138,
                    "character": 27
                }
            },
            "rule": "reportAny"
        },
        {
            "file": "/Users/runner/work/hol-guard/hol-guard/source/scripts/ci/priority_launcher_phase/parent.py",
            "severity": "warning",
            "message": "Type of \"launch_runtime\" is Any",
            "range": {
                "start": {
                    "line": 142,
                    "character": 26
                },
                "end": {
                    "line": 142,
                    "character": 45
                }
            },
            "rule": "reportAny"
        },
        {
            "file": "/Users/runner/work/hol-guard/hol-guard/source/scripts/ci/priority_launcher_phase/parent.py",
            "severity": "warning",
            "message": "Type of \"launch_runtime\" is Any",
            "range": {
                "start": {
                    "line": 148,
                    "character": 30
                },
                "end": {
                    "line": 148,
                    "character": 49
                }
            },
            "rule": "reportAny"
        },
        {
            "file": "/Users/runner/work/hol-guard/hol-guard/source/scripts/ci/priority_launcher_phase/projection.py",
            "severity": "warning",
            "message": "Type `Any` is not allowed",
            "range": {
                "start": {
                    "line": 27,
                    "character": 34
                },
                "end": {
                    "line": 27,
                    "character": 37
                }
            },
            "rule": "reportExplicitAny"
        },
        {
            "file": "/Users/runner/work/hol-guard/hol-guard/source/scripts/ci/priority_launcher_phase/projection.py",
            "severity": "warning",
            "message": "Type `Any` is not allowed",
            "range": {
                "start": {
                    "line": 27,
                    "character": 54
                },
                "end": {
                    "line": 27,
                    "character": 57
                }
            },
            "rule": "reportExplicitAny"
        },
        {
            "file": "/Users/runner/work/hol-guard/hol-guard/source/scripts/ci/priority_launcher_phase/projection.py",
            "severity": "warning",
            "message": "Type `Any` is not allowed",
            "range": {
                "start": {
                    "line": 28,
                    "character": 22
                },
                "end": {
                    "line": 28,
                    "character": 25
                }
            },
            "rule": "reportExplicitAny"
        },
        {
            "file": "/Users/runner/work/hol-guard/hol-guard/source/scripts/ci/priority_launcher_phase/projection.py",
            "severity": "warning",
            "message": "Type of \"value\" is Any",
            "range": {
                "start": {
                    "line": 29,
                    "character": 13
                },
                "end": {
                    "line": 29,
                    "character": 18
                }
            },
            "rule": "reportAny"
        },
        {
            "file": "/Users/runner/work/hol-guard/hol-guard/source/scripts/ci/priority_launcher_phase/projection.py",
            "severity": "warning",
            "message": "Type `Any` is not allowed",
            "range": {
                "start": {
                    "line": 36,
                    "character": 44
                },
                "end": {
                    "line": 36,
                    "character": 47
                }
            },
            "rule": "reportExplicitAny"
        },
        {
            "file": "/Users/runner/work/hol-guard/hol-guard/source/scripts/ci/priority_launcher_phase/projection.py",
            "severity": "warning",
            "message": "Type of \"result\" is Any",
            "range": {
                "start": {
                    "line": 41,
                    "character": 4
                },
                "end": {
                    "line": 41,
                    "character": 10
                }
            },
            "rule": "reportAny"
        },
        {
            "file": "/Users/runner/work/hol-guard/hol-guard/source/scripts/ci/priority_launcher_phase/projection.py",
            "severity": "warning",
            "message": "Argument type is Any\n  Argument corresponds to parameter \"o\" in function \"__init__\"",
            "range": {
                "start": {
                    "line": 42,
                    "character": 12
                },
                "end": {
                    "line": 42,
                    "character": 18
                }
            },
            "rule": "reportAny"
        },
        {
            "file": "/Users/runner/work/hol-guard/hol-guard/source/scripts/ci/priority_launcher_phase/projection.py",
            "severity": "warning",
            "message": "Return type, \"dict[Unknown, Unknown]\", is partially unknown",
            "range": {
                "start": {
                    "line": 44,
                    "character": 11
                },
                "end": {
                    "line": 44,
                    "character": 17
                }
            },
            "rule": "reportUnknownVariableType"
        },
        {
            "file": "/Users/runner/work/hol-guard/hol-guard/source/scripts/ci/priority_launcher_phase/projection.py",
            "severity": "warning",
            "message": "Return type is Any",
            "range": {
                "start": {
                    "line": 47,
                    "character": 4
                },
                "end": {
                    "line": 47,
                    "character": 11
                }
            },
            "rule": "reportAny"
        },
        {
            "file": "/Users/runner/work/hol-guard/hol-guard/source/scripts/ci/priority_launcher_phase/projection.py",
            "severity": "warning",
            "message": "Type of parameter \"value\" is Any",
            "range": {
                "start": {
                    "line": 47,
                    "character": 12
                },
                "end": {
                    "line": 47,
                    "character": 17
                }
            },
            "rule": "reportAny"
        },
        {
            "file": "/Users/runner/work/hol-guard/hol-guard/source/scripts/ci/priority_launcher_phase/projection.py",
            "severity": "warning",
            "message": "Type `Any` is not allowed",
            "range": {
                "start": {
                    "line": 47,
                    "character": 19
                },
                "end": {
                    "line": 47,
                    "character": 22
                }
            },
            "rule": "reportExplicitAny"
        },
        {
            "file": "/Users/runner/work/hol-guard/hol-guard/source/scripts/ci/priority_launcher_phase/projection.py",
            "severity": "warning",
            "message": "Type `Any` is not allowed",
            "range": {
                "start": {
                    "line": 47,
                    "character": 79
                },
                "end": {
                    "line": 47,
                    "character": 82
                }
            },
            "rule": "reportExplicitAny"
        },
        {
            "file": "/Users/runner/work/hol-guard/hol-guard/source/scripts/ci/priority_launcher_phase/projection.py",
            "severity": "warning",
            "message": "Argument type is Any\n  Argument corresponds to parameter \"o\" in function \"__init__\"",
            "range": {
                "start": {
                    "line": 52,
                    "character": 12
                },
                "end": {
                    "line": 52,
                    "character": 17
                }
            },
            "rule": "reportAny"
        },
        {
            "file": "/Users/runner/work/hol-guard/hol-guard/source/scripts/ci/priority_launcher_phase/projection.py",
            "severity": "warning",
            "message": "Argument type is partially unknown\n  Argument corresponds to parameter \"obj\" in function \"len\"\n  Argument type is \"dict[Unknown, Unknown]\"",
            "range": {
                "start": {
                    "line": 53,
                    "character": 15
                },
                "end": {
                    "line": 53,
                    "character": 20
                }
            },
            "rule": "reportUnknownArgumentType"
        },
        {
            "file": "/Users/runner/work/hol-guard/hol-guard/source/scripts/ci/priority_launcher_phase/projection.py",
            "severity": "warning",
            "message": "Argument type is unknown\n  Argument corresponds to parameter \"o\" in function \"__init__\"",
            "range": {
                "start": {
                    "line": 53,
                    "character": 39
                },
                "end": {
                    "line": 53,
                    "character": 42
                }
            },
            "rule": "reportUnknownArgumentType"
        },
        {
            "file": "/Users/runner/work/hol-guard/hol-guard/source/scripts/ci/priority_launcher_phase/projection.py",
            "severity": "warning",
            "message": "Type of \"key\" is unknown",
            "range": {
                "start": {
                    "line": 53,
                    "character": 59
                },
                "end": {
                    "line": 53,
                    "character": 62
                }
            },
            "rule": "reportUnknownVariableType"
        },
        {
            "file": "/Users/runner/work/hol-guard/hol-guard/source/scripts/ci/priority_launcher_phase/projection.py",
            "severity": "warning",
            "message": "Type of \"result\" is partially unknown\n  Type of \"result\" is \"tuple[Literal['dict'], tuple[tuple[Unknown, Any], ...]]\"",
            "range": {
                "start": {
                    "line": 55,
                    "character": 8
                },
                "end": {
                    "line": 55,
                    "character": 14
                }
            },
            "rule": "reportUnknownVariableType"
        },
        {
            "file": "/Users/runner/work/hol-guard/hol-guard/source/scripts/ci/priority_launcher_phase/projection.py",
            "severity": "warning",
            "message": "Argument type is partially unknown\n  Argument corresponds to parameter \"iterable\" in function \"__new__\"\n  Argument type is \"Generator[tuple[Unknown, Any], None, None]\"",
            "range": {
                "start": {
                    "line": 55,
                    "character": 32
                },
                "end": {
                    "line": 55,
                    "character": 115
                }
            },
            "rule": "reportUnknownArgumentType"
        },
        {
            "file": "/Users/runner/work/hol-guard/hol-guard/source/scripts/ci/priority_launcher_phase/projection.py",
            "severity": "warning",
            "message": "Type of \"key\" is unknown",
            "range": {
                "start": {
                    "line": 55,
                    "character": 95
                },
                "end": {
                    "line": 55,
                    "character": 98
                }
            },
            "rule": "reportUnknownVariableType"
        },
        {
            "file": "/Users/runner/work/hol-guard/hol-guard/source/scripts/ci/priority_launcher_phase/projection.py",
            "severity": "warning",
            "message": "Argument type is partially unknown\n  Argument corresponds to parameter \"iterable\" in function \"sorted\"\n  Argument type is \"dict[Unknown, Unknown]\"",
            "range": {
                "start": {
                    "line": 55,
                    "character": 109
                },
                "end": {
                    "line": 55,
                    "character": 114
                }
            },
            "rule": "reportUnknownArgumentType"
        },
        {
            "file": "/Users/runner/work/hol-guard/hol-guard/source/scripts/ci/priority_launcher_phase/projection.py",
            "severity": "warning",
            "message": "Type of \"encode\" is unknown",
            "range": {
                "start": {
                    "line": 56,
                    "character": 29
                },
                "end": {
                    "line": 56,
                    "character": 39
                }
            },
            "rule": "reportUnknownMemberType"
        },
        {
            "file": "/Users/runner/work/hol-guard/hol-guard/source/scripts/ci/priority_launcher_phase/projection.py",
            "severity": "warning",
            "message": "Argument type is unknown\n  Argument corresponds to parameter \"obj\" in function \"len\"",
            "range": {
                "start": {
                    "line": 56,
                    "character": 29
                },
                "end": {
                    "line": 56,
                    "character": 48
                }
            },
            "rule": "reportUnknownArgumentType"
        },
        {
            "file": "/Users/runner/work/hol-guard/hol-guard/source/scripts/ci/priority_launcher_phase/projection.py",
            "severity": "warning",
            "message": "Type of \"key\" is unknown",
            "range": {
                "start": {
                    "line": 56,
                    "character": 58
                },
                "end": {
                    "line": 56,
                    "character": 61
                }
            },
            "rule": "reportUnknownVariableType"
        },
        {
            "file": "/Users/runner/work/hol-guard/hol-guard/source/scripts/ci/priority_launcher_phase/projection.py",
            "severity": "warning",
            "message": "Argument type is Any\n  Argument corresponds to parameter \"o\" in function \"__init__\"",
            "range": {
                "start": {
                    "line": 57,
                    "character": 14
                },
                "end": {
                    "line": 57,
                    "character": 19
                }
            },
            "rule": "reportAny"
        },
        {
            "file": "/Users/runner/work/hol-guard/hol-guard/source/scripts/ci/priority_launcher_phase/projection.py",
            "severity": "warning",
            "message": "Argument type is partially unknown\n  Argument corresponds to parameter \"obj\" in function \"len\"\n  Argument type is \"list[Unknown]\"",
            "range": {
                "start": {
                    "line": 58,
                    "character": 15
                },
                "end": {
                    "line": 58,
                    "character": 20
                }
            },
            "rule": "reportUnknownArgumentType"
        },
        {
            "file": "/Users/runner/work/hol-guard/hol-guard/source/scripts/ci/priority_launcher_phase/projection.py",
            "severity": "warning",
            "message": "Type of \"item\" is unknown",
            "range": {
                "start": {
                    "line": 60,
                    "character": 82
                },
                "end": {
                    "line": 60,
                    "character": 86
                }
            },
            "rule": "reportUnknownVariableType"
        },
        {
            "file": "/Users/runner/work/hol-guard/hol-guard/source/scripts/ci/priority_launcher_phase/projection.py",
            "severity": "warning",
            "message": "Argument type is partially unknown\n  Argument corresponds to parameter \"obj\" in function \"len\"\n  Argument type is \"list[Unknown]\"",
            "range": {
                "start": {
                    "line": 61,
                    "character": 25
                },
                "end": {
                    "line": 61,
                    "character": 30
                }
            },
            "rule": "reportUnknownArgumentType"
        },
        {
            "file": "/Users/runner/work/hol-guard/hol-guard/source/scripts/ci/priority_launcher_phase/projection.py",
            "severity": "warning",
            "message": "Argument type is Any\n  Argument corresponds to parameter \"o\" in function \"__init__\"",
            "range": {
                "start": {
                    "line": 62,
                    "character": 14
                },
                "end": {
                    "line": 62,
                    "character": 19
                }
            },
            "rule": "reportAny"
        },
        {
            "file": "/Users/runner/work/hol-guard/hol-guard/source/scripts/ci/priority_launcher_phase/projection.py",
            "severity": "warning",
            "message": "Argument type is Any\n  Argument corresponds to parameter \"o\" in function \"__init__\"",
            "range": {
                "start": {
                    "line": 67,
                    "character": 31
                },
                "end": {
                    "line": 67,
                    "character": 36
                }
            },
            "rule": "reportAny"
        },
        {
            "file": "/Users/runner/work/hol-guard/hol-guard/source/scripts/ci/priority_launcher_phase/projection.py",
            "severity": "warning",
            "message": "Return type, \"tuple[Literal['dict'], tuple[tuple[Unknown, Any], ...]] | tuple[Literal['list'], tuple[Any, ...]] | str | Any | int | None\", is partially unknown",
            "range": {
                "start": {
                    "line": 76,
                    "character": 11
                },
                "end": {
                    "line": 76,
                    "character": 17
                }
            },
            "rule": "reportUnknownVariableType"
        },
        {
            "file": "/Users/runner/work/hol-guard/hol-guard/source/scripts/ci/priority_launcher_phase/projection.py",
            "severity": "warning",
            "message": "Return type is Any",
            "range": {
                "start": {
                    "line": 79,
                    "character": 4
                },
                "end": {
                    "line": 79,
                    "character": 10
                }
            },
            "rule": "reportAny"
        },
        {
            "file": "/Users/runner/work/hol-guard/hol-guard/source/scripts/ci/priority_launcher_phase/projection.py",
            "severity": "warning",
            "message": "Type of parameter \"value\" is Any",
            "range": {
                "start": {
                    "line": 79,
                    "character": 11
                },
                "end": {
                    "line": 79,
                    "character": 16
                }
            },
            "rule": "reportAny"
        },
        {
            "file": "/Users/runner/work/hol-guard/hol-guard/source/scripts/ci/priority_launcher_phase/projection.py",
            "severity": "warning",
            "message": "Type `Any` is not allowed",
            "range": {
                "start": {
                    "line": 79,
                    "character": 18
                },
                "end": {
                    "line": 79,
                    "character": 21
                }
            },
            "rule": "reportExplicitAny"
        },
        {
            "file": "/Users/runner/work/hol-guard/hol-guard/source/scripts/ci/priority_launcher_phase/projection.py",
            "severity": "warning",
            "message": "Type `Any` is not allowed",
            "range": {
                "start": {
                    "line": 79,
                    "character": 26
                },
                "end": {
                    "line": 79,
                    "character": 29
                }
            },
            "rule": "reportExplicitAny"
        },
        {
            "file": "/Users/runner/work/hol-guard/hol-guard/source/scripts/ci/priority_launcher_phase/projection.py",
            "severity": "warning",
            "message": "Argument type is Any\n  Argument corresponds to parameter \"o\" in function \"__init__\"",
            "range": {
                "start": {
                    "line": 80,
                    "character": 12
                },
                "end": {
                    "line": 80,
                    "character": 17
                }
            },
            "rule": "reportAny"
        },
        {
            "file": "/Users/runner/work/hol-guard/hol-guard/source/scripts/ci/priority_launcher_phase/projection.py",
            "severity": "warning",
            "message": "Return type is Any",
            "range": {
                "start": {
                    "line": 81,
                    "character": 15
                },
                "end": {
                    "line": 81,
                    "character": 20
                }
            },
            "rule": "reportAny"
        },
        {
            "file": "/Users/runner/work/hol-guard/hol-guard/source/scripts/ci/priority_launcher_phase/projection.py",
            "severity": "warning",
            "message": "Type of \"tag\" is unknown",
            "range": {
                "start": {
                    "line": 82,
                    "character": 4
                },
                "end": {
                    "line": 82,
                    "character": 7
                }
            },
            "rule": "reportUnknownVariableType"
        },
        {
            "file": "/Users/runner/work/hol-guard/hol-guard/source/scripts/ci/priority_launcher_phase/projection.py",
            "severity": "warning",
            "message": "Type of \"items\" is unknown",
            "range": {
                "start": {
                    "line": 82,
                    "character": 9
                },
                "end": {
                    "line": 82,
                    "character": 14
                }
            },
            "rule": "reportUnknownVariableType"
        },
        {
            "file": "/Users/runner/work/hol-guard/hol-guard/source/scripts/ci/priority_launcher_phase/projection.py",
            "severity": "warning",
            "message": "Return type, \"dict[Unknown, Any]\", is partially unknown",
            "range": {
                "start": {
                    "line": 84,
                    "character": 15
                },
                "end": {
                    "line": 84,
                    "character": 57
                }
            },
            "rule": "reportUnknownVariableType"
        },
        {
            "file": "/Users/runner/work/hol-guard/hol-guard/source/scripts/ci/priority_launcher_phase/projection.py",
            "severity": "warning",
            "message": "Type of \"key\" is unknown",
            "range": {
                "start": {
                    "line": 84,
                    "character": 38
                },
                "end": {
                    "line": 84,
                    "character": 41
                }
            },
            "rule": "reportUnknownVariableType"
        },
        {
            "file": "/Users/runner/work/hol-guard/hol-guard/source/scripts/ci/priority_launcher_phase/projection.py",
            "severity": "warning",
            "message": "Type of \"item\" is unknown",
            "range": {
                "start": {
                    "line": 84,
                    "character": 43
                },
                "end": {
                    "line": 84,
                    "character": 47
                }
            },
            "rule": "reportUnknownVariableType"
        },
        {
            "file": "/Users/runner/work/hol-guard/hol-guard/source/scripts/ci/priority_launcher_phase/projection.py",
            "severity": "warning",
            "message": "Type of \"item\" is unknown",
            "range": {
                "start": {
                    "line": 86,
                    "character": 33
                },
                "end": {
                    "line": 86,
                    "character": 37
                }
            },
            "rule": "reportUnknownVariableType"
        },
        {
            "file": "/Users/runner/work/hol-guard/hol-guard/source/scripts/ci/priority_launcher_phase/projection.py",
            "severity": "warning",
            "message": "Type `Any` is not allowed",
            "range": {
                "start": {
                    "line": 96,
                    "character": 20
                },
                "end": {
                    "line": 96,
                    "character": 23
                }
            },
            "rule": "reportExplicitAny"
        },
        {
            "file": "/Users/runner/work/hol-guard/hol-guard/source/scripts/ci/priority_launcher_phase/projection.py",
            "severity": "warning",
            "message": "Type `Any` is not allowed",
            "range": {
                "start": {
                    "line": 97,
                    "character": 16
                },
                "end": {
                    "line": 97,
                    "character": 19
                }
            },
            "rule": "reportExplicitAny"
        },
        {
            "file": "/Users/runner/work/hol-guard/hol-guard/source/scripts/ci/priority_launcher_phase/projection.py",
            "severity": "warning",
            "message": "Argument type is Any\n  Argument corresponds to parameter \"full\" in function \"_from_frozen\"",
            "range": {
                "start": {
                    "line": 115,
                    "character": 24
                },
                "end": {
                    "line": 115,
                    "character": 40
                }
            },
            "rule": "reportAny"
        },
        {
            "file": "/Users/runner/work/hol-guard/hol-guard/source/scripts/ci/priority_launcher_phase/projection.py",
            "severity": "warning",
            "message": "Type `Any` is not allowed",
            "range": {
                "start": {
                    "line": 118,
                    "character": 29
                },
                "end": {
                    "line": 118,
                    "character": 32
                }
            },
            "rule": "reportExplicitAny"
        },
        {
            "file": "/Users/runner/work/hol-guard/hol-guard/source/scripts/ci/priority_launcher_phase/projection.py",
            "severity": "warning",
            "message": "Type of \"payload\" is Any",
            "range": {
                "start": {
                    "line": 120,
                    "character": 4
                },
                "end": {
                    "line": 120,
                    "character": 11
                }
            },
            "rule": "reportAny"
        },
        {
            "file": "/Users/runner/work/hol-guard/hol-guard/source/scripts/ci/priority_launcher_phase/projection.py",
            "severity": "warning",
            "message": "Type of \"event\" is Any",
            "range": {
                "start": {
                    "line": 121,
                    "character": 4
                },
                "end": {
                    "line": 121,
                    "character": 9
                }
            },
            "rule": "reportAny"
        },
        {
            "file": "/Users/runner/work/hol-guard/hol-guard/source/scripts/ci/priority_launcher_phase/projection.py",
            "severity": "warning",
            "message": "Type of \"get\" is Any",
            "range": {
                "start": {
                    "line": 121,
                    "character": 12
                },
                "end": {
                    "line": 121,
                    "character": 23
                }
            },
            "rule": "reportAny"
        },
        {
            "file": "/Users/runner/work/hol-guard/hol-guard/source/scripts/ci/priority_launcher_phase/projection.py",
            "severity": "warning",
            "message": "Argument type is Any\n  Argument corresponds to parameter \"o\" in function \"__init__\"",
            "range": {
                "start": {
                    "line": 122,
                    "character": 12
                },
                "end": {
                    "line": 122,
                    "character": 17
                }
            },
            "rule": "reportAny"
        },
        {
            "file": "/Users/runner/work/hol-guard/hol-guard/source/scripts/ci/priority_launcher_phase/projection.py",
            "severity": "warning",
            "message": "Type of \"identifier\" is Any",
            "range": {
                "start": {
                    "line": 124,
                    "character": 4
                },
                "end": {
                    "line": 124,
                    "character": 14
                }
            },
            "rule": "reportAny"
        },
        {
            "file": "/Users/runner/work/hol-guard/hol-guard/source/scripts/ci/priority_launcher_phase/projection.py",
            "severity": "warning",
            "message": "Type of \"get\" is Any",
            "range": {
                "start": {
                    "line": 124,
                    "character": 17
                },
                "end": {
                    "line": 124,
                    "character": 28
                }
            },
            "rule": "reportAny"
        },
        {
            "file": "/Users/runner/work/hol-guard/hol-guard/source/scripts/ci/priority_launcher_phase/projection.py",
            "severity": "warning",
            "message": "Argument type is Any\n  Argument corresponds to parameter \"o\" in function \"__init__\"",
            "range": {
                "start": {
                    "line": 125,
                    "character": 50
                },
                "end": {
                    "line": 125,
                    "character": 60
                }
            },
            "rule": "reportAny"
        },
        {
            "file": "/Users/runner/work/hol-guard/hol-guard/source/scripts/ci/priority_launcher_phase/projection.py",
            "severity": "warning",
            "message": "Argument type is Any\n  Argument corresponds to parameter \"iterable\" in function \"__init__\"",
            "range": {
                "start": {
                    "line": 136,
                    "character": 16
                },
                "end": {
                    "line": 136,
                    "character": 23
                }
            },
            "rule": "reportAny"
        },
        {
            "file": "/Users/runner/work/hol-guard/hol-guard/source/scripts/ci/priority_launcher_phase/projection.py",
            "severity": "warning",
            "message": "Argument type is Any\n  Argument corresponds to parameter \"iterable\" in function \"__init__\"",
            "range": {
                "start": {
                    "line": 139,
                    "character": 11
                },
                "end": {
                    "line": 139,
                    "character": 18
                }
            },
            "rule": "reportAny"
        },
        {
            "file": "/Users/runner/work/hol-guard/hol-guard/source/scripts/ci/priority_launcher_phase/projection.py",
            "severity": "warning",
            "message": "Type of \"remaining\" is Any",
            "range": {
                "start": {
                    "line": 141,
                    "character": 4
                },
                "end": {
                    "line": 141,
                    "character": 13
                }
            },
            "rule": "reportAny"
        },
        {
            "file": "/Users/runner/work/hol-guard/hol-guard/source/scripts/ci/priority_launcher_phase/projection.py",
            "severity": "warning",
            "message": "Argument type is Any\n  Argument corresponds to parameter \"o\" in function \"__init__\"",
            "range": {
                "start": {
                    "line": 142,
                    "character": 12
                },
                "end": {
                    "line": 142,
                    "character": 21
                }
            },
            "rule": "reportAny"
        },
        {
            "file": "/Users/runner/work/hol-guard/hol-guard/source/scripts/ci/priority_launcher_phase/projection.py",
            "severity": "warning",
            "message": "Type of \"process\" is Any",
            "range": {
                "start": {
                    "line": 145,
                    "character": 8
                },
                "end": {
                    "line": 145,
                    "character": 15
                }
            },
            "rule": "reportAny"
        },
        {
            "file": "/Users/runner/work/hol-guard/hol-guard/source/scripts/ci/priority_launcher_phase/projection.py",
            "severity": "warning",
            "message": "Type of \"timeout\" is Any",
            "range": {
                "start": {
                    "line": 146,
                    "character": 8
                },
                "end": {
                    "line": 146,
                    "character": 15
                }
            },
            "rule": "reportAny"
        },
        {
            "file": "/Users/runner/work/hol-guard/hol-guard/source/scripts/ci/priority_launcher_phase/projection.py",
            "severity": "warning",
            "message": "Argument type is Any\n  Argument corresponds to parameter \"o\" in function \"__init__\"",
            "range": {
                "start": {
                    "line": 149,
                    "character": 16
                },
                "end": {
                    "line": 149,
                    "character": 23
                }
            },
            "rule": "reportAny"
        },
        {
            "file": "/Users/runner/work/hol-guard/hol-guard/source/scripts/ci/priority_launcher_phase/projection.py",
            "severity": "warning",
            "message": "Argument type is partially unknown\n  Argument corresponds to parameter \"iterable\" in function \"__init__\"\n  Argument type is \"dict[Unknown, Unknown]\"",
            "range": {
                "start": {
                    "line": 149,
                    "character": 44
                },
                "end": {
                    "line": 149,
                    "character": 51
                }
            },
            "rule": "reportUnknownArgumentType"
        },
        {
            "file": "/Users/runner/work/hol-guard/hol-guard/source/scripts/ci/priority_launcher_phase/projection.py",
            "severity": "warning",
            "message": "Argument type is unknown\n  Argument corresponds to parameter \"o\" in function \"__init__\"",
            "range": {
                "start": {
                    "line": 151,
                    "character": 16
                },
                "end": {
                    "line": 151,
                    "character": 30
                }
            },
            "rule": "reportUnknownArgumentType"
        },
        {
            "file": "/Users/runner/work/hol-guard/hol-guard/source/scripts/ci/priority_launcher_phase/projection.py",
            "severity": "warning",
            "message": "Type of \"token\" is unknown",
            "range": {
                "start": {
                    "line": 153,
                    "character": 8
                },
                "end": {
                    "line": 153,
                    "character": 13
                }
            },
            "rule": "reportUnknownVariableType"
        },
        {
            "file": "/Users/runner/work/hol-guard/hol-guard/source/scripts/ci/priority_launcher_phase/projection.py",
            "severity": "warning",
            "message": "Argument type is unknown\n  Argument corresponds to parameter \"o\" in function \"__init__\"",
            "range": {
                "start": {
                    "line": 155,
                    "character": 17
                },
                "end": {
                    "line": 155,
                    "character": 22
                }
            },
            "rule": "reportUnknownArgumentType"
        },
        {
            "file": "/Users/runner/work/hol-guard/hol-guard/source/scripts/ci/priority_launcher_phase/projection.py",
            "severity": "warning",
            "message": "Argument type is Any\n  Argument corresponds to parameter \"o\" in function \"__init__\"",
            "range": {
                "start": {
                    "line": 160,
                    "character": 16
                },
                "end": {
                    "line": 160,
                    "character": 23
                }
            },
            "rule": "reportAny"
        },
        {
            "file": "/Users/runner/work/hol-guard/hol-guard/source/scripts/ci/priority_launcher_phase/projection.py",
            "severity": "warning",
            "message": "Type of \"tool_input\" is Any",
            "range": {
                "start": {
                    "line": 163,
                    "character": 8
                },
                "end": {
                    "line": 163,
                    "character": 18
                }
            },
            "rule": "reportAny"
        },
        {
            "file": "/Users/runner/work/hol-guard/hol-guard/source/scripts/ci/priority_launcher_phase/projection.py",
            "severity": "warning",
            "message": "Argument type is Any\n  Argument corresponds to parameter \"o\" in function \"__init__\"",
            "range": {
                "start": {
                    "line": 164,
                    "character": 50
                },
                "end": {
                    "line": 164,
                    "character": 60
                }
            },
            "rule": "reportAny"
        },
        {
            "file": "/Users/runner/work/hol-guard/hol-guard/source/scripts/ci/priority_launcher_phase/projection.py",
            "severity": "warning",
            "message": "Argument type is partially unknown\n  Argument corresponds to parameter \"iterable\" in function \"__init__\"\n  Argument type is \"dict[Unknown, Unknown]\"",
            "range": {
                "start": {
                    "line": 164,
                    "character": 81
                },
                "end": {
                    "line": 164,
                    "character": 91
                }
            },
            "rule": "reportUnknownArgumentType"
        },
        {
            "file": "/Users/runner/work/hol-guard/hol-guard/source/scripts/ci/priority_launcher_phase/projection.py",
            "severity": "warning",
            "message": "Type of \"command\" is unknown",
            "range": {
                "start": {
                    "line": 166,
                    "character": 8
                },
                "end": {
                    "line": 166,
                    "character": 15
                }
            },
            "rule": "reportUnknownVariableType"
        },
        {
            "file": "/Users/runner/work/hol-guard/hol-guard/source/scripts/ci/priority_launcher_phase/projection.py",
            "severity": "warning",
            "message": "Type of \"response\" is Any",
            "range": {
                "start": {
                    "line": 174,
                    "character": 8
                },
                "end": {
                    "line": 174,
                    "character": 16
                }
            },
            "rule": "reportAny"
        },
        {
            "file": "/Users/runner/work/hol-guard/hol-guard/source/scripts/ci/priority_launcher_phase/projection.py",
            "severity": "warning",
            "message": "Argument type is Any\n  Argument corresponds to parameter \"o\" in function \"__init__\"",
            "range": {
                "start": {
                    "line": 175,
                    "character": 50
                },
                "end": {
                    "line": 175,
                    "character": 58
                }
            },
            "rule": "reportAny"
        },
        {
            "file": "/Users/runner/work/hol-guard/hol-guard/source/scripts/ci/priority_launcher_phase/projection.py",
            "severity": "warning",
            "message": "Argument type is partially unknown\n  Argument corresponds to parameter \"obj\" in function \"len\"\n  Argument type is \"list[Unknown]\"",
            "range": {
                "start": {
                    "line": 175,
                    "character": 79
                },
                "end": {
                    "line": 175,
                    "character": 87
                }
            },
            "rule": "reportUnknownArgumentType"
        },
        {
            "file": "/Users/runner/work/hol-guard/hol-guard/source/scripts/ci/priority_launcher_phase/projection.py",
            "severity": "warning",
            "message": "Type of \"item\" is unknown",
            "range": {
                "start": {
                    "line": 177,
                    "character": 8
                },
                "end": {
                    "line": 177,
                    "character": 12
                }
            },
            "rule": "reportUnknownVariableType"
        },
        {
            "file": "/Users/runner/work/hol-guard/hol-guard/source/scripts/ci/priority_launcher_phase/projection.py",
            "severity": "warning",
            "message": "Argument type is unknown\n  Argument corresponds to parameter \"o\" in function \"__init__\"",
            "range": {
                "start": {
                    "line": 178,
                    "character": 16
                },
                "end": {
                    "line": 178,
                    "character": 20
                }
            },
            "rule": "reportUnknownArgumentType"
        },
        {
            "file": "/Users/runner/work/hol-guard/hol-guard/source/scripts/ci/priority_launcher_phase/projection.py",
            "severity": "warning",
            "message": "Argument type is partially unknown\n  Argument corresponds to parameter \"iterable\" in function \"__init__\"\n  Argument type is \"dict[Unknown, Unknown]\"",
            "range": {
                "start": {
                    "line": 178,
                    "character": 41
                },
                "end": {
                    "line": 178,
                    "character": 45
                }
            },
            "rule": "reportUnknownArgumentType"
        },
        {
            "file": "/Users/runner/work/hol-guard/hol-guard/source/scripts/ci/priority_launcher_phase/projection.py",
            "severity": "warning",
            "message": "Type of \"content\" is unknown",
            "range": {
                "start": {
                    "line": 180,
                    "character": 8
                },
                "end": {
                    "line": 180,
                    "character": 15
                }
            },
            "rule": "reportUnknownVariableType"
        },
        {
            "file": "/Users/runner/work/hol-guard/hol-guard/source/scripts/ci/priority_launcher_phase/projection.py",
            "severity": "warning",
            "message": "Type of \"key\" is Any",
            "range": {
                "start": {
                    "line": 191,
                    "character": 47
                },
                "end": {
                    "line": 191,
                    "character": 50
                }
            },
            "rule": "reportAny"
        },
        {
            "file": "/Users/runner/work/hol-guard/hol-guard/source/scripts/ci/priority_launcher_phase/projection.py",
            "severity": "warning",
            "message": "Type of \"value\" is Any",
            "range": {
                "start": {
                    "line": 191,
                    "character": 52
                },
                "end": {
                    "line": 191,
                    "character": 57
                }
            },
            "rule": "reportAny"
        },
        {
            "file": "/Users/runner/work/hol-guard/hol-guard/source/scripts/ci/priority_launcher_phase/projection.py",
            "severity": "warning",
            "message": "Type of \"frozen\" is Any",
            "range": {
                "start": {
                    "line": 196,
                    "character": 4
                },
                "end": {
                    "line": 196,
                    "character": 10
                }
            },
            "rule": "reportAny"
        },
        {
            "file": "/Users/runner/work/hol-guard/hol-guard/source/scripts/ci/priority_launcher_phase/projection.py",
            "severity": "warning",
            "message": "Result of call expression is of type \"FrozenInput\" and is not used; assign to variable \"_\" if this is intentional",
            "range": {
                "start": {
                    "line": 198,
                    "character": 8
                },
                "end": {
                    "line": 198,
                    "character": 43
                }
            },
            "rule": "reportUnusedCallResult"
        },
        {
            "file": "/Users/runner/work/hol-guard/hol-guard/source/scripts/ci/priority_launcher_phase/projection.py",
            "severity": "warning",
            "message": "Argument type is Any\n  Argument corresponds to parameter \"full\" in function \"_from_frozen\"",
            "range": {
                "start": {
                    "line": 198,
                    "character": 21
                },
                "end": {
                    "line": 198,
                    "character": 27
                }
            },
            "rule": "reportAny"
        },
        {
            "file": "/Users/runner/work/hol-guard/hol-guard/source/scripts/ci/priority_launcher_phase/projection.py",
            "severity": "warning",
            "message": "Argument type is Any\n  Argument corresponds to parameter \"value\" in function \"json_bytes\"",
            "range": {
                "start": {
                    "line": 204,
                    "character": 60
                },
                "end": {
                    "line": 204,
                    "character": 66
                }
            },
            "rule": "reportAny"
        },
        {
            "file": "/Users/runner/work/hol-guard/hol-guard/source/scripts/ci/priority_launcher_phase/projection.py",
            "severity": "warning",
            "message": "Type of \"values\" is partially unknown\n  Type of \"values\" is \"Unknown | None\"",
            "range": {
                "start": {
                    "line": 212,
                    "character": 4
                },
                "end": {
                    "line": 212,
                    "character": 10
                }
            },
            "rule": "reportUnknownVariableType"
        },
        {
            "file": "/Users/runner/work/hol-guard/hol-guard/source/scripts/ci/priority_launcher_phase/projection.py",
            "severity": "warning",
            "message": "Type of \"get\" is partially unknown\n  Type of \"get\" is \"Overload[(key: Unknown, default: None = None, /) -> (Unknown | None), (key: Unknown, default: Unknown, /) -> Unknown, (key: Unknown, default: _T@get, /) -> (Unknown | _T@get)]\"",
            "range": {
                "start": {
                    "line": 212,
                    "character": 13
                },
                "end": {
                    "line": 212,
                    "character": 23
                }
            },
            "rule": "reportUnknownMemberType"
        },
        {
            "file": "/Users/runner/work/hol-guard/hol-guard/source/scripts/ci/priority_launcher_phase/projection.py",
            "severity": "warning",
            "message": "Argument type is unknown\n  Argument corresponds to parameter \"o\" in function \"__init__\"",
            "range": {
                "start": {
                    "line": 215,
                    "character": 14
                },
                "end": {
                    "line": 215,
                    "character": 20
                }
            },
            "rule": "reportUnknownArgumentType"
        },
        {
            "file": "/Users/runner/work/hol-guard/hol-guard/source/scripts/ci/priority_launcher_phase/projection.py",
            "severity": "warning",
            "message": "Argument type is partially unknown\n  Argument corresponds to parameter \"obj\" in function \"len\"\n  Argument type is \"list[Unknown]\"",
            "range": {
                "start": {
                    "line": 215,
                    "character": 38
                },
                "end": {
                    "line": 215,
                    "character": 44
                }
            },
            "rule": "reportUnknownArgumentType"
        },
        {
            "file": "/Users/runner/work/hol-guard/hol-guard/source/scripts/ci/priority_launcher_phase/projection.py",
            "severity": "warning",
            "message": "Argument type is unknown\n  Argument corresponds to parameter \"o\" in function \"__init__\"",
            "range": {
                "start": {
                    "line": 215,
                    "character": 60
                },
                "end": {
                    "line": 215,
                    "character": 69
                }
            },
            "rule": "reportUnknownArgumentType"
        },
        {
            "file": "/Users/runner/work/hol-guard/hol-guard/source/scripts/ci/priority_launcher_phase/projection.py",
            "severity": "warning",
            "message": "Type of \"decision\" is partially unknown\n  Type of \"decision\" is \"Unknown | None\"",
            "range": {
                "start": {
                    "line": 245,
                    "character": 4
                },
                "end": {
                    "line": 245,
                    "character": 12
                }
            },
            "rule": "reportUnknownVariableType"
        },
        {
            "file": "/Users/runner/work/hol-guard/hol-guard/source/scripts/ci/priority_launcher_phase/projection.py",
            "severity": "warning",
            "message": "Type of \"get\" is partially unknown\n  Type of \"get\" is \"Overload[(key: Unknown, default: None = None, /) -> (Unknown | None), (key: Unknown, default: Unknown, /) -> Unknown, (key: Unknown, default: _T@get, /) -> (Unknown | _T@get)]\"",
            "range": {
                "start": {
                    "line": 245,
                    "character": 15
                },
                "end": {
                    "line": 245,
                    "character": 24
                }
            },
            "rule": "reportUnknownMemberType"
        },
        {
            "file": "/Users/runner/work/hol-guard/hol-guard/source/scripts/ci/priority_launcher_phase/projection.py",
            "severity": "warning",
            "message": "Type of \"request\" is partially unknown\n  Type of \"request\" is \"Unknown | None\"",
            "range": {
                "start": {
                    "line": 246,
                    "character": 4
                },
                "end": {
                    "line": 246,
                    "character": 11
                }
            },
            "rule": "reportUnknownVariableType"
        },
        {
            "file": "/Users/runner/work/hol-guard/hol-guard/source/scripts/ci/priority_launcher_phase/projection.py",
            "severity": "warning",
            "message": "Type of \"get\" is partially unknown\n  Type of \"get\" is \"Overload[(key: Unknown, default: None = None, /) -> (Unknown | None), (key: Unknown, default: Unknown, /) -> Unknown, (key: Unknown, default: _T@get, /) -> (Unknown | _T@get)]\"",
            "range": {
                "start": {
                    "line": 246,
                    "character": 14
                },
                "end": {
                    "line": 246,
                    "character": 23
                }
            },
            "rule": "reportUnknownMemberType"
        },
        {
            "file": "/Users/runner/work/hol-guard/hol-guard/source/scripts/ci/priority_launcher_phase/projection.py",
            "severity": "warning",
            "message": "Type of \"digest\" is partially unknown\n  Type of \"digest\" is \"Unknown | None\"",
            "range": {
                "start": {
                    "line": 247,
                    "character": 4
                },
                "end": {
                    "line": 247,
                    "character": 10
                }
            },
            "rule": "reportUnknownVariableType"
        },
        {
            "file": "/Users/runner/work/hol-guard/hol-guard/source/scripts/ci/priority_launcher_phase/projection.py",
            "severity": "warning",
            "message": "Type of \"get\" is partially unknown\n  Type of \"get\" is \"Overload[(key: Unknown, default: None = None, /) -> (Unknown | None), (key: Unknown, default: Unknown, /) -> Unknown, (key: Unknown, default: _T@get, /) -> (Unknown | _T@get)]\"",
            "range": {
                "start": {
                    "line": 247,
                    "character": 13
                },
                "end": {
                    "line": 247,
                    "character": 22
                }
            },
            "rule": "reportUnknownMemberType"
        },
        {
            "file": "/Users/runner/work/hol-guard/hol-guard/source/scripts/ci/priority_launcher_phase/projection.py",
            "severity": "warning",
            "message": "Argument type is partially unknown\n  Argument corresponds to parameter \"o\" in function \"__init__\"\n  Argument type is \"Unknown | None\"",
            "range": {
                "start": {
                    "line": 249,
                    "character": 13
                },
                "end": {
                    "line": 249,
                    "character": 21
                }
            },
            "rule": "reportUnknownArgumentType"
        },
        {
            "file": "/Users/runner/work/hol-guard/hol-guard/source/scripts/ci/priority_launcher_phase/projection.py",
            "severity": "warning",
            "message": "Argument type is partially unknown\n  Argument corresponds to parameter \"o\" in function \"__init__\"\n  Argument type is \"Unknown | None\"",
            "range": {
                "start": {
                    "line": 251,
                    "character": 16
                },
                "end": {
                    "line": 251,
                    "character": 23
                }
            },
            "rule": "reportUnknownArgumentType"
        },
        {
            "file": "/Users/runner/work/hol-guard/hol-guard/source/scripts/ci/priority_launcher_phase/projection.py",
            "severity": "warning",
            "message": "Argument type is partially unknown\n  Argument corresponds to parameter \"o\" in function \"__init__\"\n  Argument type is \"Unknown | None\"",
            "range": {
                "start": {
                    "line": 253,
                    "character": 16
                },
                "end": {
                    "line": 253,
                    "character": 22
                }
            },
            "rule": "reportUnknownArgumentType"
        },
        {
            "file": "/Users/runner/work/hol-guard/hol-guard/source/scripts/ci/priority_launcher_phase/projection.py",
            "severity": "warning",
            "message": "Type of \"get\" is partially unknown\n  Type of \"get\" is \"Overload[(key: Unknown, default: None = None, /) -> (Unknown | None), (key: Unknown, default: Unknown, /) -> Unknown, (key: Unknown, default: _T@get, /) -> (Unknown | _T@get)]\"",
            "range": {
                "start": {
                    "line": 255,
                    "character": 12
                },
                "end": {
                    "line": 255,
                    "character": 21
                }
            },
            "rule": "reportUnknownMemberType"
        },
        {
            "file": "/Users/runner/work/hol-guard/hol-guard/source/scripts/ci/priority_launcher_phase/projection.py",
            "severity": "warning",
            "message": "Type of \"get\" is partially unknown\n  Type of \"get\" is \"Overload[(key: Unknown, default: None = None, /) -> (Unknown | None), (key: Unknown, default: Unknown, /) -> Unknown, (key: Unknown, default: _T@get, /) -> (Unknown | _T@get)]\"",
            "range": {
                "start": {
                    "line": 255,
                    "character": 34
                },
                "end": {
                    "line": 255,
                    "character": 43
                }
            },
            "rule": "reportUnknownMemberType"
        },
        {
            "file": "/Users/runner/work/hol-guard/hol-guard/source/scripts/ci/priority_launcher_phase/projection.py",
            "severity": "warning",
            "message": "Type of \"get\" is partially unknown\n  Type of \"get\" is \"Overload[(key: Unknown, default: None = None, /) -> (Unknown | None), (key: Unknown, default: Unknown, /) -> Unknown, (key: Unknown, default: _T@get, /) -> (Unknown | _T@get)]\"",
            "range": {
                "start": {
                    "line": 256,
                    "character": 11
                },
                "end": {
                    "line": 256,
                    "character": 20
                }
            },
            "rule": "reportUnknownMemberType"
        },
        {
            "file": "/Users/runner/work/hol-guard/hol-guard/source/scripts/ci/priority_launcher_phase/projection.py",
            "severity": "warning",
            "message": "Type of \"get\" is partially unknown\n  Type of \"get\" is \"Overload[(key: Unknown, default: None = None, /) -> (Unknown | None), (key: Unknown, default: Unknown, /) -> Unknown, (key: Unknown, default: _T@get, /) -> (Unknown | _T@get)]\"",
            "range": {
                "start": {
                    "line": 273,
                    "character": 32
                },
                "end": {
                    "line": 273,
                    "character": 41
                }
            },
            "rule": "reportUnknownMemberType"
        },
        {
            "file": "/Users/runner/work/hol-guard/hol-guard/source/scripts/ci/priority_launcher_phase/projection.py",
            "severity": "warning",
            "message": "Argument type is partially unknown\n  Argument corresponds to parameter \"value\" in function \"receipt_identity\"\n  Argument type is \"Unknown | None\"",
            "range": {
                "start": {
                    "line": 273,
                    "character": 32
                },
                "end": {
                    "line": 273,
                    "character": 52
                }
            },
            "rule": "reportUnknownArgumentType"
        },
        {
            "file": "/Users/runner/work/hol-guard/hol-guard/source/scripts/ci/priority_launcher_phase/projection.py",
            "severity": "warning",
            "message": "Type of \"result\" is partially unknown\n  Type of \"result\" is \"Unknown | None\"",
            "range": {
                "start": {
                    "line": 274,
                    "character": 4
                },
                "end": {
                    "line": 274,
                    "character": 10
                }
            },
            "rule": "reportUnknownVariableType"
        },
        {
            "file": "/Users/runner/work/hol-guard/hol-guard/source/scripts/ci/priority_launcher_phase/projection.py",
            "severity": "warning",
            "message": "Type of \"get\" is partially unknown\n  Type of \"get\" is \"Overload[(key: Unknown, default: None = None, /) -> (Unknown | None), (key: Unknown, default: Unknown, /) -> Unknown, (key: Unknown, default: _T@get, /) -> (Unknown | _T@get)]\"",
            "range": {
                "start": {
                    "line": 274,
                    "character": 13
                },
                "end": {
                    "line": 274,
                    "character": 22
                }
            },
            "rule": "reportUnknownMemberType"
        },
        {
            "file": "/Users/runner/work/hol-guard/hol-guard/source/scripts/ci/priority_launcher_phase/projection.py",
            "severity": "warning",
            "message": "Type of \"decision\" is partially unknown\n  Type of \"decision\" is \"Unknown | None\"",
            "range": {
                "start": {
                    "line": 275,
                    "character": 4
                },
                "end": {
                    "line": 275,
                    "character": 12
                }
            },
            "rule": "reportUnknownVariableType"
        },
        {
            "file": "/Users/runner/work/hol-guard/hol-guard/source/scripts/ci/priority_launcher_phase/projection.py",
            "severity": "warning",
            "message": "Type of \"get\" is partially unknown\n  Type of \"get\" is \"Overload[(key: Unknown, default: None = None, /) -> (Unknown | None), (key: Unknown, default: Unknown, /) -> Unknown, (key: Unknown, default: _T@get, /) -> (Unknown | _T@get)]\"",
            "range": {
                "start": {
                    "line": 275,
                    "character": 15
                },
                "end": {
                    "line": 275,
                    "character": 25
                }
            },
            "rule": "reportUnknownMemberType"
        },
        {
            "file": "/Users/runner/work/hol-guard/hol-guard/source/scripts/ci/priority_launcher_phase/projection.py",
            "severity": "warning",
            "message": "Argument type is partially unknown\n  Argument corresponds to parameter \"o\" in function \"__init__\"\n  Argument type is \"Unknown | None\"",
            "range": {
                "start": {
                    "line": 275,
                    "character": 46
                },
                "end": {
                    "line": 275,
                    "character": 52
                }
            },
            "rule": "reportUnknownArgumentType"
        },
        {
            "file": "/Users/runner/work/hol-guard/hol-guard/source/scripts/ci/priority_launcher_phase/projection.py",
            "severity": "warning",
            "message": "Type of \"get\" is partially unknown\n  Type of \"get\" is \"Overload[(key: Unknown, default: None = None, /) -> (Unknown | None), (key: Unknown, default: Unknown, /) -> Unknown, (key: Unknown, default: _T@get, /) -> (Unknown | _T@get)]\"",
            "range": {
                "start": {
                    "line": 279,
                    "character": 31
                },
                "end": {
                    "line": 279,
                    "character": 40
                }
            },
            "rule": "reportUnknownMemberType"
        },
        {
            "file": "/Users/runner/work/hol-guard/hol-guard/source/scripts/ci/priority_launcher_phase/run.py",
            "severity": "warning",
            "message": "Type of parameter \"fixture\" is Any",
            "range": {
                "start": {
                    "line": 32,
                    "character": 4
                },
                "end": {
                    "line": 32,
                    "character": 11
                }
            },
            "rule": "reportAny"
        },
        {
            "file": "/Users/runner/work/hol-guard/hol-guard/source/scripts/ci/priority_launcher_phase/run.py",
            "severity": "warning",
            "message": "Type `Any` is not allowed",
            "range": {
                "start": {
                    "line": 32,
                    "character": 13
                },
                "end": {
                    "line": 32,
                    "character": 16
                }
            },
            "rule": "reportExplicitAny"
        },
        {
            "file": "/Users/runner/work/hol-guard/hol-guard/source/scripts/ci/priority_launcher_phase/run.py",
            "severity": "warning",
            "message": "Type of parameter \"producer\" is Any",
            "range": {
                "start": {
                    "line": 33,
                    "character": 4
                },
                "end": {
                    "line": 33,
                    "character": 12
                }
            },
            "rule": "reportAny"
        },
        {
            "file": "/Users/runner/work/hol-guard/hol-guard/source/scripts/ci/priority_launcher_phase/run.py",
            "severity": "warning",
            "message": "Type `Any` is not allowed",
            "range": {
                "start": {
                    "line": 33,
                    "character": 14
                },
                "end": {
                    "line": 33,
                    "character": 17
                }
            },
            "rule": "reportExplicitAny"
        },
        {
            "file": "/Users/runner/work/hol-guard/hol-guard/source/scripts/ci/priority_launcher_phase/run.py",
            "severity": "warning",
            "message": "Type of parameter \"fixture_module\" is Any",
            "range": {
                "start": {
                    "line": 34,
                    "character": 4
                },
                "end": {
                    "line": 34,
                    "character": 18
                }
            },
            "rule": "reportAny"
        },
        {
            "file": "/Users/runner/work/hol-guard/hol-guard/source/scripts/ci/priority_launcher_phase/run.py",
            "severity": "warning",
            "message": "Type `Any` is not allowed",
            "range": {
                "start": {
                    "line": 34,
                    "character": 20
                },
                "end": {
                    "line": 34,
                    "character": 23
                }
            },
            "rule": "reportExplicitAny"
        },
        {
            "file": "/Users/runner/work/hol-guard/hol-guard/source/scripts/ci/priority_launcher_phase/run.py",
            "severity": "warning",
            "message": "Type of parameter \"launch_runtime\" is Any",
            "range": {
                "start": {
                    "line": 35,
                    "character": 4
                },
                "end": {
                    "line": 35,
                    "character": 18
                }
            },
            "rule": "reportAny"
        },
        {
            "file": "/Users/runner/work/hol-guard/hol-guard/source/scripts/ci/priority_launcher_phase/run.py",
            "severity": "warning",
            "message": "Type `Any` is not allowed",
            "range": {
                "start": {
                    "line": 35,
                    "character": 20
                },
                "end": {
                    "line": 35,
                    "character": 23
                }
            },
            "rule": "reportExplicitAny"
        },
        {
            "file": "/Users/runner/work/hol-guard/hol-guard/source/scripts/ci/priority_launcher_phase/run.py",
            "severity": "warning",
            "message": "Type `Any` is not allowed",
            "range": {
                "start": {
                    "line": 40,
                    "character": 15
                },
                "end": {
                    "line": 40,
                    "character": 18
                }
            },
            "rule": "reportExplicitAny"
        },
        {
            "file": "/Users/runner/work/hol-guard/hol-guard/source/scripts/ci/priority_launcher_phase/run.py",
            "severity": "warning",
            "message": "Type `Any` is not allowed",
            "range": {
                "start": {
                    "line": 42,
                    "character": 22
                },
                "end": {
                    "line": 42,
                    "character": 25
                }
            },
            "rule": "reportExplicitAny"
        },
        {
            "file": "/Users/runner/work/hol-guard/hol-guard/source/scripts/ci/priority_launcher_phase/run.py",
            "severity": "warning",
            "message": "Type of \"runtime\" is Any",
            "range": {
                "start": {
                    "line": 51,
                    "character": 16
                },
                "end": {
                    "line": 51,
                    "character": 31
                }
            },
            "rule": "reportAny"
        },
        {
            "file": "/Users/runner/work/hol-guard/hol-guard/source/scripts/ci/priority_launcher_phase/run.py",
            "severity": "warning",
            "message": "Argument type is Any\n  Argument corresponds to parameter \"runtime\" in function \"__init__\"",
            "range": {
                "start": {
                    "line": 51,
                    "character": 16
                },
                "end": {
                    "line": 51,
                    "character": 31
                }
            },
            "rule": "reportAny"
        },
        {
            "file": "/Users/runner/work/hol-guard/hol-guard/source/scripts/ci/priority_launcher_phase/run.py",
            "severity": "warning",
            "message": "Type of \"session\" is Any",
            "range": {
                "start": {
                    "line": 60,
                    "character": 16
                },
                "end": {
                    "line": 60,
                    "character": 23
                }
            },
            "rule": "reportAny"
        },
        {
            "file": "/Users/runner/work/hol-guard/hol-guard/source/scripts/ci/priority_launcher_phase/run.py",
            "severity": "warning",
            "message": "Type of \"__enter__\" is Any",
            "range": {
                "start": {
                    "line": 60,
                    "character": 26
                },
                "end": {
                    "line": 60,
                    "character": 43
                }
            },
            "rule": "reportAny"
        },
        {
            "file": "/Users/runner/work/hol-guard/hol-guard/source/scripts/ci/priority_launcher_phase/run.py",
            "severity": "warning",
            "message": "Type of \"startup_ms\" is Any",
            "range": {
                "start": {
                    "line": 61,
                    "character": 47
                },
                "end": {
                    "line": 61,
                    "character": 65
                }
            },
            "rule": "reportAny"
        },
        {
            "file": "/Users/runner/work/hol-guard/hol-guard/source/scripts/ci/priority_launcher_phase/run.py",
            "severity": "warning",
            "message": "Type of \"readiness_ms\" is Any",
            "range": {
                "start": {
                    "line": 62,
                    "character": 49
                },
                "end": {
                    "line": 62,
                    "character": 69
                }
            },
            "rule": "reportAny"
        },
        {
            "file": "/Users/runner/work/hol-guard/hol-guard/source/scripts/ci/priority_launcher_phase/run.py",
            "severity": "warning",
            "message": "Type of \"measurements\" is Any",
            "range": {
                "start": {
                    "line": 64,
                    "character": 16
                },
                "end": {
                    "line": 64,
                    "character": 28
                }
            },
            "rule": "reportAny"
        },
        {
            "file": "/Users/runner/work/hol-guard/hol-guard/source/scripts/ci/priority_launcher_phase/run.py",
            "severity": "warning",
            "message": "Type of \"raw\" is Any",
            "range": {
                "start": {
                    "line": 64,
                    "character": 30
                },
                "end": {
                    "line": 64,
                    "character": 33
                }
            },
            "rule": "reportAny"
        },
        {
            "file": "/Users/runner/work/hol-guard/hol-guard/source/scripts/ci/priority_launcher_phase/run.py",
            "severity": "warning",
            "message": "Type of \"measure_priority_launchers\" is Any",
            "range": {
                "start": {
                    "line": 64,
                    "character": 36
                },
                "end": {
                    "line": 64,
                    "character": 71
                }
            },
            "rule": "reportAny"
        },
        {
            "file": "/Users/runner/work/hol-guard/hol-guard/source/scripts/ci/priority_launcher_phase/run.py",
            "severity": "warning",
            "message": "Type of \"close\" is Any",
            "range": {
                "start": {
                    "line": 70,
                    "character": 20
                },
                "end": {
                    "line": 70,
                    "character": 33
                }
            },
            "rule": "reportAny"
        },
        {
            "file": "/Users/runner/work/hol-guard/hol-guard/source/scripts/ci/priority_launcher_phase/run.py",
            "severity": "warning",
            "message": "Type of \"process\" is Any",
            "range": {
                "start": {
                    "line": 77,
                    "character": 20
                },
                "end": {
                    "line": 77,
                    "character": 27
                }
            },
            "rule": "reportAny"
        },
        {
            "file": "/Users/runner/work/hol-guard/hol-guard/source/scripts/ci/priority_launcher_phase/run.py",
            "severity": "warning",
            "message": "Type of \"process\" is Any",
            "range": {
                "start": {
                    "line": 77,
                    "character": 30
                },
                "end": {
                    "line": 77,
                    "character": 45
                }
            },
            "rule": "reportAny"
        },
        {
            "file": "/Users/runner/work/hol-guard/hol-guard/source/scripts/ci/priority_launcher_phase/run.py",
            "severity": "warning",
            "message": "Type of \"poll\" is Any",
            "range": {
                "start": {
                    "line": 78,
                    "character": 84
                },
                "end": {
                    "line": 78,
                    "character": 96
                }
            },
            "rule": "reportAny"
        },
        {
            "file": "/Users/runner/work/hol-guard/hol-guard/source/scripts/ci/priority_launcher_phase/run.py",
            "severity": "warning",
            "message": "Type of \"readers\" is Any",
            "range": {
                "start": {
                    "line": 79,
                    "character": 20
                },
                "end": {
                    "line": 79,
                    "character": 27
                }
            },
            "rule": "reportAny"
        },
        {
            "file": "/Users/runner/work/hol-guard/hol-guard/source/scripts/ci/priority_launcher_phase/run.py",
            "severity": "warning",
            "message": "Type of \"_readers\" is Any",
            "range": {
                "start": {
                    "line": 79,
                    "character": 30
                },
                "end": {
                    "line": 79,
                    "character": 46
                }
            },
            "rule": "reportAny"
        },
        {
            "file": "/Users/runner/work/hol-guard/hol-guard/source/scripts/ci/priority_launcher_phase/run.py",
            "severity": "warning",
            "message": "Argument type is Any\n  Argument corresponds to parameter \"obj\" in function \"len\"",
            "range": {
                "start": {
                    "line": 80,
                    "character": 60
                },
                "end": {
                    "line": 80,
                    "character": 67
                }
            },
            "rule": "reportAny"
        },
        {
            "file": "/Users/runner/work/hol-guard/hol-guard/source/scripts/ci/priority_launcher_phase/run.py",
            "severity": "warning",
            "message": "Argument type is Any\n  Argument corresponds to parameter \"o\" in function \"__new__\"",
            "range": {
                "start": {
                    "line": 81,
                    "character": 68
                },
                "end": {
                    "line": 81,
                    "character": 75
                }
            },
            "rule": "reportAny"
        },
        {
            "file": "/Users/runner/work/hol-guard/hol-guard/source/scripts/ci/priority_launcher_phase/run.py",
            "severity": "warning",
            "message": "Type of \"is_alive\" is Any",
            "range": {
                "start": {
                    "line": 82,
                    "character": 28
                },
                "end": {
                    "line": 82,
                    "character": 41
                }
            },
            "rule": "reportAny"
        },
        {
            "file": "/Users/runner/work/hol-guard/hol-guard/source/scripts/ci/priority_launcher_phase/run.py",
            "severity": "warning",
            "message": "Type of \"item\" is Any",
            "range": {
                "start": {
                    "line": 82,
                    "character": 48
                },
                "end": {
                    "line": 82,
                    "character": 52
                }
            },
            "rule": "reportAny"
        },
        {
            "file": "/Users/runner/work/hol-guard/hol-guard/source/scripts/ci/priority_launcher_phase/run.py",
            "severity": "warning",
            "message": "Argument type is Any\n  Argument corresponds to parameter \"original_success\" in function \"snapshot\"",
            "range": {
                "start": {
                    "line": 89,
                    "character": 63
                },
                "end": {
                    "line": 89,
                    "character": 91
                }
            },
            "rule": "reportAny"
        },
        {
            "file": "/Users/runner/work/hol-guard/hol-guard/source/scripts/ci/priority_launcher_phase/run.py",
            "severity": "warning",
            "message": "Type of \"daemon\" is Any",
            "range": {
                "start": {
                    "line": 102,
                    "character": 4
                },
                "end": {
                    "line": 102,
                    "character": 10
                }
            },
            "rule": "reportAny"
        },
        {
            "file": "/Users/runner/work/hol-guard/hol-guard/source/scripts/ci/priority_launcher_phase/run.py",
            "severity": "warning",
            "message": "Type of \"stops\" is Any",
            "range": {
                "start": {
                    "line": 104,
                    "character": 8
                },
                "end": {
                    "line": 104,
                    "character": 13
                }
            },
            "rule": "reportAny"
        },
        {
            "file": "/Users/runner/work/hol-guard/hol-guard/source/scripts/ci/priority_launcher_phase/run.py",
            "severity": "warning",
            "message": "Type of \"get\" is Any",
            "range": {
                "start": {
                    "line": 104,
                    "character": 16
                },
                "end": {
                    "line": 104,
                    "character": 26
                }
            },
            "rule": "reportAny"
        },
        {
            "file": "/Users/runner/work/hol-guard/hol-guard/source/scripts/ci/priority_launcher_phase/run.py",
            "severity": "warning",
            "message": "Argument type is Any\n  Argument corresponds to parameter \"o\" in function \"__init__\"",
            "range": {
                "start": {
                    "line": 105,
                    "character": 16
                },
                "end": {
                    "line": 105,
                    "character": 21
                }
            },
            "rule": "reportAny"
        },
        {
            "file": "/Users/runner/work/hol-guard/hol-guard/source/scripts/ci/priority_launcher_phase/run.py",
            "severity": "warning",
            "message": "Argument type is partially unknown\n  Argument corresponds to parameter \"obj\" in function \"len\"\n  Argument type is \"list[Unknown]\"",
            "range": {
                "start": {
                    "line": 105,
                    "character": 51
                },
                "end": {
                    "line": 105,
                    "character": 56
                }
            },
            "rule": "reportUnknownArgumentType"
        },
        {
            "file": "/Users/runner/work/hol-guard/hol-guard/source/scripts/ci/priority_launcher_phase/run.py",
            "severity": "warning",
            "message": "Type of \"item\" is unknown",
            "range": {
                "start": {
                    "line": 108,
                    "character": 12
                },
                "end": {
                    "line": 108,
                    "character": 16
                }
            },
            "rule": "reportUnknownVariableType"
        },
        {
            "file": "/Users/runner/work/hol-guard/hol-guard/source/scripts/ci/priority_launcher_phase/run.py",
            "severity": "warning",
            "message": "Argument type is unknown\n  Argument corresponds to parameter \"o\" in function \"__init__\"",
            "range": {
                "start": {
                    "line": 109,
                    "character": 20
                },
                "end": {
                    "line": 109,
                    "character": 24
                }
            },
            "rule": "reportUnknownArgumentType"
        },
        {
            "file": "/Users/runner/work/hol-guard/hol-guard/source/scripts/ci/priority_launcher_phase/run.py",
            "severity": "warning",
            "message": "Argument type is partially unknown\n  Argument corresponds to parameter \"iterable\" in function \"__init__\"\n  Argument type is \"dict[Unknown, Unknown]\"",
            "range": {
                "start": {
                    "line": 109,
                    "character": 45
                },
                "end": {
                    "line": 109,
                    "character": 49
                }
            },
            "rule": "reportUnknownArgumentType"
        },
        {
            "file": "/Users/runner/work/hol-guard/hol-guard/source/scripts/ci/priority_launcher_phase/run.py",
            "severity": "warning",
            "message": "Type of \"append\" is partially unknown\n  Type of \"append\" is \"(object: Unknown, /) -> None\"",
            "range": {
                "start": {
                    "line": 116,
                    "character": 12
                },
                "end": {
                    "line": 116,
                    "character": 27
                }
            },
            "rule": "reportUnknownMemberType"
        },
        {
            "file": "/Users/runner/work/hol-guard/hol-guard/source/scripts/ci/priority_launcher_phase/run.py",
            "severity": "warning",
            "message": "Argument type is unknown\n  Argument corresponds to parameter \"value\" in function \"stop_projection\"",
            "range": {
                "start": {
                    "line": 116,
                    "character": 51
                },
                "end": {
                    "line": 116,
                    "character": 69
                }
            },
            "rule": "reportUnknownArgumentType"
        },
        {
            "file": "/Users/runner/work/hol-guard/hol-guard/source/scripts/ci/priority_launcher_phase/run.py",
            "severity": "warning",
            "message": "Type of \"get\" is Any",
            "range": {
                "start": {
                    "line": 117,
                    "character": 37
                },
                "end": {
                    "line": 117,
                    "character": 47
                }
            },
            "rule": "reportAny"
        },
        {
            "file": "/Users/runner/work/hol-guard/hol-guard/source/scripts/ci/priority_launcher_phase/run.py",
            "severity": "warning",
            "message": "Argument type is Any\n  Argument corresponds to parameter \"value\" in function \"stop_projection\"",
            "range": {
                "start": {
                    "line": 117,
                    "character": 37
                },
                "end": {
                    "line": 117,
                    "character": 61
                }
            },
            "rule": "reportAny"
        },
        {
            "file": "/Users/runner/work/hol-guard/hol-guard/source/scripts/ci/priority_launcher_phase/run.py",
            "severity": "warning",
            "message": "Argument type is partially unknown\n  Argument corresponds to parameter \"iterable\" in function \"any\"\n  Argument type is \"Generator[Unknown | bool, None, None]\"",
            "range": {
                "start": {
                    "line": 119,
                    "character": 12
                },
                "end": {
                    "line": 122,
                    "character": 44
                }
            },
            "rule": "reportUnknownArgumentType"
        },
        {
            "file": "/Users/runner/work/hol-guard/hol-guard/source/scripts/ci/priority_launcher_phase/run.py",
            "severity": "warning",
            "message": "Type of \"item\" is unknown",
            "range": {
                "start": {
                    "line": 122,
                    "character": 16
                },
                "end": {
                    "line": 122,
                    "character": 20
                }
            },
            "rule": "reportUnknownVariableType"
        },
        {
            "file": "/Users/runner/work/hol-guard/hol-guard/source/scripts/ci/priority_launcher_phase/run.py",
            "severity": "warning",
            "message": "Type of \"diagnostic\" is unknown",
            "range": {
                "start": {
                    "line": 122,
                    "character": 22
                },
                "end": {
                    "line": 122,
                    "character": 32
                }
            },
            "rule": "reportUnknownVariableType"
        },
        {
            "file": "/Users/runner/work/hol-guard/hol-guard/source/scripts/ci/priority_launcher_phase/run.py",
            "severity": "warning",
            "message": "Type of \"item\" is unknown",
            "range": {
                "start": {
                    "line": 126,
                    "character": 16
                },
                "end": {
                    "line": 126,
                    "character": 20
                }
            },
            "rule": "reportUnknownVariableType"
        },
        {
            "file": "/Users/runner/work/hol-guard/hol-guard/source/scripts/ci/priority_launcher_phase/run.py",
            "severity": "warning",
            "message": "Type of \"diagnostic\" is unknown",
            "range": {
                "start": {
                    "line": 126,
                    "character": 22
                },
                "end": {
                    "line": 126,
                    "character": 32
                }
            },
            "rule": "reportUnknownVariableType"
        },
        {
            "file": "/Users/runner/work/hol-guard/hol-guard/source/scripts/ci/priority_launcher_phase/run.py",
            "severity": "warning",
            "message": "Type of \"get\" is Any",
            "range": {
                "start": {
                    "line": 135,
                    "character": 12
                },
                "end": {
                    "line": 135,
                    "character": 39
                }
            },
            "rule": "reportAny"
        },
        {
            "file": "/Users/runner/work/hol-guard/hol-guard/source/scripts/ci/priority_launcher_phase/run.py",
            "severity": "warning",
            "message": "Type of \"get\" is Any",
            "range": {
                "start": {
                    "line": 137,
                    "character": 12
                },
                "end": {
                    "line": 137,
                    "character": 22
                }
            },
            "rule": "reportAny"
        },
        {
            "file": "/Users/runner/work/hol-guard/hol-guard/source/scripts/ci/priority_launcher_phase_daemon.py",
            "severity": "warning",
            "message": "Type of \"child_main\" is Any",
            "range": {
                "start": {
                    "line": 9,
                    "character": 0
                },
                "end": {
                    "line": 9,
                    "character": 10
                }
            },
            "rule": "reportAny"
        },
        {
            "file": "/Users/runner/work/hol-guard/hol-guard/source/scripts/ci/priority_launcher_phase_daemon.py",
            "severity": "warning",
            "message": "Type of \"child_main\" is Any",
            "range": {
                "start": {
                    "line": 9,
                    "character": 13
                },
                "end": {
                    "line": 9,
                    "character": 82
                }
            },
            "rule": "reportAny"
        },
        {
            "file": "/Users/runner/work/hol-guard/hol-guard/source/scripts/ci/priority_launcher_phase_daemon.py",
            "severity": "warning",
            "message": "Argument type is Any\n  Argument corresponds to parameter \"args\" in function \"__init__\"",
            "range": {
                "start": {
                    "line": 12,
                    "character": 21
                },
                "end": {
                    "line": 12,
                    "character": 45
                }
            },
            "rule": "reportAny"
        },
        {
            "file": "/Users/runner/work/hol-guard/hol-guard/source/scripts/ci/priority_launcher_phase_diagnostic.py",
            "severity": "warning",
            "message": "Type of \"checkout_binding\" is Any",
            "range": {
                "start": {
                    "line": 16,
                    "character": 0
                },
                "end": {
                    "line": 16,
                    "character": 16
                }
            },
            "rule": "reportAny"
        },
        {
            "file": "/Users/runner/work/hol-guard/hol-guard/source/scripts/ci/priority_launcher_phase_diagnostic.py",
            "severity": "warning",
            "message": "Type of \"checkout_binding\" is Any",
            "range": {
                "start": {
                    "line": 16,
                    "character": 19
                },
                "end": {
                    "line": 16,
                    "character": 45
                }
            },
            "rule": "reportAny"
        },
        {
            "file": "/Users/runner/work/hol-guard/hol-guard/source/scripts/ci/priority_launcher_phase_diagnostic.py",
            "severity": "warning",
            "message": "Type of \"digest\" is Any",
            "range": {
                "start": {
                    "line": 17,
                    "character": 0
                },
                "end": {
                    "line": 17,
                    "character": 6
                }
            },
            "rule": "reportAny"
        },
        {
            "file": "/Users/runner/work/hol-guard/hol-guard/source/scripts/ci/priority_launcher_phase_diagnostic.py",
            "severity": "warning",
            "message": "Type of \"digest\" is Any",
            "range": {
                "start": {
                    "line": 17,
                    "character": 9
                },
                "end": {
                    "line": 17,
                    "character": 25
                }
            },
            "rule": "reportAny"
        },
        {
            "file": "/Users/runner/work/hol-guard/hol-guard/source/scripts/ci/priority_launcher_phase_diagnostic.py",
            "severity": "warning",
            "message": "Type of \"host_details\" is Any",
            "range": {
                "start": {
                    "line": 18,
                    "character": 0
                },
                "end": {
                    "line": 18,
                    "character": 12
                }
            },
            "rule": "reportAny"
        },
        {
            "file": "/Users/runner/work/hol-guard/hol-guard/source/scripts/ci/priority_launcher_phase_diagnostic.py",
            "severity": "warning",
            "message": "Type of \"host_details\" is Any",
            "range": {
                "start": {
                    "line": 18,
                    "character": 15
                },
                "end": {
                    "line": 18,
                    "character": 37
                }
            },
            "rule": "reportAny"
        },
        {
            "file": "/Users/runner/work/hol-guard/hol-guard/source/scripts/ci/priority_launcher_phase_diagnostic.py",
            "severity": "warning",
            "message": "Type of \"installed_binding\" is Any",
            "range": {
                "start": {
                    "line": 19,
                    "character": 0
                },
                "end": {
                    "line": 19,
                    "character": 17
                }
            },
            "rule": "reportAny"
        },
        {
            "file": "/Users/runner/work/hol-guard/hol-guard/source/scripts/ci/priority_launcher_phase_diagnostic.py",
            "severity": "warning",
            "message": "Type of \"installed_binding\" is Any",
            "range": {
                "start": {
                    "line": 19,
                    "character": 20
                },
                "end": {
                    "line": 19,
                    "character": 47
                }
            },
            "rule": "reportAny"
        },
        {
            "file": "/Users/runner/work/hol-guard/hol-guard/source/scripts/ci/priority_launcher_phase_diagnostic.py",
            "severity": "warning",
            "message": "Type of \"read_bindings\" is Any",
            "range": {
                "start": {
                    "line": 20,
                    "character": 0
                },
                "end": {
                    "line": 20,
                    "character": 13
                }
            },
            "rule": "reportAny"
        },
        {
            "file": "/Users/runner/work/hol-guard/hol-guard/source/scripts/ci/priority_launcher_phase_diagnostic.py",
            "severity": "warning",
            "message": "Type of \"read_bindings\" is Any",
            "range": {
                "start": {
                    "line": 20,
                    "character": 16
                },
                "end": {
                    "line": 20,
                    "character": 39
                }
            },
            "rule": "reportAny"
        },
        {
            "file": "/Users/runner/work/hol-guard/hol-guard/source/scripts/ci/priority_launcher_phase_diagnostic.py",
            "severity": "warning",
            "message": "Type of \"require\" is Any",
            "range": {
                "start": {
                    "line": 21,
                    "character": 0
                },
                "end": {
                    "line": 21,
                    "character": 7
                }
            },
            "rule": "reportAny"
        },
        {
            "file": "/Users/runner/work/hol-guard/hol-guard/source/scripts/ci/priority_launcher_phase_diagnostic.py",
            "severity": "warning",
            "message": "Type of \"require\" is Any",
            "range": {
                "start": {
                    "line": 21,
                    "character": 10
                },
                "end": {
                    "line": 21,
                    "character": 27
                }
            },
            "rule": "reportAny"
        },
        {
            "file": "/Users/runner/work/hol-guard/hol-guard/source/scripts/ci/priority_launcher_phase_diagnostic.py",
            "severity": "warning",
            "message": "Type of \"source_binding\" is Any",
            "range": {
                "start": {
                    "line": 22,
                    "character": 0
                },
                "end": {
                    "line": 22,
                    "character": 14
                }
            },
            "rule": "reportAny"
        },
        {
            "file": "/Users/runner/work/hol-guard/hol-guard/source/scripts/ci/priority_launcher_phase_diagnostic.py",
            "severity": "warning",
            "message": "Type of \"source_binding\" is Any",
            "range": {
                "start": {
                    "line": 22,
                    "character": 17
                },
                "end": {
                    "line": 22,
                    "character": 41
                }
            },
            "rule": "reportAny"
        },
        {
            "file": "/Users/runner/work/hol-guard/hol-guard/source/scripts/ci/priority_launcher_phase_diagnostic.py",
            "severity": "warning",
            "message": "Type of \"write_report\" is Any",
            "range": {
                "start": {
                    "line": 23,
                    "character": 0
                },
                "end": {
                    "line": 23,
                    "character": 12
                }
            },
            "rule": "reportAny"
        },
        {
            "file": "/Users/runner/work/hol-guard/hol-guard/source/scripts/ci/priority_launcher_phase_diagnostic.py",
            "severity": "warning",
            "message": "Type of \"write_report\" is Any",
            "range": {
                "start": {
                    "line": 23,
                    "character": 15
                },
                "end": {
                    "line": 23,
                    "character": 37
                }
            },
            "rule": "reportAny"
        },
        {
            "file": "/Users/runner/work/hol-guard/hol-guard/source/scripts/ci/priority_launcher_phase_diagnostic.py",
            "severity": "warning",
            "message": "Type of \"execute_block\" is Any",
            "range": {
                "start": {
                    "line": 24,
                    "character": 0
                },
                "end": {
                    "line": 24,
                    "character": 13
                }
            },
            "rule": "reportAny"
        },
        {
            "file": "/Users/runner/work/hol-guard/hol-guard/source/scripts/ci/priority_launcher_phase_diagnostic.py",
            "severity": "warning",
            "message": "Type of \"execute_block\" is Any",
            "range": {
                "start": {
                    "line": 24,
                    "character": 16
                },
                "end": {
                    "line": 24,
                    "character": 34
                }
            },
            "rule": "reportAny"
        },
        {
            "file": "/Users/runner/work/hol-guard/hol-guard/source/scripts/ci/priority_launcher_phase_diagnostic.py",
            "severity": "warning",
            "message": "Type of \"failure\" is Any",
            "range": {
                "start": {
                    "line": 25,
                    "character": 0
                },
                "end": {
                    "line": 25,
                    "character": 7
                }
            },
            "rule": "reportAny"
        },
        {
            "file": "/Users/runner/work/hol-guard/hol-guard/source/scripts/ci/priority_launcher_phase_diagnostic.py",
            "severity": "warning",
            "message": "Type of \"failure\" is Any",
            "range": {
                "start": {
                    "line": 25,
                    "character": 10
                },
                "end": {
                    "line": 25,
                    "character": 22
                }
            },
            "rule": "reportAny"
        },
        {
            "file": "/Users/runner/work/hol-guard/hol-guard/source/scripts/ci/priority_launcher_phase_diagnostic.py",
            "severity": "warning",
            "message": "Type `Any` is not allowed",
            "range": {
                "start": {
                    "line": 31,
                    "character": 47
                },
                "end": {
                    "line": 31,
                    "character": 50
                }
            },
            "rule": "reportExplicitAny"
        },
        {
            "file": "/Users/runner/work/hol-guard/hol-guard/source/scripts/ci/priority_launcher_phase_diagnostic.py",
            "severity": "warning",
            "message": "Type `Any` is not allowed",
            "range": {
                "start": {
                    "line": 32,
                    "character": 22
                },
                "end": {
                    "line": 32,
                    "character": 25
                }
            },
            "rule": "reportExplicitAny"
        },
        {
            "file": "/Users/runner/work/hol-guard/hol-guard/source/scripts/ci/priority_launcher_phase_diagnostic.py",
            "severity": "warning",
            "message": "Type `Any` is not allowed",
            "range": {
                "start": {
                    "line": 51,
                    "character": 24
                },
                "end": {
                    "line": 51,
                    "character": 27
                }
            },
            "rule": "reportExplicitAny"
        },
        {
            "file": "/Users/runner/work/hol-guard/hol-guard/source/scripts/ci/priority_launcher_phase_diagnostic.py",
            "severity": "warning",
            "message": "Type of \"driver_root\" is Any",
            "range": {
                "start": {
                    "line": 56,
                    "character": 51
                },
                "end": {
                    "line": 56,
                    "character": 67
                }
            },
            "rule": "reportAny"
        },
        {
            "file": "/Users/runner/work/hol-guard/hol-guard/source/scripts/ci/priority_launcher_phase_diagnostic.py",
            "severity": "warning",
            "message": "Type of \"expected_driver_sha\" is Any",
            "range": {
                "start": {
                    "line": 56,
                    "character": 69
                },
                "end": {
                    "line": 56,
                    "character": 93
                }
            },
            "rule": "reportAny"
        },
        {
            "file": "/Users/runner/work/hol-guard/hol-guard/source/scripts/ci/priority_launcher_phase_diagnostic.py",
            "severity": "warning",
            "message": "Type of \"plan_root\" is Any",
            "range": {
                "start": {
                    "line": 57,
                    "character": 8
                },
                "end": {
                    "line": 57,
                    "character": 17
                }
            },
            "rule": "reportAny"
        },
        {
            "file": "/Users/runner/work/hol-guard/hol-guard/source/scripts/ci/priority_launcher_phase_diagnostic.py",
            "severity": "warning",
            "message": "Type of \"driver_root\" is Any",
            "range": {
                "start": {
                    "line": 57,
                    "character": 20
                },
                "end": {
                    "line": 57,
                    "character": 36
                }
            },
            "rule": "reportAny"
        },
        {
            "file": "/Users/runner/work/hol-guard/hol-guard/source/scripts/ci/priority_launcher_phase_diagnostic.py",
            "severity": "warning",
            "message": "Type of \"manifest\" is Any",
            "range": {
                "start": {
                    "line": 62,
                    "character": 8
                },
                "end": {
                    "line": 62,
                    "character": 16
                }
            },
            "rule": "reportAny"
        },
        {
            "file": "/Users/runner/work/hol-guard/hol-guard/source/scripts/ci/priority_launcher_phase_diagnostic.py",
            "severity": "warning",
            "message": "Type of \"bindings\" is Any",
            "range": {
                "start": {
                    "line": 62,
                    "character": 33
                },
                "end": {
                    "line": 62,
                    "character": 46
                }
            },
            "rule": "reportAny"
        },
        {
            "file": "/Users/runner/work/hol-guard/hol-guard/source/scripts/ci/priority_launcher_phase_diagnostic.py",
            "severity": "warning",
            "message": "Type of \"expected_source_sha\" is Any",
            "range": {
                "start": {
                    "line": 62,
                    "character": 48
                },
                "end": {
                    "line": 62,
                    "character": 72
                }
            },
            "rule": "reportAny"
        },
        {
            "file": "/Users/runner/work/hol-guard/hol-guard/source/scripts/ci/priority_launcher_phase_diagnostic.py",
            "severity": "warning",
            "message": "Type of \"expected_source_tree\" is Any",
            "range": {
                "start": {
                    "line": 62,
                    "character": 74
                },
                "end": {
                    "line": 62,
                    "character": 99
                }
            },
            "rule": "reportAny"
        },
        {
            "file": "/Users/runner/work/hol-guard/hol-guard/source/scripts/ci/priority_launcher_phase_diagnostic.py",
            "severity": "warning",
            "message": "Type of \"bindings\" is Any",
            "range": {
                "start": {
                    "line": 63,
                    "character": 58
                },
                "end": {
                    "line": 63,
                    "character": 71
                }
            },
            "rule": "reportAny"
        },
        {
            "file": "/Users/runner/work/hol-guard/hol-guard/source/scripts/ci/priority_launcher_phase_diagnostic.py",
            "severity": "warning",
            "message": "Type of \"source_root\" is Any",
            "range": {
                "start": {
                    "line": 64,
                    "character": 49
                },
                "end": {
                    "line": 64,
                    "character": 65
                }
            },
            "rule": "reportAny"
        },
        {
            "file": "/Users/runner/work/hol-guard/hol-guard/source/scripts/ci/priority_launcher_phase_diagnostic.py",
            "severity": "warning",
            "message": "Type of \"source_root\" is Any",
            "range": {
                "start": {
                    "line": 65,
                    "character": 31
                },
                "end": {
                    "line": 65,
                    "character": 47
                }
            },
            "rule": "reportAny"
        },
        {
            "file": "/Users/runner/work/hol-guard/hol-guard/source/scripts/ci/priority_launcher_phase_diagnostic.py",
            "severity": "warning",
            "message": "Type of \"resolve\" is Any",
            "range": {
                "start": {
                    "line": 65,
                    "character": 31
                },
                "end": {
                    "line": 65,
                    "character": 55
                }
            },
            "rule": "reportAny"
        },
        {
            "file": "/Users/runner/work/hol-guard/hol-guard/source/scripts/ci/priority_launcher_phase_diagnostic.py",
            "severity": "warning",
            "message": "Argument type is Any\n  Argument corresponds to parameter \"object\" in function \"__new__\"",
            "range": {
                "start": {
                    "line": 65,
                    "character": 31
                },
                "end": {
                    "line": 65,
                    "character": 57
                }
            },
            "rule": "reportAny"
        },
        {
            "file": "/Users/runner/work/hol-guard/hol-guard/source/scripts/ci/priority_launcher_phase_diagnostic.py",
            "severity": "warning",
            "message": "Type of \"clear_proof_environment\" is Any",
            "range": {
                "start": {
                    "line": 69,
                    "character": 20
                },
                "end": {
                    "line": 69,
                    "character": 52
                }
            },
            "rule": "reportAny"
        },
        {
            "file": "/Users/runner/work/hol-guard/hol-guard/source/scripts/ci/priority_launcher_phase_diagnostic.py",
            "severity": "warning",
            "message": "Type of \"runtime\" is Any",
            "range": {
                "start": {
                    "line": 70,
                    "character": 36
                },
                "end": {
                    "line": 70,
                    "character": 43
                }
            },
            "rule": "reportAny"
        },
        {
            "file": "/Users/runner/work/hol-guard/hol-guard/source/scripts/ci/priority_launcher_phase_diagnostic.py",
            "severity": "warning",
            "message": "Type of \"wheel\" is Any",
            "range": {
                "start": {
                    "line": 70,
                    "character": 64
                },
                "end": {
                    "line": 70,
                    "character": 74
                }
            },
            "rule": "reportAny"
        },
        {
            "file": "/Users/runner/work/hol-guard/hol-guard/source/scripts/ci/priority_launcher_phase_diagnostic.py",
            "severity": "warning",
            "message": "Type of \"expected_source_sha\" is Any",
            "range": {
                "start": {
                    "line": 70,
                    "character": 76
                },
                "end": {
                    "line": 70,
                    "character": 100
                }
            },
            "rule": "reportAny"
        },
        {
            "file": "/Users/runner/work/hol-guard/hol-guard/source/scripts/ci/priority_launcher_phase_diagnostic.py",
            "severity": "warning",
            "message": "Type of \"resolve\" is Any",
            "range": {
                "start": {
                    "line": 79,
                    "character": 62
                },
                "end": {
                    "line": 79,
                    "character": 99
                }
            },
            "rule": "reportAny"
        },
        {
            "file": "/Users/runner/work/hol-guard/hol-guard/source/scripts/ci/priority_launcher_phase_diagnostic.py",
            "severity": "warning",
            "message": "Type of \"source_root\" is Any",
            "range": {
                "start": {
                    "line": 79,
                    "character": 63
                },
                "end": {
                    "line": 79,
                    "character": 79
                }
            },
            "rule": "reportAny"
        },
        {
            "file": "/Users/runner/work/hol-guard/hol-guard/source/scripts/ci/priority_launcher_phase_diagnostic.py",
            "severity": "warning",
            "message": "Type of \"child\" is Any",
            "range": {
                "start": {
                    "line": 81,
                    "character": 8
                },
                "end": {
                    "line": 81,
                    "character": 13
                }
            },
            "rule": "reportAny"
        },
        {
            "file": "/Users/runner/work/hol-guard/hol-guard/source/scripts/ci/priority_launcher_phase_diagnostic.py",
            "severity": "warning",
            "message": "Type of \"driver_root\" is Any",
            "range": {
                "start": {
                    "line": 81,
                    "character": 16
                },
                "end": {
                    "line": 81,
                    "character": 32
                }
            },
            "rule": "reportAny"
        },
        {
            "file": "/Users/runner/work/hol-guard/hol-guard/source/scripts/ci/priority_launcher_phase_diagnostic.py",
            "severity": "warning",
            "message": "Type of \"daemon_report\" is Any",
            "range": {
                "start": {
                    "line": 82,
                    "character": 8
                },
                "end": {
                    "line": 82,
                    "character": 21
                }
            },
            "rule": "reportAny"
        },
        {
            "file": "/Users/runner/work/hol-guard/hol-guard/source/scripts/ci/priority_launcher_phase_diagnostic.py",
            "severity": "warning",
            "message": "Type of \"output\" is Any",
            "range": {
                "start": {
                    "line": 82,
                    "character": 24
                },
                "end": {
                    "line": 82,
                    "character": 35
                }
            },
            "rule": "reportAny"
        },
        {
            "file": "/Users/runner/work/hol-guard/hol-guard/source/scripts/ci/priority_launcher_phase_diagnostic.py",
            "severity": "warning",
            "message": "Type of \"with_name\" is Any",
            "range": {
                "start": {
                    "line": 82,
                    "character": 24
                },
                "end": {
                    "line": 82,
                    "character": 45
                }
            },
            "rule": "reportAny"
        },
        {
            "file": "/Users/runner/work/hol-guard/hol-guard/source/scripts/ci/priority_launcher_phase_diagnostic.py",
            "severity": "warning",
            "message": "Type of \"output\" is Any",
            "range": {
                "start": {
                    "line": 82,
                    "character": 46
                },
                "end": {
                    "line": 82,
                    "character": 57
                }
            },
            "rule": "reportAny"
        },
        {
            "file": "/Users/runner/work/hol-guard/hol-guard/source/scripts/ci/priority_launcher_phase_diagnostic.py",
            "severity": "warning",
            "message": "Type of \"stem\" is Any",
            "range": {
                "start": {
                    "line": 82,
                    "character": 46
                },
                "end": {
                    "line": 82,
                    "character": 62
                }
            },
            "rule": "reportAny"
        },
        {
            "file": "/Users/runner/work/hol-guard/hol-guard/source/scripts/ci/priority_launcher_phase_diagnostic.py",
            "severity": "warning",
            "message": "Type of \"exists\" is Any",
            "range": {
                "start": {
                    "line": 83,
                    "character": 20
                },
                "end": {
                    "line": 83,
                    "character": 40
                }
            },
            "rule": "reportAny"
        },
        {
            "file": "/Users/runner/work/hol-guard/hol-guard/source/scripts/ci/priority_launcher_phase_diagnostic.py",
            "severity": "warning",
            "message": "Type of \"DaemonFixture\" is Any",
            "range": {
                "start": {
                    "line": 85,
                    "character": 12
                },
                "end": {
                    "line": 85,
                    "character": 40
                }
            },
            "rule": "reportAny"
        },
        {
            "file": "/Users/runner/work/hol-guard/hol-guard/source/scripts/ci/priority_launcher_phase_diagnostic.py",
            "severity": "warning",
            "message": "Type of \"source_root\" is Any",
            "range": {
                "start": {
                    "line": 89,
                    "character": 24
                },
                "end": {
                    "line": 89,
                    "character": 40
                }
            },
            "rule": "reportAny"
        },
        {
            "file": "/Users/runner/work/hol-guard/hol-guard/source/scripts/ci/priority_launcher_phase_diagnostic.py",
            "severity": "warning",
            "message": "Return type of lambda is Any",
            "range": {
                "start": {
                    "line": 98,
                    "character": 37
                },
                "end": {
                    "line": 98,
                    "character": 97
                }
            },
            "rule": "reportAny"
        },
        {
            "file": "/Users/runner/work/hol-guard/hol-guard/source/scripts/ci/priority_launcher_phase_diagnostic.py",
            "severity": "warning",
            "message": "Type of \"driver_root\" is Any",
            "range": {
                "start": {
                    "line": 98,
                    "character": 54
                },
                "end": {
                    "line": 98,
                    "character": 70
                }
            },
            "rule": "reportAny"
        },
        {
            "file": "/Users/runner/work/hol-guard/hol-guard/source/scripts/ci/priority_launcher_phase_diagnostic.py",
            "severity": "warning",
            "message": "Type of \"expected_driver_sha\" is Any",
            "range": {
                "start": {
                    "line": 98,
                    "character": 72
                },
                "end": {
                    "line": 98,
                    "character": 96
                }
            },
            "rule": "reportAny"
        },
        {
            "file": "/Users/runner/work/hol-guard/hol-guard/source/scripts/ci/priority_launcher_phase_diagnostic.py",
            "severity": "warning",
            "message": "Return type of lambda is Any",
            "range": {
                "start": {
                    "line": 103,
                    "character": 45
                },
                "end": {
                    "line": 103,
                    "character": 87
                }
            },
            "rule": "reportAny"
        },
        {
            "file": "/Users/runner/work/hol-guard/hol-guard/source/scripts/ci/priority_launcher_phase_diagnostic.py",
            "severity": "warning",
            "message": "Type of \"source_root\" is Any",
            "range": {
                "start": {
                    "line": 103,
                    "character": 60
                },
                "end": {
                    "line": 103,
                    "character": 76
                }
            },
            "rule": "reportAny"
        },
        {
            "file": "/Users/runner/work/hol-guard/hol-guard/source/scripts/ci/priority_launcher_phase_diagnostic.py",
            "severity": "warning",
            "message": "Return type of lambda is Any",
            "range": {
                "start": {
                    "line": 104,
                    "character": 48
                },
                "end": {
                    "line": 104,
                    "character": 116
                }
            },
            "rule": "reportAny"
        },
        {
            "file": "/Users/runner/work/hol-guard/hol-guard/source/scripts/ci/priority_launcher_phase_diagnostic.py",
            "severity": "warning",
            "message": "Type of \"wheel\" is Any",
            "range": {
                "start": {
                    "line": 104,
                    "character": 66
                },
                "end": {
                    "line": 104,
                    "character": 76
                }
            },
            "rule": "reportAny"
        },
        {
            "file": "/Users/runner/work/hol-guard/hol-guard/source/scripts/ci/priority_launcher_phase_diagnostic.py",
            "severity": "warning",
            "message": "Type of \"expected_source_sha\" is Any",
            "range": {
                "start": {
                    "line": 104,
                    "character": 78
                },
                "end": {
                    "line": 104,
                    "character": 102
                }
            },
            "rule": "reportAny"
        },
        {
            "file": "/Users/runner/work/hol-guard/hol-guard/source/scripts/ci/priority_launcher_phase_diagnostic.py",
            "severity": "warning",
            "message": "Type of \"get\" is Any",
            "range": {
                "start": {
                    "line": 114,
                    "character": 12
                },
                "end": {
                    "line": 114,
                    "character": 39
                }
            },
            "rule": "reportAny"
        },
        {
            "file": "/Users/runner/work/hol-guard/hol-guard/source/scripts/ci/priority_launcher_phase_diagnostic.py",
            "severity": "warning",
            "message": "Result of call expression is of type \"Action\" and is not used; assign to variable \"_\" if this is intentional",
            "range": {
                "start": {
                    "line": 124,
                    "character": 4
                },
                "end": {
                    "line": 124,
                    "character": 66
                }
            },
            "rule": "reportUnusedCallResult"
        },
        {
            "file": "/Users/runner/work/hol-guard/hol-guard/source/scripts/ci/priority_launcher_phase_diagnostic.py",
            "severity": "warning",
            "message": "Result of call expression is of type \"Action\" and is not used; assign to variable \"_\" if this is intentional",
            "range": {
                "start": {
                    "line": 125,
                    "character": 4
                },
                "end": {
                    "line": 125,
                    "character": 63
                }
            },
            "rule": "reportUnusedCallResult"
        },
        {
            "file": "/Users/runner/work/hol-guard/hol-guard/source/scripts/ci/priority_launcher_phase_diagnostic.py",
            "severity": "warning",
            "message": "Result of call expression is of type \"Action\" and is not used; assign to variable \"_\" if this is intentional",
            "range": {
                "start": {
                    "line": 126,
                    "character": 4
                },
                "end": {
                    "line": 126,
                    "character": 64
                }
            },
            "rule": "reportUnusedCallResult"
        },
        {
            "file": "/Users/runner/work/hol-guard/hol-guard/source/scripts/ci/priority_launcher_phase_diagnostic.py",
            "severity": "warning",
            "message": "Result of call expression is of type \"Action\" and is not used; assign to variable \"_\" if this is intentional",
            "range": {
                "start": {
                    "line": 127,
                    "character": 4
                },
                "end": {
                    "line": 127,
                    "character": 66
                }
            },
            "rule": "reportUnusedCallResult"
        },
        {
            "file": "/Users/runner/work/hol-guard/hol-guard/source/scripts/ci/priority_launcher_phase_diagnostic.py",
            "severity": "warning",
            "message": "Result of call expression is of type \"Action\" and is not used; assign to variable \"_\" if this is intentional",
            "range": {
                "start": {
                    "line": 128,
                    "character": 4
                },
                "end": {
                    "line": 128,
                    "character": 63
                }
            },
            "rule": "reportUnusedCallResult"
        },
        {
            "file": "/Users/runner/work/hol-guard/hol-guard/source/scripts/ci/priority_launcher_phase_diagnostic.py",
            "severity": "warning",
            "message": "Result of call expression is of type \"Action\" and is not used; assign to variable \"_\" if this is intentional",
            "range": {
                "start": {
                    "line": 129,
                    "character": 4
                },
                "end": {
                    "line": 129,
                    "character": 63
                }
            },
            "rule": "reportUnusedCallResult"
        },
        {
            "file": "/Users/runner/work/hol-guard/hol-guard/source/scripts/ci/priority_launcher_phase_diagnostic.py",
            "severity": "warning",
            "message": "Result of call expression is of type \"Action\" and is not used; assign to variable \"_\" if this is intentional",
            "range": {
                "start": {
                    "line": 130,
                    "character": 4
                },
                "end": {
                    "line": 130,
                    "character": 60
                }
            },
            "rule": "reportUnusedCallResult"
        },
        {
            "file": "/Users/runner/work/hol-guard/hol-guard/source/scripts/ci/priority_launcher_phase_diagnostic.py",
            "severity": "warning",
            "message": "Result of call expression is of type \"Action\" and is not used; assign to variable \"_\" if this is intentional",
            "range": {
                "start": {
                    "line": 131,
                    "character": 4
                },
                "end": {
                    "line": 131,
                    "character": 61
                }
            },
            "rule": "reportUnusedCallResult"
        },
        {
            "file": "/Users/runner/work/hol-guard/hol-guard/source/scripts/ci/priority_launcher_phase_diagnostic.py",
            "severity": "warning",
            "message": "Type of \"output\" is Any",
            "range": {
                "start": {
                    "line": 133,
                    "character": 12
                },
                "end": {
                    "line": 133,
                    "character": 23
                }
            },
            "rule": "reportAny"
        },
        {
            "file": "/Users/runner/work/hol-guard/hol-guard/source/scripts/ci/priority_launcher_phase_diagnostic.py",
            "severity": "warning",
            "message": "Type of \"parent\" is Any",
            "range": {
                "start": {
                    "line": 133,
                    "character": 12
                },
                "end": {
                    "line": 133,
                    "character": 30
                }
            },
            "rule": "reportAny"
        },
        {
            "file": "/Users/runner/work/hol-guard/hol-guard/source/scripts/ci/priority_launcher_phase_diagnostic.py",
            "severity": "warning",
            "message": "Type of \"is_dir\" is Any",
            "range": {
                "start": {
                    "line": 133,
                    "character": 12
                },
                "end": {
                    "line": 133,
                    "character": 37
                }
            },
            "rule": "reportAny"
        },
        {
            "file": "/Users/runner/work/hol-guard/hol-guard/source/scripts/ci/priority_launcher_phase_diagnostic.py",
            "severity": "warning",
            "message": "Type of \"output\" is Any",
            "range": {
                "start": {
                    "line": 133,
                    "character": 48
                },
                "end": {
                    "line": 133,
                    "character": 59
                }
            },
            "rule": "reportAny"
        },
        {
            "file": "/Users/runner/work/hol-guard/hol-guard/source/scripts/ci/priority_launcher_phase_diagnostic.py",
            "severity": "warning",
            "message": "Type of \"exists\" is Any",
            "range": {
                "start": {
                    "line": 133,
                    "character": 48
                },
                "end": {
                    "line": 133,
                    "character": 66
                }
            },
            "rule": "reportAny"
        },
        {
            "file": "/Users/runner/work/hol-guard/hol-guard/source/scripts/ci/priority_launcher_phase_diagnostic.py",
            "severity": "warning",
            "message": "Type of \"output\" is Any",
            "range": {
                "start": {
                    "line": 135,
                    "character": 17
                },
                "end": {
                    "line": 135,
                    "character": 28
                }
            },
            "rule": "reportAny"
        },
        {
            "file": "/Users/runner/work/hol-guard/hol-guard/source/tests/test_priority_launcher_phase_capture.py",
            "severity": "warning",
            "message": "Type of parameter \"original_raises\" is unknown",
            "range": {
                "start": {
                    "line": 18,
                    "character": 61
                },
                "end": {
                    "line": 18,
                    "character": 76
                }
            },
            "rule": "reportUnknownParameterType"
        },
        {
            "file": "/Users/runner/work/hol-guard/hol-guard/source/tests/test_priority_launcher_phase_capture.py",
            "severity": "warning",
            "message": "Type annotation is missing for parameter \"original_raises\"",
            "range": {
                "start": {
                    "line": 18,
                    "character": 61
                },
                "end": {
                    "line": 18,
                    "character": 76
                }
            },
            "rule": "reportMissingParameterType"
        },
        {
            "file": "/Users/runner/work/hol-guard/hol-guard/source/tests/test_priority_launcher_phase_capture.py",
            "severity": "warning",
            "message": "Type of parameter \"fault_at\" is unknown",
            "range": {
                "start": {
                    "line": 18,
                    "character": 78
                },
                "end": {
                    "line": 18,
                    "character": 86
                }
            },
            "rule": "reportUnknownParameterType"
        },
        {
            "file": "/Users/runner/work/hol-guard/hol-guard/source/tests/test_priority_launcher_phase_capture.py",
            "severity": "warning",
            "message": "Type annotation is missing for parameter \"fault_at\"",
            "range": {
                "start": {
                    "line": 18,
                    "character": 78
                },
                "end": {
                    "line": 18,
                    "character": 86
                }
            },
            "rule": "reportMissingParameterType"
        },
        {
            "file": "/Users/runner/work/hol-guard/hol-guard/source/tests/test_priority_launcher_phase_capture.py",
            "severity": "warning",
            "message": "Type `Any` is not allowed",
            "range": {
                "start": {
                    "line": 22,
                    "character": 25
                },
                "end": {
                    "line": 22,
                    "character": 28
                }
            },
            "rule": "reportExplicitAny"
        },
        {
            "file": "/Users/runner/work/hol-guard/hol-guard/source/tests/test_priority_launcher_phase_capture.py",
            "severity": "warning",
            "message": "Type `Any` is not allowed",
            "range": {
                "start": {
                    "line": 22,
                    "character": 30
                },
                "end": {
                    "line": 22,
                    "character": 33
                }
            },
            "rule": "reportExplicitAny"
        },
        {
            "file": "/Users/runner/work/hol-guard/hol-guard/source/tests/test_priority_launcher_phase_capture.py",
            "severity": "warning",
            "message": "Type of parameter \"value\" is unknown",
            "range": {
                "start": {
                    "line": 34,
                    "character": 17
                },
                "end": {
                    "line": 34,
                    "character": 22
                }
            },
            "rule": "reportUnknownParameterType"
        },
        {
            "file": "/Users/runner/work/hol-guard/hol-guard/source/tests/test_priority_launcher_phase_capture.py",
            "severity": "warning",
            "message": "Type annotation is missing for parameter \"value\"",
            "range": {
                "start": {
                    "line": 34,
                    "character": 17
                },
                "end": {
                    "line": 34,
                    "character": 22
                }
            },
            "rule": "reportMissingParameterType"
        },
        {
            "file": "/Users/runner/work/hol-guard/hol-guard/source/tests/test_priority_launcher_phase_capture.py",
            "severity": "warning",
            "message": "Type of parameter \"absolute_deadline\" is unknown",
            "range": {
                "start": {
                    "line": 34,
                    "character": 27
                },
                "end": {
                    "line": 34,
                    "character": 44
                }
            },
            "rule": "reportUnknownParameterType"
        },
        {
            "file": "/Users/runner/work/hol-guard/hol-guard/source/tests/test_priority_launcher_phase_capture.py",
            "severity": "warning",
            "message": "Type annotation is missing for parameter \"absolute_deadline\"",
            "range": {
                "start": {
                    "line": 34,
                    "character": 27
                },
                "end": {
                    "line": 34,
                    "character": 44
                }
            },
            "rule": "reportMissingParameterType"
        },
        {
            "file": "/Users/runner/work/hol-guard/hol-guard/source/tests/test_priority_launcher_phase_capture.py",
            "severity": "warning",
            "message": "Argument type is partially unknown\n  Argument corresponds to parameter \"object\" in function \"append\"\n  Argument type is \"tuple[Unknown, Unknown]\"",
            "range": {
                "start": {
                    "line": 35,
                    "character": 24
                },
                "end": {
                    "line": 35,
                    "character": 50
                }
            },
            "rule": "reportUnknownArgumentType"
        },
        {
            "file": "/Users/runner/work/hol-guard/hol-guard/source/tests/test_priority_launcher_phase_capture.py",
            "severity": "warning",
            "message": "Type of parameter \"_row\" is unknown",
            "range": {
                "start": {
                    "line": 40,
                    "character": 15
                },
                "end": {
                    "line": 40,
                    "character": 19
                }
            },
            "rule": "reportUnknownParameterType"
        },
        {
            "file": "/Users/runner/work/hol-guard/hol-guard/source/tests/test_priority_launcher_phase_capture.py",
            "severity": "warning",
            "message": "Type annotation is missing for parameter \"_row\"",
            "range": {
                "start": {
                    "line": 40,
                    "character": 15
                },
                "end": {
                    "line": 40,
                    "character": 19
                }
            },
            "rule": "reportMissingParameterType"
        },
        {
            "file": "/Users/runner/work/hol-guard/hol-guard/source/tests/test_priority_launcher_phase_capture.py",
            "severity": "warning",
            "message": "Type of parameter \"_arguments\" is unknown",
            "range": {
                "start": {
                    "line": 44,
                    "character": 15
                },
                "end": {
                    "line": 44,
                    "character": 25
                }
            },
            "rule": "reportUnknownParameterType"
        },
        {
            "file": "/Users/runner/work/hol-guard/hol-guard/source/tests/test_priority_launcher_phase_capture.py",
            "severity": "warning",
            "message": "Type annotation is missing for parameter \"_arguments\"",
            "range": {
                "start": {
                    "line": 44,
                    "character": 15
                },
                "end": {
                    "line": 44,
                    "character": 25
                }
            },
            "rule": "reportMissingParameterType"
        },
        {
            "file": "/Users/runner/work/hol-guard/hol-guard/source/tests/test_priority_launcher_phase_capture.py",
            "severity": "warning",
            "message": "Argument type is partially unknown\n  Argument corresponds to parameter \"original\" in function \"call\"\n  Argument type is \"(value: Unknown, *, absolute_deadline: Unknown) -> object\"",
            "range": {
                "start": {
                    "line": 54,
                    "character": 20
                },
                "end": {
                    "line": 54,
                    "character": 28
                }
            },
            "rule": "reportUnknownArgumentType"
        },
        {
            "file": "/Users/runner/work/hol-guard/hol-guard/source/tests/test_priority_launcher_phase_capture.py",
            "severity": "warning",
            "message": "Argument type is partially unknown\n  Argument corresponds to parameter \"before\" in function \"call\"\n  Argument type is \"(_row: Unknown) -> None\"",
            "range": {
                "start": {
                    "line": 57,
                    "character": 27
                },
                "end": {
                    "line": 57,
                    "character": 33
                }
            },
            "rule": "reportUnknownArgumentType"
        },
        {
            "file": "/Users/runner/work/hol-guard/hol-guard/source/tests/test_priority_launcher_phase_capture.py",
            "severity": "warning",
            "message": "Argument type is partially unknown\n  Argument corresponds to parameter \"after\" in function \"call\"\n  Argument type is \"(*_arguments: Unknown) -> None\"",
            "range": {
                "start": {
                    "line": 58,
                    "character": 26
                },
                "end": {
                    "line": 58,
                    "character": 31
                }
            },
            "rule": "reportUnknownArgumentType"
        },
        {
            "file": "/Users/runner/work/hol-guard/hol-guard/source/tests/test_priority_launcher_phase_capture.py",
            "severity": "warning",
            "message": "Argument type is partially unknown\n  Argument corresponds to parameter \"original\" in function \"call\"\n  Argument type is \"(value: Unknown, *, absolute_deadline: Unknown) -> object\"",
            "range": {
                "start": {
                    "line": 66,
                    "character": 20
                },
                "end": {
                    "line": 66,
                    "character": 28
                }
            },
            "rule": "reportUnknownArgumentType"
        },
        {
            "file": "/Users/runner/work/hol-guard/hol-guard/source/tests/test_priority_launcher_phase_capture.py",
            "severity": "warning",
            "message": "Argument type is partially unknown\n  Argument corresponds to parameter \"before\" in function \"call\"\n  Argument type is \"(_row: Unknown) -> None\"",
            "range": {
                "start": {
                    "line": 69,
                    "character": 27
                },
                "end": {
                    "line": 69,
                    "character": 33
                }
            },
            "rule": "reportUnknownArgumentType"
        },
        {
            "file": "/Users/runner/work/hol-guard/hol-guard/source/tests/test_priority_launcher_phase_capture.py",
            "severity": "warning",
            "message": "Argument type is partially unknown\n  Argument corresponds to parameter \"after\" in function \"call\"\n  Argument type is \"(*_arguments: Unknown) -> None\"",
            "range": {
                "start": {
                    "line": 70,
                    "character": 26
                },
                "end": {
                    "line": 70,
                    "character": 31
                }
            },
            "rule": "reportUnknownArgumentType"
        },
        {
            "file": "/Users/runner/work/hol-guard/hol-guard/source/tests/test_priority_launcher_phase_capture.py",
            "severity": "warning",
            "message": "Result of call expression is of type \"int\" and is not used; assign to variable \"_\" if this is intentional",
            "range": {
                "start": {
                    "line": 94,
                    "character": 16
                },
                "end": {
                    "line": 94,
                    "character": 39
                }
            },
            "rule": "reportUnusedCallResult"
        },
        {
            "file": "/Users/runner/work/hol-guard/hol-guard/source/tests/test_priority_launcher_phase_capture.py",
            "severity": "warning",
            "message": "Type annotation for attribute `operation` is required because this class is not decorated with `@final`",
            "range": {
                "start": {
                    "line": 133,
                    "character": 17
                },
                "end": {
                    "line": 133,
                    "character": 26
                }
            },
            "rule": "reportUnannotatedClassAttribute"
        },
        {
            "file": "/Users/runner/work/hol-guard/hol-guard/source/tests/test_priority_launcher_phase_capture.py",
            "severity": "warning",
            "message": "Type annotation for attribute `fail` is required because this class is not decorated with `@final`",
            "range": {
                "start": {
                    "line": 134,
                    "character": 17
                },
                "end": {
                    "line": 134,
                    "character": 21
                }
            },
            "rule": "reportUnannotatedClassAttribute"
        },
        {
            "file": "/Users/runner/work/hol-guard/hol-guard/source/tests/test_priority_launcher_phase_capture.py",
            "severity": "warning",
            "message": "Method \"__setattr__\" is not marked as override but is overriding a method in class \"object\"",
            "range": {
                "start": {
                    "line": 136,
                    "character": 12
                },
                "end": {
                    "line": 136,
                    "character": 23
                }
            },
            "rule": "reportImplicitOverride"
        },
        {
            "file": "/Users/runner/work/hol-guard/hol-guard/source/tests/test_priority_launcher_phase_capture.py",
            "severity": "warning",
            "message": "Type of parameter \"name\" is unknown",
            "range": {
                "start": {
                    "line": 136,
                    "character": 30
                },
                "end": {
                    "line": 136,
                    "character": 34
                }
            },
            "rule": "reportUnknownParameterType"
        },
        {
            "file": "/Users/runner/work/hol-guard/hol-guard/source/tests/test_priority_launcher_phase_capture.py",
            "severity": "warning",
            "message": "Type annotation is missing for parameter \"name\"",
            "range": {
                "start": {
                    "line": 136,
                    "character": 30
                },
                "end": {
                    "line": 136,
                    "character": 34
                }
            },
            "rule": "reportMissingParameterType"
        },
        {
            "file": "/Users/runner/work/hol-guard/hol-guard/source/tests/test_priority_launcher_phase_capture.py",
            "severity": "warning",
            "message": "Type of parameter \"value\" is unknown",
            "range": {
                "start": {
                    "line": 136,
                    "character": 36
                },
                "end": {
                    "line": 136,
                    "character": 41
                }
            },
            "rule": "reportUnknownParameterType"
        },
        {
            "file": "/Users/runner/work/hol-guard/hol-guard/source/tests/test_priority_launcher_phase_capture.py",
            "severity": "warning",
            "message": "Type annotation is missing for parameter \"value\"",
            "range": {
                "start": {
                    "line": 136,
                    "character": 36
                },
                "end": {
                    "line": 136,
                    "character": 41
                }
            },
            "rule": "reportMissingParameterType"
        },
        {
            "file": "/Users/runner/work/hol-guard/hol-guard/source/tests/test_priority_launcher_phase_capture.py",
            "severity": "warning",
            "message": "Argument type is unknown\n  Argument corresponds to parameter \"name\" in function \"__setattr__\"",
            "range": {
                "start": {
                    "line": 137,
                    "character": 37
                },
                "end": {
                    "line": 137,
                    "character": 41
                }
            },
            "rule": "reportUnknownArgumentType"
        },
        {
            "file": "/Users/runner/work/hol-guard/hol-guard/source/tests/test_priority_launcher_phase_capture.py",
            "severity": "warning",
            "message": "Result of call expression is of type \"FrozenInput\" and is not used; assign to variable \"_\" if this is intentional",
            "range": {
                "start": {
                    "line": 179,
                    "character": 8
                },
                "end": {
                    "line": 179,
                    "character": 44
                }
            },
            "rule": "reportUnusedCallResult"
        },
        {
            "file": "/Users/runner/work/hol-guard/hol-guard/source/tests/test_priority_launcher_phase_capture.py",
            "severity": "warning",
            "message": "Type of parameter \"field\" is unknown",
            "range": {
                "start": {
                    "line": 193,
                    "character": 55
                },
                "end": {
                    "line": 193,
                    "character": 60
                }
            },
            "rule": "reportUnknownParameterType"
        },
        {
            "file": "/Users/runner/work/hol-guard/hol-guard/source/tests/test_priority_launcher_phase_capture.py",
            "severity": "warning",
            "message": "Type annotation is missing for parameter \"field\"",
            "range": {
                "start": {
                    "line": 193,
                    "character": 55
                },
                "end": {
                    "line": 193,
                    "character": 60
                }
            },
            "rule": "reportMissingParameterType"
        },
        {
            "file": "/Users/runner/work/hol-guard/hol-guard/source/tests/test_priority_launcher_phase_capture.py",
            "severity": "warning",
            "message": "Type of parameter \"value\" is unknown",
            "range": {
                "start": {
                    "line": 193,
                    "character": 62
                },
                "end": {
                    "line": 193,
                    "character": 67
                }
            },
            "rule": "reportUnknownParameterType"
        },
        {
            "file": "/Users/runner/work/hol-guard/hol-guard/source/tests/test_priority_launcher_phase_capture.py",
            "severity": "warning",
            "message": "Type annotation is missing for parameter \"value\"",
            "range": {
                "start": {
                    "line": 193,
                    "character": 62
                },
                "end": {
                    "line": 193,
                    "character": 67
                }
            },
            "rule": "reportMissingParameterType"
        },
        {
            "file": "/Users/runner/work/hol-guard/hol-guard/source/tests/test_priority_launcher_phase_capture.py",
            "severity": "warning",
            "message": "Result of call expression is of type \"FrozenInput\" and is not used; assign to variable \"_\" if this is intentional",
            "range": {
                "start": {
                    "line": 197,
                    "character": 8
                },
                "end": {
                    "line": 197,
                    "character": 38
                }
            },
            "rule": "reportUnusedCallResult"
        },
        {
            "file": "/Users/runner/work/hol-guard/hol-guard/source/tests/test_priority_launcher_phase_capture.py",
            "severity": "warning",
            "message": "Result of call expression is of type \"FrozenInput\" and is not used; assign to variable \"_\" if this is intentional",
            "range": {
                "start": {
                    "line": 213,
                    "character": 8
                },
                "end": {
                    "line": 213,
                    "character": 48
                }
            },
            "rule": "reportUnusedCallResult"
        },
        {
            "file": "/Users/runner/work/hol-guard/hol-guard/source/tests/test_priority_launcher_phase_capture.py",
            "severity": "warning",
            "message": "Method \"items\" is not marked as override but is overriding a method in class \"dict[str, object]\"",
            "range": {
                "start": {
                    "line": 218,
                    "character": 12
                },
                "end": {
                    "line": 218,
                    "character": 17
                }
            },
            "rule": "reportImplicitOverride"
        },
        {
            "file": "/Users/runner/work/hol-guard/hol-guard/source/tests/test_priority_launcher_phase_capture.py",
            "severity": "warning",
            "message": "Method \"__iter__\" is not marked as override but is overriding a method in class \"dict[str, object]\"",
            "range": {
                "start": {
                    "line": 221,
                    "character": 12
                },
                "end": {
                    "line": 221,
                    "character": 20
                }
            },
            "rule": "reportImplicitOverride"
        },
        {
            "file": "/Users/runner/work/hol-guard/hol-guard/source/tests/test_priority_launcher_phase_capture.py",
            "severity": "warning",
            "message": "Result of call expression is of type \"FrozenInput\" and is not used; assign to variable \"_\" if this is intentional",
            "range": {
                "start": {
                    "line": 225,
                    "character": 8
                },
                "end": {
                    "line": 225,
                    "character": 45
                }
            },
            "rule": "reportUnusedCallResult"
        },
        {
            "file": "/Users/runner/work/hol-guard/hol-guard/source/tests/test_priority_launcher_phase_capture.py",
            "severity": "warning",
            "message": "Result of call expression is of type \"FrozenInput\" and is not used; assign to variable \"_\" if this is intentional",
            "range": {
                "start": {
                    "line": 229,
                    "character": 8
                },
                "end": {
                    "line": 229,
                    "character": 44
                }
            },
            "rule": "reportUnusedCallResult"
        },
        {
            "file": "/Users/runner/work/hol-guard/hol-guard/source/tests/test_priority_launcher_phase_capture.py",
            "severity": "warning",
            "message": "Type of parameter \"value\" is unknown",
            "range": {
                "start": {
                    "line": 233,
                    "character": 59
                },
                "end": {
                    "line": 233,
                    "character": 64
                }
            },
            "rule": "reportUnknownParameterType"
        },
        {
            "file": "/Users/runner/work/hol-guard/hol-guard/source/tests/test_priority_launcher_phase_capture.py",
            "severity": "warning",
            "message": "Type annotation is missing for parameter \"value\"",
            "range": {
                "start": {
                    "line": 233,
                    "character": 59
                },
                "end": {
                    "line": 233,
                    "character": 64
                }
            },
            "rule": "reportMissingParameterType"
        },
        {
            "file": "/Users/runner/work/hol-guard/hol-guard/source/tests/test_priority_launcher_phase_capture.py",
            "severity": "warning",
            "message": "Result of call expression is of type \"dict[str, Any]\" and is not used; assign to variable \"_\" if this is intentional",
            "range": {
                "start": {
                    "line": 235,
                    "character": 8
                },
                "end": {
                    "line": 235,
                    "character": 26
                }
            },
            "rule": "reportUnusedCallResult"
        },
        {
            "file": "/Users/runner/work/hol-guard/hol-guard/source/tests/test_priority_launcher_phase_capture.py",
            "severity": "warning",
            "message": "Argument type is unknown\n  Argument corresponds to parameter \"value\" in function \"parse_input\"",
            "range": {
                "start": {
                    "line": 235,
                    "character": 20
                },
                "end": {
                    "line": 235,
                    "character": 25
                }
            },
            "rule": "reportUnknownArgumentType"
        },
        {
            "file": "/Users/runner/work/hol-guard/hol-guard/source/tests/test_priority_launcher_phase_capture.py",
            "severity": "warning",
            "message": "Argument type is partially unknown\n  Argument corresponds to parameter \"original\" in function \"call\"\n  Argument type is \"(value: Unknown) -> Unknown\"",
            "range": {
                "start": {
                    "line": 279,
                    "character": 44
                },
                "end": {
                    "line": 279,
                    "character": 63
                }
            },
            "rule": "reportUnknownArgumentType"
        },
        {
            "file": "/Users/runner/work/hol-guard/hol-guard/source/tests/test_priority_launcher_phase_capture.py",
            "severity": "warning",
            "message": "Type of parameter \"value\" is unknown",
            "range": {
                "start": {
                    "line": 279,
                    "character": 51
                },
                "end": {
                    "line": 279,
                    "character": 56
                }
            },
            "rule": "reportUnknownLambdaType"
        },
        {
            "file": "/Users/runner/work/hol-guard/hol-guard/source/tests/test_priority_launcher_phase_capture.py",
            "severity": "warning",
            "message": "Return type of lambda is unknown",
            "range": {
                "start": {
                    "line": 279,
                    "character": 58
                },
                "end": {
                    "line": 279,
                    "character": 63
                }
            },
            "rule": "reportUnknownLambdaType"
        },
        {
            "file": "/Users/runner/work/hol-guard/hol-guard/source/tests/test_priority_launcher_phase_capture.py",
            "severity": "warning",
            "message": "Result of call expression is of type \"Row | None\" and is not used; assign to variable \"_\" if this is intentional",
            "range": {
                "start": {
                    "line": 284,
                    "character": 8
                },
                "end": {
                    "line": 284,
                    "character": 38
                }
            },
            "rule": "reportUnusedCallResult"
        },
        {
            "file": "/Users/runner/work/hol-guard/hol-guard/source/tests/test_priority_launcher_phase_forwarding.py",
            "severity": "warning",
            "message": "Type `Any` is not allowed",
            "range": {
                "start": {
                    "line": 38,
                    "character": 26
                },
                "end": {
                    "line": 38,
                    "character": 29
                }
            },
            "rule": "reportExplicitAny"
        },
        {
            "file": "/Users/runner/work/hol-guard/hol-guard/source/tests/test_priority_launcher_phase_forwarding.py",
            "severity": "warning",
            "message": "Type of parameter \"receipt\" is unknown",
            "range": {
                "start": {
                    "line": 40,
                    "character": 46
                },
                "end": {
                    "line": 40,
                    "character": 53
                }
            },
            "rule": "reportUnknownLambdaType"
        },
        {
            "file": "/Users/runner/work/hol-guard/hol-guard/source/tests/test_priority_launcher_phase_forwarding.py",
            "severity": "warning",
            "message": "Argument type is partially unknown\n  Argument corresponds to parameter \"object\" in function \"append\"\n  Argument type is \"tuple[Literal['receipt'], Unknown]\"",
            "range": {
                "start": {
                    "line": 40,
                    "character": 67
                },
                "end": {
                    "line": 40,
                    "character": 87
                }
            },
            "rule": "reportUnknownArgumentType"
        },
        {
            "file": "/Users/runner/work/hol-guard/hol-guard/source/tests/test_priority_launcher_phase_forwarding.py",
            "severity": "warning",
            "message": "Type of parameter \"kwargs\" is partially unknown",
            "range": {
                "start": {
                    "line": 41,
                    "character": 41
                },
                "end": {
                    "line": 41,
                    "character": 47
                }
            },
            "rule": "reportUnknownLambdaType"
        },
        {
            "file": "/Users/runner/work/hol-guard/hol-guard/source/tests/test_priority_launcher_phase_forwarding.py",
            "severity": "warning",
            "message": "Argument type is partially unknown\n  Argument corresponds to parameter \"object\" in function \"append\"\n  Argument type is \"tuple[Literal['activity'], dict[str, Unknown]]\"",
            "range": {
                "start": {
                    "line": 41,
                    "character": 61
                },
                "end": {
                    "line": 41,
                    "character": 81
                }
            },
            "rule": "reportUnknownArgumentType"
        },
        {
            "file": "/Users/runner/work/hol-guard/hol-guard/source/tests/test_priority_launcher_phase_forwarding.py",
            "severity": "warning",
            "message": "Type of parameter \"self\" is unknown",
            "range": {
                "start": {
                    "line": 43,
                    "character": 52
                },
                "end": {
                    "line": 43,
                    "character": 56
                }
            },
            "rule": "reportUnknownLambdaType"
        },
        {
            "file": "/Users/runner/work/hol-guard/hol-guard/source/tests/test_priority_launcher_phase_forwarding.py",
            "severity": "warning",
            "message": "Type of parameter \"kwargs\" is partially unknown",
            "range": {
                "start": {
                    "line": 43,
                    "character": 60
                },
                "end": {
                    "line": 43,
                    "character": 66
                }
            },
            "rule": "reportUnknownLambdaType"
        },
        {
            "file": "/Users/runner/work/hol-guard/hol-guard/source/tests/test_priority_launcher_phase_forwarding.py",
            "severity": "warning",
            "message": "Return type of lambda is unknown",
            "range": {
                "start": {
                    "line": 43,
                    "character": 68
                },
                "end": {
                    "line": 43,
                    "character": 106
                }
            },
            "rule": "reportUnknownLambdaType"
        },
        {
            "file": "/Users/runner/work/hol-guard/hol-guard/source/tests/test_priority_launcher_phase_forwarding.py",
            "severity": "warning",
            "message": "Argument type is partially unknown\n  Argument corresponds to parameter \"object\" in function \"append\"\n  Argument type is \"tuple[Literal['lease'], dict[str, Unknown]]\"",
            "range": {
                "start": {
                    "line": 43,
                    "character": 80
                },
                "end": {
                    "line": 43,
                    "character": 97
                }
            },
            "rule": "reportUnknownArgumentType"
        },
        {
            "file": "/Users/runner/work/hol-guard/hol-guard/source/tests/test_priority_launcher_phase_forwarding.py",
            "severity": "warning",
            "message": "Type `Any` is not allowed",
            "range": {
                "start": {
                    "line": 44,
                    "character": 10
                },
                "end": {
                    "line": 44,
                    "character": 13
                }
            },
            "rule": "reportExplicitAny"
        },
        {
            "file": "/Users/runner/work/hol-guard/hol-guard/source/tests/test_priority_launcher_phase_forwarding.py",
            "severity": "warning",
            "message": "Type of parameter \"kwargs\" is partially unknown",
            "range": {
                "start": {
                    "line": 52,
                    "character": 39
                },
                "end": {
                    "line": 52,
                    "character": 45
                }
            },
            "rule": "reportUnknownLambdaType"
        },
        {
            "file": "/Users/runner/work/hol-guard/hol-guard/source/tests/test_priority_launcher_phase_forwarding.py",
            "severity": "warning",
            "message": "Type of parameter \"value\" is unknown",
            "range": {
                "start": {
                    "line": 53,
                    "character": 28
                },
                "end": {
                    "line": 53,
                    "character": 33
                }
            },
            "rule": "reportUnknownLambdaType"
        },
        {
            "file": "/Users/runner/work/hol-guard/hol-guard/source/tests/test_priority_launcher_phase_forwarding.py",
            "severity": "warning",
            "message": "Argument type is partially unknown\n  Argument corresponds to parameter \"object\" in function \"append\"\n  Argument type is \"tuple[Literal['decode'], Unknown]\"",
            "range": {
                "start": {
                    "line": 53,
                    "character": 47
                },
                "end": {
                    "line": 53,
                    "character": 64
                }
            },
            "rule": "reportUnknownArgumentType"
        },
        {
            "file": "/Users/runner/work/hol-guard/hol-guard/source/tests/test_priority_launcher_phase_forwarding.py",
            "severity": "warning",
            "message": "Type of parameter \"kwargs\" is unknown",
            "range": {
                "start": {
                    "line": 56,
                    "character": 19
                },
                "end": {
                    "line": 56,
                    "character": 25
                }
            },
            "rule": "reportUnknownParameterType"
        },
        {
            "file": "/Users/runner/work/hol-guard/hol-guard/source/tests/test_priority_launcher_phase_forwarding.py",
            "severity": "warning",
            "message": "Type annotation is missing for parameter \"kwargs\"",
            "range": {
                "start": {
                    "line": 56,
                    "character": 19
                },
                "end": {
                    "line": 56,
                    "character": 25
                }
            },
            "rule": "reportMissingParameterType"
        },
        {
            "file": "/Users/runner/work/hol-guard/hol-guard/source/tests/test_priority_launcher_phase_forwarding.py",
            "severity": "warning",
            "message": "Type of \"_lease\" is Any",
            "range": {
                "start": {
                    "line": 57,
                    "character": 8
                },
                "end": {
                    "line": 57,
                    "character": 19
                }
            },
            "rule": "reportAny"
        },
        {
            "file": "/Users/runner/work/hol-guard/hol-guard/source/tests/test_priority_launcher_phase_forwarding.py",
            "severity": "warning",
            "message": "Type of parameter \"args\" is partially unknown",
            "range": {
                "start": {
                    "line": 62,
                    "character": 41
                },
                "end": {
                    "line": 62,
                    "character": 45
                }
            },
            "rule": "reportUnknownLambdaType"
        },
        {
            "file": "/Users/runner/work/hol-guard/hol-guard/source/tests/test_priority_launcher_phase_forwarding.py",
            "severity": "warning",
            "message": "Type of parameter \"kwargs\" is partially unknown",
            "range": {
                "start": {
                    "line": 62,
                    "character": 49
                },
                "end": {
                    "line": 62,
                    "character": 55
                }
            },
            "rule": "reportUnknownLambdaType"
        },
        {
            "file": "/Users/runner/work/hol-guard/hol-guard/source/tests/test_priority_launcher_phase_forwarding.py",
            "severity": "warning",
            "message": "Return type is Any",
            "range": {
                "start": {
                    "line": 65,
                    "character": 8
                },
                "end": {
                    "line": 65,
                    "character": 11
                }
            },
            "rule": "reportAny"
        },
        {
            "file": "/Users/runner/work/hol-guard/hol-guard/source/tests/test_priority_launcher_phase_forwarding.py",
            "severity": "warning",
            "message": "Type of parameter \"kwargs\" is unknown",
            "range": {
                "start": {
                    "line": 65,
                    "character": 14
                },
                "end": {
                    "line": 65,
                    "character": 20
                }
            },
            "rule": "reportUnknownParameterType"
        },
        {
            "file": "/Users/runner/work/hol-guard/hol-guard/source/tests/test_priority_launcher_phase_forwarding.py",
            "severity": "warning",
            "message": "Type annotation is missing for parameter \"kwargs\"",
            "range": {
                "start": {
                    "line": 65,
                    "character": 14
                },
                "end": {
                    "line": 65,
                    "character": 20
                }
            },
            "rule": "reportMissingParameterType"
        },
        {
            "file": "/Users/runner/work/hol-guard/hol-guard/source/tests/test_priority_launcher_phase_forwarding.py",
            "severity": "warning",
            "message": "Type of \"native_runtime_status\" is Any",
            "range": {
                "start": {
                    "line": 66,
                    "character": 8
                },
                "end": {
                    "line": 66,
                    "character": 34
                }
            },
            "rule": "reportAny"
        },
        {
            "file": "/Users/runner/work/hol-guard/hol-guard/source/tests/test_priority_launcher_phase_forwarding.py",
            "severity": "warning",
            "message": "Type of \"encoded\" is Any",
            "range": {
                "start": {
                    "line": 67,
                    "character": 8
                },
                "end": {
                    "line": 67,
                    "character": 15
                }
            },
            "rule": "reportAny"
        },
        {
            "file": "/Users/runner/work/hol-guard/hol-guard/source/tests/test_priority_launcher_phase_forwarding.py",
            "severity": "warning",
            "message": "Type of \"_encode_hook_envelope\" is Any",
            "range": {
                "start": {
                    "line": 67,
                    "character": 18
                },
                "end": {
                    "line": 67,
                    "character": 44
                }
            },
            "rule": "reportAny"
        },
        {
            "file": "/Users/runner/work/hol-guard/hol-guard/source/tests/test_priority_launcher_phase_forwarding.py",
            "severity": "warning",
            "message": "Type of \"reply\" is Any",
            "range": {
                "start": {
                    "line": 68,
                    "character": 8
                },
                "end": {
                    "line": 68,
                    "character": 13
                }
            },
            "rule": "reportAny"
        },
        {
            "file": "/Users/runner/work/hol-guard/hol-guard/source/tests/test_priority_launcher_phase_forwarding.py",
            "severity": "warning",
            "message": "Type of \"native_resident_client_request\" is Any",
            "range": {
                "start": {
                    "line": 68,
                    "character": 16
                },
                "end": {
                    "line": 68,
                    "character": 51
                }
            },
            "rule": "reportAny"
        },
        {
            "file": "/Users/runner/work/hol-guard/hol-guard/source/tests/test_priority_launcher_phase_forwarding.py",
            "severity": "warning",
            "message": "Type of \"_decode_edge\" is Any",
            "range": {
                "start": {
                    "line": 69,
                    "character": 15
                },
                "end": {
                    "line": 69,
                    "character": 32
                }
            },
            "rule": "reportAny"
        },
        {
            "file": "/Users/runner/work/hol-guard/hol-guard/source/tests/test_priority_launcher_phase_forwarding.py",
            "severity": "warning",
            "message": "Return type is Any",
            "range": {
                "start": {
                    "line": 69,
                    "character": 15
                },
                "end": {
                    "line": 69,
                    "character": 51
                }
            },
            "rule": "reportAny"
        },
        {
            "file": "/Users/runner/work/hol-guard/hol-guard/source/tests/test_priority_launcher_phase_forwarding.py",
            "severity": "warning",
            "message": "Argument type is Any\n  Argument corresponds to parameter \"s\" in function \"loads\"",
            "range": {
                "start": {
                    "line": 69,
                    "character": 44
                },
                "end": {
                    "line": 69,
                    "character": 49
                }
            },
            "rule": "reportAny"
        },
        {
            "file": "/Users/runner/work/hol-guard/hol-guard/source/tests/test_priority_launcher_phase_forwarding.py",
            "severity": "warning",
            "message": "Type of parameter \"kwargs\" is unknown",
            "range": {
                "start": {
                    "line": 73,
                    "character": 17
                },
                "end": {
                    "line": 73,
                    "character": 23
                }
            },
            "rule": "reportUnknownParameterType"
        },
        {
            "file": "/Users/runner/work/hol-guard/hol-guard/source/tests/test_priority_launcher_phase_forwarding.py",
            "severity": "warning",
            "message": "Type annotation is missing for parameter \"kwargs\"",
            "range": {
                "start": {
                    "line": 73,
                    "character": 17
                },
                "end": {
                    "line": 73,
                    "character": 23
                }
            },
            "rule": "reportMissingParameterType"
        },
        {
            "file": "/Users/runner/work/hol-guard/hol-guard/source/tests/test_priority_launcher_phase_forwarding.py",
            "severity": "warning",
            "message": "Argument type is partially unknown\n  Argument corresponds to parameter \"object\" in function \"append\"\n  Argument type is \"tuple[Literal['worker_payload'], Unknown]\"",
            "range": {
                "start": {
                    "line": 74,
                    "character": 20
                },
                "end": {
                    "line": 74,
                    "character": 57
                }
            },
            "rule": "reportUnknownArgumentType"
        },
        {
            "file": "/Users/runner/work/hol-guard/hol-guard/source/tests/test_priority_launcher_phase_forwarding.py",
            "severity": "warning",
            "message": "Type of \"prepare_workspace_policy\" is Any",
            "range": {
                "start": {
                    "line": 75,
                    "character": 8
                },
                "end": {
                    "line": 75,
                    "character": 39
                }
            },
            "rule": "reportAny"
        },
        {
            "file": "/Users/runner/work/hol-guard/hol-guard/source/tests/test_priority_launcher_phase_forwarding.py",
            "severity": "warning",
            "message": "Type of \"result\" is Any",
            "range": {
                "start": {
                    "line": 76,
                    "character": 8
                },
                "end": {
                    "line": 76,
                    "character": 14
                }
            },
            "rule": "reportAny"
        },
        {
            "file": "/Users/runner/work/hol-guard/hol-guard/source/tests/test_priority_launcher_phase_forwarding.py",
            "severity": "warning",
            "message": "Type of \"_review_raw_hook_native\" is Any",
            "range": {
                "start": {
                    "line": 76,
                    "character": 17
                },
                "end": {
                    "line": 76,
                    "character": 47
                }
            },
            "rule": "reportAny"
        },
        {
            "file": "/Users/runner/work/hol-guard/hol-guard/source/tests/test_priority_launcher_phase_forwarding.py",
            "severity": "warning",
            "message": "Type of \"submit_native_decision_receipt\" is Any",
            "range": {
                "start": {
                    "line": 77,
                    "character": 8
                },
                "end": {
                    "line": 77,
                    "character": 45
                }
            },
            "rule": "reportAny"
        },
        {
            "file": "/Users/runner/work/hol-guard/hol-guard/source/tests/test_priority_launcher_phase_forwarding.py",
            "severity": "warning",
            "message": "Type of \"submit_command_activity\" is Any",
            "range": {
                "start": {
                    "line": 78,
                    "character": 8
                },
                "end": {
                    "line": 78,
                    "character": 38
                }
            },
            "rule": "reportAny"
        },
        {
            "file": "/Users/runner/work/hol-guard/hol-guard/source/tests/test_priority_launcher_phase_forwarding.py",
            "severity": "warning",
            "message": "Type of parameter \"kwargs\" is partially unknown",
            "range": {
                "start": {
                    "line": 84,
                    "character": 49
                },
                "end": {
                    "line": 84,
                    "character": 55
                }
            },
            "rule": "reportUnknownLambdaType"
        },
        {
            "file": "/Users/runner/work/hol-guard/hol-guard/source/tests/test_priority_launcher_phase_forwarding.py",
            "severity": "warning",
            "message": "Type of parameter \"handler\" is unknown",
            "range": {
                "start": {
                    "line": 92,
                    "character": 16
                },
                "end": {
                    "line": 92,
                    "character": 23
                }
            },
            "rule": "reportUnknownParameterType"
        },
        {
            "file": "/Users/runner/work/hol-guard/hol-guard/source/tests/test_priority_launcher_phase_forwarding.py",
            "severity": "warning",
            "message": "Type annotation is missing for parameter \"handler\"",
            "range": {
                "start": {
                    "line": 92,
                    "character": 16
                },
                "end": {
                    "line": 92,
                    "character": 23
                }
            },
            "rule": "reportMissingParameterType"
        },
        {
            "file": "/Users/runner/work/hol-guard/hol-guard/source/tests/test_priority_launcher_phase_forwarding.py",
            "severity": "warning",
            "message": "\"handler\" is not accessed",
            "range": {
                "start": {
                    "line": 92,
                    "character": 16
                },
                "end": {
                    "line": 92,
                    "character": 23
                }
            },
            "rule": "reportUnusedParameter"
        },
        {
            "file": "/Users/runner/work/hol-guard/hol-guard/source/tests/test_priority_launcher_phase_forwarding.py",
            "severity": "warning",
            "message": "Type of parameter \"owned\" is unknown",
            "range": {
                "start": {
                    "line": 92,
                    "character": 25
                },
                "end": {
                    "line": 92,
                    "character": 30
                }
            },
            "rule": "reportUnknownParameterType"
        },
        {
            "file": "/Users/runner/work/hol-guard/hol-guard/source/tests/test_priority_launcher_phase_forwarding.py",
            "severity": "warning",
            "message": "Type annotation is missing for parameter \"owned\"",
            "range": {
                "start": {
                    "line": 92,
                    "character": 25
                },
                "end": {
                    "line": 92,
                    "character": 30
                }
            },
            "rule": "reportMissingParameterType"
        },
        {
            "file": "/Users/runner/work/hol-guard/hol-guard/source/tests/test_priority_launcher_phase_forwarding.py",
            "severity": "warning",
            "message": "Type of parameter \"payload\" is unknown",
            "range": {
                "start": {
                    "line": 92,
                    "character": 32
                },
                "end": {
                    "line": 92,
                    "character": 39
                }
            },
            "rule": "reportUnknownParameterType"
        },
        {
            "file": "/Users/runner/work/hol-guard/hol-guard/source/tests/test_priority_launcher_phase_forwarding.py",
            "severity": "warning",
            "message": "Type annotation is missing for parameter \"payload\"",
            "range": {
                "start": {
                    "line": 92,
                    "character": 32
                },
                "end": {
                    "line": 92,
                    "character": 39
                }
            },
            "rule": "reportMissingParameterType"
        },
        {
            "file": "/Users/runner/work/hol-guard/hol-guard/source/tests/test_priority_launcher_phase_forwarding.py",
            "severity": "warning",
            "message": "Type of parameter \"params\" is unknown",
            "range": {
                "start": {
                    "line": 92,
                    "character": 41
                },
                "end": {
                    "line": 92,
                    "character": 47
                }
            },
            "rule": "reportUnknownParameterType"
        },
        {
            "file": "/Users/runner/work/hol-guard/hol-guard/source/tests/test_priority_launcher_phase_forwarding.py",
            "severity": "warning",
            "message": "Type annotation is missing for parameter \"params\"",
            "range": {
                "start": {
                    "line": 92,
                    "character": 41
                },
                "end": {
                    "line": 92,
                    "character": 47
                }
            },
            "rule": "reportMissingParameterType"
        },
        {
            "file": "/Users/runner/work/hol-guard/hol-guard/source/tests/test_priority_launcher_phase_forwarding.py",
            "severity": "warning",
            "message": "\"params\" is not accessed",
            "range": {
                "start": {
                    "line": 92,
                    "character": 41
                },
                "end": {
                    "line": 92,
                    "character": 47
                }
            },
            "rule": "reportUnusedParameter"
        },
        {
            "file": "/Users/runner/work/hol-guard/hol-guard/source/tests/test_priority_launcher_phase_forwarding.py",
            "severity": "warning",
            "message": "Type of parameter \"default\" is unknown",
            "range": {
                "start": {
                    "line": 92,
                    "character": 49
                },
                "end": {
                    "line": 92,
                    "character": 56
                }
            },
            "rule": "reportUnknownParameterType"
        },
        {
            "file": "/Users/runner/work/hol-guard/hol-guard/source/tests/test_priority_launcher_phase_forwarding.py",
            "severity": "warning",
            "message": "Type annotation is missing for parameter \"default\"",
            "range": {
                "start": {
                    "line": 92,
                    "character": 49
                },
                "end": {
                    "line": 92,
                    "character": 56
                }
            },
            "rule": "reportMissingParameterType"
        },
        {
            "file": "/Users/runner/work/hol-guard/hol-guard/source/tests/test_priority_launcher_phase_forwarding.py",
            "severity": "warning",
            "message": "\"default\" is not accessed",
            "range": {
                "start": {
                    "line": 92,
                    "character": 49
                },
                "end": {
                    "line": 92,
                    "character": 56
                }
            },
            "rule": "reportUnusedParameter"
        },
        {
            "file": "/Users/runner/work/hol-guard/hol-guard/source/tests/test_priority_launcher_phase_forwarding.py",
            "severity": "warning",
            "message": "Type of parameter \"workspace\" is unknown",
            "range": {
                "start": {
                    "line": 92,
                    "character": 58
                },
                "end": {
                    "line": 92,
                    "character": 67
                }
            },
            "rule": "reportUnknownParameterType"
        },
        {
            "file": "/Users/runner/work/hol-guard/hol-guard/source/tests/test_priority_launcher_phase_forwarding.py",
            "severity": "warning",
            "message": "Type annotation is missing for parameter \"workspace\"",
            "range": {
                "start": {
                    "line": 92,
                    "character": 58
                },
                "end": {
                    "line": 92,
                    "character": 67
                }
            },
            "rule": "reportMissingParameterType"
        },
        {
            "file": "/Users/runner/work/hol-guard/hol-guard/source/tests/test_priority_launcher_phase_forwarding.py",
            "severity": "warning",
            "message": "\"workspace\" is not accessed",
            "range": {
                "start": {
                    "line": 92,
                    "character": 58
                },
                "end": {
                    "line": 92,
                    "character": 67
                }
            },
            "rule": "reportUnusedParameter"
        },
        {
            "file": "/Users/runner/work/hol-guard/hol-guard/source/tests/test_priority_launcher_phase_forwarding.py",
            "severity": "warning",
            "message": "Type of parameter \"deadline\" is unknown",
            "range": {
                "start": {
                    "line": 92,
                    "character": 69
                },
                "end": {
                    "line": 92,
                    "character": 77
                }
            },
            "rule": "reportUnknownParameterType"
        },
        {
            "file": "/Users/runner/work/hol-guard/hol-guard/source/tests/test_priority_launcher_phase_forwarding.py",
            "severity": "warning",
            "message": "Type annotation is missing for parameter \"deadline\"",
            "range": {
                "start": {
                    "line": 92,
                    "character": 69
                },
                "end": {
                    "line": 92,
                    "character": 77
                }
            },
            "rule": "reportMissingParameterType"
        },
        {
            "file": "/Users/runner/work/hol-guard/hol-guard/source/tests/test_priority_launcher_phase_forwarding.py",
            "severity": "warning",
            "message": "Argument type is partially unknown\n  Argument corresponds to parameter \"object\" in function \"append\"\n  Argument type is \"tuple[Literal['admission_payload'], Unknown]\"",
            "range": {
                "start": {
                    "line": 93,
                    "character": 20
                },
                "end": {
                    "line": 93,
                    "character": 50
                }
            },
            "rule": "reportUnknownArgumentType"
        },
        {
            "file": "/Users/runner/work/hol-guard/hol-guard/source/tests/test_priority_launcher_phase_forwarding.py",
            "severity": "warning",
            "message": "Type of \"hook_worker\" is unknown",
            "range": {
                "start": {
                    "line": 94,
                    "character": 8
                },
                "end": {
                    "line": 94,
                    "character": 25
                }
            },
            "rule": "reportUnknownMemberType"
        },
        {
            "file": "/Users/runner/work/hol-guard/hol-guard/source/tests/test_priority_launcher_phase_forwarding.py",
            "severity": "warning",
            "message": "Type of \"prepare_workspace_policy\" is unknown",
            "range": {
                "start": {
                    "line": 94,
                    "character": 8
                },
                "end": {
                    "line": 94,
                    "character": 50
                }
            },
            "rule": "reportUnknownMemberType"
        },
        {
            "file": "/Users/runner/work/hol-guard/hol-guard/source/tests/test_priority_launcher_phase_forwarding.py",
            "severity": "warning",
            "message": "Type of parameter \"owned\" is unknown",
            "range": {
                "start": {
                    "line": 100,
                    "character": 27
                },
                "end": {
                    "line": 100,
                    "character": 32
                }
            },
            "rule": "reportUnknownParameterType"
        },
        {
            "file": "/Users/runner/work/hol-guard/hol-guard/source/tests/test_priority_launcher_phase_forwarding.py",
            "severity": "warning",
            "message": "Type annotation is missing for parameter \"owned\"",
            "range": {
                "start": {
                    "line": 100,
                    "character": 27
                },
                "end": {
                    "line": 100,
                    "character": 32
                }
            },
            "rule": "reportMissingParameterType"
        },
        {
            "file": "/Users/runner/work/hol-guard/hol-guard/source/tests/test_priority_launcher_phase_forwarding.py",
            "severity": "warning",
            "message": "Type annotation for attribute `server` is required because this class is not decorated with `@final`",
            "range": {
                "start": {
                    "line": 101,
                    "character": 17
                },
                "end": {
                    "line": 101,
                    "character": 23
                }
            },
            "rule": "reportUnannotatedClassAttribute"
        },
        {
            "file": "/Users/runner/work/hol-guard/hol-guard/source/tests/test_priority_launcher_phase_forwarding.py",
            "severity": "warning",
            "message": "Return type, \"Unknown | None\", is partially unknown",
            "range": {
                "start": {
                    "line": 103,
                    "character": 12
                },
                "end": {
                    "line": 103,
                    "character": 32
                }
            },
            "rule": "reportUnknownParameterType"
        },
        {
            "file": "/Users/runner/work/hol-guard/hol-guard/source/tests/test_priority_launcher_phase_forwarding.py",
            "severity": "warning",
            "message": "Type of parameter \"payload\" is unknown",
            "range": {
                "start": {
                    "line": 103,
                    "character": 39
                },
                "end": {
                    "line": 103,
                    "character": 46
                }
            },
            "rule": "reportUnknownParameterType"
        },
        {
            "file": "/Users/runner/work/hol-guard/hol-guard/source/tests/test_priority_launcher_phase_forwarding.py",
            "severity": "warning",
            "message": "Type annotation is missing for parameter \"payload\"",
            "range": {
                "start": {
                    "line": 103,
                    "character": 39
                },
                "end": {
                    "line": 103,
                    "character": 46
                }
            },
            "rule": "reportMissingParameterType"
        },
        {
            "file": "/Users/runner/work/hol-guard/hol-guard/source/tests/test_priority_launcher_phase_forwarding.py",
            "severity": "warning",
            "message": "Type of parameter \"query\" is unknown",
            "range": {
                "start": {
                    "line": 103,
                    "character": 48
                },
                "end": {
                    "line": 103,
                    "character": 53
                }
            },
            "rule": "reportUnknownParameterType"
        },
        {
            "file": "/Users/runner/work/hol-guard/hol-guard/source/tests/test_priority_launcher_phase_forwarding.py",
            "severity": "warning",
            "message": "Type annotation is missing for parameter \"query\"",
            "range": {
                "start": {
                    "line": 103,
                    "character": 48
                },
                "end": {
                    "line": 103,
                    "character": 53
                }
            },
            "rule": "reportMissingParameterType"
        },
        {
            "file": "/Users/runner/work/hol-guard/hol-guard/source/tests/test_priority_launcher_phase_forwarding.py",
            "severity": "warning",
            "message": "\"query\" is not accessed",
            "range": {
                "start": {
                    "line": 103,
                    "character": 48
                },
                "end": {
                    "line": 103,
                    "character": 53
                }
            },
            "rule": "reportUnusedParameter"
        },
        {
            "file": "/Users/runner/work/hol-guard/hol-guard/source/tests/test_priority_launcher_phase_forwarding.py",
            "severity": "warning",
            "message": "Type of parameter \"default_harness\" is unknown",
            "range": {
                "start": {
                    "line": 103,
                    "character": 58
                },
                "end": {
                    "line": 103,
                    "character": 73
                }
            },
            "rule": "reportUnknownParameterType"
        },
        {
            "file": "/Users/runner/work/hol-guard/hol-guard/source/tests/test_priority_launcher_phase_forwarding.py",
            "severity": "warning",
            "message": "Type annotation is missing for parameter \"default_harness\"",
            "range": {
                "start": {
                    "line": 103,
                    "character": 58
                },
                "end": {
                    "line": 103,
                    "character": 73
                }
            },
            "rule": "reportMissingParameterType"
        },
        {
            "file": "/Users/runner/work/hol-guard/hol-guard/source/tests/test_priority_launcher_phase_forwarding.py",
            "severity": "warning",
            "message": "Argument type is partially unknown\n  Argument corresponds to parameter \"object\" in function \"append\"\n  Argument type is \"tuple[Literal['handler_payload'], Unknown]\"",
            "range": {
                "start": {
                    "line": 104,
                    "character": 24
                },
                "end": {
                    "line": 104,
                    "character": 52
                }
            },
            "rule": "reportUnknownArgumentType"
        },
        {
            "file": "/Users/runner/work/hol-guard/hol-guard/source/tests/test_priority_launcher_phase_forwarding.py",
            "severity": "warning",
            "message": "Type of \"prepare_native_hook_policy\" is Any",
            "range": {
                "start": {
                    "line": 107,
                    "character": 19
                },
                "end": {
                    "line": 107,
                    "character": 52
                }
            },
            "rule": "reportAny"
        },
        {
            "file": "/Users/runner/work/hol-guard/hol-guard/source/tests/test_priority_launcher_phase_forwarding.py",
            "severity": "warning",
            "message": "Type of \"runtime_hook_scheduler\" is unknown",
            "range": {
                "start": {
                    "line": 111,
                    "character": 12
                },
                "end": {
                    "line": 111,
                    "character": 46
                }
            },
            "rule": "reportUnknownMemberType"
        },
        {
            "file": "/Users/runner/work/hol-guard/hol-guard/source/tests/test_priority_launcher_phase_forwarding.py",
            "severity": "warning",
            "message": "Type of \"acquire\" is unknown",
            "range": {
                "start": {
                    "line": 111,
                    "character": 12
                },
                "end": {
                    "line": 111,
                    "character": 54
                }
            },
            "rule": "reportUnknownMemberType"
        },
        {
            "file": "/Users/runner/work/hol-guard/hol-guard/source/tests/test_priority_launcher_phase_forwarding.py",
            "severity": "warning",
            "message": "Type of \"hook_worker\" is unknown",
            "range": {
                "start": {
                    "line": 112,
                    "character": 19
                },
                "end": {
                    "line": 112,
                    "character": 42
                }
            },
            "rule": "reportUnknownMemberType"
        },
        {
            "file": "/Users/runner/work/hol-guard/hol-guard/source/tests/test_priority_launcher_phase_forwarding.py",
            "severity": "warning",
            "message": "Type of \"review_http_payload\" is unknown",
            "range": {
                "start": {
                    "line": 112,
                    "character": 19
                },
                "end": {
                    "line": 112,
                    "character": 62
                }
            },
            "rule": "reportUnknownMemberType"
        },
        {
            "file": "/Users/runner/work/hol-guard/hol-guard/source/tests/test_priority_launcher_phase_forwarding.py",
            "severity": "warning",
            "message": "Return type is unknown",
            "range": {
                "start": {
                    "line": 112,
                    "character": 19
                },
                "end": {
                    "line": 120,
                    "character": 13
                }
            },
            "rule": "reportUnknownVariableType"
        },
        {
            "file": "/Users/runner/work/hol-guard/hol-guard/source/tests/test_priority_launcher_phase_forwarding.py",
            "severity": "warning",
            "message": "Type of parameter \"admitted\" is unknown",
            "range": {
                "start": {
                    "line": 127,
                    "character": 77
                },
                "end": {
                    "line": 127,
                    "character": 85
                }
            },
            "rule": "reportUnknownParameterType"
        },
        {
            "file": "/Users/runner/work/hol-guard/hol-guard/source/tests/test_priority_launcher_phase_forwarding.py",
            "severity": "warning",
            "message": "Type annotation is missing for parameter \"admitted\"",
            "range": {
                "start": {
                    "line": 127,
                    "character": 77
                },
                "end": {
                    "line": 127,
                    "character": 85
                }
            },
            "rule": "reportMissingParameterType"
        },
        {
            "file": "/Users/runner/work/hol-guard/hol-guard/source/tests/test_priority_launcher_phase_forwarding.py",
            "severity": "warning",
            "message": "Argument type is unknown\n  Argument corresponds to parameter \"admitted\" in function \"_owned\"",
            "range": {
                "start": {
                    "line": 128,
                    "character": 57
                },
                "end": {
                    "line": 128,
                    "character": 65
                }
            },
            "rule": "reportUnknownArgumentType"
        },
        {
            "file": "/Users/runner/work/hol-guard/hol-guard/source/tests/test_priority_launcher_phase_forwarding.py",
            "severity": "warning",
            "message": "Type of \"before\" is Any",
            "range": {
                "start": {
                    "line": 130,
                    "character": 4
                },
                "end": {
                    "line": 130,
                    "character": 10
                }
            },
            "rule": "reportAny"
        },
        {
            "file": "/Users/runner/work/hol-guard/hol-guard/source/tests/test_priority_launcher_phase_forwarding.py",
            "severity": "warning",
            "message": "Type of \"_GuardDaemonHandler\" is Any",
            "range": {
                "start": {
                    "line": 130,
                    "character": 13
                },
                "end": {
                    "line": 130,
                    "character": 39
                }
            },
            "rule": "reportAny"
        },
        {
            "file": "/Users/runner/work/hol-guard/hol-guard/source/tests/test_priority_launcher_phase_forwarding.py",
            "severity": "warning",
            "message": "Type of \"_handle_runtime_hook\" is Any",
            "range": {
                "start": {
                    "line": 130,
                    "character": 13
                },
                "end": {
                    "line": 130,
                    "character": 60
                }
            },
            "rule": "reportAny"
        },
        {
            "file": "/Users/runner/work/hol-guard/hol-guard/source/tests/test_priority_launcher_phase_forwarding.py",
            "severity": "warning",
            "message": "Type of \"original_alias\" is Any",
            "range": {
                "start": {
                    "line": 131,
                    "character": 4
                },
                "end": {
                    "line": 131,
                    "character": 18
                }
            },
            "rule": "reportAny"
        },
        {
            "file": "/Users/runner/work/hol-guard/hol-guard/source/tests/test_priority_launcher_phase_forwarding.py",
            "severity": "warning",
            "message": "Type of \"prepare_native_hook_policy\" is Any",
            "range": {
                "start": {
                    "line": 131,
                    "character": 21
                },
                "end": {
                    "line": 131,
                    "character": 54
                }
            },
            "rule": "reportAny"
        },
        {
            "file": "/Users/runner/work/hol-guard/hol-guard/source/tests/test_priority_launcher_phase_forwarding.py",
            "severity": "warning",
            "message": "Type of \"requests\" is partially unknown\n  Type of \"requests\" is \"Queue[Unknown]\"",
            "range": {
                "start": {
                    "line": 133,
                    "character": 4
                },
                "end": {
                    "line": 133,
                    "character": 12
                }
            },
            "rule": "reportUnknownVariableType"
        },
        {
            "file": "/Users/runner/work/hol-guard/hol-guard/source/tests/test_priority_launcher_phase_forwarding.py",
            "severity": "warning",
            "message": "Type of \"put\" is partially unknown\n  Type of \"put\" is \"(item: Unknown, block: bool = True, timeout: float | None = None) -> None\"",
            "range": {
                "start": {
                    "line": 134,
                    "character": 4
                },
                "end": {
                    "line": 134,
                    "character": 16
                }
            },
            "rule": "reportUnknownMemberType"
        },
        {
            "file": "/Users/runner/work/hol-guard/hol-guard/source/tests/test_priority_launcher_phase_forwarding.py",
            "severity": "warning",
            "message": "Type of \"incoming\" is unknown",
            "range": {
                "start": {
                    "line": 138,
                    "character": 8
                },
                "end": {
                    "line": 138,
                    "character": 16
                }
            },
            "rule": "reportUnknownVariableType"
        },
        {
            "file": "/Users/runner/work/hol-guard/hol-guard/source/tests/test_priority_launcher_phase_forwarding.py",
            "severity": "warning",
            "message": "Type of \"query\" is unknown",
            "range": {
                "start": {
                    "line": 138,
                    "character": 18
                },
                "end": {
                    "line": 138,
                    "character": 23
                }
            },
            "rule": "reportUnknownVariableType"
        },
        {
            "file": "/Users/runner/work/hol-guard/hol-guard/source/tests/test_priority_launcher_phase_forwarding.py",
            "severity": "warning",
            "message": "Type of \"_GuardDaemonHandler\" is Any",
            "range": {
                "start": {
                    "line": 139,
                    "character": 8
                },
                "end": {
                    "line": 139,
                    "character": 34
                }
            },
            "rule": "reportAny"
        },
        {
            "file": "/Users/runner/work/hol-guard/hol-guard/source/tests/test_priority_launcher_phase_forwarding.py",
            "severity": "warning",
            "message": "Type of \"_handle_runtime_hook\" is Any",
            "range": {
                "start": {
                    "line": 139,
                    "character": 8
                },
                "end": {
                    "line": 139,
                    "character": 63
                }
            },
            "rule": "reportAny"
        },
        {
            "file": "/Users/runner/work/hol-guard/hol-guard/source/tests/test_priority_launcher_phase_forwarding.py",
            "severity": "warning",
            "message": "Type of \"_GuardDaemonHandler\" is Any",
            "range": {
                "start": {
                    "line": 147,
                    "character": 11
                },
                "end": {
                    "line": 147,
                    "character": 37
                }
            },
            "rule": "reportAny"
        },
        {
            "file": "/Users/runner/work/hol-guard/hol-guard/source/tests/test_priority_launcher_phase_forwarding.py",
            "severity": "warning",
            "message": "Type of \"_handle_runtime_hook\" is Any",
            "range": {
                "start": {
                    "line": 147,
                    "character": 11
                },
                "end": {
                    "line": 147,
                    "character": 58
                }
            },
            "rule": "reportAny"
        },
        {
            "file": "/Users/runner/work/hol-guard/hol-guard/source/tests/test_priority_launcher_phase_forwarding.py",
            "severity": "warning",
            "message": "Type of \"prepare_native_hook_policy\" is Any",
            "range": {
                "start": {
                    "line": 148,
                    "character": 11
                },
                "end": {
                    "line": 148,
                    "character": 44
                }
            },
            "rule": "reportAny"
        },
        {
            "file": "/Users/runner/work/hol-guard/hol-guard/source/tests/test_priority_launcher_phase_forwarding.py",
            "severity": "warning",
            "message": "Type of \"row\" is Any",
            "range": {
                "start": {
                    "line": 149,
                    "character": 4
                },
                "end": {
                    "line": 149,
                    "character": 7
                }
            },
            "rule": "reportAny"
        },
        {
            "file": "/Users/runner/work/hol-guard/hol-guard/source/tests/test_priority_launcher_phase_forwarding.py",
            "severity": "warning",
            "message": "Type of \"value\" is Any",
            "range": {
                "start": {
                    "line": 151,
                    "character": 42
                },
                "end": {
                    "line": 151,
                    "character": 47
                }
            },
            "rule": "reportAny"
        },
        {
            "file": "/Users/runner/work/hol-guard/hol-guard/source/tests/test_priority_launcher_phase_forwarding.py",
            "severity": "warning",
            "message": "Type of \"stage\" is Any",
            "range": {
                "start": {
                    "line": 152,
                    "character": 32
                },
                "end": {
                    "line": 152,
                    "character": 37
                }
            },
            "rule": "reportAny"
        },
        {
            "file": "/Users/runner/work/hol-guard/hol-guard/source/tests/test_priority_launcher_phase_forwarding.py",
            "severity": "warning",
            "message": "Type of \"result\" is Any",
            "range": {
                "start": {
                    "line": 174,
                    "character": 8
                },
                "end": {
                    "line": 174,
                    "character": 14
                }
            },
            "rule": "reportAny"
        },
        {
            "file": "/Users/runner/work/hol-guard/hol-guard/source/tests/test_priority_launcher_phase_forwarding.py",
            "severity": "warning",
            "message": "Type of \"_GuardDaemonHandler\" is Any",
            "range": {
                "start": {
                    "line": 174,
                    "character": 17
                },
                "end": {
                    "line": 174,
                    "character": 43
                }
            },
            "rule": "reportAny"
        },
        {
            "file": "/Users/runner/work/hol-guard/hol-guard/source/tests/test_priority_launcher_phase_forwarding.py",
            "severity": "warning",
            "message": "Type of \"_handle_runtime_hook\" is Any",
            "range": {
                "start": {
                    "line": 174,
                    "character": 17
                },
                "end": {
                    "line": 174,
                    "character": 72
                }
            },
            "rule": "reportAny"
        },
        {
            "file": "/Users/runner/work/hol-guard/hol-guard/source/tests/test_priority_launcher_phase_forwarding.py",
            "severity": "warning",
            "message": "Type of \"row\" is Any",
            "range": {
                "start": {
                    "line": 176,
                    "character": 4
                },
                "end": {
                    "line": 176,
                    "character": 7
                }
            },
            "rule": "reportAny"
        },
        {
            "file": "/Users/runner/work/hol-guard/hol-guard/source/tests/test_priority_launcher_phase_forwarding.py",
            "severity": "warning",
            "message": "Type of \"value\" is Any",
            "range": {
                "start": {
                    "line": 181,
                    "character": 42
                },
                "end": {
                    "line": 181,
                    "character": 47
                }
            },
            "rule": "reportAny"
        },
        {
            "file": "/Users/runner/work/hol-guard/hol-guard/source/tests/test_priority_launcher_phase_forwarding.py",
            "severity": "warning",
            "message": "Argument type is Any\n  Argument corresponds to parameter \"value\" in function \"json_bytes\"",
            "range": {
                "start": {
                    "line": 182,
                    "character": 25
                },
                "end": {
                    "line": 182,
                    "character": 28
                }
            },
            "rule": "reportAny"
        },
        {
            "file": "/Users/runner/work/hol-guard/hol-guard/source/tests/test_priority_launcher_phase_forwarding.py",
            "severity": "warning",
            "message": "Type of \"hook_worker\" is Any",
            "range": {
                "start": {
                    "line": 188,
                    "character": 40
                },
                "end": {
                    "line": 188,
                    "character": 58
                }
            },
            "rule": "reportAny"
        },
        {
            "file": "/Users/runner/work/hol-guard/hol-guard/source/tests/test_priority_launcher_phase_forwarding.py",
            "severity": "warning",
            "message": "Type of \"_GuardDaemonHandler\" is Any",
            "range": {
                "start": {
                    "line": 192,
                    "character": 8
                },
                "end": {
                    "line": 192,
                    "character": 34
                }
            },
            "rule": "reportAny"
        },
        {
            "file": "/Users/runner/work/hol-guard/hol-guard/source/tests/test_priority_launcher_phase_forwarding.py",
            "severity": "warning",
            "message": "Type of \"_handle_runtime_hook\" is Any",
            "range": {
                "start": {
                    "line": 192,
                    "character": 8
                },
                "end": {
                    "line": 192,
                    "character": 62
                }
            },
            "rule": "reportAny"
        },
        {
            "file": "/Users/runner/work/hol-guard/hol-guard/source/tests/test_priority_launcher_phase_forwarding.py",
            "severity": "warning",
            "message": "Type of \"_GuardDaemonHandler\" is Any",
            "range": {
                "start": {
                    "line": 194,
                    "character": 8
                },
                "end": {
                    "line": 194,
                    "character": 34
                }
            },
            "rule": "reportAny"
        },
        {
            "file": "/Users/runner/work/hol-guard/hol-guard/source/tests/test_priority_launcher_phase_forwarding.py",
            "severity": "warning",
            "message": "Type of \"_handle_runtime_hook\" is Any",
            "range": {
                "start": {
                    "line": 194,
                    "character": 8
                },
                "end": {
                    "line": 194,
                    "character": 63
                }
            },
            "rule": "reportAny"
        },
        {
            "file": "/Users/runner/work/hol-guard/hol-guard/source/tests/test_priority_launcher_phase_forwarding.py",
            "severity": "warning",
            "message": "Type of parameter \"monkeypatch\" is unknown",
            "range": {
                "start": {
                    "line": 203,
                    "character": 78
                },
                "end": {
                    "line": 203,
                    "character": 89
                }
            },
            "rule": "reportUnknownParameterType"
        },
        {
            "file": "/Users/runner/work/hol-guard/hol-guard/source/tests/test_priority_launcher_phase_forwarding.py",
            "severity": "warning",
            "message": "Type annotation is missing for parameter \"monkeypatch\"",
            "range": {
                "start": {
                    "line": 203,
                    "character": 78
                },
                "end": {
                    "line": 203,
                    "character": 89
                }
            },
            "rule": "reportMissingParameterType"
        },
        {
            "file": "/Users/runner/work/hol-guard/hol-guard/source/tests/test_priority_launcher_phase_forwarding.py",
            "severity": "warning",
            "message": "Type of parameter \"tmp_path\" is unknown",
            "range": {
                "start": {
                    "line": 203,
                    "character": 91
                },
                "end": {
                    "line": 203,
                    "character": 99
                }
            },
            "rule": "reportUnknownParameterType"
        },
        {
            "file": "/Users/runner/work/hol-guard/hol-guard/source/tests/test_priority_launcher_phase_forwarding.py",
            "severity": "warning",
            "message": "Type annotation is missing for parameter \"tmp_path\"",
            "range": {
                "start": {
                    "line": 203,
                    "character": 91
                },
                "end": {
                    "line": 203,
                    "character": 99
                }
            },
            "rule": "reportMissingParameterType"
        },
        {
            "file": "/Users/runner/work/hol-guard/hol-guard/source/tests/test_priority_launcher_phase_forwarding.py",
            "severity": "warning",
            "message": "Type of parameter \"_args\" is unknown",
            "range": {
                "start": {
                    "line": 221,
                    "character": 17
                },
                "end": {
                    "line": 221,
                    "character": 22
                }
            },
            "rule": "reportUnknownParameterType"
        },
        {
            "file": "/Users/runner/work/hol-guard/hol-guard/source/tests/test_priority_launcher_phase_forwarding.py",
            "severity": "warning",
            "message": "Type annotation is missing for parameter \"_args\"",
            "range": {
                "start": {
                    "line": 221,
                    "character": 17
                },
                "end": {
                    "line": 221,
                    "character": 22
                }
            },
            "rule": "reportMissingParameterType"
        },
        {
            "file": "/Users/runner/work/hol-guard/hol-guard/source/tests/test_priority_launcher_phase_forwarding.py",
            "severity": "warning",
            "message": "Type of parameter \"kwargs\" is unknown",
            "range": {
                "start": {
                    "line": 221,
                    "character": 26
                },
                "end": {
                    "line": 221,
                    "character": 32
                }
            },
            "rule": "reportUnknownParameterType"
        },
        {
            "file": "/Users/runner/work/hol-guard/hol-guard/source/tests/test_priority_launcher_phase_forwarding.py",
            "severity": "warning",
            "message": "Type annotation is missing for parameter \"kwargs\"",
            "range": {
                "start": {
                    "line": 221,
                    "character": 26
                },
                "end": {
                    "line": 221,
                    "character": 32
                }
            },
            "rule": "reportMissingParameterType"
        },
        {
            "file": "/Users/runner/work/hol-guard/hol-guard/source/tests/test_priority_launcher_phase_forwarding.py",
            "severity": "warning",
            "message": "Argument type is unknown\n  Argument corresponds to parameter \"object\" in function \"append\"",
            "range": {
                "start": {
                    "line": 222,
                    "character": 24
                },
                "end": {
                    "line": 222,
                    "character": 44
                }
            },
            "rule": "reportUnknownArgumentType"
        },
        {
            "file": "/Users/runner/work/hol-guard/hol-guard/source/tests/test_priority_launcher_phase_forwarding.py",
            "severity": "warning",
            "message": "Type of \"setattr\" is unknown",
            "range": {
                "start": {
                    "line": 225,
                    "character": 4
                },
                "end": {
                    "line": 225,
                    "character": 23
                }
            },
            "rule": "reportUnknownMemberType"
        },
        {
            "file": "/Users/runner/work/hol-guard/hol-guard/source/tests/test_priority_launcher_phase_forwarding.py",
            "severity": "warning",
            "message": "Type of parameter \"args\" is unknown",
            "range": {
                "start": {
                    "line": 229,
                    "character": 18
                },
                "end": {
                    "line": 229,
                    "character": 22
                }
            },
            "rule": "reportUnknownParameterType"
        },
        {
            "file": "/Users/runner/work/hol-guard/hol-guard/source/tests/test_priority_launcher_phase_forwarding.py",
            "severity": "warning",
            "message": "Type annotation is missing for parameter \"args\"",
            "range": {
                "start": {
                    "line": 229,
                    "character": 18
                },
                "end": {
                    "line": 229,
                    "character": 22
                }
            },
            "rule": "reportMissingParameterType"
        },
        {
            "file": "/Users/runner/work/hol-guard/hol-guard/source/tests/test_priority_launcher_phase_forwarding.py",
            "severity": "warning",
            "message": "Type of parameter \"kwargs\" is unknown",
            "range": {
                "start": {
                    "line": 229,
                    "character": 26
                },
                "end": {
                    "line": 229,
                    "character": 32
                }
            },
            "rule": "reportUnknownParameterType"
        },
        {
            "file": "/Users/runner/work/hol-guard/hol-guard/source/tests/test_priority_launcher_phase_forwarding.py",
            "severity": "warning",
            "message": "Type annotation is missing for parameter \"kwargs\"",
            "range": {
                "start": {
                    "line": 229,
                    "character": 26
                },
                "end": {
                    "line": 229,
                    "character": 32
                }
            },
            "rule": "reportMissingParameterType"
        },
        {
            "file": "/Users/runner/work/hol-guard/hol-guard/source/tests/test_priority_launcher_phase_forwarding.py",
            "severity": "warning",
            "message": "Argument type is unknown\n  Argument corresponds to parameter \"event\" in function \"launcher_payload\"",
            "range": {
                "start": {
                    "line": 230,
                    "character": 27
                },
                "end": {
                    "line": 230,
                    "character": 31
                }
            },
            "rule": "reportUnknownArgumentType"
        },
        {
            "file": "/Users/runner/work/hol-guard/hol-guard/source/tests/test_priority_launcher_phase_forwarding.py",
            "severity": "warning",
            "message": "Argument type is unknown\n  Argument corresponds to parameter \"sample\" in function \"launcher_payload\"",
            "range": {
                "start": {
                    "line": 230,
                    "character": 27
                },
                "end": {
                    "line": 230,
                    "character": 31
                }
            },
            "rule": "reportUnknownArgumentType"
        },
        {
            "file": "/Users/runner/work/hol-guard/hol-guard/source/tests/test_priority_launcher_phase_forwarding.py",
            "severity": "warning",
            "message": "Type of \"setattr\" is unknown",
            "range": {
                "start": {
                    "line": 234,
                    "character": 4
                },
                "end": {
                    "line": 234,
                    "character": 23
                }
            },
            "rule": "reportUnknownMemberType"
        },
        {
            "file": "/Users/runner/work/hol-guard/hol-guard/source/tests/test_priority_launcher_phase_forwarding.py",
            "severity": "warning",
            "message": "Type of \"result\" is Any",
            "range": {
                "start": {
                    "line": 245,
                    "character": 8
                },
                "end": {
                    "line": 245,
                    "character": 14
                }
            },
            "rule": "reportAny"
        },
        {
            "file": "/Users/runner/work/hol-guard/hol-guard/source/tests/test_priority_launcher_phase_forwarding.py",
            "severity": "warning",
            "message": "Type of \"observe_priority_launcher\" is Any",
            "range": {
                "start": {
                    "line": 245,
                    "character": 17
                },
                "end": {
                    "line": 245,
                    "character": 71
                }
            },
            "rule": "reportAny"
        },
        {
            "file": "/Users/runner/work/hol-guard/hol-guard/source/tests/test_priority_launcher_phase_forwarding.py",
            "severity": "warning",
            "message": "Type `Any` is not allowed",
            "range": {
                "start": {
                    "line": 245,
                    "character": 22
                },
                "end": {
                    "line": 245,
                    "character": 25
                }
            },
            "rule": "reportExplicitAny"
        },
        {
            "file": "/Users/runner/work/hol-guard/hol-guard/source/tests/test_priority_launcher_phase_forwarding.py",
            "severity": "warning",
            "message": "Type of \"row\" is Any",
            "range": {
                "start": {
                    "line": 247,
                    "character": 4
                },
                "end": {
                    "line": 247,
                    "character": 7
                }
            },
            "rule": "reportAny"
        },
        {
            "file": "/Users/runner/work/hol-guard/hol-guard/source/tests/test_priority_launcher_phase_forwarding.py",
            "severity": "warning",
            "message": "Type of \"latency_ms\" is Any",
            "range": {
                "start": {
                    "line": 248,
                    "character": 50
                },
                "end": {
                    "line": 248,
                    "character": 67
                }
            },
            "rule": "reportAny"
        },
        {
            "file": "/Users/runner/work/hol-guard/hol-guard/source/tests/test_priority_launcher_phase_forwarding.py",
            "severity": "warning",
            "message": "\"run_isolated_hook_process\" is not exported from module \"scripts.native_slo_priority_launchers\"",
            "range": {
                "start": {
                    "line": 250,
                    "character": 29
                },
                "end": {
                    "line": 250,
                    "character": 54
                }
            },
            "rule": "reportPrivateLocalImportUsage"
        },
        {
            "file": "/Users/runner/work/hol-guard/hol-guard/source/tests/test_priority_launcher_phase_forwarding.py",
            "severity": "warning",
            "message": "Type of parameter \"tmp_path\" is unknown",
            "range": {
                "start": {
                    "line": 253,
                    "character": 69
                },
                "end": {
                    "line": 253,
                    "character": 77
                }
            },
            "rule": "reportUnknownParameterType"
        },
        {
            "file": "/Users/runner/work/hol-guard/hol-guard/source/tests/test_priority_launcher_phase_forwarding.py",
            "severity": "warning",
            "message": "Type annotation is missing for parameter \"tmp_path\"",
            "range": {
                "start": {
                    "line": 253,
                    "character": 69
                },
                "end": {
                    "line": 253,
                    "character": 77
                }
            },
            "rule": "reportMissingParameterType"
        },
        {
            "file": "/Users/runner/work/hol-guard/hol-guard/source/tests/test_priority_launcher_phase_forwarding.py",
            "severity": "warning",
            "message": "Type of parameter \"session\" is unknown",
            "range": {
                "start": {
                    "line": 259,
                    "character": 16
                },
                "end": {
                    "line": 259,
                    "character": 23
                }
            },
            "rule": "reportUnknownParameterType"
        },
        {
            "file": "/Users/runner/work/hol-guard/hol-guard/source/tests/test_priority_launcher_phase_forwarding.py",
            "severity": "warning",
            "message": "Type annotation is missing for parameter \"session\"",
            "range": {
                "start": {
                    "line": 259,
                    "character": 16
                },
                "end": {
                    "line": 259,
                    "character": 23
                }
            },
            "rule": "reportMissingParameterType"
        },
        {
            "file": "/Users/runner/work/hol-guard/hol-guard/source/tests/test_priority_launcher_phase_forwarding.py",
            "severity": "warning",
            "message": "\"session\" is not accessed",
            "range": {
                "start": {
                    "line": 259,
                    "character": 16
                },
                "end": {
                    "line": 259,
                    "character": 23
                }
            },
            "rule": "reportUnusedParameter"
        },
        {
            "file": "/Users/runner/work/hol-guard/hol-guard/source/tests/test_priority_launcher_phase_forwarding.py",
            "severity": "warning",
            "message": "Type of parameter \"launcher\" is unknown",
            "range": {
                "start": {
                    "line": 259,
                    "character": 25
                },
                "end": {
                    "line": 259,
                    "character": 33
                }
            },
            "rule": "reportUnknownParameterType"
        },
        {
            "file": "/Users/runner/work/hol-guard/hol-guard/source/tests/test_priority_launcher_phase_forwarding.py",
            "severity": "warning",
            "message": "Type annotation is missing for parameter \"launcher\"",
            "range": {
                "start": {
                    "line": 259,
                    "character": 25
                },
                "end": {
                    "line": 259,
                    "character": 33
                }
            },
            "rule": "reportMissingParameterType"
        },
        {
            "file": "/Users/runner/work/hol-guard/hol-guard/source/tests/test_priority_launcher_phase_forwarding.py",
            "severity": "warning",
            "message": "\"launcher\" is not accessed",
            "range": {
                "start": {
                    "line": 259,
                    "character": 25
                },
                "end": {
                    "line": 259,
                    "character": 33
                }
            },
            "rule": "reportUnusedParameter"
        },
        {
            "file": "/Users/runner/work/hol-guard/hol-guard/source/tests/test_priority_launcher_phase_forwarding.py",
            "severity": "warning",
            "message": "Type of parameter \"kwargs\" is unknown",
            "range": {
                "start": {
                    "line": 259,
                    "character": 37
                },
                "end": {
                    "line": 259,
                    "character": 43
                }
            },
            "rule": "reportUnknownParameterType"
        },
        {
            "file": "/Users/runner/work/hol-guard/hol-guard/source/tests/test_priority_launcher_phase_forwarding.py",
            "severity": "warning",
            "message": "Type annotation is missing for parameter \"kwargs\"",
            "range": {
                "start": {
                    "line": 259,
                    "character": 37
                },
                "end": {
                    "line": 259,
                    "character": 43
                }
            },
            "rule": "reportMissingParameterType"
        },
        {
            "file": "/Users/runner/work/hol-guard/hol-guard/source/tests/test_priority_launcher_phase_forwarding.py",
            "severity": "warning",
            "message": "\"kwargs\" is not accessed",
            "range": {
                "start": {
                    "line": 259,
                    "character": 37
                },
                "end": {
                    "line": 259,
                    "character": 43
                }
            },
            "rule": "reportUnusedParameter"
        },
        {
            "file": "/Users/runner/work/hol-guard/hol-guard/source/tests/test_priority_launcher_phase_forwarding.py",
            "severity": "warning",
            "message": "Type of \"original_result\" is Any",
            "range": {
                "start": {
                    "line": 261,
                    "character": 8
                },
                "end": {
                    "line": 261,
                    "character": 23
                }
            },
            "rule": "reportAny"
        },
        {
            "file": "/Users/runner/work/hol-guard/hol-guard/source/tests/test_priority_launcher_phase_forwarding.py",
            "severity": "warning",
            "message": "Type of \"run_isolated_hook_process\" is Any",
            "range": {
                "start": {
                    "line": 261,
                    "character": 26
                },
                "end": {
                    "line": 261,
                    "character": 60
                }
            },
            "rule": "reportAny"
        },
        {
            "file": "/Users/runner/work/hol-guard/hol-guard/source/tests/test_priority_launcher_phase_forwarding.py",
            "severity": "warning",
            "message": "Type of \"stdout\" is Any",
            "range": {
                "start": {
                    "line": 269,
                    "character": 15
                },
                "end": {
                    "line": 269,
                    "character": 37
                }
            },
            "rule": "reportAny"
        },
        {
            "file": "/Users/runner/work/hol-guard/hol-guard/source/tests/test_priority_launcher_phase_forwarding.py",
            "severity": "warning",
            "message": "Type of \"observe_priority_launcher\" is partially unknown\n  Type of \"observe_priority_launcher\" is \"(session: Unknown, launcher: Unknown, **kwargs: Unknown) -> SimpleNamespace\"",
            "range": {
                "start": {
                    "line": 275,
                    "character": 8
                },
                "end": {
                    "line": 275,
                    "character": 42
                }
            },
            "rule": "reportUnknownMemberType"
        },
        {
            "file": "/Users/runner/work/hol-guard/hol-guard/source/tests/test_priority_launcher_phase_forwarding.py",
            "severity": "warning",
            "message": "Result of call expression is of type \"SimpleNamespace\" and is not used; assign to variable \"_\" if this is intentional",
            "range": {
                "start": {
                    "line": 275,
                    "character": 8
                },
                "end": {
                    "line": 275,
                    "character": 68
                }
            },
            "rule": "reportUnusedCallResult"
        },
        {
            "file": "/Users/runner/work/hol-guard/hol-guard/source/tests/test_priority_launcher_phase_forwarding.py",
            "severity": "warning",
            "message": "Type of \"row\" is Any",
            "range": {
                "start": {
                    "line": 277,
                    "character": 4
                },
                "end": {
                    "line": 277,
                    "character": 7
                }
            },
            "rule": "reportAny"
        },
        {
            "file": "/Users/runner/work/hol-guard/hol-guard/source/tests/test_priority_launcher_phase_forwarding.py",
            "severity": "warning",
            "message": "Type of \"stage\" is Any",
            "range": {
                "start": {
                    "line": 278,
                    "character": 31
                },
                "end": {
                    "line": 278,
                    "character": 36
                }
            },
            "rule": "reportAny"
        },
        {
            "file": "/Users/runner/work/hol-guard/hol-guard/source/tests/test_priority_launcher_phase_forwarding.py",
            "severity": "warning",
            "message": "Type of parameter \"tmp_path\" is unknown",
            "range": {
                "start": {
                    "line": 288,
                    "character": 71
                },
                "end": {
                    "line": 288,
                    "character": 79
                }
            },
            "rule": "reportUnknownParameterType"
        },
        {
            "file": "/Users/runner/work/hol-guard/hol-guard/source/tests/test_priority_launcher_phase_forwarding.py",
            "severity": "warning",
            "message": "Type annotation is missing for parameter \"tmp_path\"",
            "range": {
                "start": {
                    "line": 288,
                    "character": 71
                },
                "end": {
                    "line": 288,
                    "character": 79
                }
            },
            "rule": "reportMissingParameterType"
        },
        {
            "file": "/Users/runner/work/hol-guard/hol-guard/source/tests/test_priority_launcher_phase_forwarding.py",
            "severity": "warning",
            "message": "Argument type is unknown\n  Argument corresponds to parameter \"object\" in function \"__new__\"",
            "range": {
                "start": {
                    "line": 291,
                    "character": 42
                },
                "end": {
                    "line": 291,
                    "character": 65
                }
            },
            "rule": "reportUnknownArgumentType"
        },
        {
            "file": "/Users/runner/work/hol-guard/hol-guard/source/tests/test_priority_launcher_phase_forwarding.py",
            "severity": "warning",
            "message": "Type of parameter \"argv\" is unknown",
            "range": {
                "start": {
                    "line": 293,
                    "character": 17
                },
                "end": {
                    "line": 293,
                    "character": 21
                }
            },
            "rule": "reportUnknownParameterType"
        },
        {
            "file": "/Users/runner/work/hol-guard/hol-guard/source/tests/test_priority_launcher_phase_forwarding.py",
            "severity": "warning",
            "message": "Type annotation is missing for parameter \"argv\"",
            "range": {
                "start": {
                    "line": 293,
                    "character": 17
                },
                "end": {
                    "line": 293,
                    "character": 21
                }
            },
            "rule": "reportMissingParameterType"
        },
        {
            "file": "/Users/runner/work/hol-guard/hol-guard/source/tests/test_priority_launcher_phase_forwarding.py",
            "severity": "warning",
            "message": "Type of parameter \"kwargs\" is unknown",
            "range": {
                "start": {
                    "line": 293,
                    "character": 25
                },
                "end": {
                    "line": 293,
                    "character": 31
                }
            },
            "rule": "reportUnknownParameterType"
        },
        {
            "file": "/Users/runner/work/hol-guard/hol-guard/source/tests/test_priority_launcher_phase_forwarding.py",
            "severity": "warning",
            "message": "Type annotation is missing for parameter \"kwargs\"",
            "range": {
                "start": {
                    "line": 293,
                    "character": 25
                },
                "end": {
                    "line": 293,
                    "character": 31
                }
            },
            "rule": "reportMissingParameterType"
        },
        {
            "file": "/Users/runner/work/hol-guard/hol-guard/source/tests/test_priority_launcher_phase_forwarding.py",
            "severity": "warning",
            "message": "Argument type is partially unknown\n  Argument corresponds to parameter \"object\" in function \"append\"\n  Argument type is \"tuple[Unknown, Unknown]\"",
            "range": {
                "start": {
                    "line": 294,
                    "character": 20
                },
                "end": {
                    "line": 294,
                    "character": 49
                }
            },
            "rule": "reportUnknownArgumentType"
        },
        {
            "file": "/Users/runner/work/hol-guard/hol-guard/source/tests/test_priority_launcher_phase_forwarding.py",
            "severity": "warning",
            "message": "Type of \"runtime\" is unknown",
            "range": {
                "start": {
                    "line": 298,
                    "character": 4
                },
                "end": {
                    "line": 298,
                    "character": 11
                }
            },
            "rule": "reportUnknownVariableType"
        },
        {
            "file": "/Users/runner/work/hol-guard/hol-guard/source/tests/test_priority_launcher_phase_forwarding.py",
            "severity": "warning",
            "message": "Type of \"child\" is unknown",
            "range": {
                "start": {
                    "line": 299,
                    "character": 4
                },
                "end": {
                    "line": 299,
                    "character": 9
                }
            },
            "rule": "reportUnknownVariableType"
        },
        {
            "file": "/Users/runner/work/hol-guard/hol-guard/source/tests/test_priority_launcher_phase_forwarding.py",
            "severity": "warning",
            "message": "Type of \"__file__\" is Any",
            "range": {
                "start": {
                    "line": 301,
                    "character": 44
                },
                "end": {
                    "line": 301,
                    "character": 59
                }
            },
            "rule": "reportAny"
        },
        {
            "file": "/Users/runner/work/hol-guard/hol-guard/source/tests/test_priority_launcher_phase_forwarding.py",
            "severity": "warning",
            "message": "Argument type is Any\n  Argument corresponds to parameter \"args\" in function \"__new__\"",
            "range": {
                "start": {
                    "line": 301,
                    "character": 44
                },
                "end": {
                    "line": 301,
                    "character": 59
                }
            },
            "rule": "reportAny"
        },
        {
            "file": "/Users/runner/work/hol-guard/hol-guard/source/tests/test_priority_launcher_phase_forwarding.py",
            "severity": "warning",
            "message": "Argument type is unknown\n  Argument corresponds to parameter \"object\" in function \"__new__\"",
            "range": {
                "start": {
                    "line": 301,
                    "character": 88
                },
                "end": {
                    "line": 301,
                    "character": 95
                }
            },
            "rule": "reportUnknownArgumentType"
        },
        {
            "file": "/Users/runner/work/hol-guard/hol-guard/source/tests/test_priority_launcher_phase_forwarding.py",
            "severity": "warning",
            "message": "Argument type is unknown\n  Argument corresponds to parameter \"runtime\" in function \"__init__\"",
            "range": {
                "start": {
                    "line": 306,
                    "character": 16
                },
                "end": {
                    "line": 306,
                    "character": 23
                }
            },
            "rule": "reportUnknownArgumentType"
        },
        {
            "file": "/Users/runner/work/hol-guard/hol-guard/source/tests/test_priority_launcher_phase_forwarding.py",
            "severity": "warning",
            "message": "Argument type is unknown\n  Argument corresponds to parameter \"source_root\" in function \"__init__\"",
            "range": {
                "start": {
                    "line": 307,
                    "character": 20
                },
                "end": {
                    "line": 307,
                    "character": 28
                }
            },
            "rule": "reportUnknownArgumentType"
        },
        {
            "file": "/Users/runner/work/hol-guard/hol-guard/source/tests/test_priority_launcher_phase_forwarding.py",
            "severity": "warning",
            "message": "Argument type is unknown\n  Argument corresponds to parameter \"child_script\" in function \"__init__\"",
            "range": {
                "start": {
                    "line": 308,
                    "character": 21
                },
                "end": {
                    "line": 308,
                    "character": 26
                }
            },
            "rule": "reportUnknownArgumentType"
        },
        {
            "file": "/Users/runner/work/hol-guard/hol-guard/source/tests/test_priority_launcher_phase_forwarding.py",
            "severity": "warning",
            "message": "Argument type is unknown\n  Argument corresponds to parameter \"report_path\" in function \"__init__\"",
            "range": {
                "start": {
                    "line": 309,
                    "character": 20
                },
                "end": {
                    "line": 309,
                    "character": 44
                }
            },
            "rule": "reportUnknownArgumentType"
        },
        {
            "file": "/Users/runner/work/hol-guard/hol-guard/source/tests/test_priority_launcher_phase_forwarding.py",
            "severity": "warning",
            "message": "Type of \"_spawn_hook_process\" is partially unknown\n  Type of \"_spawn_hook_process\" is \"(argv: Unknown, **kwargs: Unknown) -> object\"",
            "range": {
                "start": {
                    "line": 311,
                    "character": 15
                },
                "end": {
                    "line": 311,
                    "character": 41
                }
            },
            "rule": "reportUnknownMemberType"
        },
        {
            "file": "/Users/runner/work/hol-guard/hol-guard/source/tests/test_priority_launcher_phase_forwarding.py",
            "severity": "warning",
            "message": "Type of \"_spawn_hook_process\" is partially unknown\n  Type of \"_spawn_hook_process\" is \"(argv: Unknown, **kwargs: Unknown) -> object\"",
            "range": {
                "start": {
                    "line": 312,
                    "character": 15
                },
                "end": {
                    "line": 312,
                    "character": 41
                }
            },
            "rule": "reportUnknownMemberType"
        },
        {
            "file": "/Users/runner/work/hol-guard/hol-guard/source/tests/test_priority_launcher_phase_forwarding.py",
            "severity": "warning",
            "message": "Type of \"_spawn_hook_process\" is partially unknown\n  Type of \"_spawn_hook_process\" is \"(argv: Unknown, **kwargs: Unknown) -> object\"",
            "range": {
                "start": {
                    "line": 317,
                    "character": 40
                },
                "end": {
                    "line": 317,
                    "character": 66
                }
            },
            "rule": "reportUnknownMemberType"
        },
        {
            "file": "/Users/runner/work/hol-guard/hol-guard/source/tests/test_priority_launcher_phase_forwarding.py",
            "severity": "warning",
            "message": "Type of parameter \"tmp_path\" is unknown",
            "range": {
                "start": {
                    "line": 328,
                    "character": 58
                },
                "end": {
                    "line": 328,
                    "character": 66
                }
            },
            "rule": "reportUnknownParameterType"
        },
        {
            "file": "/Users/runner/work/hol-guard/hol-guard/source/tests/test_priority_launcher_phase_forwarding.py",
            "severity": "warning",
            "message": "Type annotation is missing for parameter \"tmp_path\"",
            "range": {
                "start": {
                    "line": 328,
                    "character": 58
                },
                "end": {
                    "line": 328,
                    "character": 66
                }
            },
            "rule": "reportMissingParameterType"
        },
        {
            "file": "/Users/runner/work/hol-guard/hol-guard/source/tests/test_priority_launcher_phase_forwarding.py",
            "severity": "warning",
            "message": "Type of parameter \"entry\" is unknown",
            "range": {
                "start": {
                    "line": 328,
                    "character": 68
                },
                "end": {
                    "line": 328,
                    "character": 73
                }
            },
            "rule": "reportUnknownParameterType"
        },
        {
            "file": "/Users/runner/work/hol-guard/hol-guard/source/tests/test_priority_launcher_phase_forwarding.py",
            "severity": "warning",
            "message": "Type annotation is missing for parameter \"entry\"",
            "range": {
                "start": {
                    "line": 328,
                    "character": 68
                },
                "end": {
                    "line": 328,
                    "character": 73
                }
            },
            "rule": "reportMissingParameterType"
        },
        {
            "file": "/Users/runner/work/hol-guard/hol-guard/source/tests/test_priority_launcher_phase_forwarding.py",
            "severity": "warning",
            "message": "Type of parameter \"module\" is unknown",
            "range": {
                "start": {
                    "line": 328,
                    "character": 75
                },
                "end": {
                    "line": 328,
                    "character": 81
                }
            },
            "rule": "reportUnknownParameterType"
        },
        {
            "file": "/Users/runner/work/hol-guard/hol-guard/source/tests/test_priority_launcher_phase_forwarding.py",
            "severity": "warning",
            "message": "Type annotation is missing for parameter \"module\"",
            "range": {
                "start": {
                    "line": 328,
                    "character": 75
                },
                "end": {
                    "line": 328,
                    "character": 81
                }
            },
            "rule": "reportMissingParameterType"
        },
        {
            "file": "/Users/runner/work/hol-guard/hol-guard/source/tests/test_priority_launcher_phase_forwarding.py",
            "severity": "warning",
            "message": "Type of parameter \"function\" is unknown",
            "range": {
                "start": {
                    "line": 328,
                    "character": 83
                },
                "end": {
                    "line": 328,
                    "character": 91
                }
            },
            "rule": "reportUnknownParameterType"
        },
        {
            "file": "/Users/runner/work/hol-guard/hol-guard/source/tests/test_priority_launcher_phase_forwarding.py",
            "severity": "warning",
            "message": "Type annotation is missing for parameter \"function\"",
            "range": {
                "start": {
                    "line": 328,
                    "character": 83
                },
                "end": {
                    "line": 328,
                    "character": 91
                }
            },
            "rule": "reportMissingParameterType"
        },
        {
            "file": "/Users/runner/work/hol-guard/hol-guard/source/tests/test_priority_launcher_phase_forwarding.py",
            "severity": "warning",
            "message": "Type of \"producer_root\" is unknown",
            "range": {
                "start": {
                    "line": 329,
                    "character": 4
                },
                "end": {
                    "line": 329,
                    "character": 17
                }
            },
            "rule": "reportUnknownVariableType"
        },
        {
            "file": "/Users/runner/work/hol-guard/hol-guard/source/tests/test_priority_launcher_phase_forwarding.py",
            "severity": "warning",
            "message": "Type of \"scripts\" is unknown",
            "range": {
                "start": {
                    "line": 330,
                    "character": 4
                },
                "end": {
                    "line": 330,
                    "character": 11
                }
            },
            "rule": "reportUnknownVariableType"
        },
        {
            "file": "/Users/runner/work/hol-guard/hol-guard/source/tests/test_priority_launcher_phase_forwarding.py",
            "severity": "warning",
            "message": "Type of \"mkdir\" is unknown",
            "range": {
                "start": {
                    "line": 331,
                    "character": 4
                },
                "end": {
                    "line": 331,
                    "character": 17
                }
            },
            "rule": "reportUnknownMemberType"
        },
        {
            "file": "/Users/runner/work/hol-guard/hol-guard/source/tests/test_priority_launcher_phase_forwarding.py",
            "severity": "warning",
            "message": "Type of \"write_text\" is unknown",
            "range": {
                "start": {
                    "line": 332,
                    "character": 4
                },
                "end": {
                    "line": 332,
                    "character": 40
                }
            },
            "rule": "reportUnknownMemberType"
        },
        {
            "file": "/Users/runner/work/hol-guard/hol-guard/source/tests/test_priority_launcher_phase_forwarding.py",
            "severity": "warning",
            "message": "Type of \"producer\" is unknown",
            "range": {
                "start": {
                    "line": 333,
                    "character": 4
                },
                "end": {
                    "line": 333,
                    "character": 12
                }
            },
            "rule": "reportUnknownVariableType"
        },
        {
            "file": "/Users/runner/work/hol-guard/hol-guard/source/tests/test_priority_launcher_phase_forwarding.py",
            "severity": "warning",
            "message": "Type of \"write_text\" is unknown",
            "range": {
                "start": {
                    "line": 334,
                    "character": 4
                },
                "end": {
                    "line": 334,
                    "character": 23
                }
            },
            "rule": "reportUnknownMemberType"
        },
        {
            "file": "/Users/runner/work/hol-guard/hol-guard/source/tests/test_priority_launcher_phase_forwarding.py",
            "severity": "warning",
            "message": "Type of \"entry_path\" is unknown",
            "range": {
                "start": {
                    "line": 335,
                    "character": 4
                },
                "end": {
                    "line": 335,
                    "character": 14
                }
            },
            "rule": "reportUnknownVariableType"
        },
        {
            "file": "/Users/runner/work/hol-guard/hol-guard/source/tests/test_priority_launcher_phase_forwarding.py",
            "severity": "warning",
            "message": "Argument type is partially unknown\n  Argument corresponds to parameter \"args\" in function \"run\"\n  Argument type is \"list[str | Unknown]\"",
            "range": {
                "start": {
                    "line": 354,
                    "character": 8
                },
                "end": {
                    "line": 354,
                    "character": 99
                }
            },
            "rule": "reportUnknownArgumentType"
        },
        {
            "file": "/Users/runner/work/hol-guard/hol-guard/source/tests/test_priority_launcher_phase_forwarding.py",
            "severity": "warning",
            "message": "Argument type is unknown\n  Argument corresponds to parameter \"object\" in function \"__new__\"",
            "range": {
                "start": {
                    "line": 354,
                    "character": 49
                },
                "end": {
                    "line": 354,
                    "character": 59
                }
            },
            "rule": "reportUnknownArgumentType"
        },
        {
            "file": "/Users/runner/work/hol-guard/hol-guard/source/tests/test_priority_launcher_phase_forwarding.py",
            "severity": "warning",
            "message": "Argument type is unknown\n  Argument corresponds to parameter \"object\" in function \"__new__\"",
            "range": {
                "start": {
                    "line": 354,
                    "character": 66
                },
                "end": {
                    "line": 354,
                    "character": 79
                }
            },
            "rule": "reportUnknownArgumentType"
        },
        {
            "file": "/Users/runner/work/hol-guard/hol-guard/source/tests/test_priority_launcher_phase_forwarding.py",
            "severity": "warning",
            "message": "Type annotation for attribute `daemon` is required because this class is not decorated with `@final`",
            "range": {
                "start": {
                    "line": 370,
                    "character": 17
                },
                "end": {
                    "line": 370,
                    "character": 23
                }
            },
            "rule": "reportUnannotatedClassAttribute"
        },
        {
            "file": "/Users/runner/work/hol-guard/hol-guard/source/tests/test_priority_launcher_phase_forwarding.py",
            "severity": "warning",
            "message": "Type of parameter \"owner\" is unknown",
            "range": {
                "start": {
                    "line": 378,
                    "character": 15
                },
                "end": {
                    "line": 378,
                    "character": 20
                }
            },
            "rule": "reportUnknownParameterType"
        },
        {
            "file": "/Users/runner/work/hol-guard/hol-guard/source/tests/test_priority_launcher_phase_forwarding.py",
            "severity": "warning",
            "message": "Type annotation is missing for parameter \"owner\"",
            "range": {
                "start": {
                    "line": 378,
                    "character": 15
                },
                "end": {
                    "line": 378,
                    "character": 20
                }
            },
            "rule": "reportMissingParameterType"
        },
        {
            "file": "/Users/runner/work/hol-guard/hol-guard/source/tests/test_priority_launcher_phase_forwarding.py",
            "severity": "warning",
            "message": "Type of parameter \"tmp_path\" is unknown",
            "range": {
                "start": {
                    "line": 389,
                    "character": 75
                },
                "end": {
                    "line": 389,
                    "character": 83
                }
            },
            "rule": "reportUnknownParameterType"
        },
        {
            "file": "/Users/runner/work/hol-guard/hol-guard/source/tests/test_priority_launcher_phase_forwarding.py",
            "severity": "warning",
            "message": "Type annotation is missing for parameter \"tmp_path\"",
            "range": {
                "start": {
                    "line": 389,
                    "character": 75
                },
                "end": {
                    "line": 389,
                    "character": 83
                }
            },
            "rule": "reportMissingParameterType"
        },
        {
            "file": "/Users/runner/work/hol-guard/hol-guard/source/tests/test_priority_launcher_phase_forwarding.py",
            "severity": "warning",
            "message": "Type of parameter \"owner\" is unknown",
            "range": {
                "start": {
                    "line": 400,
                    "character": 57
                },
                "end": {
                    "line": 400,
                    "character": 62
                }
            },
            "rule": "reportUnknownLambdaType"
        },
        {
            "file": "/Users/runner/work/hol-guard/hol-guard/source/tests/test_priority_launcher_phase_forwarding.py",
            "severity": "warning",
            "message": "Type of parameter \"argument\" is unknown",
            "range": {
                "start": {
                    "line": 404,
                    "character": 17
                },
                "end": {
                    "line": 404,
                    "character": 25
                }
            },
            "rule": "reportUnknownParameterType"
        },
        {
            "file": "/Users/runner/work/hol-guard/hol-guard/source/tests/test_priority_launcher_phase_forwarding.py",
            "severity": "warning",
            "message": "Type annotation is missing for parameter \"argument\"",
            "range": {
                "start": {
                    "line": 404,
                    "character": 17
                },
                "end": {
                    "line": 404,
                    "character": 25
                }
            },
            "rule": "reportMissingParameterType"
        },
        {
            "file": "/Users/runner/work/hol-guard/hol-guard/source/tests/test_priority_launcher_phase_forwarding.py",
            "severity": "warning",
            "message": "Type of parameter \"absolute_deadline\" is unknown",
            "range": {
                "start": {
                    "line": 404,
                    "character": 30
                },
                "end": {
                    "line": 404,
                    "character": 47
                }
            },
            "rule": "reportUnknownParameterType"
        },
        {
            "file": "/Users/runner/work/hol-guard/hol-guard/source/tests/test_priority_launcher_phase_forwarding.py",
            "severity": "warning",
            "message": "Type annotation is missing for parameter \"absolute_deadline\"",
            "range": {
                "start": {
                    "line": 404,
                    "character": 30
                },
                "end": {
                    "line": 404,
                    "character": 47
                }
            },
            "rule": "reportMissingParameterType"
        },
        {
            "file": "/Users/runner/work/hol-guard/hol-guard/source/tests/test_priority_launcher_phase_forwarding.py",
            "severity": "warning",
            "message": "Argument type is partially unknown\n  Argument corresponds to parameter \"object\" in function \"append\"\n  Argument type is \"tuple[Unknown, Unknown]\"",
            "range": {
                "start": {
                    "line": 405,
                    "character": 21
                },
                "end": {
                    "line": 405,
                    "character": 50
                }
            },
            "rule": "reportUnknownArgumentType"
        },
        {
            "file": "/Users/runner/work/hol-guard/hol-guard/source/tests/test_priority_launcher_phase_forwarding.py",
            "severity": "warning",
            "message": "Type of \"destination\" is unknown",
            "range": {
                "start": {
                    "line": 408,
                    "character": 4
                },
                "end": {
                    "line": 408,
                    "character": 15
                }
            },
            "rule": "reportUnknownVariableType"
        },
        {
            "file": "/Users/runner/work/hol-guard/hol-guard/source/tests/test_priority_launcher_phase_forwarding.py",
            "severity": "warning",
            "message": "Type of \"write_bytes\" is unknown",
            "range": {
                "start": {
                    "line": 409,
                    "character": 4
                },
                "end": {
                    "line": 409,
                    "character": 27
                }
            },
            "rule": "reportUnknownMemberType"
        },
        {
            "file": "/Users/runner/work/hol-guard/hol-guard/source/tests/test_priority_launcher_phase_forwarding.py",
            "severity": "warning",
            "message": "Argument type is unknown\n  Argument corresponds to parameter \"report_path\" in function \"serve_with_capture\"",
            "range": {
                "start": {
                    "line": 411,
                    "character": 65
                },
                "end": {
                    "line": 411,
                    "character": 76
                }
            },
            "rule": "reportUnknownArgumentType"
        },
        {
            "file": "/Users/runner/work/hol-guard/hol-guard/source/tests/test_priority_launcher_phase_forwarding.py",
            "severity": "warning",
            "message": "Type of \"read_bytes\" is unknown",
            "range": {
                "start": {
                    "line": 413,
                    "character": 11
                },
                "end": {
                    "line": 413,
                    "character": 33
                }
            },
            "rule": "reportUnknownMemberType"
        },
        {
            "file": "/Users/runner/work/hol-guard/hol-guard/source/tests/test_priority_launcher_phase_joins.py",
            "severity": "warning",
            "message": "Type of \"reverse\" is Any",
            "range": {
                "start": {
                    "line": 102,
                    "character": 4
                },
                "end": {
                    "line": 102,
                    "character": 26
                }
            },
            "rule": "reportAny"
        },
        {
            "file": "/Users/runner/work/hol-guard/hol-guard/source/tests/test_priority_launcher_phase_joins.py",
            "severity": "warning",
            "message": "Type of \"row\" is Any",
            "range": {
                "start": {
                    "line": 103,
                    "character": 15
                },
                "end": {
                    "line": 103,
                    "character": 18
                }
            },
            "rule": "reportAny"
        },
        {
            "file": "/Users/runner/work/hol-guard/hol-guard/source/tests/test_priority_launcher_phase_joins.py",
            "severity": "warning",
            "message": "Argument type is Any\n  Argument corresponds to parameter \"iterable\" in function \"__new__\"",
            "range": {
                "start": {
                    "line": 103,
                    "character": 32
                },
                "end": {
                    "line": 103,
                    "character": 46
                }
            },
            "rule": "reportAny"
        },
        {
            "file": "/Users/runner/work/hol-guard/hol-guard/source/tests/test_priority_launcher_phase_joins.py",
            "severity": "warning",
            "message": "Type of parameter \"mutation\" is unknown",
            "range": {
                "start": {
                    "line": 120,
                    "character": 70
                },
                "end": {
                    "line": 120,
                    "character": 78
                }
            },
            "rule": "reportUnknownParameterType"
        },
        {
            "file": "/Users/runner/work/hol-guard/hol-guard/source/tests/test_priority_launcher_phase_joins.py",
            "severity": "warning",
            "message": "Type annotation is missing for parameter \"mutation\"",
            "range": {
                "start": {
                    "line": 120,
                    "character": 70
                },
                "end": {
                    "line": 120,
                    "character": 78
                }
            },
            "rule": "reportMissingParameterType"
        },
        {
            "file": "/Users/runner/work/hol-guard/hol-guard/source/tests/test_priority_launcher_phase_joins.py",
            "severity": "warning",
            "message": "Type of \"facts\" is Any",
            "range": {
                "start": {
                    "line": 122,
                    "character": 4
                },
                "end": {
                    "line": 122,
                    "character": 9
                }
            },
            "rule": "reportAny"
        },
        {
            "file": "/Users/runner/work/hol-guard/hol-guard/source/tests/test_priority_launcher_phase_joins.py",
            "severity": "warning",
            "message": "Argument type is Any\n  Argument corresponds to parameter \"map\" in function \"__init__\"",
            "range": {
                "start": {
                    "line": 131,
                    "character": 12
                },
                "end": {
                    "line": 131,
                    "character": 55
                }
            },
            "rule": "reportAny"
        },
        {
            "file": "/Users/runner/work/hol-guard/hol-guard/source/tests/test_priority_launcher_phase_joins.py",
            "severity": "warning",
            "message": "Type of \"facts\" is Any",
            "range": {
                "start": {
                    "line": 147,
                    "character": 4
                },
                "end": {
                    "line": 147,
                    "character": 9
                }
            },
            "rule": "reportAny"
        },
        {
            "file": "/Users/runner/work/hol-guard/hol-guard/source/tests/test_priority_launcher_phase_joins.py",
            "severity": "warning",
            "message": "Argument type is partially unknown\n  Argument corresponds to parameter \"argvalues\" in function \"__call__\"\n  Argument type is \"list[(value: Unknown) -> Unknown]\"",
            "range": {
                "start": {
                    "line": 173,
                    "character": 4
                },
                "end": {
                    "line": 178,
                    "character": 5
                }
            },
            "rule": "reportUnknownArgumentType"
        },
        {
            "file": "/Users/runner/work/hol-guard/hol-guard/source/tests/test_priority_launcher_phase_joins.py",
            "severity": "warning",
            "message": "Type of parameter \"value\" is unknown",
            "range": {
                "start": {
                    "line": 174,
                    "character": 15
                },
                "end": {
                    "line": 174,
                    "character": 20
                }
            },
            "rule": "reportUnknownLambdaType"
        },
        {
            "file": "/Users/runner/work/hol-guard/hol-guard/source/tests/test_priority_launcher_phase_joins.py",
            "severity": "warning",
            "message": "Type of \"update\" is unknown",
            "range": {
                "start": {
                    "line": 174,
                    "character": 22
                },
                "end": {
                    "line": 174,
                    "character": 34
                }
            },
            "rule": "reportUnknownMemberType"
        },
        {
            "file": "/Users/runner/work/hol-guard/hol-guard/source/tests/test_priority_launcher_phase_joins.py",
            "severity": "warning",
            "message": "Return type of lambda is unknown",
            "range": {
                "start": {
                    "line": 174,
                    "character": 22
                },
                "end": {
                    "line": 174,
                    "character": 52
                }
            },
            "rule": "reportUnknownLambdaType"
        },
        {
            "file": "/Users/runner/work/hol-guard/hol-guard/source/tests/test_priority_launcher_phase_joins.py",
            "severity": "warning",
            "message": "Type of parameter \"value\" is unknown",
            "range": {
                "start": {
                    "line": 175,
                    "character": 15
                },
                "end": {
                    "line": 175,
                    "character": 20
                }
            },
            "rule": "reportUnknownLambdaType"
        },
        {
            "file": "/Users/runner/work/hol-guard/hol-guard/source/tests/test_priority_launcher_phase_joins.py",
            "severity": "warning",
            "message": "Type of \"update\" is unknown",
            "range": {
                "start": {
                    "line": 175,
                    "character": 22
                },
                "end": {
                    "line": 175,
                    "character": 54
                }
            },
            "rule": "reportUnknownMemberType"
        },
        {
            "file": "/Users/runner/work/hol-guard/hol-guard/source/tests/test_priority_launcher_phase_joins.py",
            "severity": "warning",
            "message": "Return type of lambda is unknown",
            "range": {
                "start": {
                    "line": 175,
                    "character": 22
                },
                "end": {
                    "line": 175,
                    "character": 94
                }
            },
            "rule": "reportUnknownLambdaType"
        },
        {
            "file": "/Users/runner/work/hol-guard/hol-guard/source/tests/test_priority_launcher_phase_joins.py",
            "severity": "warning",
            "message": "Type of parameter \"value\" is unknown",
            "range": {
                "start": {
                    "line": 176,
                    "character": 15
                },
                "end": {
                    "line": 176,
                    "character": 20
                }
            },
            "rule": "reportUnknownLambdaType"
        },
        {
            "file": "/Users/runner/work/hol-guard/hol-guard/source/tests/test_priority_launcher_phase_joins.py",
            "severity": "warning",
            "message": "Type of \"update\" is unknown",
            "range": {
                "start": {
                    "line": 176,
                    "character": 22
                },
                "end": {
                    "line": 176,
                    "character": 74
                }
            },
            "rule": "reportUnknownMemberType"
        },
        {
            "file": "/Users/runner/work/hol-guard/hol-guard/source/tests/test_priority_launcher_phase_joins.py",
            "severity": "warning",
            "message": "Return type of lambda is unknown",
            "range": {
                "start": {
                    "line": 176,
                    "character": 22
                },
                "end": {
                    "line": 176,
                    "character": 106
                }
            },
            "rule": "reportUnknownLambdaType"
        },
        {
            "file": "/Users/runner/work/hol-guard/hol-guard/source/tests/test_priority_launcher_phase_joins.py",
            "severity": "warning",
            "message": "Type of parameter \"value\" is unknown",
            "range": {
                "start": {
                    "line": 177,
                    "character": 15
                },
                "end": {
                    "line": 177,
                    "character": 20
                }
            },
            "rule": "reportUnknownLambdaType"
        },
        {
            "file": "/Users/runner/work/hol-guard/hol-guard/source/tests/test_priority_launcher_phase_joins.py",
            "severity": "warning",
            "message": "Type of \"update\" is unknown",
            "range": {
                "start": {
                    "line": 177,
                    "character": 22
                },
                "end": {
                    "line": 177,
                    "character": 58
                }
            },
            "rule": "reportUnknownMemberType"
        },
        {
            "file": "/Users/runner/work/hol-guard/hol-guard/source/tests/test_priority_launcher_phase_joins.py",
            "severity": "warning",
            "message": "Return type of lambda is unknown",
            "range": {
                "start": {
                    "line": 177,
                    "character": 22
                },
                "end": {
                    "line": 177,
                    "character": 75
                }
            },
            "rule": "reportUnknownLambdaType"
        },
        {
            "file": "/Users/runner/work/hol-guard/hol-guard/source/tests/test_priority_launcher_phase_joins.py",
            "severity": "warning",
            "message": "Type of parameter \"mutator\" is unknown",
            "range": {
                "start": {
                    "line": 181,
                    "character": 77
                },
                "end": {
                    "line": 181,
                    "character": 84
                }
            },
            "rule": "reportUnknownParameterType"
        },
        {
            "file": "/Users/runner/work/hol-guard/hol-guard/source/tests/test_priority_launcher_phase_joins.py",
            "severity": "warning",
            "message": "Type annotation is missing for parameter \"mutator\"",
            "range": {
                "start": {
                    "line": 181,
                    "character": 77
                },
                "end": {
                    "line": 181,
                    "character": 84
                }
            },
            "rule": "reportMissingParameterType"
        },
        {
            "file": "/Users/runner/work/hol-guard/hol-guard/source/tests/test_priority_launcher_phase_joins.py",
            "severity": "warning",
            "message": "Result of call expression is of type \"dict[str, Any]\" and is not used; assign to variable \"_\" if this is intentional",
            "range": {
                "start": {
                    "line": 185,
                    "character": 8
                },
                "end": {
                    "line": 185,
                    "character": 36
                }
            },
            "rule": "reportUnusedCallResult"
        },
        {
            "file": "/Users/runner/work/hol-guard/hol-guard/source/tests/test_priority_launcher_phase_joins.py",
            "severity": "warning",
            "message": "Type of parameter \"tmp_path\" is unknown",
            "range": {
                "start": {
                    "line": 188,
                    "character": 68
                },
                "end": {
                    "line": 188,
                    "character": 76
                }
            },
            "rule": "reportUnknownParameterType"
        },
        {
            "file": "/Users/runner/work/hol-guard/hol-guard/source/tests/test_priority_launcher_phase_joins.py",
            "severity": "warning",
            "message": "Type annotation is missing for parameter \"tmp_path\"",
            "range": {
                "start": {
                    "line": 188,
                    "character": 68
                },
                "end": {
                    "line": 188,
                    "character": 76
                }
            },
            "rule": "reportMissingParameterType"
        },
        {
            "file": "/Users/runner/work/hol-guard/hol-guard/source/tests/test_priority_launcher_phase_joins.py",
            "severity": "warning",
            "message": "Type of \"path\" is unknown",
            "range": {
                "start": {
                    "line": 189,
                    "character": 4
                },
                "end": {
                    "line": 189,
                    "character": 8
                }
            },
            "rule": "reportUnknownVariableType"
        },
        {
            "file": "/Users/runner/work/hol-guard/hol-guard/source/tests/test_priority_launcher_phase_joins.py",
            "severity": "warning",
            "message": "Type of \"write_bytes\" is unknown",
            "range": {
                "start": {
                    "line": 191,
                    "character": 4
                },
                "end": {
                    "line": 191,
                    "character": 20
                }
            },
            "rule": "reportUnknownMemberType"
        },
        {
            "file": "/Users/runner/work/hol-guard/hol-guard/source/tests/test_priority_launcher_phase_joins.py",
            "severity": "warning",
            "message": "Result of call expression is of type \"dict[str, Any]\" and is not used; assign to variable \"_\" if this is intentional",
            "range": {
                "start": {
                    "line": 193,
                    "character": 8
                },
                "end": {
                    "line": 193,
                    "character": 25
                }
            },
            "rule": "reportUnusedCallResult"
        },
        {
            "file": "/Users/runner/work/hol-guard/hol-guard/source/tests/test_priority_launcher_phase_joins.py",
            "severity": "warning",
            "message": "Argument type is unknown\n  Argument corresponds to parameter \"path\" in function \"read_report\"",
            "range": {
                "start": {
                    "line": 193,
                    "character": 20
                },
                "end": {
                    "line": 193,
                    "character": 24
                }
            },
            "rule": "reportUnknownArgumentType"
        },
        {
            "file": "/Users/runner/work/hol-guard/hol-guard/source/tests/test_priority_launcher_phase_joins.py",
            "severity": "warning",
            "message": "Type of \"read_bytes\" is unknown",
            "range": {
                "start": {
                    "line": 194,
                    "character": 11
                },
                "end": {
                    "line": 194,
                    "character": 26
                }
            },
            "rule": "reportUnknownMemberType"
        },
        {
            "file": "/Users/runner/work/hol-guard/hol-guard/source/tests/test_priority_launcher_phase_joins.py",
            "severity": "warning",
            "message": "Type of parameter \"tmp_path\" is unknown",
            "range": {
                "start": {
                    "line": 197,
                    "character": 92
                },
                "end": {
                    "line": 197,
                    "character": 100
                }
            },
            "rule": "reportUnknownParameterType"
        },
        {
            "file": "/Users/runner/work/hol-guard/hol-guard/source/tests/test_priority_launcher_phase_joins.py",
            "severity": "warning",
            "message": "Type annotation is missing for parameter \"tmp_path\"",
            "range": {
                "start": {
                    "line": 197,
                    "character": 92
                },
                "end": {
                    "line": 197,
                    "character": 100
                }
            },
            "rule": "reportMissingParameterType"
        },
        {
            "file": "/Users/runner/work/hol-guard/hol-guard/source/tests/test_priority_launcher_phase_joins.py",
            "severity": "warning",
            "message": "Type of \"output\" is unknown",
            "range": {
                "start": {
                    "line": 214,
                    "character": 4
                },
                "end": {
                    "line": 214,
                    "character": 10
                }
            },
            "rule": "reportUnknownVariableType"
        },
        {
            "file": "/Users/runner/work/hol-guard/hol-guard/source/tests/test_priority_launcher_phase_joins.py",
            "severity": "warning",
            "message": "Argument type is unknown\n  Argument corresponds to parameter \"report_path\" in function \"serve_with_capture\"",
            "range": {
                "start": {
                    "line": 215,
                    "character": 107
                },
                "end": {
                    "line": 215,
                    "character": 113
                }
            },
            "rule": "reportUnknownArgumentType"
        },
        {
            "file": "/Users/runner/work/hol-guard/hol-guard/source/tests/test_priority_launcher_phase_joins.py",
            "severity": "warning",
            "message": "Type of \"report\" is Any",
            "range": {
                "start": {
                    "line": 216,
                    "character": 4
                },
                "end": {
                    "line": 216,
                    "character": 10
                }
            },
            "rule": "reportAny"
        },
        {
            "file": "/Users/runner/work/hol-guard/hol-guard/source/tests/test_priority_launcher_phase_joins.py",
            "severity": "warning",
            "message": "Type of \"read_bytes\" is unknown",
            "range": {
                "start": {
                    "line": 216,
                    "character": 24
                },
                "end": {
                    "line": 216,
                    "character": 41
                }
            },
            "rule": "reportUnknownMemberType"
        },
        {
            "file": "/Users/runner/work/hol-guard/hol-guard/source/tests/test_priority_launcher_phase_joins.py",
            "severity": "warning",
            "message": "Argument type is unknown\n  Argument corresponds to parameter \"s\" in function \"loads\"",
            "range": {
                "start": {
                    "line": 216,
                    "character": 24
                },
                "end": {
                    "line": 216,
                    "character": 43
                }
            },
            "rule": "reportUnknownArgumentType"
        },
        {
            "file": "/Users/runner/work/hol-guard/hol-guard/source/tests/test_priority_launcher_phase_joins.py",
            "severity": "warning",
            "message": "Argument type is Any\n  Argument corresponds to parameter \"obj\" in function \"len\"",
            "range": {
                "start": {
                    "line": 217,
                    "character": 15
                },
                "end": {
                    "line": 217,
                    "character": 29
                }
            },
            "rule": "reportAny"
        },
        {
            "file": "/Users/runner/work/hol-guard/hol-guard/source/tests/test_priority_launcher_phase_joins.py",
            "severity": "warning",
            "message": "Type of \"read_bytes\" is unknown",
            "range": {
                "start": {
                    "line": 221,
                    "character": 29
                },
                "end": {
                    "line": 221,
                    "character": 46
                }
            },
            "rule": "reportUnknownMemberType"
        },
        {
            "file": "/Users/runner/work/hol-guard/hol-guard/source/tests/test_priority_launcher_phase_joins.py",
            "severity": "warning",
            "message": "Type of parameter \"tmp_path\" is unknown",
            "range": {
                "start": {
                    "line": 224,
                    "character": 86
                },
                "end": {
                    "line": 224,
                    "character": 94
                }
            },
            "rule": "reportUnknownParameterType"
        },
        {
            "file": "/Users/runner/work/hol-guard/hol-guard/source/tests/test_priority_launcher_phase_joins.py",
            "severity": "warning",
            "message": "Type annotation is missing for parameter \"tmp_path\"",
            "range": {
                "start": {
                    "line": 224,
                    "character": 86
                },
                "end": {
                    "line": 224,
                    "character": 94
                }
            },
            "rule": "reportMissingParameterType"
        },
        {
            "file": "/Users/runner/work/hol-guard/hol-guard/source/tests/test_priority_launcher_phase_joins.py",
            "severity": "warning",
            "message": "Type of parameter \"args\" is unknown",
            "range": {
                "start": {
                    "line": 229,
                    "character": 17
                },
                "end": {
                    "line": 229,
                    "character": 21
                }
            },
            "rule": "reportUnknownParameterType"
        },
        {
            "file": "/Users/runner/work/hol-guard/hol-guard/source/tests/test_priority_launcher_phase_joins.py",
            "severity": "warning",
            "message": "Type annotation is missing for parameter \"args\"",
            "range": {
                "start": {
                    "line": 229,
                    "character": 17
                },
                "end": {
                    "line": 229,
                    "character": 21
                }
            },
            "rule": "reportMissingParameterType"
        },
        {
            "file": "/Users/runner/work/hol-guard/hol-guard/source/tests/test_priority_launcher_phase_joins.py",
            "severity": "warning",
            "message": "\"args\" is not accessed",
            "range": {
                "start": {
                    "line": 229,
                    "character": 17
                },
                "end": {
                    "line": 229,
                    "character": 21
                }
            },
            "rule": "reportUnusedParameter"
        },
        {
            "file": "/Users/runner/work/hol-guard/hol-guard/source/tests/test_priority_launcher_phase_joins.py",
            "severity": "warning",
            "message": "Type of parameter \"kwargs\" is unknown",
            "range": {
                "start": {
                    "line": 229,
                    "character": 25
                },
                "end": {
                    "line": 229,
                    "character": 31
                }
            },
            "rule": "reportUnknownParameterType"
        },
        {
            "file": "/Users/runner/work/hol-guard/hol-guard/source/tests/test_priority_launcher_phase_joins.py",
            "severity": "warning",
            "message": "Type annotation is missing for parameter \"kwargs\"",
            "range": {
                "start": {
                    "line": 229,
                    "character": 25
                },
                "end": {
                    "line": 229,
                    "character": 31
                }
            },
            "rule": "reportMissingParameterType"
        },
        {
            "file": "/Users/runner/work/hol-guard/hol-guard/source/tests/test_priority_launcher_phase_joins.py",
            "severity": "warning",
            "message": "\"kwargs\" is not accessed",
            "range": {
                "start": {
                    "line": 229,
                    "character": 25
                },
                "end": {
                    "line": 229,
                    "character": 31
                }
            },
            "rule": "reportUnusedParameter"
        },
        {
            "file": "/Users/runner/work/hol-guard/hol-guard/source/tests/test_priority_launcher_phase_joins.py",
            "severity": "warning",
            "message": "Type of parameter \"session\" is unknown",
            "range": {
                "start": {
                    "line": 232,
                    "character": 16
                },
                "end": {
                    "line": 232,
                    "character": 23
                }
            },
            "rule": "reportUnknownParameterType"
        },
        {
            "file": "/Users/runner/work/hol-guard/hol-guard/source/tests/test_priority_launcher_phase_joins.py",
            "severity": "warning",
            "message": "Type annotation is missing for parameter \"session\"",
            "range": {
                "start": {
                    "line": 232,
                    "character": 16
                },
                "end": {
                    "line": 232,
                    "character": 23
                }
            },
            "rule": "reportMissingParameterType"
        },
        {
            "file": "/Users/runner/work/hol-guard/hol-guard/source/tests/test_priority_launcher_phase_joins.py",
            "severity": "warning",
            "message": "Type of parameter \"plan\" is unknown",
            "range": {
                "start": {
                    "line": 232,
                    "character": 25
                },
                "end": {
                    "line": 232,
                    "character": 29
                }
            },
            "rule": "reportUnknownParameterType"
        },
        {
            "file": "/Users/runner/work/hol-guard/hol-guard/source/tests/test_priority_launcher_phase_joins.py",
            "severity": "warning",
            "message": "Type annotation is missing for parameter \"plan\"",
            "range": {
                "start": {
                    "line": 232,
                    "character": 25
                },
                "end": {
                    "line": 232,
                    "character": 29
                }
            },
            "rule": "reportMissingParameterType"
        },
        {
            "file": "/Users/runner/work/hol-guard/hol-guard/source/tests/test_priority_launcher_phase_joins.py",
            "severity": "warning",
            "message": "Argument type is partially unknown\n  Argument corresponds to parameter \"object\" in function \"append\"\n  Argument type is \"tuple[Unknown, Unknown]\"",
            "range": {
                "start": {
                    "line": 233,
                    "character": 21
                },
                "end": {
                    "line": 233,
                    "character": 36
                }
            },
            "rule": "reportUnknownArgumentType"
        },
        {
            "file": "/Users/runner/work/hol-guard/hol-guard/source/tests/test_priority_launcher_phase_joins.py",
            "severity": "warning",
            "message": "Type of parameter \"args\" is partially unknown",
            "range": {
                "start": {
                    "line": 239,
                    "character": 42
                },
                "end": {
                    "line": 239,
                    "character": 46
                }
            },
            "rule": "reportUnknownLambdaType"
        },
        {
            "file": "/Users/runner/work/hol-guard/hol-guard/source/tests/test_priority_launcher_phase_joins.py",
            "severity": "warning",
            "message": "Type of parameter \"kwargs\" is partially unknown",
            "range": {
                "start": {
                    "line": 239,
                    "character": 50
                },
                "end": {
                    "line": 239,
                    "character": 56
                }
            },
            "rule": "reportUnknownLambdaType"
        },
        {
            "file": "/Users/runner/work/hol-guard/hol-guard/source/tests/test_priority_launcher_phase_joins.py",
            "severity": "warning",
            "message": "Type of parameter \"args\" is partially unknown",
            "range": {
                "start": {
                    "line": 242,
                    "character": 36
                },
                "end": {
                    "line": 242,
                    "character": 40
                }
            },
            "rule": "reportUnknownLambdaType"
        },
        {
            "file": "/Users/runner/work/hol-guard/hol-guard/source/tests/test_priority_launcher_phase_joins.py",
            "severity": "warning",
            "message": "Type of parameter \"kwargs\" is partially unknown",
            "range": {
                "start": {
                    "line": 242,
                    "character": 44
                },
                "end": {
                    "line": 242,
                    "character": 50
                }
            },
            "rule": "reportUnknownLambdaType"
        },
        {
            "file": "/Users/runner/work/hol-guard/hol-guard/source/tests/test_priority_launcher_phase_joins.py",
            "severity": "warning",
            "message": "Type of parameter \"args\" is partially unknown",
            "range": {
                "start": {
                    "line": 243,
                    "character": 30
                },
                "end": {
                    "line": 243,
                    "character": 34
                }
            },
            "rule": "reportUnknownLambdaType"
        },
        {
            "file": "/Users/runner/work/hol-guard/hol-guard/source/tests/test_priority_launcher_phase_joins.py",
            "severity": "warning",
            "message": "Type of parameter \"kwargs\" is partially unknown",
            "range": {
                "start": {
                    "line": 243,
                    "character": 38
                },
                "end": {
                    "line": 243,
                    "character": 44
                }
            },
            "rule": "reportUnknownLambdaType"
        },
        {
            "file": "/Users/runner/work/hol-guard/hol-guard/source/tests/test_priority_launcher_phase_joins.py",
            "severity": "warning",
            "message": "Type of parameter \"args\" is partially unknown",
            "range": {
                "start": {
                    "line": 244,
                    "character": 38
                },
                "end": {
                    "line": 244,
                    "character": 42
                }
            },
            "rule": "reportUnknownLambdaType"
        },
        {
            "file": "/Users/runner/work/hol-guard/hol-guard/source/tests/test_priority_launcher_phase_joins.py",
            "severity": "warning",
            "message": "Type of parameter \"kwargs\" is partially unknown",
            "range": {
                "start": {
                    "line": 244,
                    "character": 46
                },
                "end": {
                    "line": 244,
                    "character": 52
                }
            },
            "rule": "reportUnknownLambdaType"
        },
        {
            "file": "/Users/runner/work/hol-guard/hol-guard/source/tests/test_priority_launcher_phase_joins.py",
            "severity": "warning",
            "message": "Type of parameter \"args\" is partially unknown",
            "range": {
                "start": {
                    "line": 245,
                    "character": 46
                },
                "end": {
                    "line": 245,
                    "character": 50
                }
            },
            "rule": "reportUnknownLambdaType"
        },
        {
            "file": "/Users/runner/work/hol-guard/hol-guard/source/tests/test_priority_launcher_phase_joins.py",
            "severity": "warning",
            "message": "Type of parameter \"kwargs\" is partially unknown",
            "range": {
                "start": {
                    "line": 245,
                    "character": 54
                },
                "end": {
                    "line": 245,
                    "character": 60
                }
            },
            "rule": "reportUnknownLambdaType"
        },
        {
            "file": "/Users/runner/work/hol-guard/hol-guard/source/tests/test_priority_launcher_phase_joins.py",
            "severity": "warning",
            "message": "Argument type is unknown\n  Argument corresponds to parameter \"object\" in function \"__new__\"",
            "range": {
                "start": {
                    "line": 248,
                    "character": 21
                },
                "end": {
                    "line": 248,
                    "character": 44
                }
            },
            "rule": "reportUnknownArgumentType"
        },
        {
            "file": "/Users/runner/work/hol-guard/hol-guard/source/tests/test_priority_launcher_phase_joins.py",
            "severity": "warning",
            "message": "Type of parameter \"args\" is partially unknown",
            "range": {
                "start": {
                    "line": 248,
                    "character": 75
                },
                "end": {
                    "line": 248,
                    "character": 79
                }
            },
            "rule": "reportUnknownLambdaType"
        },
        {
            "file": "/Users/runner/work/hol-guard/hol-guard/source/tests/test_priority_launcher_phase_joins.py",
            "severity": "warning",
            "message": "Type of parameter \"kwargs\" is partially unknown",
            "range": {
                "start": {
                    "line": 248,
                    "character": 83
                },
                "end": {
                    "line": 248,
                    "character": 89
                }
            },
            "rule": "reportUnknownLambdaType"
        },
        {
            "file": "/Users/runner/work/hol-guard/hol-guard/source/tests/test_priority_launcher_phase_joins.py",
            "severity": "warning",
            "message": "Type of \"runtime\" is unknown",
            "range": {
                "start": {
                    "line": 252,
                    "character": 8
                },
                "end": {
                    "line": 252,
                    "character": 15
                }
            },
            "rule": "reportUnknownVariableType"
        },
        {
            "file": "/Users/runner/work/hol-guard/hol-guard/source/tests/test_priority_launcher_phase_joins.py",
            "severity": "warning",
            "message": "Type annotation for attribute `runtime` is required because this class is not decorated with `@final`",
            "range": {
                "start": {
                    "line": 252,
                    "character": 8
                },
                "end": {
                    "line": 252,
                    "character": 15
                }
            },
            "rule": "reportUnannotatedClassAttribute"
        },
        {
            "file": "/Users/runner/work/hol-guard/hol-guard/source/tests/test_priority_launcher_phase_joins.py",
            "severity": "warning",
            "message": "Type annotation for attribute `startup_ms` is required because this class is not decorated with `@final`",
            "range": {
                "start": {
                    "line": 253,
                    "character": 8
                },
                "end": {
                    "line": 253,
                    "character": 18
                }
            },
            "rule": "reportUnannotatedClassAttribute"
        },
        {
            "file": "/Users/runner/work/hol-guard/hol-guard/source/tests/test_priority_launcher_phase_joins.py",
            "severity": "warning",
            "message": "Type annotation for attribute `readiness_ms` is required because this class is not decorated with `@final`",
            "range": {
                "start": {
                    "line": 253,
                    "character": 21
                },
                "end": {
                    "line": 253,
                    "character": 33
                }
            },
            "rule": "reportUnannotatedClassAttribute"
        },
        {
            "file": "/Users/runner/work/hol-guard/hol-guard/source/tests/test_priority_launcher_phase_joins.py",
            "severity": "warning",
            "message": "Type annotation for attribute `process` is required because this class is not decorated with `@final`",
            "range": {
                "start": {
                    "line": 254,
                    "character": 8
                },
                "end": {
                    "line": 254,
                    "character": 15
                }
            },
            "rule": "reportUnannotatedClassAttribute"
        },
        {
            "file": "/Users/runner/work/hol-guard/hol-guard/source/tests/test_priority_launcher_phase_joins.py",
            "severity": "warning",
            "message": "Type annotation for attribute `_readers` is required because this class is not decorated with `@final`",
            "range": {
                "start": {
                    "line": 255,
                    "character": 8
                },
                "end": {
                    "line": 255,
                    "character": 16
                }
            },
            "rule": "reportUnannotatedClassAttribute"
        },
        {
            "file": "/Users/runner/work/hol-guard/hol-guard/source/tests/test_priority_launcher_phase_joins.py",
            "severity": "warning",
            "message": "Argument type is unknown\n  Argument corresponds to parameter \"source_root\" in function \"execute_block\"",
            "range": {
                "start": {
                    "line": 269,
                    "character": 20
                },
                "end": {
                    "line": 269,
                    "character": 28
                }
            },
            "rule": "reportUnknownArgumentType"
        },
        {
            "file": "/Users/runner/work/hol-guard/hol-guard/source/tests/test_priority_launcher_phase_joins.py",
            "severity": "warning",
            "message": "Argument type is unknown\n  Argument corresponds to parameter \"child_script\" in function \"execute_block\"",
            "range": {
                "start": {
                    "line": 270,
                    "character": 21
                },
                "end": {
                    "line": 270,
                    "character": 42
                }
            },
            "rule": "reportUnknownArgumentType"
        },
        {
            "file": "/Users/runner/work/hol-guard/hol-guard/source/tests/test_priority_launcher_phase_joins.py",
            "severity": "warning",
            "message": "Argument type is unknown\n  Argument corresponds to parameter \"daemon_report_path\" in function \"execute_block\"",
            "range": {
                "start": {
                    "line": 271,
                    "character": 27
                },
                "end": {
                    "line": 271,
                    "character": 52
                }
            },
            "rule": "reportUnknownArgumentType"
        },
        {
            "file": "/Users/runner/work/hol-guard/hol-guard/source/tests/test_priority_launcher_phase_joins.py",
            "severity": "warning",
            "message": "Type of parameter \"mutation\" is unknown",
            "range": {
                "start": {
                    "line": 303,
                    "character": 46
                },
                "end": {
                    "line": 303,
                    "character": 54
                }
            },
            "rule": "reportUnknownParameterType"
        },
        {
            "file": "/Users/runner/work/hol-guard/hol-guard/source/tests/test_priority_launcher_phase_joins.py",
            "severity": "warning",
            "message": "Type annotation is missing for parameter \"mutation\"",
            "range": {
                "start": {
                    "line": 303,
                    "character": 46
                },
                "end": {
                    "line": 303,
                    "character": 54
                }
            },
            "rule": "reportMissingParameterType"
        },
        {
            "file": "/Users/runner/work/hol-guard/hol-guard/source/tests/test_priority_launcher_phase_joins.py",
            "severity": "warning",
            "message": "Type of \"stages\" is Any",
            "range": {
                "start": {
                    "line": 305,
                    "character": 4
                },
                "end": {
                    "line": 305,
                    "character": 10
                }
            },
            "rule": "reportAny"
        },
        {
            "file": "/Users/runner/work/hol-guard/hol-guard/source/tests/test_priority_launcher_phase_joins.py",
            "severity": "warning",
            "message": "Result of call expression is of type \"dict[str, Any]\" and is not used; assign to variable \"_\" if this is intentional",
            "range": {
                "start": {
                    "line": 324,
                    "character": 8
                },
                "end": {
                    "line": 324,
                    "character": 36
                }
            },
            "rule": "reportUnusedCallResult"
        },
        {
            "file": "/Users/runner/work/hol-guard/hol-guard/source/tests/test_priority_launcher_phase_joins.py",
            "severity": "warning",
            "message": "\"_report\" is private and used outside of the module in which it is declared",
            "range": {
                "start": {
                    "line": 328,
                    "character": 57
                },
                "end": {
                    "line": 328,
                    "character": 64
                }
            },
            "rule": "reportPrivateUsage"
        },
        {
            "file": "/Users/runner/work/hol-guard/hol-guard/source/tests/test_priority_launcher_phase_joins.py",
            "severity": "warning",
            "message": "Return type of lambda is Any",
            "range": {
                "start": {
                    "line": 335,
                    "character": 58
                },
                "end": {
                    "line": 335,
                    "character": 104
                }
            },
            "rule": "reportAny"
        },
        {
            "file": "/Users/runner/work/hol-guard/hol-guard/source/tests/test_priority_launcher_phase_joins.py",
            "severity": "warning",
            "message": "Type of \"item\" is Any",
            "range": {
                "start": {
                    "line": 341,
                    "character": 30
                },
                "end": {
                    "line": 341,
                    "character": 34
                }
            },
            "rule": "reportAny"
        },
        {
            "file": "/Users/runner/work/hol-guard/hol-guard/source/tests/test_priority_launcher_phase_joins.py",
            "severity": "warning",
            "message": "Result of call expression is of type \"list[dict[str, Any]]\" and is not used; assign to variable \"_\" if this is intentional",
            "range": {
                "start": {
                    "line": 345,
                    "character": 8
                },
                "end": {
                    "line": 345,
                    "character": 32
                }
            },
            "rule": "reportUnusedCallResult"
        },
        {
            "file": "/Users/runner/work/hol-guard/hol-guard/source/tests/test_priority_launcher_phase_joins.py",
            "severity": "warning",
            "message": "Type of parameter \"tmp_path\" is unknown",
            "range": {
                "start": {
                    "line": 348,
                    "character": 80
                },
                "end": {
                    "line": 348,
                    "character": 88
                }
            },
            "rule": "reportUnknownParameterType"
        },
        {
            "file": "/Users/runner/work/hol-guard/hol-guard/source/tests/test_priority_launcher_phase_joins.py",
            "severity": "warning",
            "message": "Type annotation is missing for parameter \"tmp_path\"",
            "range": {
                "start": {
                    "line": 348,
                    "character": 80
                },
                "end": {
                    "line": 348,
                    "character": 88
                }
            },
            "rule": "reportMissingParameterType"
        },
        {
            "file": "/Users/runner/work/hol-guard/hol-guard/source/tests/test_priority_launcher_phase_joins.py",
            "severity": "warning",
            "message": "Type of \"path\" is unknown",
            "range": {
                "start": {
                    "line": 350,
                    "character": 4
                },
                "end": {
                    "line": 350,
                    "character": 8
                }
            },
            "rule": "reportUnknownVariableType"
        },
        {
            "file": "/Users/runner/work/hol-guard/hol-guard/source/tests/test_priority_launcher_phase_joins.py",
            "severity": "warning",
            "message": "Type of \"write_bytes\" is unknown",
            "range": {
                "start": {
                    "line": 351,
                    "character": 4
                },
                "end": {
                    "line": 351,
                    "character": 20
                }
            },
            "rule": "reportUnknownMemberType"
        },
        {
            "file": "/Users/runner/work/hol-guard/hol-guard/source/tests/test_priority_launcher_phase_joins.py",
            "severity": "warning",
            "message": "Argument type is unknown\n  Argument corresponds to parameter \"path\" in function \"read_report_document\"",
            "range": {
                "start": {
                    "line": 352,
                    "character": 43
                },
                "end": {
                    "line": 352,
                    "character": 47
                }
            },
            "rule": "reportUnknownArgumentType"
        },
        {
            "file": "/Users/runner/work/hol-guard/hol-guard/source/tests/test_priority_launcher_phase_joins.py",
            "severity": "warning",
            "message": "Type of \"read_bytes\" is unknown",
            "range": {
                "start": {
                    "line": 356,
                    "character": 11
                },
                "end": {
                    "line": 356,
                    "character": 26
                }
            },
            "rule": "reportUnknownMemberType"
        }
    ],
    "summary": {
        "filesAnalyzed": 16,
        "errorCount": 0,
        "warningCount": 1253,
        "informationCount": 0,
        "timeInSec": 1.915
    }
}
