2026-09-20T14:47:55.8718672Z Current runner version: '2.337.0'
2026-09-20T14:47:55.8743547Z ##[group]Runner Image Provisioner
2026-09-20T14:47:55.8744385Z Hosted Compute Agent
2026-09-20T14:47:55.8745141Z Version: 20260828.587
2026-09-20T14:47:55.8745780Z Commit: abac92662cab4cc7352de4f9f9d2e2419aad9c29
2026-09-20T14:47:55.8746667Z Build Date: 2026-08-28T16:44:25Z
2026-09-20T14:47:55.8747381Z Worker ID: {a24bf113-3f04-4f7f-b0ba-f4c9b573b070}
2026-09-20T14:47:55.8748094Z Azure Region: westus3
2026-09-20T14:47:55.8748719Z ##[endgroup]
2026-09-20T14:47:55.8750435Z ##[group]Operating System
2026-09-20T14:47:55.8751189Z Ubuntu
2026-09-20T14:47:55.8751738Z 24.04.5
2026-09-20T14:47:55.8752247Z LTS
2026-09-20T14:47:55.8752845Z ##[endgroup]
2026-09-20T14:47:55.8753391Z ##[group]Runner Image
2026-09-20T14:47:55.8754046Z Image: ubuntu-24.04
2026-09-20T14:47:55.8754666Z Version: 20260907.300.1
2026-09-20T14:47:55.8755970Z Included Software: https://github.com/actions/runner-images/blob/ubuntu24/20260907.300/images/ubuntu/Ubuntu2404-Readme.md
2026-09-20T14:47:55.8757616Z Image Release: https://github.com/actions/runner-images/releases/tag/ubuntu24%2F20260907.300
2026-09-20T14:47:55.8758637Z ##[endgroup]
2026-09-20T14:47:55.8759952Z ##[group]GITHUB_TOKEN Permissions
2026-09-20T14:47:55.8761910Z Contents: read
2026-09-20T14:47:55.8762545Z Metadata: read
2026-09-20T14:47:55.8763135Z ##[endgroup]
2026-09-20T14:47:55.8765208Z Secret source: Actions
2026-09-20T14:47:55.8766247Z Cache mode: write
2026-09-20T14:47:55.8767041Z Prepare workflow directory
2026-09-20T14:47:55.9107391Z Prepare all required actions
2026-09-20T14:47:55.9155701Z Getting action download info
2026-09-20T14:47:56.2738435Z Download action repository 'actions/checkout@df4cb1c069e1874edd31b4311f1884172cec0e10' (SHA:df4cb1c069e1874edd31b4311f1884172cec0e10)
2026-09-20T14:47:56.4028637Z Download action repository 'actions/setup-node@49933ea5288caeca8642d1e84afbd3f7d6820020' (SHA:49933ea5288caeca8642d1e84afbd3f7d6820020)
2026-09-20T14:47:56.4930388Z Download action repository 'actions/setup-python@a309ff8b426b58ec0e2a45f0f869d46889d02405' (SHA:a309ff8b426b58ec0e2a45f0f869d46889d02405)
2026-09-20T14:47:56.6059777Z Download action repository 'astral-sh/setup-uv@fac544c07dec837d0ccb6301d7b5580bf5edae39' (SHA:fac544c07dec837d0ccb6301d7b5580bf5edae39)
2026-09-20T14:47:57.3970256Z Download action repository 'actions/upload-artifact@043fb46d1a93c77aae656e7c1c64a875d1fc6a0a' (SHA:043fb46d1a93c77aae656e7c1c64a875d1fc6a0a)
2026-09-20T14:47:57.5869717Z Complete job name: linux-x64
2026-09-20T14:47:57.6832564Z ##[group]Run actions/checkout@df4cb1c069e1874edd31b4311f1884172cec0e10
2026-09-20T14:47:57.6833711Z with:
2026-09-20T14:47:57.6834188Z   persist-credentials: false
2026-09-20T14:47:57.6834766Z   repository: hashgraph-online/hol-guard
2026-09-20T14:47:57.6838735Z   token: ***
2026-09-20T14:47:57.6839523Z   ssh-strict: true
2026-09-20T14:47:57.6840003Z   ssh-user: git
2026-09-20T14:47:57.6840443Z   clean: true
2026-09-20T14:47:57.6840906Z   sparse-checkout-cone-mode: true
2026-09-20T14:47:57.6841454Z   fetch-depth: 1
2026-09-20T14:47:57.6841935Z   fetch-tags: false
2026-09-20T14:47:57.6842401Z   show-progress: true
2026-09-20T14:47:57.6842871Z   lfs: false
2026-09-20T14:47:57.6843315Z   submodules: false
2026-09-20T14:47:57.6843779Z   set-safe-directory: true
2026-09-20T14:47:57.6844594Z ##[endgroup]
2026-09-20T14:47:57.7817659Z Syncing repository: hashgraph-online/hol-guard
2026-09-20T14:47:57.7819960Z ##[group]Getting Git version info
2026-09-20T14:47:57.7820892Z Working directory is '/home/runner/work/hol-guard/hol-guard'
2026-09-20T14:47:57.7822139Z [command]/usr/bin/git version
2026-09-20T14:47:57.7915178Z git version 2.55.0
2026-09-20T14:47:57.7937892Z ##[endgroup]
2026-09-20T14:47:57.7952372Z Temporarily overriding HOME='/home/runner/work/_temp/46ebae81-f642-4261-953b-c225c559f8bb' before making global git config changes
2026-09-20T14:47:57.7955069Z Adding repository directory to the temporary git global config as a safe directory
2026-09-20T14:47:57.7958148Z [command]/usr/bin/git config --global --add safe.directory /home/runner/work/hol-guard/hol-guard
2026-09-20T14:47:57.8006093Z Deleting the contents of '/home/runner/work/hol-guard/hol-guard'
2026-09-20T14:47:57.8010135Z ##[group]Determining repository object format
2026-09-20T14:47:57.8013023Z ##[endgroup]
2026-09-20T14:47:57.8014589Z ##[group]Initializing the repository
2026-09-20T14:47:57.8018499Z [command]/usr/bin/git init /home/runner/work/hol-guard/hol-guard
2026-09-20T14:47:57.8126218Z hint: Using 'master' as the name for the initial branch. This default branch name
2026-09-20T14:47:57.8127787Z hint: will change to "main" in Git 3.0. To configure the initial branch name
2026-09-20T14:47:57.8130003Z hint: to use in all of your new repositories, which will suppress this warning,
2026-09-20T14:47:57.8132219Z hint: call:
2026-09-20T14:47:57.8133519Z hint:
2026-09-20T14:47:57.8135076Z hint: 	git config --global init.defaultBranch <name>
2026-09-20T14:47:57.8136752Z hint:
2026-09-20T14:47:57.8138207Z hint: Names commonly chosen instead of 'master' are 'main', 'trunk' and
2026-09-20T14:47:57.8140933Z hint: 'development'. The just-created branch can be renamed via this command:
2026-09-20T14:47:57.8143078Z hint:
2026-09-20T14:47:57.8144289Z hint: 	git branch -m <name>
2026-09-20T14:47:57.8145455Z hint:
2026-09-20T14:47:57.8146903Z hint: Disable this message with "git config set advice.defaultBranchName false"
2026-09-20T14:47:57.8149629Z Initialized empty Git repository in /home/runner/work/hol-guard/hol-guard/.git/
2026-09-20T14:47:57.8153281Z [command]/usr/bin/git remote add origin https://github.com/hashgraph-online/hol-guard
2026-09-20T14:47:57.8186614Z ##[endgroup]
2026-09-20T14:47:57.8188140Z ##[group]Disabling automatic garbage collection
2026-09-20T14:47:57.8191031Z [command]/usr/bin/git config --local gc.auto 0
2026-09-20T14:47:57.8220506Z ##[endgroup]
2026-09-20T14:47:57.8222174Z ##[group]Setting up auth
2026-09-20T14:47:57.8223388Z Removing SSH command configuration
2026-09-20T14:47:57.8228775Z [command]/usr/bin/git config --local --name-only --get-regexp core\.sshCommand
2026-09-20T14:47:57.8260479Z [command]/usr/bin/git submodule foreach --recursive sh -c "git config --local --name-only --get-regexp 'core\.sshCommand' && git config --local --unset-all 'core.sshCommand' || :"
2026-09-20T14:47:57.8593641Z Removing HTTP extra header
2026-09-20T14:47:57.8598942Z [command]/usr/bin/git config --local --name-only --get-regexp http\.https\:\/\/github\.com\/\.extraheader
2026-09-20T14:47:57.8630325Z [command]/usr/bin/git submodule foreach --recursive sh -c "git config --local --name-only --get-regexp 'http\.https\:\/\/github\.com\/\.extraheader' && git config --local --unset-all 'http.https://github.com/.extraheader' || :"
2026-09-20T14:47:57.8840535Z Removing includeIf entries pointing to credentials config files
2026-09-20T14:47:57.8846252Z [command]/usr/bin/git config --local --name-only --get-regexp ^includeIf\.gitdir:
2026-09-20T14:47:57.8878702Z [command]/usr/bin/git submodule foreach --recursive git config --local --show-origin --name-only --get-regexp remote.origin.url
2026-09-20T14:47:57.9109440Z [command]/usr/bin/git config --file /home/runner/work/_temp/git-credentials-e6868220-1609-4a45-87eb-75b9195fb797.config http.https://github.com/.extraheader AUTHORIZATION: basic ***
2026-09-20T14:47:57.9148054Z [command]/usr/bin/git config --local includeIf.gitdir:/home/runner/work/hol-guard/hol-guard/.git.path /home/runner/work/_temp/git-credentials-e6868220-1609-4a45-87eb-75b9195fb797.config
2026-09-20T14:47:57.9180022Z [command]/usr/bin/git config --local includeIf.gitdir:/home/runner/work/hol-guard/hol-guard/.git/worktrees/*.path /home/runner/work/_temp/git-credentials-e6868220-1609-4a45-87eb-75b9195fb797.config
2026-09-20T14:47:57.9213667Z [command]/usr/bin/git config --local includeIf.gitdir:/github/workspace/.git.path /github/runner_temp/git-credentials-e6868220-1609-4a45-87eb-75b9195fb797.config
2026-09-20T14:47:57.9252516Z [command]/usr/bin/git config --local includeIf.gitdir:/github/workspace/.git/worktrees/*.path /github/runner_temp/git-credentials-e6868220-1609-4a45-87eb-75b9195fb797.config
2026-09-20T14:47:57.9281650Z ##[endgroup]
2026-09-20T14:47:57.9282589Z ##[group]Fetching the repository
2026-09-20T14:47:57.9293596Z [command]/usr/bin/git -c protocol.version=2 fetch --no-tags --prune --no-recurse-submodules --depth=1 origin +753850955c33eb15f992d1fe7ca375dd26c3a070:refs/remotes/pull/2974/merge
2026-09-20T14:47:59.3362276Z From https://github.com/hashgraph-online/hol-guard
2026-09-20T14:47:59.3365285Z  * [new ref]         753850955c33eb15f992d1fe7ca375dd26c3a070 -> pull/2974/merge
2026-09-20T14:47:59.3371019Z ##[endgroup]
2026-09-20T14:47:59.3373083Z ##[group]Determining the checkout info
2026-09-20T14:47:59.3375473Z ##[endgroup]
2026-09-20T14:47:59.3377109Z [command]/usr/bin/git sparse-checkout disable
2026-09-20T14:47:59.3426161Z [command]/usr/bin/git config --local --unset-all extensions.worktreeConfig
2026-09-20T14:47:59.3453929Z ##[group]Checking out the ref
2026-09-20T14:47:59.3457353Z [command]/usr/bin/git checkout --progress --force refs/remotes/pull/2974/merge
2026-09-20T14:47:59.7066504Z Note: switching to 'refs/remotes/pull/2974/merge'.
2026-09-20T14:47:59.7067177Z 
2026-09-20T14:47:59.7067591Z You are in 'detached HEAD' state. You can look around, make experimental
2026-09-20T14:47:59.7068537Z changes and commit them, and you can discard any commits you make in this
2026-09-20T14:47:59.7069734Z state without impacting any branches by switching back to a branch.
2026-09-20T14:47:59.7070282Z 
2026-09-20T14:47:59.7070742Z If you want to create a new branch to retain commits you create, you may
2026-09-20T14:47:59.7071594Z do so (now or later) by using -c with the switch command. Example:
2026-09-20T14:47:59.7072081Z 
2026-09-20T14:47:59.7072287Z   git switch -c <new-branch-name>
2026-09-20T14:47:59.7072633Z 
2026-09-20T14:47:59.7072845Z Or undo this operation with:
2026-09-20T14:47:59.7073168Z 
2026-09-20T14:47:59.7073350Z   git switch -
2026-09-20T14:47:59.7073644Z 
2026-09-20T14:47:59.7074062Z Turn off this advice by setting config variable advice.detachedHead to false
2026-09-20T14:47:59.7074692Z 
2026-09-20T14:47:59.7075312Z HEAD is now at 7538509 Merge f8f190a286159b46bf14a624a62ba52b5d2371a3 into 4b89e0d2d496a85f04922b2e019a4aea15326bb9
2026-09-20T14:47:59.7085875Z ##[endgroup]
2026-09-20T14:47:59.7134500Z [command]/usr/bin/git log -1 --format=%H
2026-09-20T14:47:59.7159990Z 753850955c33eb15f992d1fe7ca375dd26c3a070
2026-09-20T14:47:59.7178717Z ##[group]Removing auth
2026-09-20T14:47:59.7179888Z Removing SSH command configuration
2026-09-20T14:47:59.7180521Z [command]/usr/bin/git config --local --name-only --get-regexp core\.sshCommand
2026-09-20T14:47:59.7211327Z [command]/usr/bin/git submodule foreach --recursive sh -c "git config --local --name-only --get-regexp 'core\.sshCommand' && git config --local --unset-all 'core.sshCommand' || :"
2026-09-20T14:47:59.7434666Z Removing HTTP extra header
2026-09-20T14:47:59.7439226Z [command]/usr/bin/git config --local --name-only --get-regexp http\.https\:\/\/github\.com\/\.extraheader
2026-09-20T14:47:59.7473172Z [command]/usr/bin/git submodule foreach --recursive sh -c "git config --local --name-only --get-regexp 'http\.https\:\/\/github\.com\/\.extraheader' && git config --local --unset-all 'http.https://github.com/.extraheader' || :"
2026-09-20T14:47:59.7693282Z Removing includeIf entries pointing to credentials config files
2026-09-20T14:47:59.7698352Z [command]/usr/bin/git config --local --name-only --get-regexp ^includeIf\.gitdir:
2026-09-20T14:47:59.7731533Z includeif.gitdir:/home/runner/work/hol-guard/hol-guard/.git.path
2026-09-20T14:47:59.7732200Z includeif.gitdir:/home/runner/work/hol-guard/hol-guard/.git/worktrees/*.path
2026-09-20T14:47:59.7732658Z includeif.gitdir:/github/workspace/.git.path
2026-09-20T14:47:59.7733024Z includeif.gitdir:/github/workspace/.git/worktrees/*.path
2026-09-20T14:47:59.7741995Z [command]/usr/bin/git config --local --get-all includeif.gitdir:/home/runner/work/hol-guard/hol-guard/.git.path
2026-09-20T14:47:59.7762975Z /home/runner/work/_temp/git-credentials-e6868220-1609-4a45-87eb-75b9195fb797.config
2026-09-20T14:47:59.7772615Z [command]/usr/bin/git config --local --unset includeif.gitdir:/home/runner/work/hol-guard/hol-guard/.git.path /home/runner/work/_temp/git-credentials-e6868220-1609-4a45-87eb-75b9195fb797.config
2026-09-20T14:47:59.7802652Z [command]/usr/bin/git config --local --get-all includeif.gitdir:/home/runner/work/hol-guard/hol-guard/.git/worktrees/*.path
2026-09-20T14:47:59.7823314Z /home/runner/work/_temp/git-credentials-e6868220-1609-4a45-87eb-75b9195fb797.config
2026-09-20T14:47:59.7831324Z [command]/usr/bin/git config --local --unset includeif.gitdir:/home/runner/work/hol-guard/hol-guard/.git/worktrees/*.path /home/runner/work/_temp/git-credentials-e6868220-1609-4a45-87eb-75b9195fb797.config
2026-09-20T14:47:59.7860769Z [command]/usr/bin/git config --local --get-all includeif.gitdir:/github/workspace/.git.path
2026-09-20T14:47:59.7880697Z /github/runner_temp/git-credentials-e6868220-1609-4a45-87eb-75b9195fb797.config
2026-09-20T14:47:59.7890345Z [command]/usr/bin/git config --local --unset includeif.gitdir:/github/workspace/.git.path /github/runner_temp/git-credentials-e6868220-1609-4a45-87eb-75b9195fb797.config
2026-09-20T14:47:59.7931322Z [command]/usr/bin/git config --local --get-all includeif.gitdir:/github/workspace/.git/worktrees/*.path
2026-09-20T14:47:59.7953032Z /github/runner_temp/git-credentials-e6868220-1609-4a45-87eb-75b9195fb797.config
2026-09-20T14:47:59.7971447Z [command]/usr/bin/git config --local --unset includeif.gitdir:/github/workspace/.git/worktrees/*.path /github/runner_temp/git-credentials-e6868220-1609-4a45-87eb-75b9195fb797.config
2026-09-20T14:47:59.7996410Z [command]/usr/bin/git submodule foreach --recursive git config --local --show-origin --name-only --get-regexp remote.origin.url
2026-09-20T14:47:59.8212323Z Removing credentials config '/home/runner/work/_temp/git-credentials-e6868220-1609-4a45-87eb-75b9195fb797.config'
2026-09-20T14:47:59.8220958Z ##[endgroup]
2026-09-20T14:47:59.8476210Z Node 20 is being deprecated. This workflow is running with Node 24 by default. If you need to temporarily use Node 20, you can set the ACTIONS_ALLOW_USE_UNSECURE_NODE_VERSION=true environment variable. For more information see: https://github.blog/changelog/2025-09-19-deprecation-of-node-20-on-github-actions-runners/
2026-09-20T14:47:59.8478348Z ##[group]Run actions/setup-node@49933ea5288caeca8642d1e84afbd3f7d6820020
2026-09-20T14:47:59.8478729Z with:
2026-09-20T14:47:59.8478923Z   node-version: 22
2026-09-20T14:47:59.8479496Z   always-auth: false
2026-09-20T14:47:59.8479726Z   check-latest: false
2026-09-20T14:47:59.8482064Z   token: ***
2026-09-20T14:47:59.8482276Z ##[endgroup]
2026-09-20T14:47:59.9891723Z Found in cache @ /opt/hostedtoolcache/node/22.23.2/x64
2026-09-20T14:47:59.9896129Z (node:2340) [DEP0040] DeprecationWarning: The `punycode` module is deprecated. Please use a userland alternative instead.
2026-09-20T14:47:59.9897114Z (Use `node --trace-deprecation ...` to show where the warning was created)
2026-09-20T14:47:59.9898893Z ##[group]Environment details
2026-09-20T14:48:00.3756230Z node: v22.23.2
2026-09-20T14:48:00.3756614Z npm: 10.9.8
2026-09-20T14:48:00.3756858Z yarn: 1.22.22
2026-09-20T14:48:00.3757686Z ##[endgroup]
2026-09-20T14:48:00.3923677Z ##[group]Run actions/setup-python@a309ff8b426b58ec0e2a45f0f869d46889d02405
2026-09-20T14:48:00.3924070Z with:
2026-09-20T14:48:00.3924263Z   python-version: 3.12
2026-09-20T14:48:00.3924481Z   check-latest: false
2026-09-20T14:48:00.3926772Z   token: ***
2026-09-20T14:48:00.3926978Z   update-environment: true
2026-09-20T14:48:00.3927212Z   allow-prereleases: false
2026-09-20T14:48:00.3927434Z   freethreaded: false
2026-09-20T14:48:00.3927638Z ##[endgroup]
2026-09-20T14:48:00.5265078Z ##[group]Installed versions
2026-09-20T14:48:00.5359195Z Successfully set up CPython (3.12.14)
2026-09-20T14:48:00.5359783Z ##[endgroup]
2026-09-20T14:48:00.5567107Z ##[group]Run astral-sh/setup-uv@fac544c07dec837d0ccb6301d7b5580bf5edae39
2026-09-20T14:48:00.5567512Z with:
2026-09-20T14:48:00.5567697Z   version: 0.9.26
2026-09-20T14:48:00.5568066Z   enable-cache: true
2026-09-20T14:48:00.5568283Z   activate-environment: false
2026-09-20T14:48:00.5568521Z   no-project: false
2026-09-20T14:48:00.5568795Z   working-directory: /home/runner/work/hol-guard/hol-guard
2026-09-20T14:48:00.5571588Z   github-token: ***
2026-09-20T14:48:00.5572161Z   cache-dependency-glob: **/*requirements*.txt
**/*requirements*.in
**/*constraints*.txt
**/*constraints*.in
**/pyproject.toml
**/uv.lock
**/*.py.lock

2026-09-20T14:48:00.5572766Z   restore-cache: true
2026-09-20T14:48:00.5572977Z   save-cache: true
2026-09-20T14:48:00.5573177Z   prune-cache: true
2026-09-20T14:48:00.5573378Z   cache-python: false
2026-09-20T14:48:00.5573599Z   ignore-nothing-to-cache: false
2026-09-20T14:48:00.5573863Z   ignore-empty-workdir: false
2026-09-20T14:48:00.5574156Z   download-from-astral-mirror: true
2026-09-20T14:48:00.5574422Z   add-problem-matchers: true
2026-09-20T14:48:00.5574651Z   quiet: false
2026-09-20T14:48:00.5574857Z   resolution-strategy: highest
2026-09-20T14:48:00.5575088Z env:
2026-09-20T14:48:00.5575329Z   pythonLocation: /opt/hostedtoolcache/Python/3.12.14/x64
2026-09-20T14:48:00.5575767Z   PKG_CONFIG_PATH: /opt/hostedtoolcache/Python/3.12.14/x64/lib/pkgconfig
2026-09-20T14:48:00.5576188Z   Python_ROOT_DIR: /opt/hostedtoolcache/Python/3.12.14/x64
2026-09-20T14:48:00.5576567Z   Python2_ROOT_DIR: /opt/hostedtoolcache/Python/3.12.14/x64
2026-09-20T14:48:00.5576942Z   Python3_ROOT_DIR: /opt/hostedtoolcache/Python/3.12.14/x64
2026-09-20T14:48:00.5577323Z   LD_LIBRARY_PATH: /opt/hostedtoolcache/Python/3.12.14/x64/lib
2026-09-20T14:48:00.5577637Z ##[endgroup]
2026-09-20T14:48:00.7431911Z Fetching manifest data from https://raw.githubusercontent.com/astral-sh/versions/main/v1/uv.ndjson ...
2026-09-20T14:48:00.8316743Z Downloading uv from "https://releases.astral.sh/github/uv/releases/download/0.9.26/uv-x86_64-unknown-linux-gnu.tar.gz" ...
2026-09-20T14:48:01.1432093Z [command]/usr/bin/tar xz --warning=no-unknown-keyword --overwrite -C /home/runner/work/_temp/6a224646-5b0e-4d51-9ce7-cfd6d056e797 -f /home/runner/work/_temp/c20abf79-6c4d-46bf-ae05-db7fef92e594
2026-09-20T14:48:01.5777399Z Added /home/runner/.local/bin to the path
2026-09-20T14:48:01.5781901Z Added /opt/hostedtoolcache/uv/0.9.26/x86_64 to the path
2026-09-20T14:48:01.5783840Z Set UV_PYTHON_INSTALL_DIR to /home/runner/work/_temp/uv-python-dir
2026-09-20T14:48:01.5784918Z Added /home/runner/work/_temp/uv-python-dir to the path
2026-09-20T14:48:01.5791130Z Set UV_CACHE_DIR to /home/runner/work/_temp/setup-uv-cache
2026-09-20T14:48:01.5792082Z Successfully installed uv version 0.9.26
2026-09-20T14:48:01.7133318Z Searching files using cache dependency glob: /home/runner/work/hol-guard/hol-guard/**/*requirements*.txt,/home/runner/work/hol-guard/hol-guard/**/*requirements*.in,/home/runner/work/hol-guard/hol-guard/**/*constraints*.txt,/home/runner/work/hol-guard/hol-guard/**/*constraints*.in,/home/runner/work/hol-guard/hol-guard/**/pyproject.toml,/home/runner/work/hol-guard/hol-guard/**/uv.lock,/home/runner/work/hol-guard/hol-guard/**/*.py.lock
2026-09-20T14:48:01.7201041Z /home/runner/work/hol-guard/hol-guard/.clusterfuzzlite/requirements-atheris.txt
2026-09-20T14:48:01.7418205Z /home/runner/work/hol-guard/hol-guard/action/pypi-attestations-requirements.in
2026-09-20T14:48:01.7426304Z /home/runner/work/hol-guard/hol-guard/action/pypi-attestations-requirements.txt
2026-09-20T14:48:01.7435261Z /home/runner/work/hol-guard/hol-guard/action/scanner-cisco-runtime-requirements.txt
2026-09-20T14:48:01.7448081Z /home/runner/work/hol-guard/hol-guard/action/scanner-runtime-requirements.txt
2026-09-20T14:48:01.8237340Z /home/runner/work/hol-guard/hol-guard/distributions/mcpb/pyproject.toml
2026-09-20T14:48:01.8247181Z /home/runner/work/hol-guard/hol-guard/docker-requirements.txt
2026-09-20T14:48:01.8523925Z /home/runner/work/hol-guard/hol-guard/pyproject.toml
2026-09-20T14:48:01.8534842Z /home/runner/work/hol-guard/hol-guard/requirements.txt
2026-09-20T14:48:02.2385381Z /home/runner/work/hol-guard/hol-guard/uv.lock
2026-09-20T14:48:02.2407775Z Found 10 files to hash.
2026-09-20T14:48:02.2490187Z Trying to restore cache from GitHub Actions cache with key: setup-uv-2-x86_64-unknown-linux-gnu-ubuntu-24.04-3.12.14-pruned-2fd4fd0497fe10b3d0724b3304328ca0fafb8ccb7165bb292e9228222dda9a9d
2026-09-20T14:48:02.4493401Z Cache hit for: setup-uv-2-x86_64-unknown-linux-gnu-ubuntu-24.04-3.12.14-pruned-2fd4fd0497fe10b3d0724b3304328ca0fafb8ccb7165bb292e9228222dda9a9d
2026-09-20T14:48:03.2226433Z Received 431681 of 431681 (100.0%), 0.8 MBs/sec
2026-09-20T14:48:03.2226959Z Cache Size: ~0 MB (431681 B)
2026-09-20T14:48:03.2255981Z [command]/usr/bin/tar -xf /home/runner/work/_temp/1dc6403b-1358-4e3f-b355-2e70406b657d/cache.tzst -P -C /home/runner/work/hol-guard/hol-guard --use-compress-program unzstd
2026-09-20T14:48:03.2359787Z Cache restored successfully
2026-09-20T14:48:03.2364947Z cache restored from GitHub Actions cache with key: setup-uv-2-x86_64-unknown-linux-gnu-ubuntu-24.04-3.12.14-pruned-2fd4fd0497fe10b3d0724b3304328ca0fafb8ccb7165bb292e9228222dda9a9d
2026-09-20T14:48:03.3527929Z ##[group]Run uv sync --frozen --extra dev --python 3.12
2026-09-20T14:48:03.3528380Z [36;1muv sync --frozen --extra dev --python 3.12[0m
2026-09-20T14:48:03.3574839Z shell: /usr/bin/bash -e {0}
2026-09-20T14:48:03.3575101Z env:
2026-09-20T14:48:03.3575367Z   pythonLocation: /opt/hostedtoolcache/Python/3.12.14/x64
2026-09-20T14:48:03.3575812Z   PKG_CONFIG_PATH: /opt/hostedtoolcache/Python/3.12.14/x64/lib/pkgconfig
2026-09-20T14:48:03.3576241Z   Python_ROOT_DIR: /opt/hostedtoolcache/Python/3.12.14/x64
2026-09-20T14:48:03.3576615Z   Python2_ROOT_DIR: /opt/hostedtoolcache/Python/3.12.14/x64
2026-09-20T14:48:03.3576993Z   Python3_ROOT_DIR: /opt/hostedtoolcache/Python/3.12.14/x64
2026-09-20T14:48:03.3577379Z   LD_LIBRARY_PATH: /opt/hostedtoolcache/Python/3.12.14/x64/lib
2026-09-20T14:48:03.3577771Z   UV_PYTHON_INSTALL_DIR: /home/runner/work/_temp/uv-python-dir
2026-09-20T14:48:03.3578137Z   UV_CACHE_DIR: /home/runner/work/_temp/setup-uv-cache
2026-09-20T14:48:03.3578445Z ##[endgroup]
2026-09-20T14:48:03.4016211Z Using CPython 3.12.14 interpreter at: /opt/hostedtoolcache/Python/3.12.14/x64/bin/python3.12
2026-09-20T14:48:03.4016958Z Creating virtual environment at: .venv
2026-09-20T14:48:03.4282218Z    Building hol-guard @ file:///home/runner/work/hol-guard/hol-guard
2026-09-20T14:48:03.4508947Z Downloading pydantic-core (2.0MiB)
2026-09-20T14:48:03.4597174Z Downloading nodejs-wheel-binaries (57.9MiB)
2026-09-20T14:48:03.4606177Z Downloading basedpyright (12.6MiB)
2026-09-20T14:48:03.4614136Z Downloading libcst (2.2MiB)
2026-09-20T14:48:03.4618087Z Downloading pygments (1.2MiB)
2026-09-20T14:48:03.4623243Z Downloading cryptography (4.5MiB)
2026-09-20T14:48:03.4626468Z Downloading ruff (11.0MiB)
2026-09-20T14:48:03.7592936Z  Downloaded pydantic-core
2026-09-20T14:48:04.0387311Z  Downloaded ruff
2026-09-20T14:48:04.0535715Z  Downloaded cryptography
2026-09-20T14:48:04.3658226Z  Downloaded pygments
2026-09-20T14:48:04.3754025Z  Downloaded libcst
2026-09-20T14:48:04.6194906Z       Built hol-guard @ file:///home/runner/work/hol-guard/hol-guard
2026-09-20T14:48:05.2816099Z  Downloaded basedpyright
2026-09-20T14:48:05.3176186Z  Downloaded nodejs-wheel-binaries
2026-09-20T14:48:05.3180311Z Prepared 69 packages in 1.90s
2026-09-20T14:48:05.4627037Z Installed 69 packages in 144ms
2026-09-20T14:48:05.4628125Z  + annotated-types==0.7.0
2026-09-20T14:48:05.4628551Z  + anyio==4.14.2
2026-09-20T14:48:05.4629641Z  + attrs==26.1.0
2026-09-20T14:48:05.4630045Z  + basedpyright==1.39.8
2026-09-20T14:48:05.4630454Z  + build==1.5.0
2026-09-20T14:48:05.4630823Z  + certifi==2026.2.25
2026-09-20T14:48:05.4631191Z  + cffi==2.0.0
2026-09-20T14:48:05.4631568Z  + charset-normalizer==3.4.7
2026-09-20T14:48:05.4631996Z  + click==8.4.1
2026-09-20T14:48:05.4632357Z  + coverage==7.13.5
2026-09-20T14:48:05.4632734Z  + cryptography==50.0.0
2026-09-20T14:48:05.4633126Z  + h11==0.16.0
2026-09-20T14:48:05.4633781Z  + hol-guard==3.0.1 (from file:///home/runner/work/hol-guard/hol-guard)
2026-09-20T14:48:05.4634747Z  + httpcore==1.0.9
2026-09-20T14:48:05.4635122Z  + httpx==0.28.1
2026-09-20T14:48:05.4635484Z  + httpx-sse==0.4.3
2026-09-20T14:48:05.4635845Z  + idna==3.15
2026-09-20T14:48:05.4636225Z  + importlib-metadata==8.9.0
2026-09-20T14:48:05.4636650Z  + iniconfig==2.3.0
2026-09-20T14:48:05.4637111Z  + jaraco-classes==3.4.0
2026-09-20T14:48:05.4637532Z  + jaraco-context==6.1.2
2026-09-20T14:48:05.4637958Z  + jaraco-functools==4.4.0
2026-09-20T14:48:05.4638449Z  + jeepney==0.9.0
2026-09-20T14:48:05.4638828Z  + jsonschema==4.26.0
2026-09-20T14:48:05.4639543Z  + jsonschema-specifications==2025.9.1
2026-09-20T14:48:05.4640023Z  + keyring==25.7.0
2026-09-20T14:48:05.4640390Z  + libcst==1.9.0
2026-09-20T14:48:05.4641146Z  + linkify-it-py==2.1.0
2026-09-20T14:48:05.4641655Z  + markdown-it-py==4.0.0
2026-09-20T14:48:05.4642088Z  + mcp==1.28.1
2026-09-20T14:48:05.4642612Z  + mdit-py-plugins==0.5.0
2026-09-20T14:48:05.4643080Z  + mdurl==0.1.2
2026-09-20T14:48:05.4643781Z  + more-itertools==11.0.1
2026-09-20T14:48:05.4649812Z  + mutmut==3.7.0
2026-09-20T14:48:05.4650786Z  + nodejs-wheel-binaries==24.16.0
2026-09-20T14:48:05.4651320Z  + packaging==26.0
2026-09-20T14:48:05.4651716Z  + platformdirs==4.9.4
2026-09-20T14:48:05.4652110Z  + pluggy==1.6.0
2026-09-20T14:48:05.4652489Z  + psutil==7.2.2
2026-09-20T14:48:05.4652935Z  + publicsuffixlist==1.0.2.20260726
2026-09-20T14:48:05.4653414Z  + pycparser==3.0
2026-09-20T14:48:05.4653794Z  + pydantic==2.12.5
2026-09-20T14:48:05.4654174Z  + pydantic-core==2.41.5
2026-09-20T14:48:05.4654697Z  + pydantic-settings==2.14.1
2026-09-20T14:48:05.4655152Z  + pygments==2.20.0
2026-09-20T14:48:05.4655529Z  + pyjwt==2.13.0
2026-09-20T14:48:05.4655915Z  + pyproject-hooks==1.2.0
2026-09-20T14:48:05.4656331Z  + pytest==9.0.3
2026-09-20T14:48:05.4656704Z  + pytest-cov==7.1.0
2026-09-20T14:48:05.4657116Z  + python-dotenv==1.2.2
2026-09-20T14:48:05.4657538Z  + python-multipart==0.0.32
2026-09-20T14:48:05.4657962Z  + pyyaml==6.0.3
2026-09-20T14:48:05.4658342Z  + referencing==0.37.0
2026-09-20T14:48:05.4658755Z  + regex==2026.4.4
2026-09-20T14:48:05.4659427Z  + requests==2.33.1
2026-09-20T14:48:05.4659845Z  + rich==14.2.0
2026-09-20T14:48:05.4660292Z  + rpds-py==0.30.0
2026-09-20T14:48:05.4660659Z  + ruff==0.15.17
2026-09-20T14:48:05.4661045Z  + secretstorage==3.5.0
2026-09-20T14:48:05.4661496Z  + setproctitle==1.3.7
2026-09-20T14:48:05.4661916Z  + sse-starlette==3.4.4
2026-09-20T14:48:05.4662332Z  + starlette==1.3.1
2026-09-20T14:48:05.4662714Z  + textual==7.5.0
2026-09-20T14:48:05.4663114Z  + typing-extensions==4.15.0
2026-09-20T14:48:05.4663704Z  + typing-inspection==0.4.2
2026-09-20T14:48:05.4664202Z  + uc-micro-py==2.0.0
2026-09-20T14:48:05.4664617Z  + urllib3==2.7.0
2026-09-20T14:48:05.4665006Z  + uvicorn==0.40.0
2026-09-20T14:48:05.4665385Z  + zipp==3.23.0
2026-09-20T14:48:05.4783766Z ##[group]Run uv run --no-sync pytest ci/native_runtime/test_native_hol_guard_wheel.py tests/test_native_policy_snapshot_inactive_namespace.py --tb=short
2026-09-20T14:48:05.4784889Z [36;1muv run --no-sync pytest ci/native_runtime/test_native_hol_guard_wheel.py tests/test_native_policy_snapshot_inactive_namespace.py --tb=short[0m
2026-09-20T14:48:05.4821940Z shell: /usr/bin/bash -e {0}
2026-09-20T14:48:05.4822195Z env:
2026-09-20T14:48:05.4822465Z   pythonLocation: /opt/hostedtoolcache/Python/3.12.14/x64
2026-09-20T14:48:05.4822920Z   PKG_CONFIG_PATH: /opt/hostedtoolcache/Python/3.12.14/x64/lib/pkgconfig
2026-09-20T14:48:05.4823364Z   Python_ROOT_DIR: /opt/hostedtoolcache/Python/3.12.14/x64
2026-09-20T14:48:05.4823753Z   Python2_ROOT_DIR: /opt/hostedtoolcache/Python/3.12.14/x64
2026-09-20T14:48:05.4824139Z   Python3_ROOT_DIR: /opt/hostedtoolcache/Python/3.12.14/x64
2026-09-20T14:48:05.4824531Z   LD_LIBRARY_PATH: /opt/hostedtoolcache/Python/3.12.14/x64/lib
2026-09-20T14:48:05.4824978Z   UV_PYTHON_INSTALL_DIR: /home/runner/work/_temp/uv-python-dir
2026-09-20T14:48:05.4825351Z   UV_CACHE_DIR: /home/runner/work/_temp/setup-uv-cache
2026-09-20T14:48:05.4825648Z ##[endgroup]
2026-09-20T14:48:12.0904249Z ============================= test session starts ==============================
2026-09-20T14:48:12.0905276Z platform linux -- Python 3.12.14, pytest-9.0.3, pluggy-1.6.0
2026-09-20T14:48:12.0905845Z rootdir: /home/runner/work/hol-guard/hol-guard
2026-09-20T14:48:12.0906262Z configfile: pyproject.toml
2026-09-20T14:48:12.0906644Z plugins: cov-7.1.0, anyio-4.14.2
2026-09-20T14:48:12.0906968Z collected 48 items
2026-09-20T14:48:12.0907130Z 
2026-09-20T14:48:12.1477406Z ci/native_runtime/test_native_hol_guard_wheel.py .....................   [ 43%]
2026-09-20T14:48:12.1866890Z tests/test_native_policy_snapshot_inactive_namespace.py ................ [ 77%]
2026-09-20T14:48:12.7537744Z ...........                                                              [100%]
2026-09-20T14:48:12.7538322Z 
2026-09-20T14:48:12.7538849Z ============================== 48 passed in 1.03s ==============================
2026-09-20T14:48:12.9621791Z ##[group]Run rustup toolchain install 1.88.0 --profile minimal
2026-09-20T14:48:12.9622645Z [36;1mrustup toolchain install 1.88.0 --profile minimal[0m
2026-09-20T14:48:12.9623470Z [36;1mrustup default 1.88.0[0m
2026-09-20T14:48:12.9624203Z [36;1mrustup target add x86_64-unknown-linux-musl[0m
2026-09-20T14:48:12.9624928Z [36;1msudo apt-get update[0m
2026-09-20T14:48:12.9625892Z [36;1msudo apt-get install --yes --no-install-recommends musl-tools[0m
2026-09-20T14:48:12.9680261Z shell: /usr/bin/bash -e {0}
2026-09-20T14:48:12.9680866Z env:
2026-09-20T14:48:12.9681459Z   pythonLocation: /opt/hostedtoolcache/Python/3.12.14/x64
2026-09-20T14:48:12.9682584Z   PKG_CONFIG_PATH: /opt/hostedtoolcache/Python/3.12.14/x64/lib/pkgconfig
2026-09-20T14:48:12.9683540Z   Python_ROOT_DIR: /opt/hostedtoolcache/Python/3.12.14/x64
2026-09-20T14:48:12.9684460Z   Python2_ROOT_DIR: /opt/hostedtoolcache/Python/3.12.14/x64
2026-09-20T14:48:12.9685389Z   Python3_ROOT_DIR: /opt/hostedtoolcache/Python/3.12.14/x64
2026-09-20T14:48:12.9686524Z   LD_LIBRARY_PATH: /opt/hostedtoolcache/Python/3.12.14/x64/lib
2026-09-20T14:48:12.9687455Z   UV_PYTHON_INSTALL_DIR: /home/runner/work/_temp/uv-python-dir
2026-09-20T14:48:12.9688305Z   UV_CACHE_DIR: /home/runner/work/_temp/setup-uv-cache
2026-09-20T14:48:12.9689235Z ##[endgroup]
2026-09-20T14:48:13.0193312Z info: syncing channel updates for 1.88.0-x86_64-unknown-linux-gnu
2026-09-20T14:48:13.1995277Z info: latest update on 2025-06-26 for version 1.88.0 (6b00bc388 2025-06-23)
2026-09-20T14:48:13.1996106Z info: downloading 3 components
2026-09-20T14:48:20.4982025Z 
2026-09-20T14:48:20.5055723Z   1.88.0-x86_64-unknown-linux-gnu installed - rustc 1.88.0 (6b00bc388 2025-06-23)
2026-09-20T14:48:20.5056293Z 
2026-09-20T14:48:20.5158329Z info: using existing install for 1.88.0-x86_64-unknown-linux-gnu
2026-09-20T14:48:20.5164915Z info: default toolchain set to 1.88.0-x86_64-unknown-linux-gnu
2026-09-20T14:48:20.5165372Z 
2026-09-20T14:48:20.5232931Z   1.88.0-x86_64-unknown-linux-gnu unchanged - rustc 1.88.0 (6b00bc388 2025-06-23)
2026-09-20T14:48:20.5233316Z 
2026-09-20T14:48:20.5673790Z info: downloading component rust-std
2026-09-20T14:48:23.6890728Z Get:1 file:/etc/apt/apt-mirrors.txt Mirrorlist [144 B]
2026-09-20T14:48:23.7224203Z Hit:2 http://azure.archive.ubuntu.com/ubuntu noble InRelease
2026-09-20T14:48:23.7225827Z Get:6 https://packages.microsoft.com/ubuntu/24.04/prod noble InRelease [3600 B]
2026-09-20T14:48:23.7231086Z Get:3 http://azure.archive.ubuntu.com/ubuntu noble-updates InRelease [126 kB]
2026-09-20T14:48:23.7262706Z Get:4 http://azure.archive.ubuntu.com/ubuntu noble-backports InRelease [126 kB]
2026-09-20T14:48:23.7325360Z Get:5 http://azure.archive.ubuntu.com/ubuntu noble-security InRelease [126 kB]
2026-09-20T14:48:23.7817184Z Get:7 https://dl.google.com/linux/chrome-stable/deb stable InRelease [2548 B]
2026-09-20T14:48:23.8440415Z Get:8 https://packages.microsoft.com/ubuntu/24.04/prod noble/main arm64 Packages [429 kB]
2026-09-20T14:48:23.8551470Z Get:9 https://packages.microsoft.com/ubuntu/24.04/prod noble/main amd64 Packages [478 kB]
2026-09-20T14:48:23.8928883Z Get:10 http://azure.archive.ubuntu.com/ubuntu noble-updates/main amd64 Packages [1275 kB]
2026-09-20T14:48:23.9000425Z Get:11 http://azure.archive.ubuntu.com/ubuntu noble-updates/main Translation-en [294 kB]
2026-09-20T14:48:23.9020383Z Get:12 http://azure.archive.ubuntu.com/ubuntu noble-updates/main amd64 Components [180 kB]
2026-09-20T14:48:23.9030639Z Get:13 http://azure.archive.ubuntu.com/ubuntu noble-updates/universe amd64 Packages [1689 kB]
2026-09-20T14:48:23.9112428Z Get:14 http://azure.archive.ubuntu.com/ubuntu noble-updates/universe Translation-en [338 kB]
2026-09-20T14:48:23.9136172Z Get:15 http://azure.archive.ubuntu.com/ubuntu noble-updates/universe amd64 Components [388 kB]
2026-09-20T14:48:23.9162743Z Get:16 http://azure.archive.ubuntu.com/ubuntu noble-updates/restricted amd64 Packages [1580 kB]
2026-09-20T14:48:23.9271231Z Get:17 http://azure.archive.ubuntu.com/ubuntu noble-updates/restricted Translation-en [359 kB]
2026-09-20T14:48:23.9283482Z Get:18 http://azure.archive.ubuntu.com/ubuntu noble-updates/multiverse amd64 Packages [45.7 kB]
2026-09-20T14:48:23.9291571Z Get:19 http://azure.archive.ubuntu.com/ubuntu noble-updates/multiverse Translation-en [13.1 kB]
2026-09-20T14:48:23.9769379Z Get:20 http://azure.archive.ubuntu.com/ubuntu noble-updates/multiverse amd64 Components [940 B]
2026-09-20T14:48:23.9780430Z Get:21 http://azure.archive.ubuntu.com/ubuntu noble-backports/main amd64 Packages [65.9 kB]
2026-09-20T14:48:23.9793654Z Get:22 http://azure.archive.ubuntu.com/ubuntu noble-backports/main amd64 Components [5768 B]
2026-09-20T14:48:23.9802856Z Get:23 http://azure.archive.ubuntu.com/ubuntu noble-backports/universe amd64 Packages [34.6 kB]
2026-09-20T14:48:23.9812083Z Get:24 http://azure.archive.ubuntu.com/ubuntu noble-backports/universe Translation-en [18.7 kB]
2026-09-20T14:48:23.9821445Z Get:25 http://azure.archive.ubuntu.com/ubuntu noble-backports/universe amd64 Components [12.6 kB]
2026-09-20T14:48:24.0045731Z Get:26 http://azure.archive.ubuntu.com/ubuntu noble-security/main amd64 Packages [1009 kB]
2026-09-20T14:48:24.0101558Z Get:27 http://azure.archive.ubuntu.com/ubuntu noble-security/main Translation-en [214 kB]
2026-09-20T14:48:24.0118549Z Get:28 http://azure.archive.ubuntu.com/ubuntu noble-security/main amd64 Components [46.4 kB]
2026-09-20T14:48:24.0132841Z Get:29 http://azure.archive.ubuntu.com/ubuntu noble-security/universe amd64 Packages [1208 kB]
2026-09-20T14:48:24.0204777Z Get:30 http://azure.archive.ubuntu.com/ubuntu noble-security/universe Translation-en [243 kB]
2026-09-20T14:48:24.0228327Z Get:31 http://azure.archive.ubuntu.com/ubuntu noble-security/universe amd64 Components [76.2 kB]
2026-09-20T14:48:24.0237110Z Get:32 http://azure.archive.ubuntu.com/ubuntu noble-security/restricted amd64 Packages [1449 kB]
2026-09-20T14:48:24.0320798Z Get:33 http://azure.archive.ubuntu.com/ubuntu noble-security/restricted Translation-en [336 kB]
2026-09-20T14:48:24.0752497Z Get:34 http://azure.archive.ubuntu.com/ubuntu noble-security/multiverse Translation-en [11.3 kB]
2026-09-20T14:48:24.0915807Z Get:35 https://dl.google.com/linux/chrome-stable/deb stable/main amd64 Packages [1408 B]
2026-09-20T14:48:28.1254821Z Fetched 12.2 MB in 1s (9240 kB/s)
2026-09-20T14:48:28.9067887Z Reading package lists...
2026-09-20T14:48:28.9372631Z Reading package lists...
2026-09-20T14:48:29.1003782Z Building dependency tree...
2026-09-20T14:48:29.1011191Z Reading state information...
2026-09-20T14:48:29.2302529Z The following additional packages will be installed:
2026-09-20T14:48:29.2303062Z   musl musl-dev
2026-09-20T14:48:29.2455720Z The following NEW packages will be installed:
2026-09-20T14:48:29.2456362Z   musl musl-dev musl-tools
2026-09-20T14:48:29.2620712Z 0 upgraded, 3 newly installed, 0 to remove and 73 not upgraded.
2026-09-20T14:48:29.2621431Z Need to get 1037 kB of archives.
2026-09-20T14:48:29.2621907Z After this operation, 4177 kB of additional disk space will be used.
2026-09-20T14:48:29.2622440Z Get:1 file:/etc/apt/apt-mirrors.txt Mirrorlist [144 B]
2026-09-20T14:48:29.3273713Z Get:2 http://azure.archive.ubuntu.com/ubuntu noble/universe amd64 musl amd64 1.2.4-2 [416 kB]
2026-09-20T14:48:29.3784690Z Get:3 http://azure.archive.ubuntu.com/ubuntu noble/universe amd64 musl-dev amd64 1.2.4-2 [616 kB]
2026-09-20T14:48:29.4322051Z Get:4 http://azure.archive.ubuntu.com/ubuntu noble/universe amd64 musl-tools amd64 1.2.4-2 [5540 B]
2026-09-20T14:48:29.8136264Z Fetched 1037 kB in 0s (5729 kB/s)
2026-09-20T14:48:30.7091452Z Selecting previously unselected package musl:amd64.
2026-09-20T14:48:31.1165712Z (Reading database ... 
2026-09-20T14:48:31.1166253Z (Reading database ... 5%
2026-09-20T14:48:31.1166729Z (Reading database ... 10%
2026-09-20T14:48:31.1167206Z (Reading database ... 15%
2026-09-20T14:48:31.1167674Z (Reading database ... 20%
2026-09-20T14:48:31.1168141Z (Reading database ... 25%
2026-09-20T14:48:31.1168607Z (Reading database ... 30%
2026-09-20T14:48:31.1169285Z (Reading database ... 35%
2026-09-20T14:48:31.1170121Z (Reading database ... 40%
2026-09-20T14:48:31.1170519Z (Reading database ... 45%
2026-09-20T14:48:31.1170856Z (Reading database ... 50%
2026-09-20T14:48:31.1212232Z (Reading database ... 55%
2026-09-20T14:48:31.2702603Z (Reading database ... 60%
2026-09-20T14:48:31.4084687Z (Reading database ... 65%
2026-09-20T14:48:31.6103184Z (Reading database ... 70%
2026-09-20T14:48:31.7500817Z (Reading database ... 75%
2026-09-20T14:48:31.8856437Z (Reading database ... 80%
2026-09-20T14:48:32.0086189Z (Reading database ... 85%
2026-09-20T14:48:32.1619758Z (Reading database ... 90%
2026-09-20T14:48:32.2531613Z (Reading database ... 95%
2026-09-20T14:48:32.2532151Z (Reading database ... 100%
2026-09-20T14:48:32.2532889Z (Reading database ... 201818 files and directories currently installed.)
2026-09-20T14:48:32.2572418Z Preparing to unpack .../musl_1.2.4-2_amd64.deb ...
2026-09-20T14:48:32.2600068Z Unpacking musl:amd64 (1.2.4-2) ...
2026-09-20T14:48:32.2881100Z Selecting previously unselected package musl-dev:amd64.
2026-09-20T14:48:32.3002234Z Preparing to unpack .../musl-dev_1.2.4-2_amd64.deb ...
2026-09-20T14:48:32.3011222Z Unpacking musl-dev:amd64 (1.2.4-2) ...
2026-09-20T14:48:32.3588895Z Selecting previously unselected package musl-tools.
2026-09-20T14:48:32.3712679Z Preparing to unpack .../musl-tools_1.2.4-2_amd64.deb ...
2026-09-20T14:48:32.3720988Z Unpacking musl-tools (1.2.4-2) ...
2026-09-20T14:48:32.4087283Z Setting up musl:amd64 (1.2.4-2) ...
2026-09-20T14:48:32.4123255Z Setting up musl-dev:amd64 (1.2.4-2) ...
2026-09-20T14:48:32.4156577Z Setting up musl-tools (1.2.4-2) ...
2026-09-20T14:48:32.4181489Z Processing triggers for man-db (2.12.0-4build2) ...
2026-09-20T14:48:32.4203265Z Not building database; man-db/auto-update is not 'true'.
2026-09-20T14:48:33.0309766Z 
2026-09-20T14:48:33.0310490Z Running kernel seems to be up-to-date.
2026-09-20T14:48:33.0310928Z 
2026-09-20T14:48:33.0311210Z No services need to be restarted.
2026-09-20T14:48:33.0311514Z 
2026-09-20T14:48:33.0311731Z No containers need to be restarted.
2026-09-20T14:48:33.0311961Z 
2026-09-20T14:48:33.0312178Z No user sessions are running outdated binaries.
2026-09-20T14:48:33.0312464Z 
2026-09-20T14:48:33.0312824Z No VM guests are running outdated hypervisor (qemu) binaries on this host.
2026-09-20T14:48:33.8412455Z ##[group]Run uv run --no-sync python -m build --wheel --outdir pure-dist
2026-09-20T14:48:33.8413025Z [36;1muv run --no-sync python -m build --wheel --outdir pure-dist[0m
2026-09-20T14:48:33.8448923Z shell: /usr/bin/bash -e {0}
2026-09-20T14:48:33.8449445Z env:
2026-09-20T14:48:33.8449719Z   pythonLocation: /opt/hostedtoolcache/Python/3.12.14/x64
2026-09-20T14:48:33.8450172Z   PKG_CONFIG_PATH: /opt/hostedtoolcache/Python/3.12.14/x64/lib/pkgconfig
2026-09-20T14:48:33.8450604Z   Python_ROOT_DIR: /opt/hostedtoolcache/Python/3.12.14/x64
2026-09-20T14:48:33.8450980Z   Python2_ROOT_DIR: /opt/hostedtoolcache/Python/3.12.14/x64
2026-09-20T14:48:33.8451357Z   Python3_ROOT_DIR: /opt/hostedtoolcache/Python/3.12.14/x64
2026-09-20T14:48:33.8451746Z   LD_LIBRARY_PATH: /opt/hostedtoolcache/Python/3.12.14/x64/lib
2026-09-20T14:48:33.8452137Z   UV_PYTHON_INSTALL_DIR: /home/runner/work/_temp/uv-python-dir
2026-09-20T14:48:33.8452692Z   UV_CACHE_DIR: /home/runner/work/_temp/setup-uv-cache
2026-09-20T14:48:33.8453017Z ##[endgroup]
2026-09-20T14:48:33.9717750Z * Creating isolated environment: venv+pip...
2026-09-20T14:48:36.4661927Z * Installing packages in isolated environment:
2026-09-20T14:48:36.4662640Z   - hatchling<1.31
2026-09-20T14:48:37.3967347Z * Getting build dependencies for wheel...
2026-09-20T14:48:37.5478005Z * Building wheel...
2026-09-20T14:48:38.5410807Z Successfully built hol_guard-3.0.1-py3-none-any.whl
2026-09-20T14:48:38.5606695Z ##[group]Run VERSION=$(uv run --no-sync python scripts/sync_repo_version.py --check)
2026-09-20T14:48:38.5607309Z [36;1mVERSION=$(uv run --no-sync python scripts/sync_repo_version.py --check)[0m
2026-09-20T14:48:38.5607764Z [36;1mexport HOL_GUARD_PACKAGE_VERSION="$VERSION"[0m
2026-09-20T14:48:38.5608364Z [36;1mcargo build --manifest-path rust/Cargo.toml --locked --release --target x86_64-unknown-linux-musl -p hol-guard-runtime[0m
2026-09-20T14:48:38.5609435Z [36;1mruntime="rust/target/x86_64-unknown-linux-musl/release/hol-guard-runtime"[0m
2026-09-20T14:48:38.5609913Z [36;1mLDD_OUTPUT=$(ldd "$runtime" 2>&1 || true)[0m
2026-09-20T14:48:38.5610361Z [36;1mif grep -Eq 'not a dynamic executable|statically linked' <<< "$LDD_OUTPUT"; then[0m
2026-09-20T14:48:38.5610795Z [36;1m  echo "Runtime is static"[0m
2026-09-20T14:48:38.5611045Z [36;1melse[0m
2026-09-20T14:48:38.5611317Z [36;1m  echo "Linux runtime must be statically linked" >&2[0m
2026-09-20T14:48:38.5611715Z [36;1m  printf '%s\n' "$LDD_OUTPUT" >&2[0m
2026-09-20T14:48:38.5611983Z [36;1m  exit 1[0m
2026-09-20T14:48:38.5612177Z [36;1mfi[0m
2026-09-20T14:48:38.5612376Z [36;1m"$runtime" self-test --json[0m
2026-09-20T14:48:38.5648429Z shell: /usr/bin/bash -e {0}
2026-09-20T14:48:38.5648679Z env:
2026-09-20T14:48:38.5649192Z   pythonLocation: /opt/hostedtoolcache/Python/3.12.14/x64
2026-09-20T14:48:38.5649693Z   PKG_CONFIG_PATH: /opt/hostedtoolcache/Python/3.12.14/x64/lib/pkgconfig
2026-09-20T14:48:38.5650131Z   Python_ROOT_DIR: /opt/hostedtoolcache/Python/3.12.14/x64
2026-09-20T14:48:38.5650516Z   Python2_ROOT_DIR: /opt/hostedtoolcache/Python/3.12.14/x64
2026-09-20T14:48:38.5650913Z   Python3_ROOT_DIR: /opt/hostedtoolcache/Python/3.12.14/x64
2026-09-20T14:48:38.5651301Z   LD_LIBRARY_PATH: /opt/hostedtoolcache/Python/3.12.14/x64/lib
2026-09-20T14:48:38.5651696Z   UV_PYTHON_INSTALL_DIR: /home/runner/work/_temp/uv-python-dir
2026-09-20T14:48:38.5652060Z   UV_CACHE_DIR: /home/runner/work/_temp/setup-uv-cache
2026-09-20T14:48:38.5652439Z   HOL_GUARD_BUILD_SHA: 753850955c33eb15f992d1fe7ca375dd26c3a070
2026-09-20T14:48:38.5652760Z ##[endgroup]
2026-09-20T14:48:38.6892297Z     Updating crates.io index
2026-09-20T14:48:39.0083232Z  Downloading crates ...
2026-09-20T14:48:39.0617440Z   Downloaded digest v0.10.7
2026-09-20T14:48:39.0641173Z   Downloaded hex v0.4.3
2026-09-20T14:48:39.0724018Z   Downloaded bitflags v2.13.1
2026-09-20T14:48:39.0775948Z   Downloaded cfg-if v1.0.4
2026-09-20T14:48:39.0791313Z   Downloaded generic-array v0.14.7
2026-09-20T14:48:39.0805861Z   Downloaded block-buffer v0.10.4
2026-09-20T14:48:39.0856239Z   Downloaded cpufeatures v0.2.17
2026-09-20T14:48:39.0876683Z   Downloaded crypto-common v0.1.7
2026-09-20T14:48:39.0887484Z   Downloaded autocfg v1.5.1
2026-09-20T14:48:39.0906512Z   Downloaded cfg_aliases v0.2.2
2026-09-20T14:48:39.0941685Z   Downloaded untrusted v0.9.0
2026-09-20T14:48:39.1021687Z   Downloaded itoa v1.0.18
2026-09-20T14:48:39.1039722Z   Downloaded fs2 v0.4.3
2026-09-20T14:48:39.1053616Z   Downloaded version_check v0.9.5
2026-09-20T14:48:39.1066528Z   Downloaded memoffset v0.9.1
2026-09-20T14:48:39.1188696Z   Downloaded shlex v2.0.1
2026-09-20T14:48:39.1202847Z   Downloaded sha2 v0.10.9
2026-09-20T14:48:39.1234913Z   Downloaded thiserror-impl v2.0.20
2026-09-20T14:48:39.1250326Z   Downloaded quote v1.0.47
2026-09-20T14:48:39.1279291Z   Downloaded zmij v1.0.23
2026-09-20T14:48:39.1297801Z   Downloaded getrandom v0.2.17
2026-09-20T14:48:39.1332139Z   Downloaded find-msvc-tools v0.1.11
2026-09-20T14:48:39.1347821Z   Downloaded thiserror v2.0.20
2026-09-20T14:48:39.1420266Z   Downloaded unicode-ident v1.0.24
2026-09-20T14:48:39.1449598Z   Downloaded proc-macro2 v1.0.107
2026-09-20T14:48:39.1478607Z   Downloaded getrandom v0.3.4
2026-09-20T14:48:39.1522467Z   Downloaded serde_derive v1.0.229
2026-09-20T14:48:39.1554874Z   Downloaded serde_core v1.0.229
2026-09-20T14:48:39.1605812Z   Downloaded typenum v1.20.1
2026-09-20T14:48:39.1644787Z   Downloaded serde v1.0.229
2026-09-20T14:48:39.1686829Z   Downloaded memchr v2.8.3
2026-09-20T14:48:39.1747867Z   Downloaded cc v1.4.4
2026-09-20T14:48:39.1781372Z   Downloaded serde_json v1.0.151
2026-09-20T14:48:39.1857458Z   Downloaded regex v1.13.1
2026-09-20T14:48:39.1913076Z   Downloaded aho-corasick v1.1.5
2026-09-20T14:48:39.1969522Z   Downloaded sysinfo v0.37.2
2026-09-20T14:48:39.2095112Z   Downloaded syn v3.0.3
2026-09-20T14:48:39.2204135Z   Downloaded nix v0.31.3
2026-09-20T14:48:39.2324588Z   Downloaded regex-syntax v0.8.11
2026-09-20T14:48:39.2415938Z   Downloaded regex-automata v0.4.18
2026-09-20T14:48:39.2566650Z   Downloaded libc v0.2.189
2026-09-20T14:48:39.3012223Z   Downloaded ring v0.17.14
2026-09-20T14:48:39.3653426Z    Compiling version_check v0.9.5
2026-09-20T14:48:39.3654072Z    Compiling proc-macro2 v1.0.107
2026-09-20T14:48:39.3654903Z    Compiling unicode-ident v1.0.24
2026-09-20T14:48:39.3655565Z    Compiling typenum v1.20.1
2026-09-20T14:48:39.4315890Z    Compiling cfg-if v1.0.4
2026-09-20T14:48:39.4650903Z    Compiling quote v1.0.47
2026-09-20T14:48:39.5910273Z    Compiling generic-array v0.14.7
2026-09-20T14:48:39.6328104Z    Compiling libc v0.2.189
2026-09-20T14:48:39.7300038Z    Compiling memchr v2.8.3
2026-09-20T14:48:40.4520710Z    Compiling syn v3.0.3
2026-09-20T14:48:40.7230712Z    Compiling crypto-common v0.1.7
2026-09-20T14:48:40.7940248Z    Compiling block-buffer v0.10.4
2026-09-20T14:48:40.8710601Z    Compiling digest v0.10.7
2026-09-20T14:48:41.0080663Z    Compiling cpufeatures v0.2.17
2026-09-20T14:48:41.0354829Z    Compiling serde_core v1.0.229
2026-09-20T14:48:41.0940303Z    Compiling sha2 v0.10.9
2026-09-20T14:48:41.2600406Z    Compiling hex v0.4.3
2026-09-20T14:48:41.6330556Z    Compiling zmij v1.0.23
2026-09-20T14:48:41.8090063Z    Compiling serde v1.0.229
2026-09-20T14:48:42.0010110Z    Compiling autocfg v1.5.1
2026-09-20T14:48:42.2982807Z    Compiling memoffset v0.9.1
2026-09-20T14:48:42.4642810Z    Compiling cfg_aliases v0.2.2
2026-09-20T14:48:42.5020184Z    Compiling thiserror v2.0.20
2026-09-20T14:48:42.7400533Z    Compiling serde_json v1.0.151
2026-09-20T14:48:42.8590601Z    Compiling nix v0.31.3
2026-09-20T14:48:43.0140282Z    Compiling serde_derive v1.0.229
2026-09-20T14:48:43.1710339Z    Compiling thiserror-impl v2.0.20
2026-09-20T14:48:43.2400250Z    Compiling itoa v1.0.18
2026-09-20T14:48:43.4690370Z    Compiling guard-rules v0.1.0 (/home/runner/work/hol-guard/hol-guard/rust/crates/guard-rules)
2026-09-20T14:48:43.6130301Z    Compiling aho-corasick v1.1.5
2026-09-20T14:48:44.5533859Z    Compiling regex-syntax v0.8.11
2026-09-20T14:48:46.8070783Z    Compiling find-msvc-tools v0.1.11
2026-09-20T14:48:46.8897417Z    Compiling shlex v2.0.1
2026-09-20T14:48:46.9645757Z    Compiling bitflags v2.13.1
2026-09-20T14:48:47.0020272Z    Compiling cc v1.4.4
2026-09-20T14:48:48.3920930Z    Compiling guard-contracts v0.1.0 (/home/runner/work/hol-guard/hol-guard/rust/crates/guard-contracts)
2026-09-20T14:48:50.5490424Z    Compiling regex-automata v0.4.18
2026-09-20T14:48:51.8752096Z    Compiling guard-secure-fs v0.1.0 (/home/runner/work/hol-guard/hol-guard/rust/crates/guard-secure-fs)
2026-09-20T14:48:52.7640221Z    Compiling ring v0.17.14
2026-09-20T14:48:53.2060780Z    Compiling regex v1.13.1
2026-09-20T14:48:53.2730182Z    Compiling getrandom v0.3.4
2026-09-20T14:48:53.4640531Z    Compiling getrandom v0.2.17
2026-09-20T14:48:53.6031056Z    Compiling guard-scanner v0.1.0 (/home/runner/work/hol-guard/hol-guard/rust/crates/guard-scanner)
2026-09-20T14:48:54.6690481Z    Compiling untrusted v0.9.0
2026-09-20T14:48:54.7310811Z    Compiling guard-hook-core v0.1.0 (/home/runner/work/hol-guard/hol-guard/rust/crates/guard-hook-core)
2026-09-20T14:48:54.8800622Z    Compiling guard-command v0.1.0 (/home/runner/work/hol-guard/hol-guard/rust/crates/guard-command)
2026-09-20T14:48:56.2000971Z    Compiling guard-policy-snapshot v0.1.0 (/home/runner/work/hol-guard/hol-guard/rust/crates/guard-policy-snapshot)
2026-09-20T14:48:58.8371223Z    Compiling guard-rule-contract v0.1.0 (/home/runner/work/hol-guard/hol-guard/rust/crates/guard-rule-contract)
2026-09-20T14:48:59.1740756Z    Compiling sysinfo v0.37.2
2026-09-20T14:49:04.1831153Z    Compiling fs2 v0.4.3
2026-09-20T14:49:04.2860898Z    Compiling guard-runtime-windows-process v0.1.0 (/home/runner/work/hol-guard/hol-guard/rust/crates/guard-runtime-windows-process)
2026-09-20T14:49:10.7144001Z    Compiling hol-guard-runtime v0.1.0 (/home/runner/work/hol-guard/hol-guard/rust/crates/guard-runtime)
2026-09-20T14:49:22.9084126Z     Finished `release` profile [optimized] target(s) in 44.25s
2026-09-20T14:49:22.9358713Z Runtime is static
2026-09-20T14:49:22.9392356Z {"capabilities":{"build_sha":"753850955c33eb15f992d1fe7ca375dd26c3a070","features":["post-tool-inline-v1","post-tool-source-read-v1","oneshot-v1","framed-serve-v1","resident-protocol-v2","bounded-admission-v2","overload-signal-v1","panic-containment-v1","rule-contract-v2","pre-tool-command-model-shadow-v1","resident-command-model-shadow-v1","pre-tool-command-authority-v1","pre-tool-generic-authority-v1","native-command-program-v1","native-command-control-fence-v1","policy-snapshot-v3","policy-snapshot-push-v1","policy-snapshot-resident-generation-v1","native-approval-artifact-v3","native-approval-challenge-v3","native-approval-validation-v3","native-approval-consume-v3","native-approval-webauthn-v4","native-approval-challenge-v4","native-approval-validation-v4","native-approval-consume-v4","native-approval-replay-memory-v1","native-policy-in-memory-v1","hook-envelope-v2","native-resident-client-v1","native-resident-lifecycle-v1","authenticated-unix-resident-v1"],"protocol_version":1,"rule_digest":"e9d2024f94d91cb5ae1a9d8e8c60a398f24bf1af7767c578e1997f33cc98a32a","runtime_version":"3.0.1","target":"x86_64-linux"},"ok":true}
2026-09-20T14:49:22.9425573Z ##[group]Run VERSION=$(uv run --no-sync python scripts/sync_repo_version.py --check)
2026-09-20T14:49:22.9426241Z [36;1mVERSION=$(uv run --no-sync python scripts/sync_repo_version.py --check)[0m
2026-09-20T14:49:22.9426802Z [36;1mruntime="rust/target/x86_64-unknown-linux-musl/release/hol-guard-runtime"[0m
2026-09-20T14:49:22.9427502Z [36;1mRULE_DIGEST=$("$runtime" capabilities --json | python -c 'import json,sys; print(json.load(sys.stdin)["rule_digest"])')[0m
2026-09-20T14:49:22.9428151Z [36;1mprintf 'rule_digest=%s\n' "$RULE_DIGEST" >> "$GITHUB_OUTPUT"[0m
2026-09-20T14:49:22.9428612Z [36;1muv run --no-sync python scripts/build_native_hol_guard_wheel.py \[0m
2026-09-20T14:49:22.9429412Z [36;1m  --wheel "pure-dist/hol_guard-${VERSION}-py3-none-any.whl" \[0m
2026-09-20T14:49:22.9429796Z [36;1m  --runtime "$runtime" \[0m
2026-09-20T14:49:22.9430064Z [36;1m  --output-dir native-dist \[0m
2026-09-20T14:49:22.9430334Z [36;1m  --version "$VERSION" \[0m
2026-09-20T14:49:22.9430640Z [36;1m  --platform-tag manylinux_2_17_x86_64 \[0m
2026-09-20T14:49:22.9430971Z [36;1m  --target x86_64-unknown-linux-musl \[0m
2026-09-20T14:49:22.9431273Z [36;1m  --source-sha "$SOURCE_SHA" \[0m
2026-09-20T14:49:22.9431557Z [36;1m  --rule-digest "$RULE_DIGEST"[0m
2026-09-20T14:49:22.9431923Z [36;1muv pip uninstall --python .venv/bin/python hol-guard[0m
2026-09-20T14:49:22.9432442Z [36;1muv pip install --python .venv/bin/python --no-deps --force-reinstall native-dist/*.whl[0m
2026-09-20T14:49:22.9433012Z [36;1munset HOL_GUARD_NATIVE HOL_GUARD_NATIVE_BINARY HOL_GUARD_HOOK_FAST_PATH[0m
2026-09-20T14:49:22.9433544Z [36;1munset HOL_GUARD_NATIVE_MODE HOL_GUARD_NATIVE_ORACLE HOL_GUARD_NATIVE_DIAGNOSTIC[0m
2026-09-20T14:49:22.9434119Z [36;1munset HOL_GUARD_HOOK_FAST_PATH_SHADOW HOL_GUARD_HOOK_SOURCE_REF HOL_GUARD_HOOK_BINARY[0m
2026-09-20T14:49:22.9434998Z [36;1munset HOL_GUARD_FAST_PATH HOL_GUARD_BINARY HOL_GUARD_ORACLE HOL_GUARD_DIAGNOSTIC HOL_GUARD_TEST_MODE[0m
2026-09-20T14:49:22.9435493Z [36;1munset HOL_GUARD_PYTHON_ORACLE[0m
2026-09-20T14:49:22.9435879Z [36;1munset HOL_GUARD_TEST_KEYRING_FILE HOL_GUARD_TEST_SYNC_AUTH_CONTEXT_JSON[0m
2026-09-20T14:49:22.9436292Z [36;1munset HOL_GUARD_RUN_SYSTEM_KEYCHAIN_TEST[0m
2026-09-20T14:49:22.9436793Z [36;1munset GUARD_NATIVE GUARD_NATIVE_BINARY GUARD_NATIVE_MODE GUARD_NATIVE_ORACLE GUARD_NATIVE_DIAGNOSTIC[0m
2026-09-20T14:49:22.9437460Z [36;1munset GUARD_HOOK_FAST_PATH GUARD_HOOK_FAST_PATH_SHADOW GUARD_HOOK_SOURCE_REF GUARD_HOOK_BINARY[0m
2026-09-20T14:49:22.9438066Z [36;1munset GUARD_FAST_PATH GUARD_BINARY GUARD_ORACLE GUARD_DIAGNOSTIC GUARD_TEST_MODE[0m
2026-09-20T14:49:22.9438668Z [36;1munset GUARD_TEST_KEYRING_FILE GUARD_TEST_SYNC_AUTH_CONTEXT_JSON GUARD_PYTEST_DURATION_OUTPUT[0m
2026-09-20T14:49:22.9439527Z [36;1munset PYTEST_CURRENT_TEST PYTEST_ADDOPTS PYTEST_PLUGINS PYTHONPATH[0m
2026-09-20T14:49:22.9440199Z [36;1m.venv/bin/python -I ci/native_runtime/probe_installed_runtime_identity.py --json native-installed-identity.json[0m
2026-09-20T14:49:22.9440946Z [36;1m.venv/bin/python ci/native_runtime/probe_native_default_auto.py --json native-default-auto.json[0m
2026-09-20T14:49:22.9441632Z [36;1m.venv/bin/python ci/native_runtime/probe_installed_pi_output.py --json installed-pi-output.json[0m
2026-09-20T14:49:22.9477119Z shell: /usr/bin/bash -e {0}
2026-09-20T14:49:22.9477375Z env:
2026-09-20T14:49:22.9477667Z   pythonLocation: /opt/hostedtoolcache/Python/3.12.14/x64
2026-09-20T14:49:22.9478136Z   PKG_CONFIG_PATH: /opt/hostedtoolcache/Python/3.12.14/x64/lib/pkgconfig
2026-09-20T14:49:22.9478588Z   Python_ROOT_DIR: /opt/hostedtoolcache/Python/3.12.14/x64
2026-09-20T14:49:22.9479251Z   Python2_ROOT_DIR: /opt/hostedtoolcache/Python/3.12.14/x64
2026-09-20T14:49:22.9479703Z   Python3_ROOT_DIR: /opt/hostedtoolcache/Python/3.12.14/x64
2026-09-20T14:49:22.9480124Z   LD_LIBRARY_PATH: /opt/hostedtoolcache/Python/3.12.14/x64/lib
2026-09-20T14:49:22.9480537Z   UV_PYTHON_INSTALL_DIR: /home/runner/work/_temp/uv-python-dir
2026-09-20T14:49:22.9481108Z   UV_CACHE_DIR: /home/runner/work/_temp/setup-uv-cache
2026-09-20T14:49:22.9481461Z   SOURCE_SHA: 753850955c33eb15f992d1fe7ca375dd26c3a070
2026-09-20T14:49:22.9481756Z ##[endgroup]
2026-09-20T14:49:24.2542335Z native-dist/hol_guard-3.0.1-py3-none-manylinux_2_17_x86_64.whl
2026-09-20T14:49:24.3210788Z Uninstalled 1 package in 47ms
2026-09-20T14:49:24.3211624Z  - hol-guard==3.0.1 (from file:///home/runner/work/hol-guard/hol-guard)
2026-09-20T14:49:24.3766349Z Resolved 1 package in 2ms
2026-09-20T14:49:24.4378264Z Prepared 1 package in 61ms
2026-09-20T14:49:24.4662552Z Installed 1 package in 28ms
2026-09-20T14:49:24.4663921Z  + hol-guard==3.0.1 (from file:///home/runner/work/hol-guard/hol-guard/native-dist/hol_guard-3.0.1-py3-none-manylinux_2_17_x86_64.whl)
2026-09-20T14:49:25.0178649Z {
2026-09-20T14:49:25.0179572Z   "build_sha": "753850955c33eb15f992d1fe7ca375dd26c3a070",
2026-09-20T14:49:25.0180232Z   "cases": [
2026-09-20T14:49:25.0180599Z     {
2026-09-20T14:49:25.0181075Z       "case": "steady_without_client",
2026-09-20T14:49:25.0181621Z       "hashed_bytes": 37210368,
2026-09-20T14:49:25.0182089Z       "result": "passed",
2026-09-20T14:49:25.0182524Z       "validation_calls": 3
2026-09-20T14:49:25.0182952Z     },
2026-09-20T14:49:25.0183288Z     {
2026-09-20T14:49:25.0183636Z       "case": "fresh_child",
2026-09-20T14:49:25.0184122Z       "hashed_bytes": 24806912,
2026-09-20T14:49:25.0184565Z       "result": "passed",
2026-09-20T14:49:25.0184992Z       "validation_calls": 2
2026-09-20T14:49:25.0185383Z     },
2026-09-20T14:49:25.0185591Z     {
2026-09-20T14:49:25.0185848Z       "case": "steady_with_client",
2026-09-20T14:49:25.0186157Z       "hashed_bytes": 0,
2026-09-20T14:49:25.0186438Z       "result": "passed",
2026-09-20T14:49:25.0186713Z       "validation_calls": 0
2026-09-20T14:49:25.0187225Z     },
2026-09-20T14:49:25.0187437Z     {
2026-09-20T14:49:25.0187696Z       "case": "death_before_restart",
2026-09-20T14:49:25.0188036Z       "hashed_bytes": 24806912,
2026-09-20T14:49:25.0188340Z       "result": "passed",
2026-09-20T14:49:25.0188618Z       "validation_calls": 2
2026-09-20T14:49:25.0188881Z     },
2026-09-20T14:49:25.0189425Z     {
2026-09-20T14:49:25.0189691Z       "case": "live_replacement",
2026-09-20T14:49:25.0189996Z       "result": "replaced"
2026-09-20T14:49:25.0190254Z     },
2026-09-20T14:49:25.0190467Z     {
2026-09-20T14:49:25.0190737Z       "case": "replacement_first_status",
2026-09-20T14:49:25.0191091Z       "hashed_bytes": 12403456,
2026-09-20T14:49:25.0191384Z       "result": "passed",
2026-09-20T14:49:25.0191658Z       "validation_calls": 1
2026-09-20T14:49:25.0191919Z     },
2026-09-20T14:49:25.0192131Z     {
2026-09-20T14:49:25.0192392Z       "case": "replacement_fresh_child",
2026-09-20T14:49:25.0192736Z       "hashed_bytes": 24806912,
2026-09-20T14:49:25.0193035Z       "result": "passed",
2026-09-20T14:49:25.0193309Z       "validation_calls": 2
2026-09-20T14:49:25.0193569Z     },
2026-09-20T14:49:25.0193774Z     {
2026-09-20T14:49:25.0194043Z       "case": "source_sha_mismatch",
2026-09-20T14:49:25.0194387Z       "hashed_bytes": 12403456,
2026-09-20T14:49:25.0194636Z       "result": "passed",
2026-09-20T14:49:25.0194881Z       "validation_calls": 1
2026-09-20T14:49:25.0195101Z     },
2026-09-20T14:49:25.0195270Z     {
2026-09-20T14:49:25.0195488Z       "case": "source_sha_restoration",
2026-09-20T14:49:25.0195778Z       "hashed_bytes": 12403456,
2026-09-20T14:49:25.0196012Z       "result": "passed",
2026-09-20T14:49:25.0196239Z       "validation_calls": 1
2026-09-20T14:49:25.0196458Z     },
2026-09-20T14:49:25.0196624Z     {
2026-09-20T14:49:25.0196852Z       "case": "source_sha_restoration_child",
2026-09-20T14:49:25.0197159Z       "hashed_bytes": 24806912,
2026-09-20T14:49:25.0197390Z       "result": "passed",
2026-09-20T14:49:25.0197615Z       "validation_calls": 2
2026-09-20T14:49:25.0197833Z     },
2026-09-20T14:49:25.0198000Z     {
2026-09-20T14:49:25.0198221Z       "case": "package_version_mismatch",
2026-09-20T14:49:25.0198689Z       "hashed_bytes": 12403456,
2026-09-20T14:49:25.0198946Z       "result": "passed",
2026-09-20T14:49:25.0199458Z       "validation_calls": 1
2026-09-20T14:49:25.0199675Z     },
2026-09-20T14:49:25.0199849Z     {
2026-09-20T14:49:25.0200081Z       "case": "package_version_restoration",
2026-09-20T14:49:25.0200377Z       "hashed_bytes": 12403456,
2026-09-20T14:49:25.0200613Z       "result": "passed",
2026-09-20T14:49:25.0200836Z       "validation_calls": 1
2026-09-20T14:49:25.0201049Z     },
2026-09-20T14:49:25.0201225Z     {
2026-09-20T14:49:25.0201467Z       "case": "package_version_restoration_child",
2026-09-20T14:49:25.0201776Z       "hashed_bytes": 24806912,
2026-09-20T14:49:25.0202007Z       "result": "passed",
2026-09-20T14:49:25.0202233Z       "validation_calls": 2
2026-09-20T14:49:25.0202452Z     },
2026-09-20T14:49:25.0202619Z     {
2026-09-20T14:49:25.0202872Z       "case": "same_size_restored_mtime_corruption",
2026-09-20T14:49:25.0203181Z       "hashed_bytes": 12403456,
2026-09-20T14:49:25.0203411Z       "result": "passed",
2026-09-20T14:49:25.0203640Z       "validation_calls": 1
2026-09-20T14:49:25.0203857Z     },
2026-09-20T14:49:25.0204025Z     {
2026-09-20T14:49:25.0204255Z       "case": "original_artifact_restoration",
2026-09-20T14:49:25.0204562Z       "hashed_bytes": 12403456,
2026-09-20T14:49:25.0204800Z       "result": "passed",
2026-09-20T14:49:25.0205023Z       "validation_calls": 1
2026-09-20T14:49:25.0205240Z     },
2026-09-20T14:49:25.0205410Z     {
2026-09-20T14:49:25.0205625Z       "case": "restoration_fresh_child",
2026-09-20T14:49:25.0205924Z       "hashed_bytes": 24806912,
2026-09-20T14:49:25.0206155Z       "result": "passed",
2026-09-20T14:49:25.0206383Z       "validation_calls": 2
2026-09-20T14:49:25.0206598Z     },
2026-09-20T14:49:25.0206765Z     {
2026-09-20T14:49:25.0207130Z       "case": "retired_client_status",
2026-09-20T14:49:25.0207414Z       "hashed_bytes": 37210368,
2026-09-20T14:49:25.0207649Z       "result": "passed",
2026-09-20T14:49:25.0207870Z       "validation_calls": 3
2026-09-20T14:49:25.0208093Z     }
2026-09-20T14:49:25.0208262Z   ],
2026-09-20T14:49:25.0208518Z   "cross_release_upgrade_rollback": "not_exercised",
2026-09-20T14:49:25.0209282Z   "identity_module_sha256": "c5d4dbd104038d66b9d75197ca186d4fd55fd1bcca52b66eaa61142dbc0774fe",
2026-09-20T14:49:25.0209769Z   "machine": "x86_64",
2026-09-20T14:49:25.0210191Z   "manifest_sha256": "c048755d162fe4b27f3ba8a4dd0849f79032c8263f357fb01a99ae29926389c9",
2026-09-20T14:49:25.0210644Z   "package_version": "3.0.1",
2026-09-20T14:49:25.0210892Z   "platform": "linux",
2026-09-20T14:49:25.0211350Z   "runtime_module_sha256": "a2307e3ff183ecfdb61d73dd04e8dc39e04b7a3ca426de5b59d2c4964edf1d55",
2026-09-20T14:49:25.0212001Z   "runtime_sha256": "25d1c00121099918fe4a7c831fb4e6142d38a461f35d2ecfa85b368f98e3657e",
2026-09-20T14:49:25.0212432Z   "runtime_size": 12403456,
2026-09-20T14:49:25.0212754Z   "schema": "hol-guard.installed-runtime-identity.v1",
2026-09-20T14:49:25.0213141Z   "scope": "installed_status_and_real_stdio_child",
2026-09-20T14:49:25.0213487Z   "signing_qualification": "not_exercised"
2026-09-20T14:49:25.0213752Z }
2026-09-20T14:49:35.2295324Z {"command_authority_fixture": {"enrollment_flow": "not_exercised", "provisioning": "isolated_ci_generated_key_empty_authority", "verified_health": "protected"}, "corpus_decisions": 21, "corpus_scope": "normalized_daemon_ingress", "default_mode": "auto", "evidence_failure_diagnostics": {"all_evidence": {}, "native_receipts": {}}, "fail_safe_decisions": 0, "fast_path": "enabled", "mode_invariants": {"off": {"decision": null, "python_oracle": false, "reason_code": "native_hook_disabled"}, "shadow": {"decision": null, "python_oracle": false, "reason_code": "native_shadow_diagnostic_disabled"}}, "oneshot_decisions": 0, "python_semantic_decisions": 0, "reason_code_counts": {"native_policy_warning": 15}, "receipt_metrics": {"accepted": 21, "deduped": 0, "dropped": 0, "durable_pending": 0, "failures": 0, "processed": 21}, "resident_decisions": 21, "resident_share": 1.0, "rollback": "off", "route_receipts": [{"event": "PreToolUse", "harness": "claude-code", "route": "native_resident"}, {"event": "PostToolUse", "harness": "claude-code", "route": "native_resident"}, {"event": "PreToolUse", "harness": "cline", "route": "native_resident"}, {"event": "PostToolUse", "harness": "cline", "route": "native_resident"}, {"event": "PreToolUse", "harness": "codex", "route": "native_resident"}, {"event": "PostToolUse", "harness": "codex", "route": "native_resident"}, {"event": "PreToolUse", "harness": "copilot", "route": "native_resident"}, {"event": "PostToolUse", "harness": "copilot", "route": "native_resident"}, {"event": "PreToolUse", "harness": "cursor", "route": "native_resident"}, {"event": "PostToolUse", "harness": "cursor", "route": "native_resident"}, {"event": "PreToolUse", "harness": "grok", "route": "native_resident"}, {"event": "PreToolUse", "harness": "hermes", "route": "native_resident"}, {"event": "PreToolUse", "harness": "kimi", "route": "native_resident"}, {"event": "PostToolUse", "harness": "kimi", "route": "native_resident"}, {"event": "PreToolUse", "harness": "omp", "route": "native_resident"}, {"event": "PostToolUse", "harness": "omp", "route": "native_resident"}, {"event": "PreToolUse", "harness": "openclaw", "route": "native_resident"}, {"event": "PreToolUse", "harness": "opencode", "route": "native_resident"}, {"event": "PreToolUse", "harness": "pi", "route": "native_resident"}, {"event": "PostToolUse", "harness": "pi", "route": "native_resident"}, {"event": "PreToolUse", "harness": "zcode", "route": "native_resident"}], "runtime_reason": "native_ready", "schema": "hol-guard.native-default-installed-receipt.v1", "target": "x86_64-linux"}
2026-09-20T14:49:41.4859787Z {"cleanup": "authenticated_daemon_stop_then_native_resident_stop", "daemon": "scoped-installed-GuardDaemonServer", "execution_path": "unmodified-generated-extension-via-scoped-installed-daemon-native-resident", "generated_extension": {"harness": "omp", "malformed_result_cases": {"negative-empty": {"cli_invocations": 1, "is_error": true, "observe_mode": null, "preserved": false}, "negative-malformed": {"cli_invocations": 1, "is_error": true, "observe_mode": null, "preserved": false}, "negative-mismatch-proof": {"cli_invocations": 1, "is_error": true, "observe_mode": null, "preserved": false}, "negative-missing-decision": {"cli_invocations": 1, "is_error": true, "observe_mode": null, "preserved": false}, "negative-missing-proof": {"cli_invocations": 1, "is_error": true, "observe_mode": null, "preserved": false}, "negative-nonzero-allow": {"cli_invocations": 1, "is_error": true, "observe_mode": null, "preserved": false}, "negative-observe": {"cli_invocations": 1, "is_error": false, "observe_mode": true, "preserved": true}}, "real_cases": {"empty": {"chars": 0, "daemon_response": {"case_id": "empty", "chars": 0, "decision": "allow", "method": "POST", "model_output_action": "allow_original", "pathname": "/v1/hooks/omp", "preserved": true, "reviewed_output_sha256": "e3b0c44298fc1c149afbf4c8996fb92427ae41e4649b934ca495991b7852b855", "sha256": "e3b0c44298fc1c149afbf4c8996fb92427ae41e4649b934ca495991b7852b855", "status": 200}, "excerpt_chars": 0, "input_content_unchanged": true, "preserved": true, "sha256": "e3b0c44298fc1c149afbf4c8996fb92427ae41e4649b934ca495991b7852b855"}, "large-nonsource": {"chars": 15000, "daemon_response": {"case_id": "large-nonsource", "chars": 15000, "decision": "allow", "method": "POST", "model_output_action": "allow_original", "pathname": "/v1/hooks/omp", "preserved": true, "reviewed_output_sha256": "46c1ad0c0e118fce3100ca08c8502dc618838adf369c90057736a082fd20d506", "sha256": "46c1ad0c0e118fce3100ca08c8502dc618838adf369c90057736a082fd20d506", "status": 200}, "excerpt_chars": 12000, "input_content_unchanged": true, "preserved": true, "sha256": "46c1ad0c0e118fce3100ca08c8502dc618838adf369c90057736a082fd20d506"}, "multiblock-crlf-unicode": {"chars": 27, "daemon_response": {"case_id": "multiblock-crlf-unicode", "chars": 27, "decision": "allow", "method": "POST", "model_output_action": "allow_original", "pathname": "/v1/hooks/omp", "preserved": true, "reviewed_output_sha256": "1b14971c5461779d630b747e81d6b5ca91a7697239b49a344045ba7294534c9f", "sha256": "1b14971c5461779d630b747e81d6b5ca91a7697239b49a344045ba7294534c9f", "status": 200}, "excerpt_chars": 27, "input_content_unchanged": true, "preserved": true, "sha256": "1b14971c5461779d630b747e81d6b5ca91a7697239b49a344045ba7294534c9f"}, "small": {"chars": 18, "daemon_response": {"case_id": "small", "chars": 18, "decision": "allow", "method": "POST", "model_output_action": "allow_original", "pathname": "/v1/hooks/omp", "preserved": true, "reviewed_output_sha256": "75884cb89878f8c291a656516abe968b76ce5dcaa19c9504a1e688190312cbf3", "sha256": "75884cb89878f8c291a656516abe968b76ce5dcaa19c9504a1e688190312cbf3", "status": 200}, "excerpt_chars": 18, "input_content_unchanged": true, "preserved": true, "sha256": "75884cb89878f8c291a656516abe968b76ce5dcaa19c9504a1e688190312cbf3"}}}, "native_prerequisite": "default-auto-status-checked", "native_route_metrics": {"native_resident": 4}, "package_origin_kind": "non-editable-distribution-manifest", "package_version": "3.0.1", "runtime": {"build_sha": "753850955c33eb15f992d1fe7ca375dd26c3a070", "mode": "auto", "reason": "native_ready", "runtime_sha256": "25d1c00121099918fe4a7c831fb4e6142d38a461f35d2ecfa85b368f98e3657e", "runtime_version": "3.0.1", "target": "x86_64-linux"}, "schema": "hol-guard.installed-pi-native-output.v1", "source_checkout_import": false, "source_sha": "753850955c33eb15f992d1fe7ca375dd26c3a070", "workflow_order": "after-native-default-auto-probe"}
2026-09-20T14:49:41.6462417Z ##[group]Run unset HOL_GUARD_NATIVE HOL_GUARD_NATIVE_BINARY HOL_GUARD_HOOK_FAST_PATH
2026-09-20T14:49:41.6463020Z [36;1munset HOL_GUARD_NATIVE HOL_GUARD_NATIVE_BINARY HOL_GUARD_HOOK_FAST_PATH[0m
2026-09-20T14:49:41.6463559Z [36;1munset HOL_GUARD_NATIVE_MODE HOL_GUARD_NATIVE_ORACLE HOL_GUARD_NATIVE_DIAGNOSTIC[0m
2026-09-20T14:49:41.6464322Z [36;1munset HOL_GUARD_HOOK_FAST_PATH_SHADOW HOL_GUARD_HOOK_SOURCE_REF HOL_GUARD_HOOK_BINARY[0m
2026-09-20T14:49:41.6464962Z [36;1munset HOL_GUARD_FAST_PATH HOL_GUARD_BINARY HOL_GUARD_ORACLE HOL_GUARD_DIAGNOSTIC HOL_GUARD_TEST_MODE[0m
2026-09-20T14:49:41.6465562Z [36;1munset HOL_GUARD_TEST_KEYRING_FILE HOL_GUARD_TEST_SYNC_AUTH_CONTEXT_JSON[0m
2026-09-20T14:49:41.6465995Z [36;1munset HOL_GUARD_RUN_SYSTEM_KEYCHAIN_TEST[0m
2026-09-20T14:49:41.6466497Z [36;1munset GUARD_NATIVE GUARD_NATIVE_BINARY GUARD_NATIVE_MODE GUARD_NATIVE_ORACLE GUARD_NATIVE_DIAGNOSTIC[0m
2026-09-20T14:49:41.6467187Z [36;1munset GUARD_HOOK_FAST_PATH GUARD_HOOK_FAST_PATH_SHADOW GUARD_HOOK_SOURCE_REF GUARD_HOOK_BINARY[0m
2026-09-20T14:49:41.6467804Z [36;1munset GUARD_FAST_PATH GUARD_BINARY GUARD_ORACLE GUARD_DIAGNOSTIC GUARD_TEST_MODE[0m
2026-09-20T14:49:41.6468405Z [36;1munset GUARD_TEST_KEYRING_FILE GUARD_TEST_SYNC_AUTH_CONTEXT_JSON GUARD_PYTEST_DURATION_OUTPUT[0m
2026-09-20T14:49:41.6469218Z [36;1munset PYTEST_CURRENT_TEST PYTEST_ADDOPTS PYTEST_PLUGINS PYTHONPATH[0m
2026-09-20T14:49:41.6470341Z [36;1mruntime=$(.venv/bin/python -c 'from codex_plugin_scanner.guard.native_runtime import native_runtime_status; status = native_runtime_status(); assert status.identity is not None; print(status.identity.path)')[0m
2026-09-20T14:49:41.6471294Z [36;1m.venv/bin/python scripts/bench_guard_native_installed_slo.py \[0m
2026-09-20T14:49:41.6471682Z [36;1m  --runtime "$runtime" \[0m
2026-09-20T14:49:41.6471945Z [36;1m  --warm-iterations 2 \[0m
2026-09-20T14:49:41.6472200Z [36;1m  --cold-iterations 2 \[0m
2026-09-20T14:49:41.6472459Z [36;1m  --recovery-iterations 2 \[0m
2026-09-20T14:49:41.6472733Z [36;1m  --readiness-samples 2 \[0m
2026-09-20T14:49:41.6473017Z [36;1m  --json native-installed-slo.json \[0m
2026-09-20T14:49:41.6473302Z [36;1m  --enforce[0m
2026-09-20T14:49:41.6508642Z shell: /usr/bin/bash -e {0}
2026-09-20T14:49:41.6508897Z env:
2026-09-20T14:49:41.6509290Z   pythonLocation: /opt/hostedtoolcache/Python/3.12.14/x64
2026-09-20T14:49:41.6509743Z   PKG_CONFIG_PATH: /opt/hostedtoolcache/Python/3.12.14/x64/lib/pkgconfig
2026-09-20T14:49:41.6510179Z   Python_ROOT_DIR: /opt/hostedtoolcache/Python/3.12.14/x64
2026-09-20T14:49:41.6510559Z   Python2_ROOT_DIR: /opt/hostedtoolcache/Python/3.12.14/x64
2026-09-20T14:49:41.6510936Z   Python3_ROOT_DIR: /opt/hostedtoolcache/Python/3.12.14/x64
2026-09-20T14:49:41.6511326Z   LD_LIBRARY_PATH: /opt/hostedtoolcache/Python/3.12.14/x64/lib
2026-09-20T14:49:41.6511716Z   UV_PYTHON_INSTALL_DIR: /home/runner/work/_temp/uv-python-dir
2026-09-20T14:49:41.6512075Z   UV_CACHE_DIR: /home/runner/work/_temp/setup-uv-cache
2026-09-20T14:49:41.6512441Z   NATIVE_STOP_DIAGNOSTIC_PATH: native-stop-diagnostic.json
2026-09-20T14:49:41.6512762Z ##[endgroup]
2026-09-20T14:50:09.3465954Z {
2026-09-20T14:50:09.3467249Z   "concurrency": {
2026-09-20T14:50:09.3468007Z     "sixteen": {
2026-09-20T14:50:09.3468541Z       "deadline_ms": 1000.0,
2026-09-20T14:50:09.3469265Z       "errors": 0,
2026-09-20T14:50:09.3469665Z       "latency": {
2026-09-20T14:50:09.3470019Z         "count": 16,
2026-09-20T14:50:09.3470393Z         "max_ms": 624.261,
2026-09-20T14:50:09.3470855Z         "p50_ms": 590.584,
2026-09-20T14:50:09.3471271Z         "p95_ms": 624.261,
2026-09-20T14:50:09.3471746Z         "p99_ms": 624.261
2026-09-20T14:50:09.3472145Z       },
2026-09-20T14:50:09.3472510Z       "native_overloads": 0,
2026-09-20T14:50:09.3472887Z       "overloaded": 0,
2026-09-20T14:50:09.3473518Z       "route_attribution": "isolated_batch_counter_conservation",
2026-09-20T14:50:09.3474108Z       "routes": {
2026-09-20T14:50:09.3474472Z         "native_resident": 16
2026-09-20T14:50:09.3475287Z       }
2026-09-20T14:50:09.3475609Z     },
2026-09-20T14:50:09.3475929Z     "sixty_four": {
2026-09-20T14:50:09.3476292Z       "bounded": true,
2026-09-20T14:50:09.3476660Z       "errors": 0,
2026-09-20T14:50:09.3477021Z       "fail_safe": 0,
2026-09-20T14:50:09.3477513Z       "latency": {
2026-09-20T14:50:09.3477728Z         "count": 64,
2026-09-20T14:50:09.3477949Z         "max_ms": 562.94,
2026-09-20T14:50:09.3478181Z         "p50_ms": 375.544,
2026-09-20T14:50:09.3478413Z         "p95_ms": 555.537,
2026-09-20T14:50:09.3478630Z         "p99_ms": 562.94
2026-09-20T14:50:09.3478839Z       },
2026-09-20T14:50:09.3479390Z       "latency_ceiling_ms": null,
2026-09-20T14:50:09.3479768Z       "native_overloads": 0,
2026-09-20T14:50:09.3480017Z       "overloaded": 31,
2026-09-20T14:50:09.3480363Z       "route_attribution": "isolated_batch_counter_conservation",
2026-09-20T14:50:09.3480711Z       "routes": {
2026-09-20T14:50:09.3480948Z         "engine_bypassed": 31,
2026-09-20T14:50:09.3481203Z         "native_resident": 33
2026-09-20T14:50:09.3481435Z       }
2026-09-20T14:50:09.3481615Z     }
2026-09-20T14:50:09.3481800Z   },
2026-09-20T14:50:09.3481981Z   "corpus": {
2026-09-20T14:50:09.3482302Z     "corpus_origin": "installed_wheel_ownership_contract",
2026-09-20T14:50:09.3482638Z     "fail_safe_decisions": 0,
2026-09-20T14:50:09.3482875Z     "fail_safe_rate": 0.0,
2026-09-20T14:50:09.3483107Z     "harnesses": 13,
2026-09-20T14:50:09.3483315Z     "installed": {
2026-09-20T14:50:09.3483517Z       "fail_safe": 0,
2026-09-20T14:50:09.3483730Z       "oneshot": 0,
2026-09-20T14:50:09.3483964Z       "python_semantic": 0,
2026-09-20T14:50:09.3484240Z       "python_semantic_decisions": 0,
2026-09-20T14:50:09.3484530Z       "resident": 21,
2026-09-20T14:50:09.3484748Z       "routes": 21
2026-09-20T14:50:09.3484943Z     },
2026-09-20T14:50:09.3485135Z     "observations": 146,
2026-09-20T14:50:09.3485376Z     "oneshot_decisions": 0,
2026-09-20T14:50:09.3485650Z     "python_fallback_decisions": 0,
2026-09-20T14:50:09.3485940Z     "python_semantic_decisions": 0,
2026-09-20T14:50:09.3486203Z     "resident_share": 1.0,
2026-09-20T14:50:09.3486467Z     "route_corpus": "installed_routes",
2026-09-20T14:50:09.3486729Z     "routes": 21,
2026-09-20T14:50:09.3486966Z     "rss_baseline_bytes": 765276160,
2026-09-20T14:50:09.3487236Z     "rss_growth": 0.00334,
2026-09-20T14:50:09.3487485Z     "rss_peak_bytes": 767832064,
2026-09-20T14:50:09.3487737Z     "safe_failure_rate": 0.0,
2026-09-20T14:50:09.3487973Z     "safe_failures": 0,
2026-09-20T14:50:09.3488216Z     "safe_failures_by_size": {},
2026-09-20T14:50:09.3488473Z     "security_denials": 31,
2026-09-20T14:50:09.3488725Z     "security_denials_by_size": {
2026-09-20T14:50:09.3489483Z       "1k": 31
2026-09-20T14:50:09.3489703Z     },
2026-09-20T14:50:09.3489901Z     "warm_failures": 0
2026-09-20T14:50:09.3490106Z   },
2026-09-20T14:50:09.3490281Z   "errors_16": 0,
2026-09-20T14:50:09.3490484Z   "errors_64": 0,
2026-09-20T14:50:09.3490694Z   "evidence_class": "smoke",
2026-09-20T14:50:09.3490926Z   "gates": {
2026-09-20T14:50:09.3491124Z     "1m_latency": true,
2026-09-20T14:50:09.3491342Z     "250k_latency": true,
2026-09-20T14:50:09.3491563Z     "5m_latency": true,
2026-09-20T14:50:09.3491778Z     "cold_latency": true,
2026-09-20T14:50:09.3492014Z     "concurrency": true,
2026-09-20T14:50:09.3492274Z     "concurrency_64_bounded": true,
2026-09-20T14:50:09.3492540Z     "installed_corpus": true,
2026-09-20T14:50:09.3492792Z     "python_fallback": true,
2026-09-20T14:50:09.3493027Z     "readiness": true,
2026-09-20T14:50:09.3493249Z     "recovery_latency": true,
2026-09-20T14:50:09.3493488Z     "resident_share": true,
2026-09-20T14:50:09.3493708Z     "rss": true,
2026-09-20T14:50:09.3493910Z     "safe_corpus": true,
2026-09-20T14:50:09.3494134Z     "warm_latency": true
2026-09-20T14:50:09.3494340Z   },
2026-09-20T14:50:09.3494524Z   "installed_launcher": {
2026-09-20T14:50:09.3494783Z     "boundary": "INSTALLED_LAUNCHER",
2026-09-20T14:50:09.3495208Z     "cases_validated": [
2026-09-20T14:50:09.3495429Z       "benign",
2026-09-20T14:50:09.3495619Z       "redacted"
2026-09-20T14:50:09.3495812Z     ],
2026-09-20T14:50:09.3496041Z     "configuration": "registered_argv",
2026-09-20T14:50:09.3496322Z     "event": "PostToolUse",
2026-09-20T14:50:09.3496722Z     "evidence_class": "smoke",
2026-09-20T14:50:09.3496979Z     "harness": "claude-code",
2026-09-20T14:50:09.3497213Z     "latency": {
2026-09-20T14:50:09.3497406Z       "count": 2,
2026-09-20T14:50:09.3497609Z       "max_ms": 213.496,
2026-09-20T14:50:09.3497826Z       "p50_ms": 213.055,
2026-09-20T14:50:09.3498041Z       "p95_ms": 213.496,
2026-09-20T14:50:09.3498257Z       "p99_ms": 213.496
2026-09-20T14:50:09.3498458Z     },
2026-09-20T14:50:09.3498678Z     "process_startup_included": true,
2026-09-20T14:50:09.3499218Z     "qualification_complete": false,
2026-09-20T14:50:09.3499589Z     "remaining_routes": "not_measured",
2026-09-20T14:50:09.3499894Z     "stdout_and_exit_checked": true
2026-09-20T14:50:09.3500148Z   },
2026-09-20T14:50:09.3500322Z   "latency": {
2026-09-20T14:50:09.3500550Z     "boundary": "DAEMON_INGRESS",
2026-09-20T14:50:09.3500803Z     "cold_native_oneshot": {
2026-09-20T14:50:09.3501035Z       "count": 2,
2026-09-20T14:50:09.3501235Z       "max_ms": 7.133,
2026-09-20T14:50:09.3501448Z       "p50_ms": 7.077,
2026-09-20T14:50:09.3501655Z       "p95_ms": 7.133,
2026-09-20T14:50:09.3501856Z       "p99_ms": 7.133
2026-09-20T14:50:09.3502055Z     },
2026-09-20T14:50:09.3502240Z     "readiness": {
2026-09-20T14:50:09.3502437Z       "count": 2,
2026-09-20T14:50:09.3502634Z       "max_ms": 0.143,
2026-09-20T14:50:09.3502840Z       "p50_ms": 0.093,
2026-09-20T14:50:09.3503051Z       "p95_ms": 0.143,
2026-09-20T14:50:09.3503253Z       "p99_ms": 0.143
2026-09-20T14:50:09.3503446Z     },
2026-09-20T14:50:09.3503659Z     "resident_recovery": {
2026-09-20T14:50:09.3503889Z       "count": 2,
2026-09-20T14:50:09.3504087Z       "max_ms": 184.053,
2026-09-20T14:50:09.3504304Z       "p50_ms": 177.316,
2026-09-20T14:50:09.3504519Z       "p95_ms": 184.053,
2026-09-20T14:50:09.3504736Z       "p99_ms": 184.053
2026-09-20T14:50:09.3504937Z     },
2026-09-20T14:50:09.3505118Z     "size_classes": {
2026-09-20T14:50:09.3505328Z       "1k": {
2026-09-20T14:50:09.3505521Z         "count": 122,
2026-09-20T14:50:09.3505750Z         "max_ms": 624.261,
2026-09-20T14:50:09.3505975Z         "p50_ms": 181.523,
2026-09-20T14:50:09.3506192Z         "p95_ms": 594.893,
2026-09-20T14:50:09.3506454Z         "p99_ms": 618.881
2026-09-20T14:50:09.3506664Z       },
2026-09-20T14:50:09.3506838Z       "1m": {
2026-09-20T14:50:09.3507029Z         "count": 8,
2026-09-20T14:50:09.3507227Z         "max_ms": 41.221,
2026-09-20T14:50:09.3507442Z         "p50_ms": 40.416,
2026-09-20T14:50:09.3507656Z         "p95_ms": 41.221,
2026-09-20T14:50:09.3507872Z         "p99_ms": 41.221
2026-09-20T14:50:09.3508077Z       },
2026-09-20T14:50:09.3508254Z       "250k": {
2026-09-20T14:50:09.3508453Z         "count": 8,
2026-09-20T14:50:09.3508658Z         "max_ms": 30.916,
2026-09-20T14:50:09.3508871Z         "p50_ms": 28.947,
2026-09-20T14:50:09.3509576Z         "p95_ms": 30.916,
2026-09-20T14:50:09.3509827Z         "p99_ms": 30.916
2026-09-20T14:50:09.3510048Z       },
2026-09-20T14:50:09.3510238Z       "5m": {
2026-09-20T14:50:09.3510439Z         "count": 8,
2026-09-20T14:50:09.3510650Z         "max_ms": 121.38,
2026-09-20T14:50:09.3510876Z         "p50_ms": 111.801,
2026-09-20T14:50:09.3511107Z         "p95_ms": 121.38,
2026-09-20T14:50:09.3511322Z         "p99_ms": 121.38
2026-09-20T14:50:09.3511538Z       }
2026-09-20T14:50:09.3511719Z     },
2026-09-20T14:50:09.3511914Z     "warm_all_harnesses": {
2026-09-20T14:50:09.3512144Z       "count": 42,
2026-09-20T14:50:09.3512353Z       "max_ms": 40.203,
2026-09-20T14:50:09.3512568Z       "p50_ms": 25.196,
2026-09-20T14:50:09.3512776Z       "p95_ms": 35.349,
2026-09-20T14:50:09.3512984Z       "p99_ms": 40.203
2026-09-20T14:50:09.3513194Z     },
2026-09-20T14:50:09.3513379Z     "warm_by_event": {
2026-09-20T14:50:09.3513741Z       "PostToolUse": {
2026-09-20T14:50:09.3513971Z         "count": 16,
2026-09-20T14:50:09.3514184Z         "max_ms": 40.203,
2026-09-20T14:50:09.3514417Z         "p50_ms": 25.307,
2026-09-20T14:50:09.3514645Z         "p95_ms": 40.203,
2026-09-20T14:50:09.3514861Z         "p99_ms": 40.203
2026-09-20T14:50:09.3517067Z       },
2026-09-20T14:50:09.3517385Z       "PreToolUse": {
2026-09-20T14:50:09.3517748Z         "count": 26,
2026-09-20T14:50:09.3518095Z         "max_ms": 36.027,
2026-09-20T14:50:09.3518468Z         "p50_ms": 24.993,
2026-09-20T14:50:09.3518845Z         "p95_ms": 31.041,
2026-09-20T14:50:09.3519508Z         "p99_ms": 36.027
2026-09-20T14:50:09.3519855Z       }
2026-09-20T14:50:09.3520151Z     },
2026-09-20T14:50:09.3520458Z     "warm_by_route": {
2026-09-20T14:50:09.3520911Z       "claude-code.PostToolUse": {
2026-09-20T14:50:09.3521347Z         "count": 2,
2026-09-20T14:50:09.3521709Z         "max_ms": 35.349,
2026-09-20T14:50:09.3522081Z         "p50_ms": 33.065,
2026-09-20T14:50:09.3522459Z         "p95_ms": 35.349,
2026-09-20T14:50:09.3522813Z         "p99_ms": 35.349
2026-09-20T14:50:09.3523170Z       },
2026-09-20T14:50:09.3523434Z       "claude-code.PreToolUse": {
2026-09-20T14:50:09.3523701Z         "count": 2,
2026-09-20T14:50:09.3523913Z         "max_ms": 25.946,
2026-09-20T14:50:09.3524144Z         "p50_ms": 23.035,
2026-09-20T14:50:09.3524368Z         "p95_ms": 25.946,
2026-09-20T14:50:09.3524587Z         "p99_ms": 25.946
2026-09-20T14:50:09.3524797Z       },
2026-09-20T14:50:09.3524996Z       "cline.PostToolUse": {
2026-09-20T14:50:09.3525234Z         "count": 2,
2026-09-20T14:50:09.3525439Z         "max_ms": 25.575,
2026-09-20T14:50:09.3525655Z         "p50_ms": 25.543,
2026-09-20T14:50:09.3525871Z         "p95_ms": 25.575,
2026-09-20T14:50:09.3526086Z         "p99_ms": 25.575
2026-09-20T14:50:09.3526300Z       },
2026-09-20T14:50:09.3526500Z       "cline.PreToolUse": {
2026-09-20T14:50:09.3526733Z         "count": 2,
2026-09-20T14:50:09.3526940Z         "max_ms": 20.287,
2026-09-20T14:50:09.3527163Z         "p50_ms": 20.275,
2026-09-20T14:50:09.3527385Z         "p95_ms": 20.287,
2026-09-20T14:50:09.3527601Z         "p99_ms": 20.287
2026-09-20T14:50:09.3527807Z       },
2026-09-20T14:50:09.3528008Z       "codex.PostToolUse": {
2026-09-20T14:50:09.3528244Z         "count": 2,
2026-09-20T14:50:09.3528449Z         "max_ms": 35.224,
2026-09-20T14:50:09.3528666Z         "p50_ms": 32.674,
2026-09-20T14:50:09.3528873Z         "p95_ms": 35.224,
2026-09-20T14:50:09.3529385Z         "p99_ms": 35.224
2026-09-20T14:50:09.3529596Z       },
2026-09-20T14:50:09.3529791Z       "codex.PreToolUse": {
2026-09-20T14:50:09.3530020Z         "count": 2,
2026-09-20T14:50:09.3530219Z         "max_ms": 25.459,
2026-09-20T14:50:09.3530433Z         "p50_ms": 22.865,
2026-09-20T14:50:09.3530641Z         "p95_ms": 25.459,
2026-09-20T14:50:09.3530852Z         "p99_ms": 25.459
2026-09-20T14:50:09.3531062Z       },
2026-09-20T14:50:09.3531283Z       "copilot.PostToolUse": {
2026-09-20T14:50:09.3531541Z         "count": 2,
2026-09-20T14:50:09.3531750Z         "max_ms": 25.919,
2026-09-20T14:50:09.3531964Z         "p50_ms": 23.104,
2026-09-20T14:50:09.3532174Z         "p95_ms": 25.919,
2026-09-20T14:50:09.3532387Z         "p99_ms": 25.919
2026-09-20T14:50:09.3532595Z       },
2026-09-20T14:50:09.3532795Z       "copilot.PreToolUse": {
2026-09-20T14:50:09.3533029Z         "count": 2,
2026-09-20T14:50:09.3533234Z         "max_ms": 25.76,
2026-09-20T14:50:09.3533448Z         "p50_ms": 23.22,
2026-09-20T14:50:09.3533659Z         "p95_ms": 25.76,
2026-09-20T14:50:09.3533874Z         "p99_ms": 25.76
2026-09-20T14:50:09.3534079Z       },
2026-09-20T14:50:09.3534270Z       "cursor.PostToolUse": {
2026-09-20T14:50:09.3534503Z         "count": 2,
2026-09-20T14:50:09.3534708Z         "max_ms": 24.832,
2026-09-20T14:50:09.3534922Z         "p50_ms": 22.386,
2026-09-20T14:50:09.3535133Z         "p95_ms": 24.832,
2026-09-20T14:50:09.3535353Z         "p99_ms": 24.832
2026-09-20T14:50:09.3535555Z       },
2026-09-20T14:50:09.3535918Z       "cursor.PreToolUse": {
2026-09-20T14:50:09.3536166Z         "count": 2,
2026-09-20T14:50:09.3536367Z         "max_ms": 30.937,
2026-09-20T14:50:09.3536587Z         "p50_ms": 26.171,
2026-09-20T14:50:09.3536804Z         "p95_ms": 30.937,
2026-09-20T14:50:09.3537018Z         "p99_ms": 30.937
2026-09-20T14:50:09.3537341Z       },
2026-09-20T14:50:09.3537532Z       "grok.PreToolUse": {
2026-09-20T14:50:09.3537759Z         "count": 2,
2026-09-20T14:50:09.3537957Z         "max_ms": 25.351,
2026-09-20T14:50:09.3538170Z         "p50_ms": 23.312,
2026-09-20T14:50:09.3538383Z         "p95_ms": 25.351,
2026-09-20T14:50:09.3538593Z         "p99_ms": 25.351
2026-09-20T14:50:09.3538795Z       },
2026-09-20T14:50:09.3539224Z       "hermes.PreToolUse": {
2026-09-20T14:50:09.3539522Z         "count": 2,
2026-09-20T14:50:09.3539723Z         "max_ms": 24.697,
2026-09-20T14:50:09.3539937Z         "p50_ms": 22.857,
2026-09-20T14:50:09.3540154Z         "p95_ms": 24.697,
2026-09-20T14:50:09.3540365Z         "p99_ms": 24.697
2026-09-20T14:50:09.3540581Z       },
2026-09-20T14:50:09.3540778Z       "kimi.PostToolUse": {
2026-09-20T14:50:09.3541003Z         "count": 2,
2026-09-20T14:50:09.3541198Z         "max_ms": 24.972,
2026-09-20T14:50:09.3541412Z         "p50_ms": 22.734,
2026-09-20T14:50:09.3541631Z         "p95_ms": 24.972,
2026-09-20T14:50:09.3541842Z         "p99_ms": 24.972
2026-09-20T14:50:09.3542043Z       },
2026-09-20T14:50:09.3542237Z       "kimi.PreToolUse": {
2026-09-20T14:50:09.3542459Z         "count": 2,
2026-09-20T14:50:09.3542655Z         "max_ms": 25.288,
2026-09-20T14:50:09.3542877Z         "p50_ms": 23.009,
2026-09-20T14:50:09.3543089Z         "p95_ms": 25.288,
2026-09-20T14:50:09.3543301Z         "p99_ms": 25.288
2026-09-20T14:50:09.3543509Z       },
2026-09-20T14:50:09.3543696Z       "omp.PostToolUse": {
2026-09-20T14:50:09.3543916Z         "count": 2,
2026-09-20T14:50:09.3544114Z         "max_ms": 25.103,
2026-09-20T14:50:09.3544327Z         "p50_ms": 22.578,
2026-09-20T14:50:09.3544542Z         "p95_ms": 25.103,
2026-09-20T14:50:09.3544767Z         "p99_ms": 25.103
2026-09-20T14:50:09.3544979Z       },
2026-09-20T14:50:09.3545169Z       "omp.PreToolUse": {
2026-09-20T14:50:09.3545388Z         "count": 2,
2026-09-20T14:50:09.3545596Z         "max_ms": 25.552,
2026-09-20T14:50:09.3545814Z         "p50_ms": 23.015,
2026-09-20T14:50:09.3546028Z         "p95_ms": 25.552,
2026-09-20T14:50:09.3546249Z         "p99_ms": 25.552
2026-09-20T14:50:09.3546455Z       },
2026-09-20T14:50:09.3546671Z       "openclaw.PreToolUse": {
2026-09-20T14:50:09.3546908Z         "count": 2,
2026-09-20T14:50:09.3547109Z         "max_ms": 30.58,
2026-09-20T14:50:09.3547324Z         "p50_ms": 25.564,
2026-09-20T14:50:09.3547534Z         "p95_ms": 30.58,
2026-09-20T14:50:09.3547749Z         "p99_ms": 30.58
2026-09-20T14:50:09.3547947Z       },
2026-09-20T14:50:09.3548159Z       "opencode.PreToolUse": {
2026-09-20T14:50:09.3548399Z         "count": 2,
2026-09-20T14:50:09.3548596Z         "max_ms": 36.027,
2026-09-20T14:50:09.3548814Z         "p50_ms": 28.027,
2026-09-20T14:50:09.3549248Z         "p95_ms": 36.027,
2026-09-20T14:50:09.3549602Z         "p99_ms": 36.027
2026-09-20T14:50:09.3550011Z       },
2026-09-20T14:50:09.3564999Z       "pi.PostToolUse": {
2026-09-20T14:50:09.3565442Z         "count": 2,
2026-09-20T14:50:09.3565851Z         "max_ms": 40.203,
2026-09-20T14:50:09.3566256Z         "p50_ms": 30.713,
2026-09-20T14:50:09.3566657Z         "p95_ms": 40.203,
2026-09-20T14:50:09.3567058Z         "p99_ms": 40.203
2026-09-20T14:50:09.3567441Z       },
2026-09-20T14:50:09.3567808Z       "pi.PreToolUse": {
2026-09-20T14:50:09.3568225Z         "count": 2,
2026-09-20T14:50:09.3568457Z         "max_ms": 27.679,
2026-09-20T14:50:09.3568684Z         "p50_ms": 26.755,
2026-09-20T14:50:09.3568905Z         "p95_ms": 27.679,
2026-09-20T14:50:09.3569445Z         "p99_ms": 27.679
2026-09-20T14:50:09.3569669Z       },
2026-09-20T14:50:09.3569875Z       "zcode.PreToolUse": {
2026-09-20T14:50:09.3570106Z         "count": 2,
2026-09-20T14:50:09.3570495Z         "max_ms": 31.041,
2026-09-20T14:50:09.3570740Z         "p50_ms": 28.278,
2026-09-20T14:50:09.3570963Z         "p95_ms": 31.041,
2026-09-20T14:50:09.3571180Z         "p99_ms": 31.041
2026-09-20T14:50:09.3571393Z       }
2026-09-20T14:50:09.3571576Z     }
2026-09-20T14:50:09.3571873Z   },
2026-09-20T14:50:09.3572059Z   "passed": true,
2026-09-20T14:50:09.3572319Z   "python_semantic_decisions": 0,
2026-09-20T14:50:09.3572614Z   "qualification_complete": false,
2026-09-20T14:50:09.3572879Z   "reference_review": {
2026-09-20T14:50:09.3573146Z     "full_review_qualified": true,
2026-09-20T14:50:09.3573416Z     "missing_scopes": [],
2026-09-20T14:50:09.3573683Z     "platform_denial_cases": [],
2026-09-20T14:50:09.3573994Z     "platform_denial_timing_eligible": false
2026-09-20T14:50:09.3574265Z   },
2026-09-20T14:50:09.3574446Z   "routes": {
2026-09-20T14:50:09.3574653Z     "engine_bypassed": 31,
2026-09-20T14:50:09.3574894Z     "native_resident": 115
2026-09-20T14:50:09.3575113Z   },
2026-09-20T14:50:09.3575297Z   "runtime": {
2026-09-20T14:50:09.3575512Z     "architecture": "x86_64",
2026-09-20T14:50:09.3575838Z     "build_sha": "753850955c33eb15f992d1fe7ca375dd26c3a070",
2026-09-20T14:50:09.3576404Z     "installed_package_sha256": "802bee7309f8cb2bdd9337b1ea7086d543876e46303552c30523546016b4669a",
2026-09-20T14:50:09.3576874Z     "mode": "auto",
2026-09-20T14:50:09.3577121Z     "package_origin": "installed",
2026-09-20T14:50:09.3577610Z     "package_record_sha256": "a1ad6c8956a0343badc001cf454c5cd2e5486bed77859f74c1da7e1c15eb4c85",
2026-09-20T14:50:09.3578107Z     "package_version": "3.0.1",
2026-09-20T14:50:09.3578365Z     "protocol_version": 1,
2026-09-20T14:50:09.3578623Z     "python_version": "3.12.14",
2026-09-20T14:50:09.3579347Z     "rule_digest": "e9d2024f94d91cb5ae1a9d8e8c60a398f24bf1af7767c578e1997f33cc98a32a",
2026-09-20T14:50:09.3580030Z     "runtime_sha256": "25d1c00121099918fe4a7c831fb4e6142d38a461f35d2ecfa85b368f98e3657e",
2026-09-20T14:50:09.3580477Z     "runtime_version": "3.0.1",
2026-09-20T14:50:09.3580733Z     "system": "Linux",
2026-09-20T14:50:09.3580957Z     "target": "x86_64-linux"
2026-09-20T14:50:09.3581180Z   },
2026-09-20T14:50:09.3581447Z   "schema": "hol-guard.native-installed-slo.v1",
2026-09-20T14:50:09.3581828Z   "scope": "daemon_ingress_and_registered_launcher",
2026-09-20T14:50:09.3582134Z   "thresholds": {
2026-09-20T14:50:09.3582376Z     "direct_cold_p95_ms": 150.0,
2026-09-20T14:50:09.3582684Z     "installed_adapter_concurrent_p99_ms": 1000.0,
2026-09-20T14:50:09.3583015Z     "installed_adapter_p95_ms": 1000.0,
2026-09-20T14:50:09.3583286Z     "readiness_p95_ms": 400.0
2026-09-20T14:50:09.3583520Z   },
2026-09-20T14:50:09.3583710Z   "timing_boundaries": {
2026-09-20T14:50:09.3584026Z     "DAEMON_INGRESS": "normalized_http_to_harness_decision",
2026-09-20T14:50:09.3584399Z     "INSTALLED_LAUNCHER": "registered_argv",
2026-09-20T14:50:09.3584683Z     "KERNEL": "not_measured",
2026-09-20T14:50:09.3584959Z     "NATIVE_CLIENT": "cold_native_process"
2026-09-20T14:50:09.3585221Z   }
2026-09-20T14:50:09.3585404Z }
2026-09-20T14:50:09.5160678Z ##[group]Run unset HOL_GUARD_NATIVE HOL_GUARD_NATIVE_BINARY HOL_GUARD_HOOK_FAST_PATH
2026-09-20T14:50:09.5161321Z [36;1munset HOL_GUARD_NATIVE HOL_GUARD_NATIVE_BINARY HOL_GUARD_HOOK_FAST_PATH[0m
2026-09-20T14:50:09.5161924Z [36;1munset HOL_GUARD_NATIVE_MODE HOL_GUARD_NATIVE_ORACLE HOL_GUARD_NATIVE_DIAGNOSTIC[0m
2026-09-20T14:50:09.5162506Z [36;1munset HOL_GUARD_HOOK_FAST_PATH_SHADOW HOL_GUARD_HOOK_SOURCE_REF HOL_GUARD_HOOK_BINARY[0m
2026-09-20T14:50:09.5163145Z [36;1munset HOL_GUARD_FAST_PATH HOL_GUARD_BINARY HOL_GUARD_ORACLE HOL_GUARD_DIAGNOSTIC HOL_GUARD_TEST_MODE[0m
2026-09-20T14:50:09.5163751Z [36;1munset HOL_GUARD_TEST_KEYRING_FILE HOL_GUARD_TEST_SYNC_AUTH_CONTEXT_JSON[0m
2026-09-20T14:50:09.5164171Z [36;1munset HOL_GUARD_RUN_SYSTEM_KEYCHAIN_TEST[0m
2026-09-20T14:50:09.5164672Z [36;1munset GUARD_NATIVE GUARD_NATIVE_BINARY GUARD_NATIVE_MODE GUARD_NATIVE_ORACLE GUARD_NATIVE_DIAGNOSTIC[0m
2026-09-20T14:50:09.5165367Z [36;1munset GUARD_HOOK_FAST_PATH GUARD_HOOK_FAST_PATH_SHADOW GUARD_HOOK_SOURCE_REF GUARD_HOOK_BINARY[0m
2026-09-20T14:50:09.5165972Z [36;1munset GUARD_FAST_PATH GUARD_BINARY GUARD_ORACLE GUARD_DIAGNOSTIC GUARD_TEST_MODE[0m
2026-09-20T14:50:09.5166574Z [36;1munset GUARD_TEST_KEYRING_FILE GUARD_TEST_SYNC_AUTH_CONTEXT_JSON GUARD_PYTEST_DURATION_OUTPUT[0m
2026-09-20T14:50:09.5167332Z [36;1munset PYTEST_CURRENT_TEST PYTEST_ADDOPTS PYTEST_PLUGINS PYTHONPATH[0m
2026-09-20T14:50:09.5167779Z [36;1m.venv/bin/python scripts/stress_guard_daemon.py \[0m
2026-09-20T14:50:09.5168108Z [36;1m  --requests 100000 \[0m
2026-09-20T14:50:09.5168362Z [36;1m  --receipts 250000 \[0m
2026-09-20T14:50:09.5168614Z [36;1m  --settle-seconds 0 \[0m
2026-09-20T14:50:09.5168865Z [36;1m  --enforce-soak \[0m
2026-09-20T14:50:09.5169452Z [36;1m  --json native-soak.json[0m
2026-09-20T14:50:09.5169868Z [36;1mVERSION=$(uv run --no-sync python scripts/sync_repo_version.py --check)[0m
2026-09-20T14:50:09.5170387Z [36;1mcp "pure-dist/hol_guard-${VERSION}-py3-none-any.whl" native-dist/[0m
2026-09-20T14:50:09.5170833Z [36;1mSOURCE_SHA="${GITHUB_SHA:?missing GitHub source SHA}"[0m
2026-09-20T14:50:09.5171300Z [36;1mruntime="rust/target/x86_64-unknown-linux-musl/release/hol-guard-runtime"[0m
2026-09-20T14:50:09.5171999Z [36;1mRULE_DIGEST=$("$runtime" capabilities --json | python -c 'import json,sys; print(json.load(sys.stdin)["rule_digest"])')[0m
2026-09-20T14:50:09.5172669Z [36;1muv run --no-sync python scripts/ci/validate_release_artifacts.py \[0m
2026-09-20T14:50:09.5173057Z [36;1m  --dist-dir native-dist \[0m
2026-09-20T14:50:09.5173321Z [36;1m  --version "$VERSION" \[0m
2026-09-20T14:50:09.5173581Z [36;1m  --source-sha "$SOURCE_SHA" \[0m
2026-09-20T14:50:09.5173862Z [36;1m  --rule-digest "$RULE_DIGEST" \[0m
2026-09-20T14:50:09.5174150Z [36;1m  --platform manylinux_2_17_x86_64 \[0m
2026-09-20T14:50:09.5174504Z [36;1m  --windows-waiver "validated by the platform matrix" \[0m
2026-09-20T14:50:09.5174885Z [36;1m  --output native-artifact-evidence.json[0m
2026-09-20T14:50:09.5210824Z shell: /usr/bin/bash -e {0}
2026-09-20T14:50:09.5211074Z env:
2026-09-20T14:50:09.5211340Z   pythonLocation: /opt/hostedtoolcache/Python/3.12.14/x64
2026-09-20T14:50:09.5211784Z   PKG_CONFIG_PATH: /opt/hostedtoolcache/Python/3.12.14/x64/lib/pkgconfig
2026-09-20T14:50:09.5212234Z   Python_ROOT_DIR: /opt/hostedtoolcache/Python/3.12.14/x64
2026-09-20T14:50:09.5212617Z   Python2_ROOT_DIR: /opt/hostedtoolcache/Python/3.12.14/x64
2026-09-20T14:50:09.5213002Z   Python3_ROOT_DIR: /opt/hostedtoolcache/Python/3.12.14/x64
2026-09-20T14:50:09.5213390Z   LD_LIBRARY_PATH: /opt/hostedtoolcache/Python/3.12.14/x64/lib
2026-09-20T14:50:09.5213778Z   UV_PYTHON_INSTALL_DIR: /home/runner/work/_temp/uv-python-dir
2026-09-20T14:50:09.5214139Z   UV_CACHE_DIR: /home/runner/work/_temp/setup-uv-cache
2026-09-20T14:50:09.5214436Z ##[endgroup]
2026-09-20T15:21:17.3683888Z {"daemon_process_count": 1, "database_bytes": 178962432, "errors": 0, "health_checks": 21019, "health_failures": 0, "lifecycle_events": ["start_requested", "ready", "stopped"], "max_file_descriptors": 203, "max_hook_latency_ms": 4500.0, "max_ms": 598.77, "max_threads": 71, "p95_ms": 534.43, "passed": true, "pid_stable": true, "receipts": 250000, "requests": 100000, "responses": 100000, "rss_baseline_bytes": 617598976, "rss_growth": 0.033154, "rss_peak_bytes": 638074880, "soak_passed": true, "transient_health_failures": 0}
2026-09-20T15:21:17.6818677Z {
2026-09-20T15:21:17.6819617Z   "artifacts": [
2026-09-20T15:21:17.6820055Z     {
2026-09-20T15:21:17.6820611Z       "name": "hol_guard-3.0.1-py3-none-any.whl",
2026-09-20T15:21:17.6821241Z       "role": "python-wheel",
2026-09-20T15:21:17.6822083Z       "sha256": "27442a3ef1f1faf13968f7a26d90a913060304da7158d0276dad7086ac74a90a",
2026-09-20T15:21:17.6822760Z       "size": 5178811
2026-09-20T15:21:17.6823031Z     },
2026-09-20T15:21:17.6823252Z     {
2026-09-20T15:21:17.6823649Z       "name": "hol_guard-3.0.1-py3-none-manylinux_2_17_x86_64.whl",
2026-09-20T15:21:17.6824163Z       "platform": "manylinux_2_17_x86_64",
2026-09-20T15:21:17.6824517Z       "role": "native-wheel",
2026-09-20T15:21:17.6825055Z       "sha256": "c339b15ef4a2277c03c4b26c1a92fe70e6e730d92fa629be335cea4e1f8f6134",
2026-09-20T15:21:17.6825554Z       "size": 8917001,
2026-09-20T15:21:17.6826182Z       "target": "x86_64-unknown-linux-musl"
2026-09-20T15:21:17.6826516Z     }
2026-09-20T15:21:17.6826728Z   ],
2026-09-20T15:21:17.6826966Z   "package_version": "3.0.1",
2026-09-20T15:21:17.6827268Z   "platforms": [
2026-09-20T15:21:17.6827526Z     "manylinux_2_17_x86_64"
2026-09-20T15:21:17.6827792Z   ],
2026-09-20T15:21:17.6828276Z   "rule_digest": "e9d2024f94d91cb5ae1a9d8e8c60a398f24bf1af7767c578e1997f33cc98a32a",
2026-09-20T15:21:17.6828886Z   "schema": "hol-guard-release-artifact-evidence.v1",
2026-09-20T15:21:17.6829538Z   "source_sha": "753850955c33eb15f992d1fe7ca375dd26c3a070",
2026-09-20T15:21:17.6829983Z   "windows_waiver": "validated by the platform matrix"
2026-09-20T15:21:17.6830316Z }
2026-09-20T15:21:17.6973083Z ##[group]Run actions/upload-artifact@043fb46d1a93c77aae656e7c1c64a875d1fc6a0a
2026-09-20T15:21:17.6973511Z with:
2026-09-20T15:21:17.6973734Z   name: hol-guard-native-wheel-linux-x64
2026-09-20T15:21:17.6974764Z   path: native-dist/*.whl
native-default-auto.json
native-default-auto-failure.json
native-installed-identity.json
installed-pi-output.json
native-installed-slo.json
native-soak.json
native-artifact-evidence.json
native-stop-diagnostic.json

2026-09-20T15:21:17.6975809Z   if-no-files-found: warn
2026-09-20T15:21:17.6976043Z   compression-level: 6
2026-09-20T15:21:17.6976257Z   overwrite: false
2026-09-20T15:21:17.6976470Z   include-hidden-files: false
2026-09-20T15:21:17.6976708Z   archive: true
2026-09-20T15:21:17.6976894Z env:
2026-09-20T15:21:17.6977138Z   pythonLocation: /opt/hostedtoolcache/Python/3.12.14/x64
2026-09-20T15:21:17.6977557Z   PKG_CONFIG_PATH: /opt/hostedtoolcache/Python/3.12.14/x64/lib/pkgconfig
2026-09-20T15:21:17.6978000Z   Python_ROOT_DIR: /opt/hostedtoolcache/Python/3.12.14/x64
2026-09-20T15:21:17.6978373Z   Python2_ROOT_DIR: /opt/hostedtoolcache/Python/3.12.14/x64
2026-09-20T15:21:17.6978753Z   Python3_ROOT_DIR: /opt/hostedtoolcache/Python/3.12.14/x64
2026-09-20T15:21:17.6979442Z   LD_LIBRARY_PATH: /opt/hostedtoolcache/Python/3.12.14/x64/lib
2026-09-20T15:21:17.6979849Z   UV_PYTHON_INSTALL_DIR: /home/runner/work/_temp/uv-python-dir
2026-09-20T15:21:17.6980220Z   UV_CACHE_DIR: /home/runner/work/_temp/setup-uv-cache
2026-09-20T15:21:17.6980514Z ##[endgroup]
2026-09-20T15:21:17.8429807Z Multiple search paths detected. Calculating the least common ancestor of all paths
2026-09-20T15:21:17.8434702Z The least common ancestor is /home/runner/work/hol-guard/hol-guard. This will be the root directory of the artifact
2026-09-20T15:21:17.8436100Z With the provided path, there will be 9 files uploaded
2026-09-20T15:21:17.8437396Z Artifact name is valid!
2026-09-20T15:21:17.8438370Z Root directory input is valid!
2026-09-20T15:21:18.1968332Z Uploading artifact: hol-guard-native-wheel-linux-x64.zip
2026-09-20T15:21:18.2011677Z Beginning upload of artifact content to blob storage
2026-09-20T15:21:19.1339842Z Uploaded bytes 8388608
2026-09-20T15:21:19.2799959Z Uploaded bytes 13696076
2026-09-20T15:21:19.3332750Z Finished uploading artifact content to blob storage!
2026-09-20T15:21:19.3334120Z SHA256 digest of uploaded artifact is 275dc27e48cfc257b2b750d5fce085e376218a6822bdd18e41cc140faa474571
2026-09-20T15:21:19.3335488Z Finalizing artifact upload
2026-09-20T15:21:19.6735691Z Artifact hol-guard-native-wheel-linux-x64 successfully finalized. Artifact ID 10607997348
2026-09-20T15:21:19.6737166Z Artifact hol-guard-native-wheel-linux-x64 has been successfully uploaded! Final size is 13696076 bytes. Artifact ID is 10607997348
2026-09-20T15:21:19.6740133Z Artifact download URL: https://github.com/hashgraph-online/hol-guard/actions/runs/35517566371/artifacts/10607997348
2026-09-20T15:21:19.6939971Z Post job cleanup.
2026-09-20T15:21:19.8085304Z UV_CACHE_DIR is already set to /home/runner/work/_temp/setup-uv-cache
2026-09-20T15:21:19.8091663Z UV_PYTHON_INSTALL_DIR is already set to /home/runner/work/_temp/uv-python-dir
2026-09-20T15:21:19.8094678Z Cache hit occurred on key setup-uv-2-x86_64-unknown-linux-gnu-ubuntu-24.04-3.12.14-pruned-2fd4fd0497fe10b3d0724b3304328ca0fafb8ccb7165bb292e9228222dda9a9d, not saving cache.
2026-09-20T15:21:19.9261938Z Post job cleanup.
2026-09-20T15:21:20.0564831Z Node 20 is being deprecated. This workflow is running with Node 24 by default. If you need to temporarily use Node 20, you can set the ACTIONS_ALLOW_USE_UNSECURE_NODE_VERSION=true environment variable. For more information see: https://github.blog/changelog/2025-09-19-deprecation-of-node-20-on-github-actions-runners/
2026-09-20T15:21:20.0566071Z Post job cleanup.
2026-09-20T15:21:20.1789868Z (node:29213) [DEP0040] DeprecationWarning: The `punycode` module is deprecated. Please use a userland alternative instead.
2026-09-20T15:21:20.1791261Z (Use `node --trace-deprecation ...` to show where the warning was created)
2026-09-20T15:21:20.1967427Z Post job cleanup.
2026-09-20T15:21:20.2807852Z [command]/usr/bin/git version
2026-09-20T15:21:20.2844647Z git version 2.55.0
2026-09-20T15:21:20.2883647Z Temporarily overriding HOME='/home/runner/work/_temp/2d56aba2-69d5-43b8-a6b4-7c4e2fa4982f' before making global git config changes
2026-09-20T15:21:20.2885117Z Adding repository directory to the temporary git global config as a safe directory
2026-09-20T15:21:20.2889434Z [command]/usr/bin/git config --global --add safe.directory /home/runner/work/hol-guard/hol-guard
2026-09-20T15:21:20.2918889Z Removing SSH command configuration
2026-09-20T15:21:20.2926305Z [command]/usr/bin/git config --local --name-only --get-regexp core\.sshCommand
2026-09-20T15:21:20.2960612Z [command]/usr/bin/git submodule foreach --recursive sh -c "git config --local --name-only --get-regexp 'core\.sshCommand' && git config --local --unset-all 'core.sshCommand' || :"
2026-09-20T15:21:20.3184294Z Removing HTTP extra header
2026-09-20T15:21:20.3189658Z [command]/usr/bin/git config --local --name-only --get-regexp http\.https\:\/\/github\.com\/\.extraheader
2026-09-20T15:21:20.3221045Z [command]/usr/bin/git submodule foreach --recursive sh -c "git config --local --name-only --get-regexp 'http\.https\:\/\/github\.com\/\.extraheader' && git config --local --unset-all 'http.https://github.com/.extraheader' || :"
2026-09-20T15:21:20.3438495Z Removing includeIf entries pointing to credentials config files
2026-09-20T15:21:20.3445378Z [command]/usr/bin/git config --local --name-only --get-regexp ^includeIf\.gitdir:
2026-09-20T15:21:20.3477229Z [command]/usr/bin/git submodule foreach --recursive git config --local --show-origin --name-only --get-regexp remote.origin.url
2026-09-20T15:21:20.3830990Z Evaluate and set job outputs
2026-09-20T15:21:20.3835941Z Set output 'rule_digest'
2026-09-20T15:21:20.3837810Z Cleaning up orphan processes
2026-09-20T15:21:20.4151014Z ##[warning]Node.js 20 is deprecated. The following actions target Node.js 20 but are being forced to run on Node.js 24: actions/setup-node@49933ea5288caeca8642d1e84afbd3f7d6820020. For more information see: https://github.blog/changelog/2025-09-19-deprecation-of-node-20-on-github-actions-runners/
