2026-09-20T22:23:46.0747975Z Current runner version: '2.337.0'
2026-09-20T22:23:46.0768784Z ##[group]Runner Image Provisioner
2026-09-20T22:23:46.0769448Z Hosted Compute Agent
2026-09-20T22:23:46.0769894Z Version: 20260828.587
2026-09-20T22:23:46.0770361Z Commit: abac92662cab4cc7352de4f9f9d2e2419aad9c29
2026-09-20T22:23:46.0771139Z Build Date: 2026-08-28T16:44:25Z
2026-09-20T22:23:46.0771649Z Worker ID: {354f4639-f6ed-4467-b5a2-3bd74ac08558}
2026-09-20T22:23:46.0772163Z Azure Region: westus
2026-09-20T22:23:46.0772666Z ##[endgroup]
2026-09-20T22:23:46.0773789Z ##[group]Operating System
2026-09-20T22:23:46.0774294Z Microsoft Windows Server 2025
2026-09-20T22:23:46.0774744Z 10.0.26100
2026-09-20T22:23:46.0775118Z Datacenter
2026-09-20T22:23:46.0775528Z ##[endgroup]
2026-09-20T22:23:46.0775930Z ##[group]Runner Image
2026-09-20T22:23:46.0776394Z Image: windows-2025-vs2026
2026-09-20T22:23:46.0776876Z Version: 20260907.229.1
2026-09-20T22:23:46.0778043Z Included Software: https://github.com/actions/runner-images/blob/win25-vs2026/20260907.229/images/windows/Windows2025-VS2026-Readme.md
2026-09-20T22:23:46.0779297Z Image Release: https://github.com/actions/runner-images/releases/tag/win25-vs2026%2F20260907.229
2026-09-20T22:23:46.0780069Z ##[endgroup]
2026-09-20T22:23:46.0780966Z ##[group]GITHUB_TOKEN Permissions
2026-09-20T22:23:46.0782521Z Contents: read
2026-09-20T22:23:46.0783316Z Metadata: read
2026-09-20T22:23:46.0783750Z ##[endgroup]
2026-09-20T22:23:46.0785458Z Secret source: Actions
2026-09-20T22:23:46.0786119Z Cache mode: write
2026-09-20T22:23:46.0786649Z Prepare workflow directory
2026-09-20T22:23:46.1047768Z Prepare all required actions
2026-09-20T22:23:46.1087680Z Getting action download info
2026-09-20T22:23:46.4487650Z Download action repository 'actions/checkout@df4cb1c069e1874edd31b4311f1884172cec0e10' (SHA:df4cb1c069e1874edd31b4311f1884172cec0e10)
2026-09-20T22:23:46.5502435Z Download action repository 'actions/setup-python@a309ff8b426b58ec0e2a45f0f869d46889d02405' (SHA:a309ff8b426b58ec0e2a45f0f869d46889d02405)
2026-09-20T22:23:46.6630384Z Download action repository 'astral-sh/setup-uv@fac544c07dec837d0ccb6301d7b5580bf5edae39' (SHA:fac544c07dec837d0ccb6301d7b5580bf5edae39)
2026-09-20T22:23:47.1391943Z Complete job name: windows-resident
2026-09-20T22:23:47.2506496Z ##[group]Run actions/checkout@df4cb1c069e1874edd31b4311f1884172cec0e10
2026-09-20T22:23:47.2507621Z with:
2026-09-20T22:23:47.2507939Z   persist-credentials: false
2026-09-20T22:23:47.2508341Z   repository: hashgraph-online/hol-guard
2026-09-20T22:23:47.2511695Z   token: ***
2026-09-20T22:23:47.2511999Z   ssh-strict: true
2026-09-20T22:23:47.2512303Z   ssh-user: git
2026-09-20T22:23:47.2512598Z   clean: true
2026-09-20T22:23:47.2512912Z   sparse-checkout-cone-mode: true
2026-09-20T22:23:47.2513285Z   fetch-depth: 1
2026-09-20T22:23:47.2513590Z   fetch-tags: false
2026-09-20T22:23:47.2513894Z   show-progress: true
2026-09-20T22:23:47.2514205Z   lfs: false
2026-09-20T22:23:47.2514487Z   submodules: false
2026-09-20T22:23:47.2514831Z   set-safe-directory: true
2026-09-20T22:23:47.2515326Z ##[endgroup]
2026-09-20T22:23:47.3662313Z Syncing repository: hashgraph-online/hol-guard
2026-09-20T22:23:47.3663674Z ##[group]Getting Git version info
2026-09-20T22:23:47.3664223Z Working directory is 'D:\a\hol-guard\hol-guard'
2026-09-20T22:23:47.4216419Z [command]"C:\Program Files\Git\bin\git.exe" version
2026-09-20T22:23:47.7483009Z git version 2.55.0.windows.5
2026-09-20T22:23:47.7520840Z ##[endgroup]
2026-09-20T22:23:47.7535984Z Temporarily overriding HOME='D:\a\_temp\652f8a8e-b8f0-4b8a-a9a4-46c1168a10d8' before making global git config changes
2026-09-20T22:23:47.7537371Z Adding repository directory to the temporary git global config as a safe directory
2026-09-20T22:23:47.7544740Z [command]"C:\Program Files\Git\bin\git.exe" config --global --add safe.directory D:\a\hol-guard\hol-guard
2026-09-20T22:23:47.8104138Z Deleting the contents of 'D:\a\hol-guard\hol-guard'
2026-09-20T22:23:47.8109180Z ##[group]Determining repository object format
2026-09-20T22:23:47.8113106Z ##[endgroup]
2026-09-20T22:23:47.8114108Z ##[group]Initializing the repository
2026-09-20T22:23:47.8118268Z [command]"C:\Program Files\Git\bin\git.exe" init D:\a\hol-guard\hol-guard
2026-09-20T22:23:47.9067795Z Initialized empty Git repository in D:/a/hol-guard/hol-guard/.git/
2026-09-20T22:23:47.9105052Z [command]"C:\Program Files\Git\bin\git.exe" remote add origin https://github.com/hashgraph-online/hol-guard
2026-09-20T22:23:47.9624010Z ##[endgroup]
2026-09-20T22:23:47.9625250Z ##[group]Disabling automatic garbage collection
2026-09-20T22:23:47.9630770Z [command]"C:\Program Files\Git\bin\git.exe" config --local gc.auto 0
2026-09-20T22:23:47.9852784Z ##[endgroup]
2026-09-20T22:23:47.9854071Z ##[group]Setting up auth
2026-09-20T22:23:47.9855015Z Removing SSH command configuration
2026-09-20T22:23:47.9861887Z [command]"C:\Program Files\Git\bin\git.exe" config --local --name-only --get-regexp core\.sshCommand
2026-09-20T22:23:48.0085537Z [command]"C:\Program Files\Git\bin\git.exe" submodule foreach --recursive "sh -c \"git config --local --name-only --get-regexp 'core\.sshCommand' && git config --local --unset-all 'core.sshCommand' || :\""
2026-09-20T22:23:49.2043329Z Removing HTTP extra header
2026-09-20T22:23:49.2051834Z [command]"C:\Program Files\Git\bin\git.exe" config --local --name-only --get-regexp http\.https\:\/\/github\.com\/\.extraheader
2026-09-20T22:23:49.2279350Z [command]"C:\Program Files\Git\bin\git.exe" submodule foreach --recursive "sh -c \"git config --local --name-only --get-regexp 'http\.https\:\/\/github\.com\/\.extraheader' && git config --local --unset-all 'http.https://github.com/.extraheader' || :\""
2026-09-20T22:23:49.6224262Z Removing includeIf entries pointing to credentials config files
2026-09-20T22:23:49.6224966Z [command]"C:\Program Files\Git\bin\git.exe" config --local --name-only --get-regexp ^includeIf\.gitdir:
2026-09-20T22:23:49.6469516Z [command]"C:\Program Files\Git\bin\git.exe" submodule foreach --recursive "git config --local --show-origin --name-only --get-regexp remote.origin.url"
2026-09-20T22:23:50.0675790Z [command]"C:\Program Files\Git\bin\git.exe" config --file D:\a\_temp\git-credentials-4e35795d-7c29-4c0c-b292-0350987caef6.config http.https://github.com/.extraheader "AUTHORIZATION: basic ***"
2026-09-20T22:23:50.0917762Z [command]"C:\Program Files\Git\bin\git.exe" config --local includeIf.gitdir:D:/a/hol-guard/hol-guard/.git.path D:\a\_temp\git-credentials-4e35795d-7c29-4c0c-b292-0350987caef6.config
2026-09-20T22:23:50.1143461Z [command]"C:\Program Files\Git\bin\git.exe" config --local includeIf.gitdir:D:/a/hol-guard/hol-guard/.git/worktrees/*.path D:\a\_temp\git-credentials-4e35795d-7c29-4c0c-b292-0350987caef6.config
2026-09-20T22:23:50.1417410Z [command]"C:\Program Files\Git\bin\git.exe" config --local includeIf.gitdir:/github/workspace/.git.path /github/runner_temp/git-credentials-4e35795d-7c29-4c0c-b292-0350987caef6.config
2026-09-20T22:23:50.1641558Z [command]"C:\Program Files\Git\bin\git.exe" config --local includeIf.gitdir:/github/workspace/.git/worktrees/*.path /github/runner_temp/git-credentials-4e35795d-7c29-4c0c-b292-0350987caef6.config
2026-09-20T22:23:50.1861730Z ##[endgroup]
2026-09-20T22:23:50.1862152Z ##[group]Fetching the repository
2026-09-20T22:23:50.1871713Z [command]"C:\Program Files\Git\bin\git.exe" -c protocol.version=2 fetch --no-tags --prune --no-recurse-submodules --depth=1 origin +ef40a5833b75109593755ca3a4e74f9b2a193caa:refs/remotes/pull/2974/merge
2026-09-20T22:23:51.5960198Z From https://github.com/hashgraph-online/hol-guard
2026-09-20T22:23:51.5961318Z  * [new ref]         ef40a5833b75109593755ca3a4e74f9b2a193caa -> pull/2974/merge
2026-09-20T22:23:51.6000251Z ##[endgroup]
2026-09-20T22:23:51.6000741Z ##[group]Determining the checkout info
2026-09-20T22:23:51.6001643Z ##[endgroup]
2026-09-20T22:23:51.6009741Z [command]"C:\Program Files\Git\bin\git.exe" sparse-checkout disable
2026-09-20T22:23:51.6473933Z [command]"C:\Program Files\Git\bin\git.exe" config --local --unset-all extensions.worktreeConfig
2026-09-20T22:23:51.6698542Z ##[group]Checking out the ref
2026-09-20T22:23:51.6705668Z [command]"C:\Program Files\Git\bin\git.exe" checkout --progress --force refs/remotes/pull/2974/merge
2026-09-20T22:23:52.7238467Z Updating files:  86% (4131/4802)
2026-09-20T22:23:52.7350130Z Updating files:  87% (4178/4802)
2026-09-20T22:23:52.7458937Z Updating files:  88% (4226/4802)
2026-09-20T22:23:52.7567753Z Updating files:  89% (4274/4802)
2026-09-20T22:23:52.7679017Z Updating files:  90% (4322/4802)
2026-09-20T22:23:52.7786988Z Updating files:  91% (4370/4802)
2026-09-20T22:23:52.7890219Z Updating files:  92% (4418/4802)
2026-09-20T22:23:52.7993129Z Updating files:  93% (4466/4802)
2026-09-20T22:23:52.8099136Z Updating files:  94% (4514/4802)
2026-09-20T22:23:52.8201918Z Updating files:  95% (4562/4802)
2026-09-20T22:23:52.8301539Z Updating files:  96% (4610/4802)
2026-09-20T22:23:52.8404401Z Updating files:  97% (4658/4802)
2026-09-20T22:23:52.8500462Z Updating files:  98% (4706/4802)
2026-09-20T22:23:52.8636886Z Updating files:  99% (4754/4802)
2026-09-20T22:23:52.8639569Z Updating files: 100% (4802/4802)
2026-09-20T22:23:52.8639906Z Updating files: 100% (4802/4802), done.
2026-09-20T22:23:52.8760128Z Note: switching to 'refs/remotes/pull/2974/merge'.
2026-09-20T22:23:52.8760447Z 
2026-09-20T22:23:52.8760720Z You are in 'detached HEAD' state. You can look around, make experimental
2026-09-20T22:23:52.8761282Z changes and commit them, and you can discard any commits you make in this
2026-09-20T22:23:52.8763252Z state without impacting any branches by switching back to a branch.
2026-09-20T22:23:52.8763546Z 
2026-09-20T22:23:52.8763712Z If you want to create a new branch to retain commits you create, you may
2026-09-20T22:23:52.8764121Z do so (now or later) by using -c with the switch command. Example:
2026-09-20T22:23:52.8764319Z 
2026-09-20T22:23:52.8764444Z   git switch -c <new-branch-name>
2026-09-20T22:23:52.8764582Z 
2026-09-20T22:23:52.8764669Z Or undo this operation with:
2026-09-20T22:23:52.8764827Z 
2026-09-20T22:23:52.8764897Z   git switch -
2026-09-20T22:23:52.8765031Z 
2026-09-20T22:23:52.8765189Z Turn off this advice by setting config variable advice.detachedHead to false
2026-09-20T22:23:52.8766269Z 
2026-09-20T22:23:52.8766559Z HEAD is now at ef40a58 Merge cbd9399e39adc4fe338bff468807656ebab3af13 into 4b89e0d2d496a85f04922b2e019a4aea15326bb9
2026-09-20T22:23:52.8880352Z ##[endgroup]
2026-09-20T22:23:52.9293906Z [command]"C:\Program Files\Git\bin\git.exe" log -1 --format=%H
2026-09-20T22:23:52.9509472Z ef40a5833b75109593755ca3a4e74f9b2a193caa
2026-09-20T22:23:52.9543495Z ##[group]Removing auth
2026-09-20T22:23:52.9543716Z Removing SSH command configuration
2026-09-20T22:23:52.9549529Z [command]"C:\Program Files\Git\bin\git.exe" config --local --name-only --get-regexp core\.sshCommand
2026-09-20T22:23:52.9783036Z [command]"C:\Program Files\Git\bin\git.exe" submodule foreach --recursive "sh -c \"git config --local --name-only --get-regexp 'core\.sshCommand' && git config --local --unset-all 'core.sshCommand' || :\""
2026-09-20T22:23:53.4498250Z Removing HTTP extra header
2026-09-20T22:23:53.4505735Z [command]"C:\Program Files\Git\bin\git.exe" config --local --name-only --get-regexp http\.https\:\/\/github\.com\/\.extraheader
2026-09-20T22:23:53.4739959Z [command]"C:\Program Files\Git\bin\git.exe" submodule foreach --recursive "sh -c \"git config --local --name-only --get-regexp 'http\.https\:\/\/github\.com\/\.extraheader' && git config --local --unset-all 'http.https://github.com/.extraheader' || :\""
2026-09-20T22:23:53.9278211Z Removing includeIf entries pointing to credentials config files
2026-09-20T22:23:53.9286171Z [command]"C:\Program Files\Git\bin\git.exe" config --local --name-only --get-regexp ^includeIf\.gitdir:
2026-09-20T22:23:53.9490107Z includeif.gitdir:D:/a/hol-guard/hol-guard/.git.path
2026-09-20T22:23:53.9490622Z includeif.gitdir:D:/a/hol-guard/hol-guard/.git/worktrees/*.path
2026-09-20T22:23:53.9491071Z includeif.gitdir:/github/workspace/.git.path
2026-09-20T22:23:53.9491812Z includeif.gitdir:/github/workspace/.git/worktrees/*.path
2026-09-20T22:23:53.9524127Z [command]"C:\Program Files\Git\bin\git.exe" config --local --get-all includeif.gitdir:D:/a/hol-guard/hol-guard/.git.path
2026-09-20T22:23:53.9719772Z D:\a\_temp\git-credentials-4e35795d-7c29-4c0c-b292-0350987caef6.config
2026-09-20T22:23:53.9752628Z [command]"C:\Program Files\Git\bin\git.exe" config --local --unset includeif.gitdir:D:/a/hol-guard/hol-guard/.git.path D:\a\_temp\git-credentials-4e35795d-7c29-4c0c-b292-0350987caef6.config
2026-09-20T22:23:53.9979605Z [command]"C:\Program Files\Git\bin\git.exe" config --local --get-all includeif.gitdir:D:/a/hol-guard/hol-guard/.git/worktrees/*.path
2026-09-20T22:23:54.0174052Z D:\a\_temp\git-credentials-4e35795d-7c29-4c0c-b292-0350987caef6.config
2026-09-20T22:23:54.0204981Z [command]"C:\Program Files\Git\bin\git.exe" config --local --unset includeif.gitdir:D:/a/hol-guard/hol-guard/.git/worktrees/*.path D:\a\_temp\git-credentials-4e35795d-7c29-4c0c-b292-0350987caef6.config
2026-09-20T22:23:54.0435107Z [command]"C:\Program Files\Git\bin\git.exe" config --local --get-all includeif.gitdir:/github/workspace/.git.path
2026-09-20T22:23:54.0629661Z /github/runner_temp/git-credentials-4e35795d-7c29-4c0c-b292-0350987caef6.config
2026-09-20T22:23:54.0661390Z [command]"C:\Program Files\Git\bin\git.exe" config --local --unset includeif.gitdir:/github/workspace/.git.path /github/runner_temp/git-credentials-4e35795d-7c29-4c0c-b292-0350987caef6.config
2026-09-20T22:23:54.0891998Z [command]"C:\Program Files\Git\bin\git.exe" config --local --get-all includeif.gitdir:/github/workspace/.git/worktrees/*.path
2026-09-20T22:23:54.1087469Z /github/runner_temp/git-credentials-4e35795d-7c29-4c0c-b292-0350987caef6.config
2026-09-20T22:23:54.1118872Z [command]"C:\Program Files\Git\bin\git.exe" config --local --unset includeif.gitdir:/github/workspace/.git/worktrees/*.path /github/runner_temp/git-credentials-4e35795d-7c29-4c0c-b292-0350987caef6.config
2026-09-20T22:23:54.1347230Z [command]"C:\Program Files\Git\bin\git.exe" submodule foreach --recursive "git config --local --show-origin --name-only --get-regexp remote.origin.url"
2026-09-20T22:23:54.5420298Z Removing credentials config 'D:\a\_temp\git-credentials-4e35795d-7c29-4c0c-b292-0350987caef6.config'
2026-09-20T22:23:54.5429961Z ##[endgroup]
2026-09-20T22:23:54.5764058Z ##[group]Run actions/setup-python@a309ff8b426b58ec0e2a45f0f869d46889d02405
2026-09-20T22:23:54.5764415Z with:
2026-09-20T22:23:54.5764573Z   python-version: 3.12
2026-09-20T22:23:54.5764746Z   check-latest: false
2026-09-20T22:23:54.5766944Z   token: ***
2026-09-20T22:23:54.5767112Z   update-environment: true
2026-09-20T22:23:54.5767304Z   allow-prereleases: false
2026-09-20T22:23:54.5767466Z   freethreaded: false
2026-09-20T22:23:54.5767622Z ##[endgroup]
2026-09-20T22:23:54.7023374Z ##[group]Installed versions
2026-09-20T22:23:54.7281074Z Successfully set up CPython (3.12.10)
2026-09-20T22:23:54.7281568Z ##[endgroup]
2026-09-20T22:23:54.7560995Z ##[group]Run astral-sh/setup-uv@fac544c07dec837d0ccb6301d7b5580bf5edae39
2026-09-20T22:23:54.7561359Z with:
2026-09-20T22:23:54.7561504Z   version: 0.9.26
2026-09-20T22:23:54.7561658Z   enable-cache: true
2026-09-20T22:23:54.7561827Z   activate-environment: false
2026-09-20T22:23:54.7562013Z   no-project: false
2026-09-20T22:23:54.7562197Z   working-directory: D:\a\hol-guard\hol-guard
2026-09-20T22:23:54.7564513Z   github-token: ***
2026-09-20T22:23:54.7564952Z   cache-dependency-glob: **/*requirements*.txt
**/*requirements*.in
**/*constraints*.txt
**/*constraints*.in
**/pyproject.toml
**/uv.lock
**/*.py.lock

2026-09-20T22:23:54.7565416Z   restore-cache: true
2026-09-20T22:23:54.7565573Z   save-cache: true
2026-09-20T22:23:54.7565730Z   prune-cache: true
2026-09-20T22:23:54.7565876Z   cache-python: false
2026-09-20T22:23:54.7566039Z   ignore-nothing-to-cache: false
2026-09-20T22:23:54.7566232Z   ignore-empty-workdir: false
2026-09-20T22:23:54.7566647Z   download-from-astral-mirror: true
2026-09-20T22:23:54.7566844Z   add-problem-matchers: true
2026-09-20T22:23:54.7567020Z   quiet: false
2026-09-20T22:23:54.7567171Z   resolution-strategy: highest
2026-09-20T22:23:54.7567336Z env:
2026-09-20T22:23:54.7567532Z   pythonLocation: C:\hostedtoolcache\windows\Python\3.12.10\x64
2026-09-20T22:23:54.7567899Z   PKG_CONFIG_PATH: C:\hostedtoolcache\windows\Python\3.12.10\x64/lib/pkgconfig
2026-09-20T22:23:54.7568247Z   Python_ROOT_DIR: C:\hostedtoolcache\windows\Python\3.12.10\x64
2026-09-20T22:23:54.7568551Z   Python2_ROOT_DIR: C:\hostedtoolcache\windows\Python\3.12.10\x64
2026-09-20T22:23:54.7568843Z   Python3_ROOT_DIR: C:\hostedtoolcache\windows\Python\3.12.10\x64
2026-09-20T22:23:54.7569076Z ##[endgroup]
2026-09-20T22:23:54.9117841Z Fetching manifest data from https://raw.githubusercontent.com/astral-sh/versions/main/v1/uv.ndjson ...
2026-09-20T22:23:54.9650537Z Downloading uv from "https://releases.astral.sh/github/uv/releases/download/0.9.26/uv-x86_64-pc-windows-msvc.zip" ...
2026-09-20T22:23:55.5101319Z [command]C:\Windows\system32\tar.exe x -C D:\a\_temp\58ee23ec-2ecd-4cc6-b05c-f4e4c3d5ea7d -f D:\a\_temp\53bdb06b-be77-415f-85d6-9efc30f0d93a
2026-09-20T22:23:55.7266621Z Set UV_TOOL_BIN_DIR to D:\a\_temp\uv-tool-bin-dir
2026-09-20T22:23:55.7269839Z Added D:\a\_temp\uv-tool-bin-dir to the path
2026-09-20T22:23:55.7278861Z Added C:\hostedtoolcache\windows\uv\0.9.26\x86_64 to the path
2026-09-20T22:23:55.7281148Z Set UV_TOOL_DIR to D:\a\_temp\uv-tool-dir
2026-09-20T22:23:55.7284013Z Set UV_PYTHON_INSTALL_DIR to D:\a\_temp\uv-python-dir
2026-09-20T22:23:55.7286720Z Added D:\a\_temp\uv-python-dir to the path
2026-09-20T22:23:55.7297746Z Set UV_CACHE_DIR to D:\a\_temp\setup-uv-cache
2026-09-20T22:23:55.7298232Z Successfully installed uv version 0.9.26
2026-09-20T22:23:57.3174545Z Searching files using cache dependency glob: D:\a\hol-guard\hol-guard\**\*requirements*.txt,D:\a\hol-guard\hol-guard\**\*requirements*.in,D:\a\hol-guard\hol-guard\**\*constraints*.txt,D:\a\hol-guard\hol-guard\**\*constraints*.in,D:\a\hol-guard\hol-guard\**\pyproject.toml,D:\a\hol-guard\hol-guard\**\uv.lock,D:\a\hol-guard\hol-guard\**\*.py.lock
2026-09-20T22:23:57.3235462Z D:\a\hol-guard\hol-guard\.clusterfuzzlite\requirements-atheris.txt
2026-09-20T22:23:57.3466246Z D:\a\hol-guard\hol-guard\action\pypi-attestations-requirements.in
2026-09-20T22:23:57.3473785Z D:\a\hol-guard\hol-guard\action\pypi-attestations-requirements.txt
2026-09-20T22:23:57.3483557Z D:\a\hol-guard\hol-guard\action\scanner-cisco-runtime-requirements.txt
2026-09-20T22:23:57.3493088Z D:\a\hol-guard\hol-guard\action\scanner-runtime-requirements.txt
2026-09-20T22:23:57.4352793Z D:\a\hol-guard\hol-guard\distributions\mcpb\pyproject.toml
2026-09-20T22:23:57.4363707Z D:\a\hol-guard\hol-guard\docker-requirements.txt
2026-09-20T22:23:57.4663233Z D:\a\hol-guard\hol-guard\pyproject.toml
2026-09-20T22:23:57.4675687Z D:\a\hol-guard\hol-guard\requirements.txt
2026-09-20T22:23:57.9107766Z D:\a\hol-guard\hol-guard\uv.lock
2026-09-20T22:23:57.9132022Z Found 10 files to hash.
2026-09-20T22:23:57.9138099Z Trying to restore cache from GitHub Actions cache with key: setup-uv-2-x86_64-pc-windows-msvc-windows-2025-3.12.10-pruned-4e1957317505a9398522e711a4f2f26abf3d248d66da424c6be4d71602599970
2026-09-20T22:23:58.2580734Z Cache hit for: setup-uv-2-x86_64-pc-windows-msvc-windows-2025-3.12.10-pruned-4e1957317505a9398522e711a4f2f26abf3d248d66da424c6be4d71602599970
2026-09-20T22:23:59.1647595Z Received 432235 of 432235 (100.0%), 0.7 MBs/sec
2026-09-20T22:23:59.1648641Z Cache Size: ~0 MB (432235 B)
2026-09-20T22:23:59.1666040Z [command]"C:\Program Files\Git\usr\bin\tar.exe" -xf D:/a/_temp/2ed7fa65-9b5f-4c1d-9006-99fe0b369d0a/cache.tzst -P -C D:/a/hol-guard/hol-guard --force-local --use-compress-program "zstd -d"
2026-09-20T22:23:59.5225662Z Cache restored successfully
2026-09-20T22:23:59.5233371Z cache restored from GitHub Actions cache with key: setup-uv-2-x86_64-pc-windows-msvc-windows-2025-3.12.10-pruned-4e1957317505a9398522e711a4f2f26abf3d248d66da424c6be4d71602599970
2026-09-20T22:23:59.6577759Z ##[group]Run uv sync --frozen --extra dev --python 3.12
2026-09-20T22:23:59.6578157Z [36;1muv sync --frozen --extra dev --python 3.12[0m
2026-09-20T22:23:59.6916813Z shell: C:\Program Files\PowerShell\7\pwsh.EXE -command ". '{0}'"
2026-09-20T22:23:59.6917104Z env:
2026-09-20T22:23:59.6917338Z   pythonLocation: C:\hostedtoolcache\windows\Python\3.12.10\x64
2026-09-20T22:23:59.6917704Z   PKG_CONFIG_PATH: C:\hostedtoolcache\windows\Python\3.12.10\x64/lib/pkgconfig
2026-09-20T22:23:59.6918055Z   Python_ROOT_DIR: C:\hostedtoolcache\windows\Python\3.12.10\x64
2026-09-20T22:23:59.6918357Z   Python2_ROOT_DIR: C:\hostedtoolcache\windows\Python\3.12.10\x64
2026-09-20T22:23:59.6918652Z   Python3_ROOT_DIR: C:\hostedtoolcache\windows\Python\3.12.10\x64
2026-09-20T22:23:59.6918915Z   UV_TOOL_BIN_DIR: D:\a\_temp\uv-tool-bin-dir
2026-09-20T22:23:59.6919138Z   UV_TOOL_DIR: D:\a\_temp\uv-tool-dir
2026-09-20T22:23:59.6919353Z   UV_PYTHON_INSTALL_DIR: D:\a\_temp\uv-python-dir
2026-09-20T22:23:59.6919636Z   UV_CACHE_DIR: D:\a\_temp\setup-uv-cache
2026-09-20T22:23:59.6919851Z ##[endgroup]
2026-09-20T22:24:00.0156700Z Using CPython 3.12.10 interpreter at: C:\hostedtoolcache\windows\Python\3.12.10\x64\python3.exe
2026-09-20T22:24:00.0157460Z Creating virtual environment at: .venv
2026-09-20T22:24:00.0674968Z    Building hol-guard @ file:///D:/a/hol-guard/hol-guard
2026-09-20T22:24:00.1451198Z Downloading pygments (1.2MiB)
2026-09-20T22:24:00.1516033Z Downloading pydantic-core (1.9MiB)
2026-09-20T22:24:00.1520750Z Downloading ruff (11.5MiB)
2026-09-20T22:24:00.1525210Z Downloading nodejs-wheel-binaries (40.1MiB)
2026-09-20T22:24:00.1532121Z Downloading pywin32 (9.1MiB)
2026-09-20T22:24:00.1537308Z Downloading basedpyright (12.6MiB)
2026-09-20T22:24:00.1542194Z Downloading cryptography (3.7MiB)
2026-09-20T22:24:00.1591862Z Downloading libcst (2.0MiB)
2026-09-20T22:24:00.5143640Z  Downloaded pydantic-core
2026-09-20T22:24:01.1043759Z  Downloaded ruff
2026-09-20T22:24:01.1232010Z  Downloaded cryptography
2026-09-20T22:24:01.2064228Z  Downloaded pygments
2026-09-20T22:24:01.2185040Z  Downloaded libcst
2026-09-20T22:24:01.3987631Z  Downloaded pywin32
2026-09-20T22:24:02.3759169Z       Built hol-guard @ file:///D:/a/hol-guard/hol-guard
2026-09-20T22:24:02.7482108Z  Downloaded nodejs-wheel-binaries
2026-09-20T22:24:03.3565530Z  Downloaded basedpyright
2026-09-20T22:24:03.3571880Z Prepared 70 packages in 3.30s
2026-09-20T22:24:04.9219894Z Installed 70 packages in 1.56s
2026-09-20T22:24:04.9221836Z  + annotated-types==0.7.0
2026-09-20T22:24:04.9222622Z  + anyio==4.14.2
2026-09-20T22:24:04.9223575Z  + attrs==26.1.0
2026-09-20T22:24:04.9224656Z  + basedpyright==1.39.8
2026-09-20T22:24:04.9225801Z  + build==1.5.0
2026-09-20T22:24:04.9226773Z  + certifi==2026.2.25
2026-09-20T22:24:04.9227907Z  + cffi==2.0.0
2026-09-20T22:24:04.9229167Z  + charset-normalizer==3.4.7
2026-09-20T22:24:04.9229868Z  + click==8.4.1
2026-09-20T22:24:04.9231783Z  + colorama==0.4.6
2026-09-20T22:24:04.9232799Z  + coverage==7.13.5
2026-09-20T22:24:04.9234527Z  + cryptography==50.0.0
2026-09-20T22:24:04.9235152Z  + h11==0.16.0
2026-09-20T22:24:04.9236771Z  + hol-guard==3.0.1 (from file:///D:/a/hol-guard/hol-guard)
2026-09-20T22:24:04.9237576Z  + httpcore==1.0.9
2026-09-20T22:24:04.9238572Z  + httpx==0.28.1
2026-09-20T22:24:04.9239557Z  + httpx-sse==0.4.3
2026-09-20T22:24:04.9240412Z  + idna==3.15
2026-09-20T22:24:04.9241480Z  + importlib-metadata==8.9.0
2026-09-20T22:24:04.9242525Z  + iniconfig==2.3.0
2026-09-20T22:24:04.9243607Z  + jaraco-classes==3.4.0
2026-09-20T22:24:04.9244588Z  + jaraco-context==6.1.2
2026-09-20T22:24:04.9245610Z  + jaraco-functools==4.4.0
2026-09-20T22:24:04.9246624Z  + jsonschema==4.26.0
2026-09-20T22:24:04.9247762Z  + jsonschema-specifications==2025.9.1
2026-09-20T22:24:04.9248781Z  + keyring==25.7.0
2026-09-20T22:24:04.9249793Z  + libcst==1.9.0
2026-09-20T22:24:04.9250764Z  + linkify-it-py==2.1.0
2026-09-20T22:24:04.9251946Z  + markdown-it-py==4.0.0
2026-09-20T22:24:04.9255635Z  + mcp==1.28.1
2026-09-20T22:24:04.9255977Z  + mdit-py-plugins==0.5.0
2026-09-20T22:24:04.9256256Z  + mdurl==0.1.2
2026-09-20T22:24:04.9257507Z  + more-itertools==11.0.1
2026-09-20T22:24:04.9258942Z  + mutmut==3.7.0
2026-09-20T22:24:04.9259223Z  + nodejs-wheel-binaries==24.16.0
2026-09-20T22:24:04.9260399Z  + packaging==26.0
2026-09-20T22:24:04.9261453Z  + platformdirs==4.9.4
2026-09-20T22:24:04.9262369Z  + pluggy==1.6.0
2026-09-20T22:24:04.9263354Z  + psutil==7.2.2
2026-09-20T22:24:04.9264541Z  + publicsuffixlist==1.0.2.20260726
2026-09-20T22:24:04.9265331Z  + pycparser==3.0
2026-09-20T22:24:04.9266450Z  + pydantic==2.12.5
2026-09-20T22:24:04.9267605Z  + pydantic-core==2.41.5
2026-09-20T22:24:04.9268529Z  + pydantic-settings==2.14.1
2026-09-20T22:24:04.9269630Z  + pygments==2.20.0
2026-09-20T22:24:04.9270650Z  + pyjwt==2.13.0
2026-09-20T22:24:04.9271636Z  + pyproject-hooks==1.2.0
2026-09-20T22:24:04.9272665Z  + pytest==9.0.3
2026-09-20T22:24:04.9273595Z  + pytest-cov==7.1.0
2026-09-20T22:24:04.9274784Z  + python-dotenv==1.2.2
2026-09-20T22:24:04.9275704Z  + python-multipart==0.0.32
2026-09-20T22:24:04.9276242Z  + pywin32==311
2026-09-20T22:24:04.9277428Z  + pywin32-ctypes==0.2.3
2026-09-20T22:24:04.9278468Z  + pyyaml==6.0.3
2026-09-20T22:24:04.9279393Z  + referencing==0.37.0
2026-09-20T22:24:04.9280522Z  + regex==2026.4.4
2026-09-20T22:24:04.9281603Z  + requests==2.33.1
2026-09-20T22:24:04.9282569Z  + rich==14.2.0
2026-09-20T22:24:04.9283600Z  + rpds-py==0.30.0
2026-09-20T22:24:04.9284559Z  + ruff==0.15.17
2026-09-20T22:24:04.9285573Z  + setproctitle==1.3.7
2026-09-20T22:24:04.9286566Z  + sse-starlette==3.4.4
2026-09-20T22:24:04.9287591Z  + starlette==1.3.1
2026-09-20T22:24:04.9288525Z  + textual==7.5.0
2026-09-20T22:24:04.9289568Z  + typing-extensions==4.15.0
2026-09-20T22:24:04.9290633Z  + typing-inspection==0.4.2
2026-09-20T22:24:04.9291525Z  + uc-micro-py==2.0.0
2026-09-20T22:24:04.9292523Z  + urllib3==2.7.0
2026-09-20T22:24:04.9293445Z  + uvicorn==0.40.0
2026-09-20T22:24:04.9294508Z  + zipp==3.23.0
2026-09-20T22:24:05.0725688Z ##[group]Run uv run --no-sync pytest tests/test_guard_config_source_io.py tests/test_daemon_config_read_scope.py tests/test_native_slo_failure.py tests/test_native_policy_snapshot_write_safety.py tests/test_windows_config_directory_access.py --tb=short
2026-09-20T22:24:05.0727125Z [36;1muv run --no-sync pytest tests/test_guard_config_source_io.py tests/test_daemon_config_read_scope.py tests/test_native_slo_failure.py tests/test_native_policy_snapshot_write_safety.py tests/test_windows_config_directory_access.py --tb=short[0m
2026-09-20T22:24:05.0782603Z shell: C:\Program Files\PowerShell\7\pwsh.EXE -command ". '{0}'"
2026-09-20T22:24:05.0782885Z env:
2026-09-20T22:24:05.0783118Z   pythonLocation: C:\hostedtoolcache\windows\Python\3.12.10\x64
2026-09-20T22:24:05.0783485Z   PKG_CONFIG_PATH: C:\hostedtoolcache\windows\Python\3.12.10\x64/lib/pkgconfig
2026-09-20T22:24:05.0783846Z   Python_ROOT_DIR: C:\hostedtoolcache\windows\Python\3.12.10\x64
2026-09-20T22:24:05.0784196Z   Python2_ROOT_DIR: C:\hostedtoolcache\windows\Python\3.12.10\x64
2026-09-20T22:24:05.0784710Z   Python3_ROOT_DIR: C:\hostedtoolcache\windows\Python\3.12.10\x64
2026-09-20T22:24:05.0784970Z   UV_TOOL_BIN_DIR: D:\a\_temp\uv-tool-bin-dir
2026-09-20T22:24:05.0785195Z   UV_TOOL_DIR: D:\a\_temp\uv-tool-dir
2026-09-20T22:24:05.0785421Z   UV_PYTHON_INSTALL_DIR: D:\a\_temp\uv-python-dir
2026-09-20T22:24:05.0785650Z   UV_CACHE_DIR: D:\a\_temp\setup-uv-cache
2026-09-20T22:24:05.0785846Z ##[endgroup]
2026-09-20T22:24:14.1758611Z ============================= test session starts =============================
2026-09-20T22:24:14.1759037Z platform win32 -- Python 3.12.10, pytest-9.0.3, pluggy-1.6.0
2026-09-20T22:24:14.1759321Z rootdir: D:\a\hol-guard\hol-guard
2026-09-20T22:24:14.1759527Z configfile: pyproject.toml
2026-09-20T22:24:14.1759717Z plugins: anyio-4.14.2, cov-7.1.0
2026-09-20T22:24:14.1759904Z collected 88 items
2026-09-20T22:24:14.1760260Z 
2026-09-20T22:24:14.3548294Z tests\test_guard_config_source_io.py ............s......sssssssssssss.   [ 37%]
2026-09-20T22:24:16.6143793Z tests\test_daemon_config_read_scope.py .......s......                    [ 53%]
2026-09-20T22:24:16.6508433Z tests\test_native_slo_failure.py ....s.......                            [ 67%]
2026-09-20T22:24:16.7685983Z tests\test_native_policy_snapshot_write_safety.py sssss............      [ 86%]
2026-09-20T22:24:17.3945079Z tests\test_windows_config_directory_access.py ............               [100%]
2026-09-20T22:24:17.3945364Z 
2026-09-20T22:24:17.3945507Z ======================= 67 passed, 21 skipped in 4.48s ========================
2026-09-20T22:24:17.6803641Z ##[group]Run uv run --no-sync pytest tests/test_installed_transition_windows_owner.py tests/test_installed_transition_windows_files.py --tb=short
2026-09-20T22:24:17.6804492Z [36;1muv run --no-sync pytest tests/test_installed_transition_windows_owner.py tests/test_installed_transition_windows_files.py --tb=short[0m
2026-09-20T22:24:17.6903420Z shell: C:\Program Files\PowerShell\7\pwsh.EXE -command ". '{0}'"
2026-09-20T22:24:17.6903709Z env:
2026-09-20T22:24:17.6903927Z   pythonLocation: C:\hostedtoolcache\windows\Python\3.12.10\x64
2026-09-20T22:24:17.6904480Z   PKG_CONFIG_PATH: C:\hostedtoolcache\windows\Python\3.12.10\x64/lib/pkgconfig
2026-09-20T22:24:17.6904834Z   Python_ROOT_DIR: C:\hostedtoolcache\windows\Python\3.12.10\x64
2026-09-20T22:24:17.6905155Z   Python2_ROOT_DIR: C:\hostedtoolcache\windows\Python\3.12.10\x64
2026-09-20T22:24:17.6905452Z   Python3_ROOT_DIR: C:\hostedtoolcache\windows\Python\3.12.10\x64
2026-09-20T22:24:17.6905753Z   UV_TOOL_BIN_DIR: D:\a\_temp\uv-tool-bin-dir
2026-09-20T22:24:17.6905975Z   UV_TOOL_DIR: D:\a\_temp\uv-tool-dir
2026-09-20T22:24:17.6906195Z   UV_PYTHON_INSTALL_DIR: D:\a\_temp\uv-python-dir
2026-09-20T22:24:17.6906432Z   UV_CACHE_DIR: D:\a\_temp\setup-uv-cache
2026-09-20T22:24:17.6906627Z ##[endgroup]
2026-09-20T22:24:20.3215966Z ============================= test session starts =============================
2026-09-20T22:24:20.3216357Z platform win32 -- Python 3.12.10, pytest-9.0.3, pluggy-1.6.0
2026-09-20T22:24:20.3216632Z rootdir: D:\a\hol-guard\hol-guard
2026-09-20T22:24:20.3216847Z configfile: pyproject.toml
2026-09-20T22:24:20.3217055Z plugins: anyio-4.14.2, cov-7.1.0
2026-09-20T22:24:20.3217242Z collected 23 items
2026-09-20T22:24:20.3217340Z 
2026-09-20T22:24:23.0267984Z tests\test_installed_transition_windows_owner.py ..........              [ 43%]
2026-09-20T22:24:23.6463995Z tests\test_installed_transition_windows_files.py .............           [100%]
2026-09-20T22:24:23.6464304Z 
2026-09-20T22:24:23.6464461Z ============================= 23 passed in 3.66s ==============================
2026-09-20T22:24:23.9259542Z ##[group]Run rustup toolchain install 1.88.0 --profile minimal --component rustfmt --component clippy
2026-09-20T22:24:23.9260188Z [36;1mrustup toolchain install 1.88.0 --profile minimal --component rustfmt --component clippy[0m
2026-09-20T22:24:23.9260577Z [36;1mrustup default 1.88.0[0m
2026-09-20T22:24:23.9316059Z shell: C:\Program Files\PowerShell\7\pwsh.EXE -command ". '{0}'"
2026-09-20T22:24:23.9316328Z env:
2026-09-20T22:24:23.9316543Z   pythonLocation: C:\hostedtoolcache\windows\Python\3.12.10\x64
2026-09-20T22:24:23.9316910Z   PKG_CONFIG_PATH: C:\hostedtoolcache\windows\Python\3.12.10\x64/lib/pkgconfig
2026-09-20T22:24:23.9317273Z   Python_ROOT_DIR: C:\hostedtoolcache\windows\Python\3.12.10\x64
2026-09-20T22:24:23.9317585Z   Python2_ROOT_DIR: C:\hostedtoolcache\windows\Python\3.12.10\x64
2026-09-20T22:24:23.9317885Z   Python3_ROOT_DIR: C:\hostedtoolcache\windows\Python\3.12.10\x64
2026-09-20T22:24:23.9318153Z   UV_TOOL_BIN_DIR: D:\a\_temp\uv-tool-bin-dir
2026-09-20T22:24:23.9318690Z   UV_TOOL_DIR: D:\a\_temp\uv-tool-dir
2026-09-20T22:24:23.9318951Z   UV_PYTHON_INSTALL_DIR: D:\a\_temp\uv-python-dir
2026-09-20T22:24:23.9319181Z   UV_CACHE_DIR: D:\a\_temp\setup-uv-cache
2026-09-20T22:24:23.9319542Z ##[endgroup]
2026-09-20T22:24:24.9789447Z info: syncing channel updates for 1.88.0-x86_64-pc-windows-msvc
2026-09-20T22:24:25.8585306Z info: latest update on 2025-06-26 for version 1.88.0 (6b00bc388 2025-06-23)
2026-09-20T22:24:25.8706499Z info: downloading 5 components
2026-09-20T22:24:35.7610276Z 
2026-09-20T22:24:35.7886325Z   1.88.0-x86_64-pc-windows-msvc installed - rustc 1.88.0 (6b00bc388 2025-06-23)
2026-09-20T22:24:35.7886628Z 
2026-09-20T22:24:35.8110195Z info: using existing install for 1.88.0-x86_64-pc-windows-msvc
2026-09-20T22:24:35.8179206Z info: default toolchain set to 1.88.0-x86_64-pc-windows-msvc
2026-09-20T22:24:35.8182076Z 
2026-09-20T22:24:35.8359786Z   1.88.0-x86_64-pc-windows-msvc unchanged - rustc 1.88.0 (6b00bc388 2025-06-23)
2026-09-20T22:24:35.8360117Z 
2026-09-20T22:24:35.9340393Z ##[group]Run cargo metadata --manifest-path rust/Cargo.toml --locked --format-version 1 --no-deps | Out-Null
2026-09-20T22:24:35.9341075Z [36;1mcargo metadata --manifest-path rust/Cargo.toml --locked --format-version 1 --no-deps | Out-Null[0m
2026-09-20T22:24:35.9341590Z [36;1mrustfmt --edition 2021 --check rust/crates/guard-runtime/src/main.rs[0m
2026-09-20T22:24:35.9342047Z [36;1mcargo clippy --manifest-path rust/Cargo.toml --locked --workspace --all-targets -- -D warnings[0m
2026-09-20T22:24:35.9342524Z [36;1mcargo test --manifest-path rust/Cargo.toml --locked --workspace --all-targets[0m
2026-09-20T22:24:35.9398350Z shell: C:\Program Files\PowerShell\7\pwsh.EXE -command ". '{0}'"
2026-09-20T22:24:35.9398628Z env:
2026-09-20T22:24:35.9398845Z   pythonLocation: C:\hostedtoolcache\windows\Python\3.12.10\x64
2026-09-20T22:24:35.9399204Z   PKG_CONFIG_PATH: C:\hostedtoolcache\windows\Python\3.12.10\x64/lib/pkgconfig
2026-09-20T22:24:35.9399585Z   Python_ROOT_DIR: C:\hostedtoolcache\windows\Python\3.12.10\x64
2026-09-20T22:24:35.9399896Z   Python2_ROOT_DIR: C:\hostedtoolcache\windows\Python\3.12.10\x64
2026-09-20T22:24:35.9400196Z   Python3_ROOT_DIR: C:\hostedtoolcache\windows\Python\3.12.10\x64
2026-09-20T22:24:35.9400468Z   UV_TOOL_BIN_DIR: D:\a\_temp\uv-tool-bin-dir
2026-09-20T22:24:35.9400696Z   UV_TOOL_DIR: D:\a\_temp\uv-tool-dir
2026-09-20T22:24:35.9400916Z   UV_PYTHON_INSTALL_DIR: D:\a\_temp\uv-python-dir
2026-09-20T22:24:35.9401148Z   UV_CACHE_DIR: D:\a\_temp\setup-uv-cache
2026-09-20T22:24:35.9401342Z ##[endgroup]
2026-09-20T22:24:39.2765469Z     Updating crates.io index
2026-09-20T22:24:39.7757023Z  Downloading crates ...
2026-09-20T22:24:39.9627497Z   Downloaded aho-corasick v1.1.5
2026-09-20T22:24:40.0146244Z   Downloaded zmij v1.0.23
2026-09-20T22:24:40.0266219Z   Downloaded untrusted v0.9.0
2026-09-20T22:24:40.0447700Z   Downloaded sysinfo v0.37.2
2026-09-20T22:24:40.1498233Z   Downloaded syn v3.0.3
2026-09-20T22:24:40.2247556Z   Downloaded generic-array v0.14.7
2026-09-20T22:24:40.2442945Z   Downloaded regex-syntax v0.8.11
2026-09-20T22:24:40.2944275Z   Downloaded windows-core v0.61.2
2026-09-20T22:24:40.3248644Z   Downloaded windows-interface v0.59.3
2026-09-20T22:24:40.3321494Z   Downloaded shlex v2.0.1
2026-09-20T22:24:40.3420145Z   Downloaded windows-threading v0.1.0
2026-09-20T22:24:40.3525904Z   Downloaded windows-permissions v0.2.4
2026-09-20T22:24:40.4457125Z   Downloaded serde_derive v1.0.229
2026-09-20T22:24:40.5006478Z   Downloaded proc-macro2 v1.0.107
2026-09-20T22:24:40.5435517Z   Downloaded serde_core v1.0.229
2026-09-20T22:24:40.5670119Z   Downloaded quote v1.0.47
2026-09-20T22:24:40.5910389Z   Downloaded digest v0.10.7
2026-09-20T22:24:40.6062783Z   Downloaded thiserror-impl v2.0.20
2026-09-20T22:24:40.6310909Z   Downloaded thiserror v2.0.20
2026-09-20T22:24:41.3024013Z   Downloaded hex v0.4.3
2026-09-20T22:24:41.3301162Z   Downloaded cfg-if v1.0.4
2026-09-20T22:24:41.3400200Z   Downloaded windows-result v0.3.4
2026-09-20T22:24:41.3644440Z   Downloaded windows-numerics v0.2.0
2026-09-20T22:24:41.3749000Z   Downloaded windows-implement v0.60.2
2026-09-20T22:24:41.3818721Z   Downloaded windows-collections v0.2.0
2026-09-20T22:24:41.3895966Z   Downloaded getrandom v0.3.4
2026-09-20T22:24:41.4203920Z   Downloaded cpufeatures v0.2.17
2026-09-20T22:24:41.4431734Z   Downloaded block-buffer v0.10.4
2026-09-20T22:24:41.4551393Z   Downloaded bitflags v1.3.2
2026-09-20T22:24:41.4977724Z   Downloaded version_check v0.9.5
2026-09-20T22:24:41.5091220Z   Downloaded find-msvc-tools v0.1.11
2026-09-20T22:24:41.5216008Z   Downloaded cc v1.4.4
2026-09-20T22:24:41.5553648Z   Downloaded serde v1.0.229
2026-09-20T22:24:41.6069742Z   Downloaded memchr v2.8.3
2026-09-20T22:24:41.6541554Z   Downloaded fs2 v0.4.3
2026-09-20T22:24:41.6618015Z   Downloaded crypto-common v0.1.7
2026-09-20T22:24:41.6685527Z   Downloaded windows-strings v0.4.2
2026-09-20T22:24:41.6849870Z   Downloaded windows-link v0.1.3
2026-09-20T22:24:41.7147552Z   Downloaded windows-future v0.2.1
2026-09-20T22:24:41.7489063Z   Downloaded unicode-ident v1.0.24
2026-09-20T22:24:41.7757374Z   Downloaded typenum v1.20.1
2026-09-20T22:24:41.7976945Z   Downloaded ntapi v0.4.3
2026-09-20T22:24:41.8265822Z   Downloaded sha2 v0.10.9
2026-09-20T22:24:41.8501766Z   Downloaded serde_json v1.0.151
2026-09-20T22:24:41.9317826Z   Downloaded regex v1.13.1
2026-09-20T22:24:41.9860695Z   Downloaded itoa v1.0.18
2026-09-20T22:24:42.3030294Z   Downloaded getrandom v0.2.17
2026-09-20T22:24:42.4350416Z   Downloaded syn v2.0.119
2026-09-20T22:24:43.1913473Z   Downloaded regex-automata v0.4.18
2026-09-20T22:24:43.7982114Z   Downloaded libc v0.2.189
2026-09-20T22:24:45.8732176Z   Downloaded winapi v0.3.9
2026-09-20T22:24:47.3369004Z   Downloaded ring v0.17.14
2026-09-20T22:24:48.1955472Z   Downloaded windows v0.61.3
2026-09-20T22:24:50.1858290Z    Compiling proc-macro2 v1.0.107
2026-09-20T22:24:50.1858851Z    Compiling quote v1.0.47
2026-09-20T22:24:50.1859512Z    Compiling unicode-ident v1.0.24
2026-09-20T22:24:50.1859878Z    Compiling version_check v0.9.5
2026-09-20T22:24:50.2843761Z     Checking typenum v1.20.1
2026-09-20T22:24:50.4673194Z    Compiling generic-array v0.14.7
2026-09-20T22:24:50.9368573Z     Checking cfg-if v1.0.4
2026-09-20T22:24:50.9662929Z     Checking cpufeatures v0.2.17
2026-09-20T22:24:50.9977641Z     Checking memchr v2.8.3
2026-09-20T22:24:51.2985556Z     Checking hex v0.4.3
2026-09-20T22:24:51.4592582Z    Compiling serde_core v1.0.229
2026-09-20T22:24:52.4381980Z    Compiling winapi v0.3.9
2026-09-20T22:24:53.0140457Z    Compiling serde v1.0.229
2026-09-20T22:24:53.3628297Z     Checking block-buffer v0.10.4
2026-09-20T22:24:53.3963740Z     Checking crypto-common v0.1.7
2026-09-20T22:24:53.4841918Z    Compiling syn v3.0.3
2026-09-20T22:24:53.4946692Z     Checking digest v0.10.7
2026-09-20T22:24:53.6642184Z     Checking sha2 v0.10.9
2026-09-20T22:24:53.9488575Z    Compiling zmij v1.0.23
2026-09-20T22:24:54.2560585Z    Compiling serde_json v1.0.151
2026-09-20T22:24:54.7161268Z    Compiling thiserror v2.0.20
2026-09-20T22:24:54.8752773Z     Checking itoa v1.0.18
2026-09-20T22:24:55.1950378Z     Checking guard-rules v0.1.0 (D:\a\hol-guard\hol-guard\rust\crates\guard-rules)
2026-09-20T22:24:55.2907672Z    Compiling libc v0.2.189
2026-09-20T22:24:55.6910548Z     Checking bitflags v1.3.2
2026-09-20T22:24:55.8291220Z     Checking aho-corasick v1.1.5
2026-09-20T22:24:55.9063450Z     Checking regex-syntax v0.8.11
2026-09-20T22:24:56.0012238Z     Checking windows-permissions v0.2.4
2026-09-20T22:24:56.3974952Z     Checking guard-runtime-windows-process v0.1.0 (D:\a\hol-guard\hol-guard\rust\crates\guard-runtime-windows-process)
2026-09-20T22:24:56.6441254Z    Compiling serde_derive v1.0.229
2026-09-20T22:24:56.7134590Z    Compiling thiserror-impl v2.0.20
2026-09-20T22:24:56.8252937Z     Checking windows-link v0.1.3
2026-09-20T22:24:56.8646124Z    Compiling syn v2.0.119
2026-09-20T22:24:57.8853342Z     Checking regex-automata v0.4.18
2026-09-20T22:24:58.3271962Z     Checking guard-secure-fs v0.1.0 (D:\a\hol-guard\hol-guard\rust\crates\guard-secure-fs)
2026-09-20T22:24:58.5571775Z     Checking windows-strings v0.4.2
2026-09-20T22:24:58.7370740Z     Checking windows-result v0.3.4
2026-09-20T22:24:58.8594215Z    Compiling shlex v2.0.1
2026-09-20T22:24:59.0345642Z    Compiling find-msvc-tools v0.1.11
2026-09-20T22:24:59.8320834Z     Checking regex v1.13.1
2026-09-20T22:25:00.1424388Z    Compiling cc v1.4.4
2026-09-20T22:25:00.1989600Z     Checking guard-scanner v0.1.0 (D:\a\hol-guard\hol-guard\rust\crates\guard-scanner)
2026-09-20T22:25:00.3902631Z     Checking windows-threading v0.1.0
2026-09-20T22:25:00.4736856Z    Compiling ntapi v0.4.3
2026-09-20T22:25:00.7106773Z    Compiling getrandom v0.3.4
2026-09-20T22:25:01.0954157Z     Checking guard-contracts v0.1.0 (D:\a\hol-guard\hol-guard\rust\crates\guard-contracts)
2026-09-20T22:25:01.7243691Z    Compiling windows-implement v0.60.2
2026-09-20T22:25:01.9378183Z    Compiling windows-interface v0.59.3
2026-09-20T22:25:02.5619016Z    Compiling ring v0.17.14
2026-09-20T22:25:02.7619340Z     Checking getrandom v0.2.17
2026-09-20T22:25:02.8023617Z     Checking windows-core v0.61.2
2026-09-20T22:25:02.8490871Z     Checking untrusted v0.9.0
2026-09-20T22:25:02.9263809Z     Checking guard-rule-contract v0.1.0 (D:\a\hol-guard\hol-guard\rust\crates\guard-rule-contract)
2026-09-20T22:25:03.1679798Z     Checking windows-numerics v0.2.0
2026-09-20T22:25:03.1956250Z     Checking windows-collections v0.2.0
2026-09-20T22:25:03.2785860Z     Checking windows-future v0.2.1
2026-09-20T22:25:03.3798694Z     Checking fs2 v0.4.3
2026-09-20T22:25:03.4769740Z     Checking windows v0.61.3
2026-09-20T22:25:03.4778995Z     Checking guard-offline-regex-pilot v0.1.0 (D:\a\hol-guard\hol-guard\rust\crates\guard-offline-regex-pilot)
2026-09-20T22:25:04.4191217Z     Checking guard-command v0.1.0 (D:\a\hol-guard\hol-guard\rust\crates\guard-command)
2026-09-20T22:25:06.6170193Z     Checking guard-hook-core v0.1.0 (D:\a\hol-guard\hol-guard\rust\crates\guard-hook-core)
2026-09-20T22:25:06.8628092Z     Checking guard-policy-snapshot v0.1.0 (D:\a\hol-guard\hol-guard\rust\crates\guard-policy-snapshot)
2026-09-20T22:25:30.4560052Z     Checking sysinfo v0.37.2
2026-09-20T22:25:30.9618612Z     Checking hol-guard-runtime v0.1.0 (D:\a\hol-guard\hol-guard\rust\crates\guard-runtime)
2026-09-20T22:25:35.0316464Z     Finished `dev` profile [unoptimized + debuginfo] target(s) in 55.80s
2026-09-20T22:25:35.2613163Z    Compiling typenum v1.20.1
2026-09-20T22:25:35.2614957Z    Compiling cfg-if v1.0.4
2026-09-20T22:25:35.2615958Z    Compiling cpufeatures v0.2.17
2026-09-20T22:25:35.2617900Z    Compiling hex v0.4.3
2026-09-20T22:25:35.3167028Z    Compiling memchr v2.8.3
2026-09-20T22:25:35.3238154Z    Compiling serde_core v1.0.229
2026-09-20T22:25:35.5488427Z    Compiling winapi v0.3.9
2026-09-20T22:25:36.2350035Z    Compiling generic-array v0.14.7
2026-09-20T22:25:36.2709677Z    Compiling zmij v1.0.23
2026-09-20T22:25:36.6412627Z    Compiling itoa v1.0.18
2026-09-20T22:25:36.8305300Z    Compiling bitflags v1.3.2
2026-09-20T22:25:36.9118045Z    Compiling block-buffer v0.10.4
2026-09-20T22:25:36.9291645Z    Compiling crypto-common v0.1.7
2026-09-20T22:25:37.0320080Z    Compiling digest v0.10.7
2026-09-20T22:25:37.0361833Z    Compiling thiserror v2.0.20
2026-09-20T22:25:37.1086212Z    Compiling libc v0.2.189
2026-09-20T22:25:37.2158333Z    Compiling sha2 v0.10.9
2026-09-20T22:25:37.2366080Z    Compiling aho-corasick v1.1.5
2026-09-20T22:25:37.7292166Z    Compiling guard-rules v0.1.0 (D:\a\hol-guard\hol-guard\rust\crates\guard-rules)
2026-09-20T22:25:38.0477951Z    Compiling serde v1.0.229
2026-09-20T22:25:38.0574591Z    Compiling windows-permissions v0.2.4
2026-09-20T22:25:38.1637699Z    Compiling serde_json v1.0.151
2026-09-20T22:25:38.7641324Z    Compiling guard-runtime-windows-process v0.1.0 (D:\a\hol-guard\hol-guard\rust\crates\guard-runtime-windows-process)
2026-09-20T22:25:38.8659709Z    Compiling regex-syntax v0.8.11
2026-09-20T22:25:39.9746746Z    Compiling guard-contracts v0.1.0 (D:\a\hol-guard\hol-guard\rust\crates\guard-contracts)
2026-09-20T22:25:40.0350554Z    Compiling guard-secure-fs v0.1.0 (D:\a\hol-guard\hol-guard\rust\crates\guard-secure-fs)
2026-09-20T22:25:40.7135375Z    Compiling windows-link v0.1.3
2026-09-20T22:25:40.7613809Z    Compiling windows-strings v0.4.2
2026-09-20T22:25:40.7851121Z    Compiling windows-result v0.3.4
2026-09-20T22:25:41.0997062Z    Compiling windows-core v0.61.2
2026-09-20T22:25:41.1868332Z    Compiling windows-threading v0.1.0
2026-09-20T22:25:41.2968285Z    Compiling regex-automata v0.4.18
2026-09-20T22:25:41.7091891Z    Compiling windows-collections v0.2.0
2026-09-20T22:25:41.9370630Z    Compiling windows-future v0.2.1
2026-09-20T22:25:42.4281875Z    Compiling windows-numerics v0.2.0
2026-09-20T22:25:42.6364737Z    Compiling windows v0.61.3
2026-09-20T22:25:43.5032680Z    Compiling guard-command v0.1.0 (D:\a\hol-guard\hol-guard\rust\crates\guard-command)
2026-09-20T22:25:44.1669682Z    Compiling regex v1.13.1
2026-09-20T22:25:44.7758902Z    Compiling guard-scanner v0.1.0 (D:\a\hol-guard\hol-guard\rust\crates\guard-scanner)
2026-09-20T22:25:45.6217802Z    Compiling guard-hook-core v0.1.0 (D:\a\hol-guard\hol-guard\rust\crates\guard-hook-core)
2026-09-20T22:25:46.4073482Z    Compiling ntapi v0.4.3
2026-09-20T22:25:47.2106578Z    Compiling getrandom v0.2.17
2026-09-20T22:25:47.3271007Z    Compiling untrusted v0.9.0
2026-09-20T22:25:47.4480502Z    Compiling ring v0.17.14
2026-09-20T22:25:48.1329028Z    Compiling guard-policy-snapshot v0.1.0 (D:\a\hol-guard\hol-guard\rust\crates\guard-policy-snapshot)
2026-09-20T22:25:49.6636223Z    Compiling getrandom v0.3.4
2026-09-20T22:25:49.7767343Z    Compiling guard-rule-contract v0.1.0 (D:\a\hol-guard\hol-guard\rust\crates\guard-rule-contract)
2026-09-20T22:25:50.1475682Z    Compiling fs2 v0.4.3
2026-09-20T22:25:53.1746194Z    Compiling guard-offline-regex-pilot v0.1.0 (D:\a\hol-guard\hol-guard\rust\crates\guard-offline-regex-pilot)
2026-09-20T22:26:17.5756172Z    Compiling sysinfo v0.37.2
2026-09-20T22:26:24.0049763Z    Compiling hol-guard-runtime v0.1.0 (D:\a\hol-guard\hol-guard\rust\crates\guard-runtime)
2026-09-20T22:26:32.1331761Z     Finished `test` profile [unoptimized + debuginfo] target(s) in 57.02s
2026-09-20T22:26:32.1429084Z      Running unittests src\lib.rs (rust\target\debug\deps\guard_command-b4b4f74efe380151.exe)
2026-09-20T22:26:32.1522809Z 
2026-09-20T22:26:32.1523186Z running 57 tests
2026-09-20T22:26:32.1532445Z test command_common_cli_matchers::tests::unknown_operations_and_incompatible_configs_are_explicit_errors ... ok
2026-09-20T22:26:32.1536230Z test command_common_cli_matchers::tests::uncertain_or_oversized_commands_do_not_become_empty_match_results ... ok
2026-09-20T22:26:32.1537362Z test command_common_cli_matchers::tests::canonical_shell_parser_feeds_typed_common_cli_matchers ... ok
2026-09-20T22:26:32.1540238Z test command_option_parsing::tests::expired_outer_deadline_preserves_uncertainty_direction ... ok
2026-09-20T22:26:32.1541955Z test command_option_parsing::tests::absent_requirements_are_vacuously_true_and_unknown_arity_can_consume_help ... ok
2026-09-20T22:26:32.1546284Z test command_option_parsing::unicode::tests::unicode_reference_categories_are_disjoint_sorted_and_python_compatible ... ok
2026-09-20T22:26:32.1558937Z test command_specialized_matchers::tests::canonical_parser_feeds_database_php_curl_and_expansion_matchers ... ok
2026-09-20T22:26:32.1578327Z test command_common_cli_matchers::tests::seven_operations_match_python_reference_vectors_in_segment_order ... ok
2026-09-20T22:26:32.1611290Z test command_option_parsing::tests::matches_python_option_oracles ... ok
2026-09-20T22:26:32.1627712Z test command_specialized_matchers::tests::inherited_deadline_confidence_and_size_limits_propagate_errors ... ok
2026-09-20T22:26:32.1633596Z test command_specialized_matchers::tests::literal_configuration_preserves_the_reviewed_ascii_grammar_and_limits ... ok
2026-09-20T22:26:32.1639031Z test command_specialized_matchers::tests::config_admission_rejects_unknown_or_invalid_semantics ... ok
2026-09-20T22:26:32.1642066Z test command_specialized_matchers::tests::literal_evidence_requires_parser_provenance_and_exact_semantic_shape ... ok
2026-09-20T22:26:32.1643909Z test command_specialized_matchers::unicode_tests::ascii_projection_preserves_unicode_boundaries_and_special_lowercase_mappings ... ok
2026-09-20T22:26:32.1647299Z test command_specialized_matchers::unicode_tests::unicode_configurations_cannot_enter_the_ascii_comparison_contract ... ok
2026-09-20T22:26:32.1714135Z test command_specialized_matchers::unicode_tests::unicode_operands_keep_python_and_php_launcher_classification_exact ... ok
2026-09-20T22:26:32.1791014Z test command_structured_matchers::tests::expired_deadline_never_returns_empty_or_partial_evidence ... ok
2026-09-20T22:26:32.1795339Z test command_structured_matchers::tests::opaque_unicode_operands_and_python_whitespace_are_supported ... ok
2026-09-20T22:26:32.1827178Z test command_specialized_matchers::tests::eight_operations_match_python_or_report_declared_capability_misses ... ok
2026-09-20T22:26:32.1831802Z test command_structured_matchers::tests::unsupported_unicode_case_mapping_is_error_not_a_negative_match ... ok
2026-09-20T22:26:32.1836740Z test executable_flag_contract::tests::ambiguous_contracts_are_rejected_before_flag_interpretation ... ok
2026-09-20T22:26:32.1842039Z test executable_flag_contract::tests::python_base_defaults_and_value_option_union ... ok
2026-09-20T22:26:32.1843613Z test native_command_program::bench::native_command_program_component_diagnostic ... ignored, diagnostic component timing; run release mode explicitly
2026-09-20T22:26:32.1944912Z test command_structured_matchers::tests::rejects_unknown_fields_and_invalid_matcher_grammars_before_admission ... ok
2026-09-20T22:26:32.2389803Z test command_option_parsing::tests::state_exhaustion_keeps_destructive_matching_and_denies_safety_proof ... ok
2026-09-20T22:26:32.2409401Z test command_structured_matchers::tests::matches_python_specialized_oracle_for_all_eight_operations ... ok
2026-09-20T22:26:32.8526341Z test native_command_program::dns_control_tests::dns_projection_cross_layer_and_global_authority_floors_stay_strict ... ok
2026-09-20T22:26:32.8870332Z test native_command_program::dns_control_tests::dns_projection_missing_provider_catalog_target_is_rejected ... ok
2026-09-20T22:26:32.8901666Z test native_command_program::dns_control_tests::dns_projection_raw_validation_precedes_admission ... ok
2026-09-20T22:26:32.8921192Z test native_command_program::dns_control_tests::dns_projection_recognizes_only_exact_kind_and_identifiers ... ok
2026-09-20T22:26:32.9395044Z test native_command_program::dns_control_tests::dns_projection_raw_and_derived_bounds_remain_distinct ... ok
2026-09-20T22:26:32.9396908Z test native_command_program::matrix::native_command_catalog_control_matrix ... ignored, component matrix; generate trusted fixtures and run release mode explicitly
2026-09-20T22:26:32.9450987Z test native_command_program::tests::a_previously_reviewable_command_becomes_a_hard_floor_after_permission_disable ... ok
2026-09-20T22:26:32.9490091Z test native_command_program::dns_control_tests::dns_projection_permission_enable_still_requires_configurable_program_gate ... ok
2026-09-20T22:26:32.9788324Z test native_command_program::tests::compatibility_safe_commands_and_ruleless_permissions_obey_controls ... ok
2026-09-20T22:26:33.0311787Z test native_command_program::dns_control_tests::dns_projection_aggregate_matches_explicit_provider_evaluation ... ok
2026-09-20T22:26:33.0410638Z test native_command_program::tests::controls_are_bound_to_program_and_both_independent_revisions ... ok
2026-09-20T22:26:33.0462685Z test native_command_program::tests::disabled_permission_and_failed_authority_cannot_become_allow ... ok
2026-09-20T22:26:33.0467472Z test native_command_program::tests::graph_depth_proof_cannot_be_bypassed_by_memoized_shared_children ... ok
2026-09-20T22:26:33.0594036Z test native_command_program::tests::local_opt_in_selects_ollama_and_safe_evidence_stays_on_its_own_segment ... ok
2026-09-20T22:26:33.0598513Z test native_command_program::tests::packaged_program_is_admitted_once_and_exposes_explicit_coverage ... ok
2026-09-20T22:26:33.0618426Z test pretool::tests::allows_bounded_exact_commands ... ok
2026-09-20T22:26:33.0623235Z test pretool::tests::blocks_destructive_and_device_commands ... ok
2026-09-20T22:26:33.0631850Z test pretool::tests::defers_only_exact_safe_git_helper_context ... ok
2026-09-20T22:26:33.0638888Z test pretool::tests::denies_uncertain_or_networked_commands ... ok
2026-09-20T22:26:33.0643852Z test pretool::tests::reviews_dotenv_family_shell_reads ... ok
2026-09-20T22:26:33.0647307Z test pretool::tests::reviews_home_relative_secret_paths ... ok
2026-09-20T22:26:33.0785981Z test pretool::tests::reviews_only_materially_risky_variants_of_safe_commands ... ok
2026-09-20T22:26:33.0791736Z test tests::marks_complex_shell_forms_uncertain_without_partial_segments ... ok
2026-09-20T22:26:33.0795281Z test tests::matches_python_shlex_escape_and_whitespace_semantics ... ok
2026-09-20T22:26:33.0798550Z test tests::parses_simple_command_without_execution ... ok
2026-09-20T22:26:33.0801793Z test tests::preserves_quotes_environment_and_path_override ... ok
2026-09-20T22:26:33.0805854Z test tests::rejects_oversized_commands_without_partial_exact_parse ... ok
2026-09-20T22:26:33.0809058Z test tests::splits_pipeline_but_not_quoted_pipe ... ok
2026-09-20T22:26:33.6175791Z test native_command_program::tests::complete_observations_match_independent_python_reference_models ... ok
2026-09-20T22:26:33.6730912Z test native_command_program::dns_control_tests::dns_projection_unique_collisions_preserve_disable_dominance_and_other_providers ... ok
2026-09-20T22:26:34.1856597Z test native_command_program::tests::admission_rejects_tampered_unknown_and_invalid_nodes ... ok
2026-09-20T22:26:34.1856985Z 
2026-09-20T22:26:34.1857238Z test result: ok. 55 passed; 0 failed; 2 ignored; 0 measured; 0 filtered out; finished in 2.03s
2026-09-20T22:26:34.1857574Z 
2026-09-20T22:26:34.1900035Z      Running tests\command_compatibility.rs (rust\target\debug\deps\command_compatibility-e5b1a697f98b3917.exe)
2026-09-20T22:26:34.1987014Z 
2026-09-20T22:26:34.1987306Z running 7 tests
2026-09-20T22:26:34.1995058Z test budget_and_parser_failures_cannot_become_empty_success ... ok
2026-09-20T22:26:34.1996030Z test compound_attribution_keeps_every_segment_and_deduplicates_identity ... ok
2026-09-20T22:26:34.1999177Z test github_reads_have_permission_attribution_without_fabricated_rules ... ok
2026-09-20T22:26:34.2000461Z test git_disabled_permission_attribution_is_not_lost_on_native_safe_commands ... ok
2026-09-20T22:26:34.2002541Z test graphql_remains_owned_unsupported_instead_of_permissionless_allow ... ok
2026-09-20T22:26:34.2055704Z test frozen_independent_capability_and_admission_vectors ... ok
2026-09-20T22:26:34.2773776Z test audited_inventory_is_exactly_the_null_matcher_catalog_subset ... ok
2026-09-20T22:26:34.2774077Z 
2026-09-20T22:26:34.2774330Z test result: ok. 7 passed; 0 failed; 0 ignored; 0 measured; 0 filtered out; finished in 0.08s
2026-09-20T22:26:34.2774664Z 
2026-09-20T22:26:34.2794342Z      Running tests\pretool_generic.rs (rust\target\debug\deps\pretool_generic-f3fe6fd6c0b15932.exe)
2026-09-20T22:26:34.2875366Z 
2026-09-20T22:26:34.2875670Z running 6 tests
2026-09-20T22:26:34.2884228Z test bounds_reject_oversized_payload ... ok
2026-09-20T22:26:34.2892990Z test allows_bounded_command_without_returning_raw_content ... ok
2026-09-20T22:26:34.2904686Z test benign_command_cannot_erase_independent_sensitive_path_floor ... ok
2026-09-20T22:26:34.2907705Z test tool_classification_uses_token_boundaries ... ok
2026-09-20T22:26:34.2910867Z test covers_generic_action_classes_and_dangerous_process_floor ... ok
2026-09-20T22:26:34.2913478Z test covers_prompt_harness_unknown_conflicts_and_bounds ... ok
2026-09-20T22:26:34.2913909Z 
2026-09-20T22:26:34.2914295Z test result: ok. 6 passed; 0 failed; 0 ignored; 0 measured; 0 filtered out; finished in 0.00s
2026-09-20T22:26:34.2914747Z 
2026-09-20T22:26:34.2927841Z      Running unittests src\lib.rs (rust\target\debug\deps\guard_contracts-25344bda50e1cc30.exe)
2026-09-20T22:26:34.3002374Z 
2026-09-20T22:26:34.3002697Z running 3 tests
2026-09-20T22:26:34.3008277Z test tests::response_omits_empty_optionals ... ok
2026-09-20T22:26:34.3009045Z test tests::hook_envelope_v2_rejects_unknown_fields ... ok
2026-09-20T22:26:34.3009920Z test tests::generic_pre_tool_result_rejects_raw_content_and_unknown_fields ... ok
2026-09-20T22:26:34.3010319Z 
2026-09-20T22:26:34.3010594Z test result: ok. 3 passed; 0 failed; 0 ignored; 0 measured; 0 filtered out; finished in 0.00s
2026-09-20T22:26:34.3011013Z 
2026-09-20T22:26:34.3022753Z      Running unittests src\lib.rs (rust\target\debug\deps\guard_hook_core-6c0426fb07a4956a.exe)
2026-09-20T22:26:34.3104629Z 
2026-09-20T22:26:34.3104910Z running 9 tests
2026-09-20T22:26:34.3108254Z test output_reference_tests::benchmark_output_extraction ... ignored, diagnostic release microbenchmark; not an installed latency gate
2026-09-20T22:26:34.3113006Z test tests::empty_inline_output_is_allowed_with_digest ... ok
2026-09-20T22:26:34.3420514Z test tests::clean_inline_output_is_allowed ... ok
2026-09-20T22:26:34.3436437Z test tests::observe_inline_secret_preserves_original_with_digest ... ok
2026-09-20T22:26:34.3450632Z test tests::secret_inline_output_is_blocked ... ok
2026-09-20T22:26:34.3465342Z test tests::stderr_is_scanned_even_when_stdout_exists ... ok
2026-09-20T22:26:34.3470100Z test tests::upstream_deadline_is_not_restarted_before_scanning ... ok
2026-09-20T22:26:34.8518620Z test tests::observe_truncated_inline_secret_remains_blocked_without_digest ... ok
2026-09-20T22:26:36.2025339Z test output_reference_tests::extraction_preserves_unicode_limits_order_and_structural_truncation ... ok
2026-09-20T22:26:36.2025772Z 
2026-09-20T22:26:36.2026056Z test result: ok. 8 passed; 0 failed; 1 ignored; 0 measured; 0 filtered out; finished in 1.89s
2026-09-20T22:26:36.2026346Z 
2026-09-20T22:26:36.2045967Z      Running tests\decision_io.rs (rust\target\debug\deps\decision_io-4a102cd594a6bb7a.exe)
2026-09-20T22:26:36.2134712Z 
2026-09-20T22:26:36.2134962Z running 2 tests
2026-09-20T22:26:36.2210109Z test source_replacement_between_observations_is_not_equivalent ... ok
2026-09-20T22:26:36.2210592Z test source_growth_after_expected_output_is_not_equivalent ... ok
2026-09-20T22:26:36.2210855Z 
2026-09-20T22:26:36.2211066Z test result: ok. 2 passed; 0 failed; 0 ignored; 0 measured; 0 filtered out; finished in 0.01s
2026-09-20T22:26:36.2211376Z 
2026-09-20T22:26:36.2223392Z      Running tests\windows_source.rs (rust\target\debug\deps\windows_source-6d73b879bee4aa0d.exe)
2026-09-20T22:26:36.2304933Z 
2026-09-20T22:26:36.2305223Z running 9 tests
2026-09-20T22:26:36.2406151Z test matching_hash_cannot_allow_a_hard_linked_source ... ok
2026-09-20T22:26:36.2407937Z test external_sensitive_names_and_non_checkout_sources_stay_denied ... ok
2026-09-20T22:26:36.2487408Z test matching_hash_cannot_allow_a_junction_before_source_classification ... ok
2026-09-20T22:26:36.2693847Z test observe_source_secret_preserves_the_verified_original_digest ... ok
2026-09-20T22:26:36.2817148Z test external_source_requires_pi_or_omp_and_explicit_permission ... ok
2026-09-20T22:26:36.2823555Z test pi_and_omp_preserve_plaintext_byte_and_deadline_bounds ... ok
2026-09-20T22:26:36.2851916Z test pi_and_omp_preserve_unicode_newline_equivalence_and_response_schema ... ok
2026-09-20T22:26:36.2932362Z test source_secret_is_blocked_without_plaintext_or_path_in_response ... ok
2026-09-20T22:26:36.2981059Z test pi_and_omp_reject_unbound_reference_fields ... ok
2026-09-20T22:26:36.2981422Z 
2026-09-20T22:26:36.2981756Z test result: ok. 9 passed; 0 failed; 0 ignored; 0 measured; 0 filtered out; finished in 0.07s
2026-09-20T22:26:36.2982233Z 
2026-09-20T22:26:36.3006471Z      Running unittests src\main.rs (rust\target\debug\deps\guard_offline_regex_pilot-8e4421b42be96876.exe)
2026-09-20T22:26:36.3090034Z 
2026-09-20T22:26:36.3090272Z running 4 tests
2026-09-20T22:26:36.3095474Z test tests::eof_and_unterminated_frames_differ ... ok
2026-09-20T22:26:36.3096422Z test tests::protocol_rejects_unknown_fields ... ok
2026-09-20T22:26:36.3110735Z test tests::separate_documents_never_complete_split_candidates ... ok
2026-09-20T22:26:36.5589106Z test tests::unsupported_inputs_and_candidate_overflow_are_errors ... ok
2026-09-20T22:26:36.5589408Z 
2026-09-20T22:26:36.5589660Z test result: ok. 4 passed; 0 failed; 0 ignored; 0 measured; 0 filtered out; finished in 0.25s
2026-09-20T22:26:36.5589980Z 
2026-09-20T22:26:36.5610948Z      Running unittests src\lib.rs (rust\target\debug\deps\guard_policy_snapshot-897ae80c1f77a1ad.exe)
2026-09-20T22:26:36.5694281Z 
2026-09-20T22:26:36.5694538Z running 6 tests
2026-09-20T22:26:36.5701095Z test tests::canonical_json_sorts_object_keys ... ok
2026-09-20T22:26:36.5708021Z test tests::rejects_runtime_rule_and_protocol_mismatch ... ok
2026-09-20T22:26:36.5708693Z test tests::rejects_expired_and_replayed_generation ... ok
2026-09-20T22:26:36.5709278Z test tests::rejects_mutated_effective_policy_and_mac ... ok
2026-09-20T22:26:36.5716142Z test tests::rejects_unknown_risk_selector_and_conflicting_harness_aliases ... ok
2026-09-20T22:26:36.5716817Z test tests::validates_authenticated_v3_snapshot ... ok
2026-09-20T22:26:36.5717170Z 
2026-09-20T22:26:36.5717545Z test result: ok. 6 passed; 0 failed; 0 ignored; 0 measured; 0 filtered out; finished in 0.00s
2026-09-20T22:26:36.5718005Z 
2026-09-20T22:26:36.5730030Z      Running unittests src\lib.rs (rust\target\debug\deps\guard_rule_contract-ad03b8c387e422ec.exe)
2026-09-20T22:26:36.5805169Z 
2026-09-20T22:26:36.5805425Z running 1 test
2026-09-20T22:26:36.7367126Z test tests::contract_is_stable_and_complete ... ok
2026-09-20T22:26:36.7367378Z 
2026-09-20T22:26:36.7367663Z test result: ok. 1 passed; 0 failed; 0 ignored; 0 measured; 0 filtered out; finished in 0.16s
2026-09-20T22:26:36.7367980Z 
2026-09-20T22:26:36.7387558Z      Running unittests src\lib.rs (rust\target\debug\deps\guard_rules-c31716a5069b0a89.exe)
2026-09-20T22:26:36.7467004Z 
2026-09-20T22:26:36.7467280Z running 1 test
2026-09-20T22:26:36.7470235Z test tests::digest_is_stable_shape ... ok
2026-09-20T22:26:36.7470519Z 
2026-09-20T22:26:36.7470739Z test result: ok. 1 passed; 0 failed; 0 ignored; 0 measured; 0 filtered out; finished in 0.00s
2026-09-20T22:26:36.7471057Z 
2026-09-20T22:26:36.7482719Z      Running unittests src\lib.rs (rust\target\debug\deps\guard_runtime_windows_process-2bdf65529e6da592.exe)
2026-09-20T22:26:36.7564697Z 
2026-09-20T22:26:36.7564855Z running 30 tests
2026-09-20T22:26:36.7570126Z test windows::job_retirement::tests::expired_budget_does_not_start_another_accounting_query ... ok
2026-09-20T22:26:36.7571486Z test windows::job_retirement::tests::empty_job_reported_after_the_deadline_does_not_pass ... ok
2026-09-20T22:26:36.7573154Z test windows::job_retirement::tests::direct_child_exit_does_not_prove_a_nonempty_job_retired ... ok
2026-09-20T22:26:36.7574787Z test windows::job_retirement::tests::a_fresh_grace_clock_cannot_extend_its_parent_cleanup_deadline ... ok
2026-09-20T22:26:36.7575740Z test windows::job_retirement::tests::failed_job_accounting_query_is_not_an_empty_job ... ok
2026-09-20T22:26:36.7576623Z test windows::job_retirement::tests::nonzero_active_process_count_requires_later_observed_zero ... ok
2026-09-20T22:26:36.7577558Z test windows::process_cleanup::tests::failed_job_termination_is_not_hidden_by_direct_child_exit ... ok
2026-09-20T22:26:36.7579103Z test windows::process_cleanup::tests::failed_cleanup_preserves_original_and_cleanup_causes ... ok
2026-09-20T22:26:36.7580301Z test windows::process_cleanup::tests::failed_termination_and_failed_wait_are_both_reported ... ok
2026-09-20T22:26:36.7581604Z test windows::process_cleanup::tests::late_failed_direct_wait_preserves_wait_error_and_deadline_failure ... ok
2026-09-20T22:26:36.7582906Z test windows::process_cleanup::tests::no_job_cleanup_does_not_accept_direct_exit_observed_after_its_budget ... ok
2026-09-20T22:26:36.7584209Z test windows::process_cleanup::tests::signaled_owned_handle_proves_exit_after_termination_race ... ok
2026-09-20T22:26:36.7586952Z test windows::process_cleanup::tests::original_setup_error_is_preserved_when_cleanup_succeeds ... ok
2026-09-20T22:26:36.7588250Z test windows::process_cleanup::tests::successful_termination_request_does_not_hide_wait_timeout ... ok
2026-09-20T22:26:36.7590110Z test windows::process_lifecycle::tests::duration_to_wait_millis_never_uses_infinite_sentinel ... ok
2026-09-20T22:26:36.7648680Z test windows::source_files::tests::original_leaf_symlink_is_rejected ... ok
2026-09-20T22:26:36.7651845Z test windows::source_files::tests::drive_alias_tests::relative_children_keep_the_original_parent_after_dos_drive_remapping ... ok
2026-09-20T22:26:36.7664089Z test windows::source_files::tests::held_identity_detects_a_security_descriptor_change ... ok
2026-09-20T22:26:36.7668658Z test windows::source_files::tests::source_paths_reject_devices_streams_and_parent_components ... ok
2026-09-20T22:26:36.7683185Z test windows::source_files::tests::held_source_blocks_parent_and_leaf_replacement_and_writers ... ok
2026-09-20T22:26:36.7703790Z test windows::source_files::tests::source_read_obeys_denied_read_acl_without_repairing_it ... ok
2026-09-20T22:26:36.7709914Z test windows::source_files::tests::source_open_rejects_an_existing_writer ... ok
2026-09-20T22:26:36.7734901Z test windows::spawn_setup_tests::failed_setup_retains_cleanup_failure_after_actual_child_reap ... ok
2026-09-20T22:26:36.7738515Z test windows::spawn_setup_tests::kill_on_close_is_set_and_only_explicitly_released_by_handoff ... ok
2026-09-20T22:26:36.7743041Z test windows::source_files::tests::source_read_preserves_inherited_permissions_and_real_identity ... ok
2026-09-20T22:26:36.7788654Z test windows::spawn_setup_tests::actual_child_is_assigned_before_resume_and_exits_normally ... ok
2026-09-20T22:26:36.7792450Z test windows::source_files::tests::original_parent_junction_is_rejected_before_canonicalization ... ok
2026-09-20T22:26:36.7802260Z test windows::spawn_setup_tests::rejected_job_setup_never_resumes_and_reaps_the_actual_suspended_child ... ok
2026-09-20T22:26:36.7822254Z test windows::spawn_setup_tests::valid_exit_code_259_is_a_completed_unsuccessful_exit ... ok
2026-09-20T22:26:36.7858705Z test windows::tests::inherited_handle_is_not_leaked ... ok
2026-09-20T22:26:36.7858965Z 
2026-09-20T22:26:36.7859186Z test result: ok. 30 passed; 0 failed; 0 ignored; 0 measured; 0 filtered out; finished in 0.03s
2026-09-20T22:26:36.7859497Z 
2026-09-20T22:26:36.7870443Z      Running unittests src\lib.rs (rust\target\debug\deps\guard_scanner-c3ebc24ccaea8803.exe)
2026-09-20T22:26:36.7945846Z 
2026-09-20T22:26:36.7946078Z running 8 tests
2026-09-20T22:26:36.7949055Z test prefilter_bench_tests::benchmark_scanner_prefilter ... ignored, diagnostic release microbenchmark; not an installed latency gate
2026-09-20T22:26:36.8176365Z test tests::detects_split_token_across_chunks ... ok
2026-09-20T22:26:36.8226903Z test tests::inert_credential_expressions_are_suppressed_during_local_retry ... ok
2026-09-20T22:26:36.8271640Z test tests::documentation_placeholder_is_suppressed ... ok
2026-09-20T22:26:36.8272985Z test tests::detects_github_token_without_returning_sample ... ok
2026-09-20T22:26:36.8279973Z test tests::realistic_medium_credentials_survive_local_retry ... ok
2026-09-20T22:26:37.8559094Z test prefilter_bench_tests::prefilter_retains_per_match_suppression_and_ordering ... ok
2026-09-20T22:26:43.1218623Z test tests::unicode_overlap_and_document_boundaries_are_isolated ... ok
2026-09-20T22:26:43.1218926Z 
2026-09-20T22:26:43.1219193Z test result: ok. 7 passed; 0 failed; 1 ignored; 0 measured; 0 filtered out; finished in 6.33s
2026-09-20T22:26:43.1219512Z 
2026-09-20T22:26:43.1241983Z      Running unittests examples\mcp_text_facts_pilot.rs (rust\target\debug\examples\mcp_text_facts_pilot-a6f03ea2460db92b.exe)
2026-09-20T22:26:43.1327537Z 
2026-09-20T22:26:43.1327824Z running 6 tests
2026-09-20T22:26:43.1433142Z test tests::failed_output_is_not_retried_or_reported_as_a_complete_request ... ok
2026-09-20T22:26:43.1503989Z test tests::empty_input_and_repeated_complete_frames_have_exact_responses ... ok
2026-09-20T22:26:43.1529010Z test tests::python_whitespace_is_explicit_and_no_text_normalization_occurs ... ok
2026-09-20T22:26:43.1556649Z test tests::fixed_predicates_preserve_ascii_boundaries_and_boolean_groups ... ok
2026-09-20T22:26:43.2303200Z test tests::partial_invalid_and_non_increasing_frames_fail_without_a_reply ... ok
2026-09-20T22:26:43.8333147Z test tests::whole_packet_byte_limit_includes_the_header ... ok
2026-09-20T22:26:43.8333448Z 
2026-09-20T22:26:43.8333671Z test result: ok. 6 passed; 0 failed; 0 ignored; 0 measured; 0 filtered out; finished in 0.70s
2026-09-20T22:26:43.8333989Z 
2026-09-20T22:26:43.8355368Z      Running unittests src\lib.rs (rust\target\debug\deps\guard_secure_fs-1af1dca9f4015b70.exe)
2026-09-20T22:26:43.8442965Z 
2026-09-20T22:26:43.8443225Z running 8 tests
2026-09-20T22:26:43.8516953Z test tests::bounded_read_rejects_hard_linked_source ... ok
2026-09-20T22:26:43.8518169Z test tests::bounded_read_rejects_oversized_windows_file_from_held_metadata ... ok
2026-09-20T22:26:43.8521105Z test tests::sensitive_paths_are_classified ... ok
2026-09-20T22:26:43.8535875Z test tests::bounded_read_hashes_windows_file_with_held_identity ... ok
2026-09-20T22:26:43.8609398Z test tests::source_classifier_rejects_sensitive_external_filename_without_substring_false_positive ... ok
2026-09-20T22:26:43.8610362Z test tests::source_classifier_allows_workflow_and_sibling_git_source ... ok
2026-09-20T22:26:43.8618940Z test tests::bounded_windows_read_respects_the_callers_byte_limit ... ok
2026-09-20T22:26:43.8625039Z test tests::source_classifier_rejects_hidden_sensitive_and_escape_paths ... ok
2026-09-20T22:26:43.8625385Z 
2026-09-20T22:26:43.8625640Z test result: ok. 8 passed; 0 failed; 0 ignored; 0 measured; 0 filtered out; finished in 0.02s
2026-09-20T22:26:43.8625915Z 
2026-09-20T22:26:43.8638463Z      Running tests\decision_io.rs (rust\target\debug\deps\decision_io-349b2a8231d8726c.exe)
2026-09-20T22:26:43.8721063Z 
2026-09-20T22:26:43.8721284Z running 2 tests
2026-09-20T22:26:43.8765183Z test bounded_read_rejects_source_growth_beyond_limit ... ok
2026-09-20T22:26:43.8765823Z test bounded_read_rejects_truncation_limit_before_materializing_more_bytes ... ok
2026-09-20T22:26:43.8766255Z 
2026-09-20T22:26:43.8766467Z test result: ok. 2 passed; 0 failed; 0 ignored; 0 measured; 0 filtered out; finished in 0.00s
2026-09-20T22:26:43.8766777Z 
2026-09-20T22:26:43.8777641Z      Running unittests src\main.rs (rust\target\debug\deps\hol_guard_runtime-6fc3864b04520b7c.exe)
2026-09-20T22:26:43.8909588Z 
2026-09-20T22:26:43.8909830Z running 203 tests
2026-09-20T22:26:43.8928345Z test approval::approval_replay_memory::tests::restart_epoch_rejects_old_artifact_state ... ok
2026-09-20T22:26:43.8929693Z test approval::approval_replay_memory::tests::full_binding_mutation_is_rejected_before_state_transition ... ok
2026-09-20T22:26:43.8932262Z test approval::approval_replay_memory::tests::expiry_and_double_consume_are_atomic ... ok
2026-09-20T22:26:43.8933847Z test approval::approval_replay_memory::tests::transition_tests::failed_emit_restores_claim_for_retry ... ok
2026-09-20T22:26:43.8935870Z test approval::approval_replay_memory::tests::transition_tests::every_transition_prunes_expired_entries ... ok
2026-09-20T22:26:44.1761552Z test approval::approval_replay_memory::tests::capacity_is_bounded_without_eviction ... ok
2026-09-20T22:26:44.7886013Z test approval::approval_v4::tests::assertion_mutations_fail_before_replay_claim ... ok
2026-09-20T22:26:44.8872709Z test approval::approval_v4::tests::es256_assertion_validates_and_rejects_zero_after_counter_established ... ok
2026-09-20T22:26:44.9616532Z test approval::approval_v4::tests::ed25519_assertion_validates_and_persists_counter_zero_and_one ... ok
2026-09-20T22:26:45.2658744Z test approval::approval_v4::tests::negative_tests::v4_request_policy_harness_expiry_and_authority_bindings_fail_closed ... ok
2026-09-20T22:26:45.2660479Z test approval::approval_v4_crypto::tests::base64url_rejects_noncanonical_and_round_trips ... ok
2026-09-20T22:26:45.2661861Z test approval::approval_v4_crypto::tests::cbor_rejects_duplicate_keys_and_indefinite_maps ... ok
2026-09-20T22:26:45.7890880Z test approval::approval_v4::tests::negative_tests::webauthn_origin_rp_flags_type_and_signature_are_verified_in_rust ... ok
2026-09-20T22:26:45.8880271Z test approval::approval_v4::tests::webauthn_optional_cross_origin_is_treated_as_false ... ok
2026-09-20T22:26:45.9135984Z test approval::approval_v4::tests::negative_tests::v4_restart_and_concurrent_claims_fail_closed ... ok
2026-09-20T22:26:45.9220001Z test approval::tests::binding_mutations_are_rejected_even_when_resigned ... ok
2026-09-20T22:26:46.1173156Z test approval::tests::lifecycle_tests::artifact_binding_mutation_and_hard_floors_fail_before_claim ... ok
2026-09-20T22:26:46.1960754Z test approval::tests::lifecycle_tests::artifact_timing_nonce_and_integrity_are_checked ... ok
2026-09-20T22:26:46.2483950Z test approval::tests::lifecycle_tests::binding_derivation_uses_separate_runtime_purposes ... ok
2026-09-20T22:26:46.2723163Z test approval::tests::lifecycle_tests::consume_requires_claim_and_is_single_use ... ok
2026-09-20T22:26:46.7950091Z test approval::tests::lifecycle_tests::malformed_oversize_and_deep_requests_fail_closed ... ok
2026-09-20T22:26:46.9745038Z test approval::tests::lifecycle_tests::policy_material_and_public_key_replacement_cannot_authorize ... ok
2026-09-20T22:26:47.2002193Z test approval::tests::lifecycle_tests::policy_push_after_claim_before_consume_cannot_authorize_execution ... ok
2026-09-20T22:26:47.2060065Z test edge::identity::tests::borrowed_identity_binds_source_policy_and_arbitrary_json_values ... ok
2026-09-20T22:26:47.2289010Z test edge::identity::tests::borrowed_identity_preserves_legacy_bytes_and_root_only_omissions ... ok
2026-09-20T22:26:47.2310694Z test edge::identity::tests::malformed_payload_and_explicit_request_ids_keep_error_contract ... ok
2026-09-20T22:26:47.2387090Z test approval::tests::request_identity_is_opaque_and_rust_derived_when_missing ... ok
2026-09-20T22:26:47.2625099Z test edge::serialization::tests::borrowed_canonical_values_match_existing_bytes_for_every_json_kind ... ok
2026-09-20T22:26:47.2629349Z test edge::serialization::tests::counting_rejects_overflow_and_excess_without_partial_success ... ok
2026-09-20T22:26:47.2633645Z test edge::serialization::tests::serializer_failure_is_not_accepted_as_a_short_encoding ... ok
2026-09-20T22:26:47.4210484Z test edge::tests::evaluates_complete_cursor_file_envelope_as_native_generic_result ... ok
2026-09-20T22:26:47.4678587Z test approval::tests::valid_artifact_allows_exact_review_and_returns_private_receipt ... ok
2026-09-20T22:26:47.4685774Z test approval::tests::lifecycle_tests::replay_and_concurrent_claim_are_single_use ... ok
2026-09-20T22:26:47.5509409Z test edge::tests::evaluates_cursor_dotenv_read_as_sensitive_review ... ok
2026-09-20T22:26:47.6317035Z test edge::tests::ingress_time_consumes_the_original_edge_deadline ... ok
2026-09-20T22:26:47.7528306Z test edge::tests::normalizes_harness_event_and_extracts_pretool_command ... ok
2026-09-20T22:26:47.7768513Z test edge::tests::rejects_conflicting_payload_event_aliases ... ok
2026-09-20T22:26:48.0390105Z test edge::tests::rejects_malformed_source_reference_before_review ... ok
2026-09-20T22:26:48.0512701Z test edge::tests::rejects_declared_and_payload_event_mismatch ... ok
2026-09-20T22:26:48.1664224Z test edge::tests::rejects_unknown_harness_before_command_evaluation ... ok
2026-09-20T22:26:48.1762219Z test edge::tests::request_digest_excludes_deadline_and_json_field_order ... ok
2026-09-20T22:26:48.3114481Z test edge::tests::request_digest_excludes_root_adapter_timestamps_but_binds_nested_arguments ... ok
2026-09-20T22:26:48.6448579Z test edge::tests::validated_identity_retains_cross_language_golden_digest ... ok
2026-09-20T22:26:48.6452468Z test hardening::tests::client_disconnects_are_not_runtime_integrity_failures ... ok
2026-09-20T22:26:48.6455783Z test hardening::tests::descriptor_pressure_uses_bounded_exponential_backoff ... ok
2026-09-20T22:26:48.6460282Z test hardening::tests::interrupted_accept_is_retried_without_sleep ... ok
2026-09-20T22:26:48.6464168Z test hardening::tests::network_change_backoff_is_bounded ... ok
2026-09-20T22:26:48.6468096Z test hardening::tests::request_budget_expires_stale_queued_work ... ok
2026-09-20T22:26:48.7364395Z test edge::tests::unknown_and_ambiguous_pretool_payloads_never_receive_an_allow_floor ... ok
2026-09-20T22:26:48.8387852Z test edge::tests::evaluates_generic_pretool_for_supported_harness_aliases ... ok
2026-09-20T22:26:51.6656109Z test managed_resident::deadline_tests::lease_cleanup_does_not_return_late_bound_success ... ok
2026-09-20T22:26:51.6685685Z test managed_resident::deadline_tests::late_lease_cleanup_preserves_committed_response_error ... ok
2026-09-20T22:26:51.6791316Z test edge::identity::tests::streamed_envelope_size_preserves_exact_limit_and_rejects_one_extra_byte ... ok
2026-09-20T22:26:51.6977986Z test managed_resident::deadline_tests::late_lease_cleanup_preserves_fatal_authentication_error ... ok
2026-09-20T22:26:51.9940312Z test managed_resident::deadline_tests::validated_request_completes_authenticated_bound_exchange_once ... ok
2026-09-20T22:26:52.0053655Z test managed_resident::lease::tests::busy_lease_directory_is_retained_as_live ... ok
2026-09-20T22:26:52.2499026Z test managed_resident::deadline_tests::lease_cleanup_returns_timely_bound_success ... ok
2026-09-20T22:26:52.2565708Z test managed_resident::lease::tests::initial_lease_lock_retries_until_the_current_holder_releases ... ok
2026-09-20T22:26:52.2828038Z test managed_resident::lease::tests::initial_lease_lock_returns_busy_at_the_retry_deadline ... ok
2026-09-20T22:26:52.3441487Z test managed_resident::lease::tests::dropping_owned_malformed_lease_removes_the_owned_artifact ... ok
2026-09-20T22:26:52.4429912Z test managed_resident::lease::tests::stale_malformed_lease_is_removed_by_liveness_cleanup ... ok
2026-09-20T22:26:52.4840587Z test managed_resident::lease::tests::uninspectable_lease_path_retains_the_resident ... ok
2026-09-20T22:26:52.4843453Z test managed_resident::managed_resident_windows::tests::liveness_pipe_child_probe ... ok
2026-09-20T22:26:52.4845559Z test managed_resident::managed_resident_windows::tests::liveness_pipe_eof_probe ... ok
2026-09-20T22:26:52.6445924Z test managed_resident::managed_resident_windows::tests::liveness_pipe_remains_open_while_child_runs_and_closes_after_wait ... ok
2026-09-20T22:26:52.6449723Z test managed_resident::managed_resident_windows::wait_tests::every_failed_wait_closes_stdin_then_cleans_up_once_and_preserves_failure ... ok
2026-09-20T22:26:52.6452276Z test managed_resident::managed_resident_windows::wait_tests::forced_or_unobserved_descendant_retirement_is_never_a_normal_exit ... ok
2026-09-20T22:26:52.6453368Z test managed_resident::managed_resident_windows::wait_tests::managed_timeout_child_probe ... ok
2026-09-20T22:26:52.6456239Z test managed_resident::managed_resident_windows::wait_tests::managed_timeout_descendant_probe ... ok
2026-09-20T22:26:52.6458666Z test managed_resident::managed_resident_windows::wait_tests::observed_exits_close_stdin_without_forced_cleanup ... ok
2026-09-20T22:26:53.2190966Z test managed_resident::lease::tests::lease_directory_entry_overflow_is_retained_as_live ... ok
2026-09-20T22:26:53.3205697Z test managed_resident::managed_resident_windows::wait_tests::supervisor_wait_failures_terminate_the_actual_child_and_its_descendant ... ok
2026-09-20T22:26:53.8786926Z test managed_resident::deadline_tests::validation_delay_does_not_admit_expired_request ... ok
2026-09-20T22:26:53.9380006Z test managed_resident::deadline_tests::leased_request_does_not_return_late_bound_success ... ok
2026-09-20T22:26:54.0166569Z test managed_resident::restart_budget::tests::restart_budget_lock_retains_directory_binding_until_drop ... ok
2026-09-20T22:26:54.0237775Z test managed_resident::restart_budget::tests::interrupted_windows_replace_restores_previous_budget ... ok
2026-09-20T22:26:54.0319763Z test managed_resident::restart_budget::tests::windows_budget_existence_requires_private_regular_file_handle ... ok
2026-09-20T22:26:54.1700087Z test managed_resident::restart_budget::tests::repeated_updates_replace_budget_without_leaving_temporary_state ... ok
2026-09-20T22:26:54.1701740Z test managed_resident::retry_tests::managed_retry_owner_child ... ok
2026-09-20T22:26:54.1704137Z test managed_resident::tests::client_deadline_is_bounded ... ok
2026-09-20T22:26:54.3391320Z test managed_resident::restart_budget::tests::authenticated_stop_clears_restart_attempts ... ok
2026-09-20T22:26:54.3395098Z test managed_resident::tests::client_stream_eof_is_clean_and_partial_headers_fail_closed ... ok
2026-09-20T22:26:54.3404619Z test managed_resident::tests::client_stream_frames_are_bounded_and_big_endian ... ok
2026-09-20T22:26:54.3407056Z test managed_resident::tests::generation_parser_rejects_zero_and_non_numeric ... ok
2026-09-20T22:26:54.4112526Z test managed_resident::retry_tests::managed_restart_still_allows_connection_unavailable_before_exchange ... ok
2026-09-20T22:26:54.4239944Z test managed_resident::tests::managed_owner_lock_allows_overlapping_private_directory_binds ... ok
2026-09-20T22:26:54.4345500Z test managed_resident::retry_tests::managed_restart_preserves_fatal_exchange_failures_after_owner_exit ... ok
2026-09-20T22:26:54.6092255Z test managed_resident::tests::client_leases_keep_shared_resident_alive_until_last_client_closes ... ok
2026-09-20T22:26:54.6096250Z test managed_resident::tests::stale_process_identity_errors_are_platform_scoped ... ok
2026-09-20T22:26:54.6098540Z test managed_resident::tests::stale_transport_retry_allowlist_preserves_auth_and_integrity_failures ... ok
2026-09-20T22:26:54.6101700Z test managed_resident::windows_handoff::tests::deadline_expiry_before_proof_after_proof_and_after_disarm_all_clean_up ... ok
2026-09-20T22:26:54.6105523Z test managed_resident::windows_handoff::tests::handoff_requires_readiness_before_releasing_and_preserves_cleanup_failure ... ok
2026-09-20T22:26:54.6108541Z test managed_resident::windows_handoff::tests::readiness_matches_only_the_started_supervisor_generation_and_token ... ok
2026-09-20T22:26:54.6110458Z test native_phase_observation::macro_tests::default_macros_erase_phase_and_export_dependencies ... ok
2026-09-20T22:26:54.6114604Z test native_phase_observation::macro_tests::observation_macro_returns_original_values_and_evaluates_once ... ok
2026-09-20T22:26:54.6120197Z test native_phase_observation::macro_tests::propagation_remains_outside_the_observed_call ... ok
2026-09-20T22:26:54.7466398Z test managed_resident::tests::lease_directory_overflow_fails_closed_without_unbounded_collection ... ok
2026-09-20T22:26:55.0105638Z test oneshot::tests::concurrent_stale_snapshot_cannot_succeed_after_newer_floor ... ok
2026-09-20T22:26:55.2922633Z test oneshot::tests::fresh_process_state_rejects_a_snapshot_not_matching_durable_authority ... ok
2026-09-20T22:26:55.5646734Z test managed_resident::tests::stale_lease_cleanup_requires_a_dead_process_identity ... ok
2026-09-20T22:26:55.6550561Z test oneshot::tests::rejects_generation_reuse_for_a_different_policy ... ok
2026-09-20T22:26:55.6553679Z test policy_enforcement::tests::action_floor_matrix_rejects_inconsistent_decision_fields ... ok
2026-09-20T22:26:55.6557755Z test policy_enforcement::tests::conflicting_harness_aliases_fail_closed ... ok
2026-09-20T22:26:55.6564939Z test policy_enforcement::tests::conflicting_harness_risk_aliases_fail_closed ... ok
2026-09-20T22:26:55.6571761Z test policy_enforcement::tests::conflicting_request_selectors_fail_closed ... ok
2026-09-20T22:26:55.6572947Z test policy_enforcement::tests::diagnostic::native_posttool_policy_component_diagnostic ... ignored, explicit local policy diagnostic; fixture path required
2026-09-20T22:26:55.6575474Z test policy_enforcement::tests::observe_policy_block_raises_existing_review_to_non_overridable_floor ... ok
2026-09-20T22:26:55.6580406Z test policy_enforcement::tests::observe_pre_policy_floor_is_non_blocking_but_intrinsic_block_is_hard ... ok
2026-09-20T22:26:55.6583131Z test policy_enforcement::tests::observe_preserves_every_intrinsic_non_allow_pre_floor ... ok
2026-09-20T22:26:55.6590327Z test policy_enforcement::tests::observe_preserves_intrinsic_block_but_does_not_enforce_policy_only_floor ... ok
2026-09-20T22:26:55.6594376Z test policy_enforcement::tests::policy_allow_cannot_lower_intrinsic_review_or_block ... ok
2026-09-20T22:26:55.6598909Z test policy_enforcement::tests::policy_block_raises_intrinsic_allow ... ok
2026-09-20T22:26:55.6606655Z test policy_enforcement::tests::post_intrinsic_block_cannot_be_lowered_by_allow_policy ... ok
2026-09-20T22:26:55.6610093Z test policy_enforcement::tests::post_policy_fields_raise_without_python_semantic_input ... ok
2026-09-20T22:26:55.6615677Z test policy_enforcement::tests::post_warning_policy_preserves_allow_with_warning ... ok
2026-09-20T22:26:55.6623814Z test policy_enforcement::tests::unknown_post_action_is_review_even_when_default_allows ... ok
2026-09-20T22:26:55.6629703Z test policy_enforcement::tests::unreadable_tool_remains_unknown_under_allow_policy ... ok
2026-09-20T22:26:55.6632285Z test policy_enforcement::tests::warning_policy_preserves_allow_with_warning ... ok
2026-09-20T22:26:55.6712280Z test policy_store::approval_authority::tests::fresh_private_state_without_public_authority_is_unenrolled ... ok
2026-09-20T22:26:55.6728349Z test policy_store::approval_authority::tests::test_record_contains_distinct_provenance_bindings ... ok
2026-09-20T22:26:55.6743272Z test policy_store::approval_authority::tests::test_root_is_only_a_test_fixture ... ok
2026-09-20T22:26:55.6853832Z test policy_store::approval_enrollment::tests::transition_lock_rejects_concurrent_owner_and_recovers_on_release ... ok
2026-09-20T22:26:55.7542953Z test managed_resident::tests::owner_liveness_expires_after_launcher_and_all_clients_disappear ... ok
2026-09-20T22:26:55.8813164Z test policy_store::approval_v4_authority::tests::malformed_cose_and_missing_secure_state_never_load ... ok
2026-09-20T22:26:55.8815390Z test policy_store::approval_v4_enrollment::tests::origins_are_canonical_and_bound_to_a_valid_rp_host ... ok
2026-09-20T22:26:55.8884372Z test policy_store::policy_store_authority::tests::watcher_samples_fingerprint_after_observed_lock ... ok
2026-09-20T22:26:55.8947856Z test policy_store::policy_store_persistence::windows_recovery_tests::authority_recovery_rejects_non_file_backup ... ok
2026-09-20T22:26:55.9402867Z test oneshot::tests::rejects_stale_generation_after_newer_snapshot ... ok
2026-09-20T22:26:56.0735332Z test oneshot::tests::rejects_zero_generation_before_establishing_a_floor ... ok
2026-09-20T22:26:56.1170809Z test policy_store::policy_store_persistence::windows_recovery_tests::authority_recovery_replaces_only_valid_private_backup ... ok
2026-09-20T22:26:56.2333736Z test policy_store::policy_store_persistence::windows_recovery_tests::authority_replace_succeeds_while_a_reader_holds_the_target ... ok
2026-09-20T22:26:56.5239724Z test policy_store::tests::authenticated_edge_preserves_clean_default_warning ... ok
2026-09-20T22:26:56.5695236Z test policy_store::tests::authenticated_observe_edge_preserves_intrinsic_pretool_floor ... ok
2026-09-20T22:26:56.8294149Z test policy_store::tests::authority_fingerprint_detects_same_size_in_place_rewrite ... ok
2026-09-20T22:26:56.9769869Z test policy_store::approval_v4_authority::tests::rotation_is_strictly_monotonic_and_revocation_is_terminal ... ok
2026-09-20T22:26:58.2136148Z test policy_store::tests::command_authority_tests::mutation_lock_is_nonblocking_and_shared_lease_spans_decision_lifetime ... ok
2026-09-20T22:26:58.4647535Z test policy_store::tests::command_authority_tests::marker_mac_and_recovery_epoch_are_both_bound_to_exact_retained_floor ... ok
2026-09-20T22:26:58.5348358Z test policy_store::tests::command_authority_tests::closed_mutation_marker_blocks_old_decisions_and_late_acknowledgements ... ok
2026-09-20T22:26:58.5670036Z test policy_store::tests::command_authority_tests::python_signed_authority_vectors_match_native_lease_and_floor_codecs ... ok
2026-09-20T22:26:58.6988960Z test policy_store::tests::command_floor_tests::extension_program_changes_are_bound_to_policy_integrity ... ok
2026-09-20T22:26:59.5303832Z test policy_store::tests::compiled_generations_share_one_immutable_snapshot_and_reject_conflicts_before_publish ... ok
2026-09-20T22:26:59.5390501Z test policy_store::tests::command_floor_tests::floor_mac_rejects_rewritten_or_removed_independent_revisions ... ok
2026-09-20T22:26:59.7910165Z test policy_store::tests::command_floor_tests::command_control_revisions_are_independent_and_survive_restart ... ok
2026-09-20T22:26:59.7911698Z test policy_store::tests::fixture_tests::fixture_rewrite_truncates_private_file_without_weakening_create_new ... ok
2026-09-20T22:26:59.8027608Z test policy_store::tests::command_floor_tests::degraded_and_quarantined_snapshots_retain_protected_control_floor ... ok
2026-09-20T22:27:00.0907534Z test policy_store::tests::fixture_tests::noncommand_review_tests::malformed_and_present_commands_without_controls_do_not_claim_noncommand_scope ... ok
2026-09-20T22:27:00.4339650Z test policy_store::tests::fixture_tests::noncommand_review_tests::noncommand_scope_preserves_nontrivial_command_floors_and_intrinsic_blocks ... ok
2026-09-20T22:27:00.6165671Z test policy_store::tests::fixture_tests::noncommand_review_tests::current_signed_noncommand_reviews_have_distinct_receipt_scope ... ok
2026-09-20T22:27:00.7249491Z test policy_store::tests::generation_rollback_and_same_generation_mutation_are_rejected ... ok
2026-09-20T22:27:01.2322888Z test policy_store::tests::migration_tests::legacy_snapshot_and_floor_migrate_to_one_authority_record ... ok
2026-09-20T22:27:01.3041534Z test policy_store::tests::missing_snapshot_is_not_ready_but_push_can_install_it ... ok
2026-09-20T22:27:01.5339121Z test policy_store::tests::migration_tests::floor_only_migration_preserves_generation_and_allows_only_newer_push ... ok
2026-09-20T22:27:01.6310318Z test policy_store::tests::push_rejects_unknown_fields_without_mutating_state ... ok
2026-09-20T22:27:01.6314367Z test policy_store::tests::windows_scope_aliases_share_one_digest_identity ... ok
2026-09-20T22:27:01.8350878Z test resident_client::deadline_tests::buffered_fallback_cannot_bypass_absolute_deadline_after_read ... ok
2026-09-20T22:27:02.0164926Z test policy_store::tests::restart_rehydrates_snapshot_and_hook_validation_uses_memory ... ok
2026-09-20T22:27:02.0863059Z test resident_client::deadline_tests::fragmented_response_header_cannot_renew_request_budget ... ok
2026-09-20T22:27:02.1339259Z test policy_store::tests::restarted_resident_applies_installed_policy_without_request_time_io ... ok
2026-09-20T22:27:02.1358517Z test resident_client::deadline_tests::timely_authenticated_socket_response_is_unchanged ... ok
2026-09-20T22:27:02.1366644Z test resident_client::deadline_tests::timely_authentication_rejection_keeps_its_fatal_error ... ok
2026-09-20T22:27:02.1370156Z test resident_client::deadline_tests::unsupported_timeout_error_is_preserved_without_reading ... ok
2026-09-20T22:27:02.1372069Z test resident_client::deadline_tests::zero_budget_is_rejected_before_endpoint_or_process_access ... ok
2026-09-20T22:27:02.1377032Z test resident_client::tests::partial_or_flush_request_write_is_never_retryable ... ok
2026-09-20T22:27:02.1389901Z test resident_client::tests::rejects_non_loopback_tcp_endpoint ... ok
2026-09-20T22:27:02.1400763Z test resident_client::tests::response_eof_and_reset_are_never_retryable ... ok
2026-09-20T22:27:02.1404736Z test resident_client::tests::response_teardown_after_flushed_request_is_never_retryable ... ok
2026-09-20T22:27:02.1412305Z test resident_protocol::tests::approval_error_transport_is_finite ... ok
2026-09-20T22:27:02.1420820Z test resident_protocol::tests::approval_requests_have_a_smaller_raw_payload_bound ... ok
2026-09-20T22:27:02.1439308Z test resident_protocol::tests::command_control_error_transport_preserves_only_registered_fixed_codes ... ok
2026-09-20T22:27:02.1451752Z test resident_protocol::tests::lifecycle_disposition_follows_strictly_validated_operation ... ok
2026-09-20T22:27:02.1461965Z test resident_state::resident_state_files::tests::windows_lock_violations_are_contention ... ok
2026-09-20T22:27:02.1469320Z test resident_state::resident_state_files::tests::would_block_is_lock_contention ... ok
2026-09-20T22:27:02.1473288Z test resident_state::resident_state_files::windows_security::tests::windows_owner_allowlist_rejects_unrelated_principals ... ok
2026-09-20T22:27:02.1512269Z test resident_state::tests::already_private_directory_allows_overlapping_binds ... ok
2026-09-20T22:27:02.3006429Z test resident_client::deadline_tests::response_body_uses_time_left_after_header_and_partial_reads ... ok
2026-09-20T22:27:02.3446218Z test resident_client::deadline_tests::fragmented_server_proof_cannot_renew_authentication_budget ... ok
2026-09-20T22:27:02.9916713Z test resident_state::tests::home_state_discovery_allows_nonmatching_entries_within_bound ... ok
2026-09-20T22:27:03.4175636Z test resident_state::tests::home_state_discovery_rejects_seventeenth_matching_scope ... ok
2026-09-20T22:27:03.4281272Z test policy_store::tests::fault_tests::authority_write_failures_at_each_boundary_are_retryable_without_rollback ... ok
2026-09-20T22:27:03.4292094Z test resident_state::tests::newly_created_directory_binding_denies_rename_until_drop ... ok
2026-09-20T22:27:03.4589836Z test resident_state::tests::private_lock_file_rejects_a_private_root_outside_the_target_scope ... ok
2026-09-20T22:27:03.4679426Z test resident_state::tests::process_identity_rejects_a_reused_same_binary_pid_marker ... ok
2026-09-20T22:27:03.5548015Z test resident_state::tests::home_state_discovery_fails_closed_on_total_entry_overflow ... ok
2026-09-20T22:27:03.7400775Z test resident_state::tests::preferred_runtime_scope_is_found_after_the_fallback_scope_bound ... ok
2026-09-20T22:27:03.8422776Z test resident_state::tests::stale_startup_lock_recovery_preserves_lockfile_for_reuse ... ok
2026-09-20T22:27:04.2405203Z test resident_state::tests::startup_lock_allows_overlapping_private_directory_binds ... ok
2026-09-20T22:27:04.4374901Z test resident_state::tests::startup_lock_drop_preserves_stable_private_lockfile ... ok
2026-09-20T22:27:04.5643975Z test resident_state::tests::startup_lock_holds_advisory_lock_until_drop ... ok
2026-09-20T22:27:05.7380204Z test resident_state::tests::startup_lock_repeated_acquisition_rewrites_without_growth ... ok
2026-09-20T22:27:05.7382967Z test resident_state::tests::state_mac_rejects_endpoint_mutation ... ok
2026-09-20T22:27:05.7490152Z test resident_state::tests::verify_windows_private_directory_accepts_the_configured_root ... ok
2026-09-20T22:27:06.0114850Z test resident_state::tests::windows_create_new_rejects_existing_file_without_mutating_it ... ok
2026-09-20T22:27:06.4600918Z test resident_state::tests::windows_state_scope_and_token_state_are_owner_private ... ok
2026-09-20T22:27:06.4602200Z test strict_json::tests::benchmark_timeout_projection ... ignored, diagnostic release microbenchmark; not an installed latency gate
2026-09-20T22:27:06.5480110Z test strict_json::tests::timeout_projection_obeys_the_full_strict_json_contract ... ok
2026-09-20T22:27:06.5482541Z test tests::overload_response_is_constant_and_retryable ... ok
2026-09-20T22:27:06.5487924Z test tests::resident_hmac_changes_with_nonce ... ok
2026-09-20T22:27:06.5492219Z test tests::resident_hmac_matches_cross_language_vectors ... ok
2026-09-20T22:27:06.5510198Z test tests::strict_json_rejects_deep_and_wide_values ... ok
2026-09-20T22:27:06.5517552Z test tests::strict_json_rejects_duplicate_keys_and_trailing_values ... ok
2026-09-20T22:27:09.7514142Z test resident_state::tests::home_state_discovery_fails_closed_on_many_state_entries ... ok
2026-09-20T22:27:10.2109413Z test resident_state::tests::publishing_fails_closed_when_scope_entry_bound_is_exceeded ... ok
2026-09-20T22:27:16.5501406Z test resident_state::tests::publishing_generations_retires_superseded_state ... ok
2026-09-20T22:27:16.5502479Z 
2026-09-20T22:27:16.5502855Z test result: ok. 201 passed; 0 failed; 2 ignored; 0 measured; 0 filtered out; finished in 32.66s
2026-09-20T22:27:16.5503503Z 
2026-09-20T22:27:16.5597486Z      Running unittests examples\package_lock_pilot.rs (rust\target\debug\examples\package_lock_pilot-2427e7a7e7df4fcf.exe)
2026-09-20T22:27:16.5679418Z 
2026-09-20T22:27:16.5679766Z running 4 tests
2026-09-20T22:27:16.5686078Z test tests::unsupported_numeric_spellings_and_empty_legacy_projection_fall_back ... ok
2026-09-20T22:27:16.5687262Z test tests::preserves_order_names_nested_paths_and_exact_versions ... ok
2026-09-20T22:27:16.5687921Z test tests::entry_and_node_limits_discard_every_partial_projection ... ok
2026-09-20T22:27:16.5688913Z test tests::duplicate_keys_in_unused_nested_metadata_never_publish_partial_entries ... ok
2026-09-20T22:27:16.5689370Z 
2026-09-20T22:27:16.5689695Z test result: ok. 4 passed; 0 failed; 0 ignored; 0 measured; 0 filtered out; finished in 0.00s
2026-09-20T22:27:16.5690163Z 
2026-09-20T22:27:16.6819096Z ##[group]Run uv run --no-sync python -m ruff format --check src/codex_plugin_scanner/guard/native_runtime_resident.py ci/native_runtime/test_guard_native_runtime_windows_resident.py
2026-09-20T22:27:16.6820163Z [36;1muv run --no-sync python -m ruff format --check src/codex_plugin_scanner/guard/native_runtime_resident.py ci/native_runtime/test_guard_native_runtime_windows_resident.py[0m
2026-09-20T22:27:16.6821033Z [36;1muv run --no-sync python -m ruff check src/codex_plugin_scanner/guard/native_runtime_resident.py ci/native_runtime/test_guard_native_runtime_windows_resident.py[0m
2026-09-20T22:27:16.6879957Z shell: C:\Program Files\PowerShell\7\pwsh.EXE -command ". '{0}'"
2026-09-20T22:27:16.6880240Z env:
2026-09-20T22:27:16.6880460Z   pythonLocation: C:\hostedtoolcache\windows\Python\3.12.10\x64
2026-09-20T22:27:16.6880835Z   PKG_CONFIG_PATH: C:\hostedtoolcache\windows\Python\3.12.10\x64/lib/pkgconfig
2026-09-20T22:27:16.6881409Z   Python_ROOT_DIR: C:\hostedtoolcache\windows\Python\3.12.10\x64
2026-09-20T22:27:16.6881734Z   Python2_ROOT_DIR: C:\hostedtoolcache\windows\Python\3.12.10\x64
2026-09-20T22:27:16.6882041Z   Python3_ROOT_DIR: C:\hostedtoolcache\windows\Python\3.12.10\x64
2026-09-20T22:27:16.6882320Z   UV_TOOL_BIN_DIR: D:\a\_temp\uv-tool-bin-dir
2026-09-20T22:27:16.6882545Z   UV_TOOL_DIR: D:\a\_temp\uv-tool-dir
2026-09-20T22:27:16.6882776Z   UV_PYTHON_INSTALL_DIR: D:\a\_temp\uv-python-dir
2026-09-20T22:27:16.6883018Z   UV_CACHE_DIR: D:\a\_temp\setup-uv-cache
2026-09-20T22:27:16.6883226Z ##[endgroup]
2026-09-20T22:27:17.0185796Z 2 files already formatted
2026-09-20T22:27:17.1100054Z All checks passed!
2026-09-20T22:27:17.2302974Z ##[group]Run $version = (uv run --no-sync python scripts/sync_repo_version.py --check).Trim()
2026-09-20T22:27:17.2303566Z [36;1m$version = (uv run --no-sync python scripts/sync_repo_version.py --check).Trim()[0m
2026-09-20T22:27:17.2304003Z [36;1m$env:HOL_GUARD_BUILD_SHA = "ef40a5833b75109593755ca3a4e74f9b2a193caa"[0m
2026-09-20T22:27:17.2304330Z [36;1m$env:HOL_GUARD_PACKAGE_VERSION = $version[0m
2026-09-20T22:27:17.2304707Z [36;1mcargo build --manifest-path rust/Cargo.toml --locked --release -p hol-guard-runtime[0m
2026-09-20T22:27:17.2305116Z [36;1mrust/target/release/hol-guard-runtime.exe self-test --json[0m
2026-09-20T22:27:17.2361825Z shell: C:\Program Files\PowerShell\7\pwsh.EXE -command ". '{0}'"
2026-09-20T22:27:17.2362111Z env:
2026-09-20T22:27:17.2362338Z   pythonLocation: C:\hostedtoolcache\windows\Python\3.12.10\x64
2026-09-20T22:27:17.2362705Z   PKG_CONFIG_PATH: C:\hostedtoolcache\windows\Python\3.12.10\x64/lib/pkgconfig
2026-09-20T22:27:17.2363086Z   Python_ROOT_DIR: C:\hostedtoolcache\windows\Python\3.12.10\x64
2026-09-20T22:27:17.2363402Z   Python2_ROOT_DIR: C:\hostedtoolcache\windows\Python\3.12.10\x64
2026-09-20T22:27:17.2363696Z   Python3_ROOT_DIR: C:\hostedtoolcache\windows\Python\3.12.10\x64
2026-09-20T22:27:17.2364143Z   UV_TOOL_BIN_DIR: D:\a\_temp\uv-tool-bin-dir
2026-09-20T22:27:17.2364374Z   UV_TOOL_DIR: D:\a\_temp\uv-tool-dir
2026-09-20T22:27:17.2364594Z   UV_PYTHON_INSTALL_DIR: D:\a\_temp\uv-python-dir
2026-09-20T22:27:17.2364824Z   UV_CACHE_DIR: D:\a\_temp\setup-uv-cache
2026-09-20T22:27:17.2365026Z ##[endgroup]
2026-09-20T22:27:17.9583977Z    Compiling proc-macro2 v1.0.107
2026-09-20T22:27:17.9584408Z    Compiling unicode-ident v1.0.24
2026-09-20T22:27:17.9584780Z    Compiling quote v1.0.47
2026-09-20T22:27:17.9585085Z    Compiling version_check v0.9.5
2026-09-20T22:27:18.0706924Z    Compiling typenum v1.20.1
2026-09-20T22:27:18.3714834Z    Compiling generic-array v0.14.7
2026-09-20T22:27:18.4135558Z    Compiling cfg-if v1.0.4
2026-09-20T22:27:18.4571011Z    Compiling memchr v2.8.3
2026-09-20T22:27:18.6031054Z    Compiling winapi v0.3.9
2026-09-20T22:27:19.3124877Z    Compiling serde_core v1.0.229
2026-09-20T22:27:19.4202895Z    Compiling syn v3.0.3
2026-09-20T22:27:19.7494556Z    Compiling windows-link v0.1.3
2026-09-20T22:27:19.7974739Z    Compiling block-buffer v0.10.4
2026-09-20T22:27:19.8346317Z    Compiling crypto-common v0.1.7
2026-09-20T22:27:19.9421096Z    Compiling cpufeatures v0.2.17
2026-09-20T22:27:19.9758534Z    Compiling digest v0.10.7
2026-09-20T22:27:20.0242797Z    Compiling syn v2.0.119
2026-09-20T22:27:20.1884187Z    Compiling sha2 v0.10.9
2026-09-20T22:27:22.5356137Z    Compiling hex v0.4.3
2026-09-20T22:27:22.8202616Z    Compiling zmij v1.0.23
2026-09-20T22:27:22.8873671Z    Compiling serde v1.0.229
2026-09-20T22:27:23.2390187Z    Compiling serde_derive v1.0.229
2026-09-20T22:27:23.2519183Z    Compiling windows-result v0.3.4
2026-09-20T22:27:24.2310612Z    Compiling windows-strings v0.4.2
2026-09-20T22:27:25.0006499Z    Compiling windows-interface v0.59.3
2026-09-20T22:27:25.3197370Z    Compiling windows-implement v0.60.2
2026-09-20T22:27:25.9934593Z    Compiling thiserror v2.0.20
2026-09-20T22:27:26.0761317Z    Compiling libc v0.2.189
2026-09-20T22:27:26.3258250Z    Compiling serde_json v1.0.151
2026-09-20T22:27:26.3259922Z    Compiling windows-core v0.61.2
2026-09-20T22:27:27.1960778Z    Compiling thiserror-impl v2.0.20
2026-09-20T22:27:27.4885902Z    Compiling bitflags v1.3.2
2026-09-20T22:27:27.5302394Z    Compiling itoa v1.0.18
2026-09-20T22:27:27.5635355Z    Compiling windows-permissions v0.2.4
2026-09-20T22:27:28.3280697Z    Compiling guard-rules v0.1.0 (D:\a\hol-guard\hol-guard\rust\crates\guard-rules)
2026-09-20T22:27:28.6321304Z    Compiling aho-corasick v1.1.5
2026-09-20T22:27:28.8899827Z    Compiling regex-syntax v0.8.11
2026-09-20T22:27:29.0112530Z    Compiling shlex v2.0.1
2026-09-20T22:27:29.2008774Z    Compiling find-msvc-tools v0.1.11
2026-09-20T22:27:30.2359434Z    Compiling cc v1.4.4
2026-09-20T22:27:31.5596490Z    Compiling regex-automata v0.4.18
2026-09-20T22:27:32.0887803Z    Compiling guard-contracts v0.1.0 (D:\a\hol-guard\hol-guard\rust\crates\guard-contracts)
2026-09-20T22:27:38.0718728Z    Compiling guard-runtime-windows-process v0.1.0 (D:\a\hol-guard\hol-guard\rust\crates\guard-runtime-windows-process)
2026-09-20T22:27:38.3668419Z    Compiling windows-threading v0.1.0
2026-09-20T22:27:38.8915205Z    Compiling ntapi v0.4.3
2026-09-20T22:27:39.3620946Z    Compiling windows-future v0.2.1
2026-09-20T22:27:40.3847518Z    Compiling guard-secure-fs v0.1.0 (D:\a\hol-guard\hol-guard\rust\crates\guard-secure-fs)
2026-09-20T22:27:40.7604362Z    Compiling regex v1.13.1
2026-09-20T22:27:42.4357829Z    Compiling ring v0.17.14
2026-09-20T22:27:42.4401353Z    Compiling windows-numerics v0.2.0
2026-09-20T22:27:42.7919325Z    Compiling windows-collections v0.2.0
2026-09-20T22:27:43.1835955Z    Compiling getrandom v0.3.4
2026-09-20T22:27:43.1967816Z    Compiling windows v0.61.3
2026-09-20T22:27:43.7204024Z    Compiling guard-scanner v0.1.0 (D:\a\hol-guard\hol-guard\rust\crates\guard-scanner)
2026-09-20T22:27:46.5197441Z    Compiling getrandom v0.2.17
2026-09-20T22:27:46.6917623Z    Compiling untrusted v0.9.0
2026-09-20T22:27:47.6219608Z    Compiling guard-hook-core v0.1.0 (D:\a\hol-guard\hol-guard\rust\crates\guard-hook-core)
2026-09-20T22:27:50.0065357Z    Compiling guard-command v0.1.0 (D:\a\hol-guard\hol-guard\rust\crates\guard-command)
2026-09-20T22:27:52.2275068Z    Compiling guard-policy-snapshot v0.1.0 (D:\a\hol-guard\hol-guard\rust\crates\guard-policy-snapshot)
2026-09-20T22:27:53.2959138Z    Compiling guard-rule-contract v0.1.0 (D:\a\hol-guard\hol-guard\rust\crates\guard-rule-contract)
2026-09-20T22:27:53.8175988Z    Compiling fs2 v0.4.3
2026-09-20T22:28:20.1653163Z    Compiling sysinfo v0.37.2
2026-09-20T22:28:26.5972001Z    Compiling hol-guard-runtime v0.1.0 (D:\a\hol-guard\hol-guard\rust\crates\guard-runtime)
2026-09-20T22:28:42.1106904Z     Finished `release` profile [optimized] target(s) in 1m 24s
2026-09-20T22:28:42.1469227Z {"capabilities":{"build_sha":"ef40a5833b75109593755ca3a4e74f9b2a193caa","features":["post-tool-inline-v1","post-tool-source-read-v1","oneshot-v1","framed-serve-v1","resident-protocol-v2","bounded-admission-v2","overload-signal-v1","panic-containment-v1","rule-contract-v2","pre-tool-command-model-shadow-v1","resident-command-model-shadow-v1","pre-tool-command-authority-v1","pre-tool-generic-authority-v1","native-command-program-v1","native-command-control-fence-v1","policy-snapshot-v3","policy-snapshot-push-v1","policy-snapshot-resident-generation-v1","native-approval-artifact-v3","native-approval-challenge-v3","native-approval-validation-v3","native-approval-consume-v3","native-approval-webauthn-v4","native-approval-challenge-v4","native-approval-validation-v4","native-approval-consume-v4","native-approval-replay-memory-v1","native-policy-in-memory-v1","hook-envelope-v2","native-resident-client-v1","native-resident-lifecycle-v1","authenticated-loopback-resident-v1","post-tool-source-read-windows-handles-v1"],"protocol_version":1,"rule_digest":"1a1c577ee76936bc00477c650e35e3c394562b025c41d6ae68ac6d7b1f45c73d","runtime_version":"3.0.1","target":"x86_64-windows"},"ok":true}
2026-09-20T22:28:42.2354280Z ##[group]Run uv run --no-sync pytest ci/native_runtime/test_guard_native_runtime_windows_resident.py --tb=short
2026-09-20T22:28:42.2355108Z [36;1muv run --no-sync pytest ci/native_runtime/test_guard_native_runtime_windows_resident.py --tb=short[0m
2026-09-20T22:28:42.2411746Z shell: C:\Program Files\PowerShell\7\pwsh.EXE -command ". '{0}'"
2026-09-20T22:28:42.2412031Z env:
2026-09-20T22:28:42.2412246Z   pythonLocation: C:\hostedtoolcache\windows\Python\3.12.10\x64
2026-09-20T22:28:42.2412601Z   PKG_CONFIG_PATH: C:\hostedtoolcache\windows\Python\3.12.10\x64/lib/pkgconfig
2026-09-20T22:28:42.2412947Z   Python_ROOT_DIR: C:\hostedtoolcache\windows\Python\3.12.10\x64
2026-09-20T22:28:42.2413258Z   Python2_ROOT_DIR: C:\hostedtoolcache\windows\Python\3.12.10\x64
2026-09-20T22:28:42.2413558Z   Python3_ROOT_DIR: C:\hostedtoolcache\windows\Python\3.12.10\x64
2026-09-20T22:28:42.2413821Z   UV_TOOL_BIN_DIR: D:\a\_temp\uv-tool-bin-dir
2026-09-20T22:28:42.2414074Z   UV_TOOL_DIR: D:\a\_temp\uv-tool-dir
2026-09-20T22:28:42.2414308Z   UV_PYTHON_INSTALL_DIR: D:\a\_temp\uv-python-dir
2026-09-20T22:28:42.2414549Z   UV_CACHE_DIR: D:\a\_temp\setup-uv-cache
2026-09-20T22:28:42.2414754Z   HOL_GUARD_NATIVE: force
2026-09-20T22:28:42.2415062Z   HOL_GUARD_NATIVE_BINARY: D:\a\hol-guard\hol-guard\rust\target\release\hol-guard-runtime.exe
2026-09-20T22:28:42.2415727Z ##[endgroup]
2026-09-20T22:28:43.5531126Z ============================= test session starts =============================
2026-09-20T22:28:43.5531524Z platform win32 -- Python 3.12.10, pytest-9.0.3, pluggy-1.6.0
2026-09-20T22:28:43.5531813Z rootdir: D:\a\hol-guard\hol-guard
2026-09-20T22:28:43.5532032Z configfile: pyproject.toml
2026-09-20T22:28:43.5532227Z plugins: anyio-4.14.2, cov-7.1.0
2026-09-20T22:28:43.5532414Z collected 5 items
2026-09-20T22:28:43.5532520Z 
2026-09-20T22:28:47.9874651Z ci\native_runtime\test_guard_native_runtime_windows_resident.py .....    [100%]
2026-09-20T22:28:47.9874955Z 
2026-09-20T22:28:47.9875373Z ============================== 5 passed in 5.10s ==============================
2026-09-20T22:28:48.2916699Z Post job cleanup.
2026-09-20T22:28:48.4054045Z UV_CACHE_DIR is already set to D:\a\_temp\setup-uv-cache
2026-09-20T22:28:48.4058403Z UV_PYTHON_INSTALL_DIR is already set to D:\a\_temp\uv-python-dir
2026-09-20T22:28:48.4060178Z Cache hit occurred on key setup-uv-2-x86_64-pc-windows-msvc-windows-2025-3.12.10-pruned-4e1957317505a9398522e711a4f2f26abf3d248d66da424c6be4d71602599970, not saving cache.
2026-09-20T22:28:48.5330608Z Post job cleanup.
2026-09-20T22:28:48.6835077Z Post job cleanup.
2026-09-20T22:28:48.8204329Z [command]"C:\Program Files\Git\bin\git.exe" version
2026-09-20T22:28:48.8421994Z git version 2.55.0.windows.5
2026-09-20T22:28:48.8479879Z Temporarily overriding HOME='D:\a\_temp\c8b88853-1be9-4657-82db-0c23f0b25b35' before making global git config changes
2026-09-20T22:28:48.8480504Z Adding repository directory to the temporary git global config as a safe directory
2026-09-20T22:28:48.8488043Z [command]"C:\Program Files\Git\bin\git.exe" config --global --add safe.directory D:\a\hol-guard\hol-guard
2026-09-20T22:28:48.8720694Z Removing SSH command configuration
2026-09-20T22:28:48.8728916Z [command]"C:\Program Files\Git\bin\git.exe" config --local --name-only --get-regexp core\.sshCommand
2026-09-20T22:28:48.8979134Z [command]"C:\Program Files\Git\bin\git.exe" submodule foreach --recursive "sh -c \"git config --local --name-only --get-regexp 'core\.sshCommand' && git config --local --unset-all 'core.sshCommand' || :\""
2026-09-20T22:28:49.3381986Z Removing HTTP extra header
2026-09-20T22:28:49.3391000Z [command]"C:\Program Files\Git\bin\git.exe" config --local --name-only --get-regexp http\.https\:\/\/github\.com\/\.extraheader
2026-09-20T22:28:49.3625924Z [command]"C:\Program Files\Git\bin\git.exe" submodule foreach --recursive "sh -c \"git config --local --name-only --get-regexp 'http\.https\:\/\/github\.com\/\.extraheader' && git config --local --unset-all 'http.https://github.com/.extraheader' || :\""
2026-09-20T22:28:49.7856124Z Removing includeIf entries pointing to credentials config files
2026-09-20T22:28:49.7868450Z [command]"C:\Program Files\Git\bin\git.exe" config --local --name-only --get-regexp ^includeIf\.gitdir:
2026-09-20T22:28:49.8083355Z includeif.gitdir:D:/a/hol-guard/hol-guard/.git.path
2026-09-20T22:28:49.8083828Z includeif.gitdir:D:/a/hol-guard/hol-guard/.git/worktrees/*.path
2026-09-20T22:28:49.8120454Z [command]"C:\Program Files\Git\bin\git.exe" config --local --get-all includeif.gitdir:D:/a/hol-guard/hol-guard/.git.path
2026-09-20T22:28:49.8327123Z D:\a\_temp\git-credentials-4e35795d-7c29-4c0c-b292-0350987caef6.config
2026-09-20T22:28:49.8371615Z [command]"C:\Program Files\Git\bin\git.exe" config --local --unset includeif.gitdir:D:/a/hol-guard/hol-guard/.git.path D:\a\_temp\git-credentials-4e35795d-7c29-4c0c-b292-0350987caef6.config
2026-09-20T22:28:49.8621095Z [command]"C:\Program Files\Git\bin\git.exe" config --local --get-all includeif.gitdir:D:/a/hol-guard/hol-guard/.git/worktrees/*.path
2026-09-20T22:28:49.8832214Z D:\a\_temp\git-credentials-4e35795d-7c29-4c0c-b292-0350987caef6.config
2026-09-20T22:28:49.8869169Z [command]"C:\Program Files\Git\bin\git.exe" config --local --unset includeif.gitdir:D:/a/hol-guard/hol-guard/.git/worktrees/*.path D:\a\_temp\git-credentials-4e35795d-7c29-4c0c-b292-0350987caef6.config
2026-09-20T22:28:49.9101261Z [command]"C:\Program Files\Git\bin\git.exe" submodule foreach --recursive "git config --local --show-origin --name-only --get-regexp remote.origin.url"
2026-09-20T22:28:50.3395659Z Removing credentials config 'D:\a\_temp\git-credentials-4e35795d-7c29-4c0c-b292-0350987caef6.config'
2026-09-20T22:28:50.3579687Z Cleaning up orphan processes
2026-09-20T22:28:50.3902043Z Terminate orphan process: pid (6092) (vctip)
